017
num-fields|65
id|int32
image_x|int32
image_y|int32
image_w|int32
image_h|int32
src_x|int32
src_y|int32
src_image|int32
cal_image|int32
ppc|int32
camera|int32
cal_const|double
fringe_size|double
sphere_count|int32
raw_sphere_volume|double
raw_sphere_complement|double
raw_sphere_unknown|double
raw_area|double
raw_feret_max|double
raw_feret_min|double
raw_feret_mean|double
raw_perimeter|double
raw_convex_perimeter|double
raw_legendre_major|double
raw_legendre_minor|double
abd_area|double
abd_diameter|double
length|double
width|double
esd_diameter|double
fd_diameter|double
perimeter|double
convex_perimeter|double
intensity|double
sigma_intensity|double
sum_intensity|double
compactness|double
elongation|double
roughness|double
edge_gradient|double
elapsed_time|double
circle_fit|double
symmetry|double
circularity_hu|double
intensity_calimage|double
raw_convex_hull_area|double
raw_filled_area|double
filled_area|double
feret_max_angle|double
feret_min_angle|double
avg_red|double
avg_green|double
avg_blue|double
ch1_peak|double
ch1_width|double
ch1_area|double
ch2_peak|double
ch2_width|double
ch2_area|double
ch3_peak|double
ch3_width|double
ch3_area|double
timestamp|timestamp
collage_file|string
image_id|guid
1|2|2|25|77|750|1306|32|1|1|0|0.7035|4.5000|0|0.0000|0.0000|0.0000|316.0000|68.0000|9.0000|45.0278|152.4264|138.2820|73.6775|7.1802|94.0923|10.9454|44.6722|3.1658|28.5113|10.9454|107.2320|94.1156|144.3354|25.7353|45610.0000|5.8509|16.3199|1.1394|62.0000|2.7030|0.0000|0.3080|0.1468|0.0000|431.5000|316.0000|94.0923|-85.0000|10.0000|149.3165|151.9494|127.4335|4.0382|86.0000|5.7153|4.2827|86.0000|5.9496|0.0000|0.0000|0.0000|2017-08-24T06:57:42.807|Freshwater Lake - North America_images_000001.tif|11640B00-FE4E-4B0E-AC4C-772B5E8AAFCE
2|29|2|49|67|546|1470|34|1|1|0|0.7035|4.5000|0|0.0000|0.0000|0.0000|1091.0000|58.0000|38.0000|48.8611|200.0244|150.4196|54.6658|33.6847|417.4354|23.0542|37.6373|23.5673|31.2080|23.9404|140.7172|102.6544|107.0238|39.9651|116763.0000|2.7306|6.4227|1.3708|119.6420|3.5940|0.3647|0.4970|0.7202|0.0000|1567.5000|1166.0000|450.1467|85.0000|5.0000|110.9661|110.1659|99.3566|4.6872|68.0000|6.1153|4.9702|68.0000|6.4280|0.0000|0.0000|0.0000|2017-08-24T06:57:43.697|Freshwater Lake - North America_images_000001.tif|A9B61839-6485-4CD2-9A4A-D3BC71760CB4
3|80|2|61|55|537|1490|35|1|1|0|0.7035|4.5000|0|0.0000|0.0000|0.0000|1639.0000|57.0000|38.0000|48.5000|159.5391|149.1590|56.1073|37.3978|659.2220|28.9715|36.9338|23.5673|30.9540|28.9715|112.2358|101.7676|118.0610|31.9251|193502.0000|1.2358|1.0000|1.1029|87.2536|3.9690|0.6526|0.8479|0.9180|0.0000|1627.0000|1639.0000|659.2220|25.0000|-65.0000|124.2800|122.1300|107.7407|4.3251|39.0000|5.6216|4.6875|39.0000|6.0220|0.0000|0.0000|0.0000|2017-08-24T06:57:44.073|Freshwater Lake - North America_images_000001.tif|67384386-0853-4A58-A605-42D0CD2F533B
4|143|2|38|47|331|1167|36|1|1|0|0.7035|4.5000|0|0.0000|0.0000|0.0000|771.0000|37.0000|28.0000|32.9722|106.6690|100.0273|35.9150|27.4785|279.8404|18.8760|22.8637|16.5323|20.0302|18.8760|75.0416|67.2035|111.2750|57.3250|85793.0000|1.1744|1.0000|1.1166|56.5806|4.0780|0.7775|0.8701|0.9601|0.0000|758.0000|771.0000|279.8404|-90.0000|0.0000|117.8807|118.0986|95.3398|4.6883|46.0000|6.0637|4.0505|46.0000|5.1279|0.0000|0.0000|0.0000|2017-08-24T06:57:44.169|Freshwater Lake - North America_images_000001.tif|832BC4F2-6315-4F3E-BCCE-2A7331314132
5|183|2|21|93|153|1132|40|1|1|0|0.7035|4.5000|0|0.0000|0.0000|0.0000|412.0000|84.0000|8.0000|54.9444|177.1127|169.3491|87.4289|6.6327|131.6508|12.9469|55.9282|2.8140|35.4876|12.9469|124.5988|115.9713|142.4782|24.0611|58701.0000|6.0589|16.9756|1.0744|61.7440|4.5780|0.0000|0.4716|0.1365|0.0000|427.5000|412.0000|131.6508|85.0000|-5.0000|143.9053|148.8495|129.5437|4.0043|86.0000|5.6896|4.1220|86.0000|5.7998|0.0000|0.0000|0.0000|2017-08-24T06:57:44.666|Freshwater Lake - North America_images_000001.tif|6E865B70-57DA-416C-9E26-2FBAB9687EBB
6|206|2|42|74|328|1535|41|1|1|0|0.7035|4.5000|0|0.0000|0.0000|0.0000|503.0000|69.0000|11.0000|47.1667|155.7817|144.9560|77.4955|8.8495|168.2802|14.6377|45.3758|4.5728|30.0160|14.6377|109.5924|98.8108|159.0239|28.1026|79989.0000|3.8393|9.9612|1.1091|44.8872|4.9220|0.0000|0.5114|0.2105|0.0000|528.5000|503.0000|168.2802|55.0000|-25.0000|159.7634|162.2545|152.4036|4.1698|31.0000|5.3879|4.2943|31.0000|5.6242|0.0000|0.0000|0.0000|2017-08-24T06:57:45.040|Freshwater Lake - North America_images_000001.tif|14B98B7A-8A57-492C-A9A2-6E435C58C236
7|250|2|32|34|1015|759|43|1|1|0|0.7035|4.5000|0|0.0000|0.0000|0.0000|376.0000|25.0000|21.0000|23.2500|74.5269|69.8686|23.4735|20.7858|117.4145|12.2269|14.4217|11.6077|13.1906|12.2269|52.4297|45.9868|133.8537|21.6983|50329.0000|1.1755|1.0000|1.1401|63.2615|5.2030|0.8493|0.8168|0.9740|0.0000|366.5000|376.0000|117.4145|-70.0000|-45.0000|140.7048|136.9468|125.1755|3.4904|33.0000|4.4160|4.0894|33.0000|5.4109|0.0000|0.0000|0.0000|2017-08-24T06:57:45.295|Freshwater Lake - North America_images_000001.tif|C43252E5-DB70-47CA-A530-E0475464B43B
8|284|2|22|185|518|1466|46|1|2|0|0.7035|4.5000|0|0.0000|0.0000|0.0000|1314.0000|174.0000|12.0000|112.3333|359.1127|349.5204|182.1445|9.7912|515.0946|25.6094|119.2433|5.2763|75.8607|25.6094|252.6358|242.7219|143.8493|16.8284|189018.0000|7.8101|22.4917|1.0408|45.0629|6.5780|0.0000|0.4989|0.1006|0.0000|1371.5000|1314.0000|515.0946|-90.0000|0.0000|147.4033|147.4825|135.3683|3.9309|126.0000|5.8293|4.2770|126.0000|6.0517|0.0000|0.0000|0.0000|2017-08-24T06:57:46.671|Freshwater Lake - North America_images_000001.tif|03BB794E-8E01-4041-BFDB-DF0AF6A39B47
9|308|2|30|167|244|1454|47|1|1|0|0.7035|4.5000|0|0.0000|0.0000|0.0000|1333.0000|158.0000|11.0000|103.5556|331.2548|322.2834|178.7441|9.9109|523.4671|25.8166|107.9873|4.5728|69.6856|25.8166|233.0378|223.5606|152.2086|35.1018|202894.0000|6.5506|18.5255|1.0424|75.8899|6.7500|0.0000|0.8727|0.1059|0.0000|1373.5000|1333.0000|523.4671|85.0000|-5.0000|153.7382|155.7239|144.7532|3.9134|114.0000|5.8446|4.3123|114.0000|6.1174|0.0000|0.0000|0.0000|2017-08-24T06:57:46.846|Freshwater Lake - North America_images_000001.tif|9FD99832-340B-435F-B486-CD5AEC2349C1
10|340|2|29|29|860|1674|50|1|1|0|0.7035|4.5000|0|0.0000|0.0000|0.0000|299.0000|23.0000|18.0000|20.3333|61.4558|60.5204|21.6907|17.5974|87.5924|10.5606|13.0147|9.4973|11.1387|10.5606|43.2342|39.4104|139.1237|34.3027|41598.0000|1.0052|1.0000|1.0970|58.3148|8.4530|0.8649|0.8612|0.9760|0.0000|274.0000|299.0000|87.5924|-60.0000|45.0000|142.2508|142.6823|130.9866|4.8860|37.0000|6.1444|4.1155|37.0000|5.2095|0.0000|0.0000|0.0000|2017-08-24T06:57:48.548|Freshwater Lake - North America_images_000001.tif|621BC4CC-FD9D-4BF3-A5CB-86E0C0197534
11|371|2|39|38|816|1485|50|1|1|0|0.7035|4.5000|0|0.0000|0.0000|0.0000|520.0000|29.0000|25.0000|27.3333|88.9117|82.7558|27.3056|24.5331|175.2101|14.9360|17.2357|14.4217|16.0632|14.9360|62.5494|55.0530|86.3577|42.5042|44906.0000|1.2098|1.0000|1.1362|134.4865|8.4530|0.8680|0.8225|0.9827|0.0000|521.0000|520.0000|175.2101|0.0000|50.0000|99.9750|92.0000|70.0500|4.8860|37.0000|6.1444|4.1155|37.0000|5.2095|0.0000|0.0000|0.0000|2017-08-24T06:57:48.548|Freshwater Lake - North America_images_000001.tif|7C64B6CF-34F6-47C5-A197-756670F4F24E
12|412|2|42|47|429|1534|53|1|1|0|0.7035|4.5000|0|0.0000|0.0000|0.0000|562.0000|38.0000|28.0000|34.0000|140.1249|103.8280|42.8458|29.4457|192.4318|15.6529|23.5673|16.5323|20.7533|15.6529|98.5779|69.8772|146.6068|26.4068|82393.0000|2.7803|6.5825|1.4107|59.7227|8.8280|0.4058|0.3149|0.5295|0.0000|798.5000|562.0000|192.4318|-80.0000|-25.0000|149.2776|149.7651|139.3754|4.0819|34.0000|5.4681|4.3400|34.0000|5.6862|0.0000|0.0000|0.0000|2017-08-24T06:57:48.930|Freshwater Lake - North America_images_000001.tif|014924BC-F29C-40A7-9B3E-737A51E856CC
13|456|2|21|102|370|1467|55|1|1|0|0.7035|4.5000|0|0.0000|0.0000|0.0000|737.0000|92.0000|11.0000|61.1389|195.6985|189.2571|102.0727|10.1394|265.4574|18.3845|61.5562|4.5728|39.8455|18.3845|137.6739|129.9766|162.1262|22.9763|119487.0000|4.1352|10.8994|1.0592|28.6310|10.0310|0.0000|0.3981|0.1784|0.0000|799.0000|737.0000|265.4574|-90.0000|0.0000|161.8725|164.4871|157.5699|3.7624|66.0000|5.3328|4.1935|66.0000|5.7053|0.0000|0.0000|0.0000|2017-08-24T06:57:50.145|Freshwater Lake - North America_images_000001.tif|EEAFC3D7-9C24-4E4C-B3EC-FF181A084859
14|479|2|36|37|295|1380|56|1|1|0|0.7035|4.5000|0|0.0000|0.0000|0.0000|507.0000|28.0000|25.0000|26.2222|84.4264|79.4631|25.8298|25.0794|169.9086|14.7083|16.5323|14.4217|15.2816|14.7083|59.3940|52.7365|63.3846|35.6798|32136.0000|1.1188|1.0000|1.1262|194.0417|10.2190|0.9223|0.8531|0.9961|0.0000|491.5000|507.0000|169.9086|85.0000|20.0000|65.0316|65.6312|58.3748|4.7662|44.0000|6.0562|3.8947|44.0000|5.2183|0.0000|0.0000|0.0000|2017-08-24T06:57:50.315|Freshwater Lake - North America_images_000001.tif|345639DD-2178-4CAE-A3F8-9BCE6A2BBB6D
15|517|2|34|30|818|408|56|1|1|0|0.7035|4.5000|0|0.0000|0.0000|0.0000|400.0000|25.0000|20.0000|23.1389|72.2843|69.9833|24.7419|20.5971|126.8873|12.7105|14.4217|10.9043|13.1125|12.7105|50.8520|46.0675|121.4500|32.5105|48580.0000|1.0395|1.0000|1.1039|76.8438|10.2190|0.8700|0.9086|0.9828|0.0000|375.5000|400.0000|126.8873|15.0000|-90.0000|128.3425|126.6975|108.6300|4.7662|44.0000|6.0562|3.8947|44.0000|5.2183|0.0000|0.0000|0.0000|2017-08-24T06:57:50.315|Freshwater Lake - North America_images_000001.tif|8C81FB0E-1852-4CEA-857A-F8C45DF51336
16|553|2|41|44|657|1547|61|1|1|0|0.7035|4.5000|0|0.0000|0.0000|0.0000|464.0000|37.0000|23.0000|31.5556|114.9117|96.0619|41.2857|21.8174|152.4800|13.9335|22.8637|13.0147|19.0336|13.9335|80.8404|64.4138|102.4935|29.3553|47557.0000|2.2646|4.9110|1.2550|97.5300|11.6250|0.3248|0.2823|0.5419|0.0000|632.0000|464.0000|152.4800|-65.0000|35.0000|107.8901|107.1724|91.3017|4.3001|36.0000|5.5767|4.5897|36.0000|5.9310|0.0000|0.0000|0.0000|2017-08-24T06:57:51.737|Freshwater Lake - North America_images_000001.tif|8598CB53-8205-4D14-94DD-D00BFDBE54F0
17|596|2|22|66|515|1235|62|1|1|0|0.7035|4.5000|0|0.0000|0.0000|0.0000|277.0000|57.0000|11.0000|38.6944|157.6985|118.6555|56.0797|10.6252|79.2634|10.0460|36.9338|4.5728|24.0558|10.7430|110.9409|80.3084|163.9097|17.4568|45403.0000|6.4462|18.1965|1.3814|32.4698|11.8280|0.0265|0.4995|0.2400|0.0000|449.0000|307.0000|90.6445|80.0000|-5.0000|164.7942|165.3213|160.8484|3.9054|50.0000|5.2971|4.1415|50.0000|5.3540|0.0000|0.0000|0.0000|2017-08-24T06:57:51.936|Freshwater Lake - North America_images_000001.tif|29173EFE-F821-40E1-98BA-D98E504543A6
18|620|2|29|29|314|986|62|1|1|0|0.7035|4.5000|0|0.0000|0.0000|0.0000|280.0000|21.0000|19.0000|19.8611|62.0416|58.9030|19.6313|18.3709|80.3933|10.1173|11.6077|10.2007|10.8065|10.1173|43.6463|38.2725|136.5821|22.4391|38243.0000|1.0940|1.0000|1.1404|71.1818|11.8280|0.8805|0.8745|0.9864|0.0000|264.0000|280.0000|80.3933|30.0000|0.0000|141.6250|140.4536|127.0964|3.9054|50.0000|5.2971|4.1415|50.0000|5.3540|0.0000|0.0000|0.0000|2017-08-24T06:57:51.936|Freshwater Lake - North America_images_000001.tif|71654526-C6A4-4DA4-9C18-FC29F8BE98D3
19|651|2|43|41|173|1417|65|1|1|0|0.7035|4.5000|0|0.0000|0.0000|0.0000|635.0000|34.0000|29.0000|31.0556|104.0833|94.5896|30.7443|27.8556|222.6681|16.8378|20.7533|17.2357|18.6819|16.8378|73.2226|63.3780|81.3795|38.9006|51676.0000|1.3576|1.6642|1.1553|134.1222|12.1880|0.7432|0.7128|0.9395|0.0000|651.0000|635.0000|222.6681|10.0000|-40.0000|84.2535|84.5055|74.1339|4.5487|44.0000|5.9032|4.9552|44.0000|6.2465|0.0000|0.0000|0.0000|2017-08-24T06:57:52.305|Freshwater Lake - North America_images_000001.tif|45AA7075-1130-4EE1-B781-3432FCD5E025
20|696|2|37|35|539|1376|66|1|1|0|0.7035|4.5000|0|0.0000|0.0000|0.0000|441.0000|27.0000|23.0000|25.1667|82.4264|76.1976|24.7973|22.9721|143.2313|13.5044|15.8287|13.0147|14.5390|13.5044|57.9870|50.4393|83.5782|43.6503|36858.0000|1.2260|1.0000|1.1496|169.2286|12.3130|0.8720|0.8204|0.9828|0.0000|435.5000|441.0000|143.2313|0.0000|-50.0000|90.3469|89.9184|68.5397|4.6568|43.0000|5.9310|4.0981|43.0000|5.0536|0.0000|0.0000|0.0000|2017-08-24T06:57:52.432|Freshwater Lake - North America_images_000001.tif|DFC526A8-7C58-4E9F-9159-088FA945B086
21|735|2|41|223|264|1296|67|1|2|0|0.7035|4.5000|0|0.0000|0.0000|0.0000|1144.0000|214.0000|13.0000|138.3056|489.7817|431.5659|218.1638|10.2691|440.5363|23.6835|147.3833|5.9798|94.1322|28.4177|344.5614|300.4409|156.9790|16.4400|179584.0000|12.0591|35.8568|1.1469|18.2998|13.2660|0.0000|0.7408|0.0845|0.0000|1961.5000|1583.0000|634.2608|85.0000|-5.0000|155.9991|158.4003|154.5603|4.1852|111.0000|5.8174|4.3869|111.0000|6.1137|0.0000|0.0000|0.0000|2017-08-24T06:57:53.384|Freshwater Lake - North America_images_000001.tif|61F3E820-5BAB-4958-BABF-F870DFAD5B75
22|778|2|39|94|1029|1072|69|1|1|0|0.7035|4.5000|0|0.0000|0.0000|0.0000|365.0000|88.0000|10.0000|57.8333|200.3675|178.0352|104.3154|5.6309|113.0985|12.0001|58.7422|3.8693|37.5200|12.0001|140.9585|122.0820|152.2521|23.9373|55572.0000|8.7529|25.4588|1.1546|65.8258|13.6250|0.0000|0.2959|0.0852|0.0000|468.5000|365.0000|113.0985|-75.0000|15.0000|161.0192|161.3589|131.1041|3.9871|106.0000|5.8166|4.3454|106.0000|6.1694|0.0000|0.0000|0.0000|2017-08-24T06:57:53.717|Freshwater Lake - North America_images_000001.tif|7553FA76-C413-424C-8D2C-D94AF8292B38
23|819|2|58|76|899|1546|71|1|1|0|0.7035|4.5000|0|0.0000|0.0000|0.0000|1802.0000|68.0000|47.0000|57.6389|218.9533|177.6584|61.9250|43.6155|732.1344|30.5317|44.6722|29.8987|37.3832|30.5317|154.0336|121.8169|118.7026|32.2722|213902.0000|2.1171|4.4250|1.2645|62.4822|14.6090|0.4452|0.4393|0.7998|0.0000|2196.0000|1802.0000|732.1344|75.0000|20.0000|126.0411|122.3418|108.7941|3.2057|37.0000|4.1798|4.3063|37.0000|5.6584|0.0000|0.0000|0.0000|2017-08-24T06:57:54.710|Freshwater Lake - North America_images_000001.tif|A2BF6080-B0FB-474E-B8FF-D505B3B47236
24|879|2|43|42|513|1561|73|1|1|0|0.7035|4.5000|0|0.0000|0.0000|0.0000|702.0000|34.0000|30.0000|32.1111|108.6690|97.9310|30.9539|29.6770|250.7111|17.8666|20.7533|17.9393|19.4244|17.8666|76.4486|65.7287|123.7493|37.8970|86872.0000|1.3386|1.5675|1.1631|93.6526|15.0160|0.8190|0.7914|0.9721|0.0000|718.0000|702.0000|250.7111|-10.0000|40.0000|127.0028|130.2792|109.7493|4.8178|42.0000|6.0677|5.1578|42.0000|6.4200|0.0000|0.0000|0.0000|2017-08-24T06:57:55.122|Freshwater Lake - North America_images_000001.tif|B04538C7-D8C9-4CBF-AD32-AFB769C3930D
25|924|2|34|30|532|1579|78|1|1|0|0.7035|4.5000|0|0.0000|0.0000|0.0000|285.0000|24.0000|19.0000|21.5833|70.1838|64.7694|22.6407|17.1331|82.2808|10.2354|13.7183|10.2007|12.0181|10.2354|49.3743|42.3995|101.0737|33.4463|28806.0000|1.3754|1.7491|1.1645|82.6949|16.3910|0.7248|0.5869|0.9003|0.0000|292.5000|285.0000|82.2808|0.0000|-50.0000|105.3789|105.2737|91.2281|4.4441|37.0000|5.6038|4.6716|37.0000|5.8759|0.0000|0.0000|0.0000|2017-08-24T06:57:56.506|Freshwater Lake - North America_images_000001.tif|6485D4D8-DCD2-4E65-8C50-0C4BA9D9B91E
26|960|2|44|39|669|496|80|1|1|0|0.7035|4.5000|0|0.0000|0.0000|0.0000|644.0000|35.0000|29.0000|32.1389|116.7696|97.6908|32.5818|26.7103|226.4199|16.9790|21.4567|17.2357|19.4440|16.9790|82.1474|65.5597|108.5497|39.3365|69906.0000|1.6849|2.9547|1.2530|102.3491|16.7190|0.6862|0.5374|0.9239|0.0000|686.0000|644.0000|226.4199|5.0000|-90.0000|115.5357|112.7298|97.6941|3.9500|70.0000|5.5318|4.3243|70.0000|5.8026|0.0000|0.0000|0.0000|2017-08-24T06:57:56.821|Freshwater Lake - North America_images_000001.tif|9A3AD267-EA13-4CCF-B5FB-720EA92AD52D
27|1006|2|132|42|296|1506|82|1|1|0|0.7035|4.5000|0|0.0000|0.0000|0.0000|767.0000|122.0000|32.0000|83.0556|292.6934|258.0156|134.1718|29.8590|278.1455|18.8188|82.6612|19.3463|55.2639|18.8188|205.9098|178.3482|155.6962|29.6696|119419.0000|8.8883|25.8849|1.1545|64.1373|17.2340|0.0000|0.3244|0.1034|0.0000|2372.0000|767.0000|278.1455|0.0000|-90.0000|157.8605|160.7679|144.9400|4.4260|59.0000|5.7647|4.6865|59.0000|6.0600|0.0000|0.0000|0.0000|2017-08-24T06:57:57.329|Freshwater Lake - North America_images_000001.tif|5DFB0318-A725-4445-930F-5C969C57B091
28|1140|2|43|48|474|853|84|1|1|0|0.7035|4.5000|0|0.0000|0.0000|0.0000|734.0000|40.0000|33.0000|36.4444|136.5685|111.2953|36.7921|29.7946|264.1910|18.3406|24.9743|20.0497|22.4729|18.3406|96.0759|75.1305|108.8338|31.8693|79884.0000|2.0221|4.1091|1.2788|114.4417|18.1560|0.5594|0.4938|0.8339|0.0000|903.0000|734.0000|264.1910|-75.0000|0.0000|117.2180|114.3556|94.7970|3.5013|38.0000|4.3757|4.3191|38.0000|5.3842|0.0000|0.0000|0.0000|2017-08-24T06:57:58.257|Freshwater Lake - North America_images_000001.tif|D397BF29-692D-4797-A67F-BE468FF553C0
29|1185|2|18|63|329|1601|85|1|1|0|0.7035|4.5000|0|0.0000|0.0000|0.0000|353.0000|53.0000|8.0000|36.2222|112.1421|110.7539|58.4268|7.9429|108.4096|11.7487|34.1198|2.8140|22.3166|11.7487|78.8920|74.7496|157.2635|28.5037|55514.0000|2.8350|6.7584|1.0554|42.3426|18.2970|0.0000|0.7180|0.2585|0.0000|323.0000|353.0000|108.4096|-90.0000|0.0000|159.4136|159.8980|151.2351|3.6479|44.0000|5.0256|4.1992|44.0000|5.5460|0.0000|0.0000|0.0000|2017-08-24T06:57:58.404|Freshwater Lake - North America_images_000001.tif|ACAE988B-C958-4302-B5BB-F96FB4D0E0E1
30|1205|2|74|46|681|1273|87|1|1|0|0.7035|4.5000|0|0.0000|0.0000|0.0000|473.0000|71.0000|11.0000|47.9722|161.4386|147.5286|75.8770|9.3722|156.1136|14.0986|46.7828|4.5728|30.5827|14.0986|113.5721|100.6206|146.8879|33.9561|69478.0000|4.3847|11.6895|1.1287|69.7664|18.9840|0.0000|0.3328|0.2061|0.0000|545.5000|473.0000|156.1136|20.0000|-65.0000|149.9767|151.8901|135.8478|4.0397|98.0000|5.8138|4.4008|98.0000|6.1298|0.0000|0.0000|0.0000|2017-08-24T06:57:59.084|Freshwater Lake - North America_images_000001.tif|8218C525-B558-4E94-8404-2027F6EB359A
31|1281|2|42|51|981|1429|89|1|1|0|0.7035|4.5000|0|0.0000|0.0000|0.0000|459.0000|48.0000|17.0000|34.8056|125.2548|106.3261|49.3266|13.5612|150.4649|13.8412|30.6023|8.7937|21.3200|13.8412|88.1168|71.6347|142.5359|26.8753|65424.0000|2.7200|6.3885|1.2301|80.6161|19.7660|0.1530|0.4912|0.4466|0.0000|558.5000|459.0000|150.4649|55.0000|-30.0000|147.5534|148.3987|129.1656|4.4567|55.0000|5.8361|4.8577|55.0000|6.2637|0.0000|0.0000|0.0000|2017-08-24T06:57:59.875|Freshwater Lake - North America_images_000001.tif|D49F3C01-1CB8-4AD0-BE60-6B987214D82B
32|1325|2|38|60|267|1529|90|1|3|0|0.7035|4.5000|0|0.0000|0.0000|0.0000|586.0000|54.0000|28.0000|45.3333|197.7817|139.0953|63.8582|30.6505|202.3324|16.0505|34.8233|16.5323|28.7262|16.0505|139.1394|94.6878|132.6877|34.1813|77755.0000|5.3121|14.6200|1.4695|94.4914|19.8590|0.1575|0.1313|0.2974|0.0000|1200.0000|586.0000|202.3324|60.0000|0.0000|139.2782|139.5734|116.6928|4.0698|48.0000|5.5247|3.9704|48.0000|5.0863|0.0000|0.0000|0.0000|2017-08-24T06:57:59.958|Freshwater Lake - North America_images_000001.tif|4720E421-5DB7-4E54-866E-21E338EC9808
33|1365|2|22|117|142|1170|91|1|1|0|0.7035|4.5000|0|0.0000|0.0000|0.0000|811.0000|107.0000|12.0000|71.7500|226.6274|222.1237|121.7775|9.6102|296.8296|19.4406|72.1088|5.2763|47.3104|19.4406|159.4324|153.0983|156.2676|30.4074|126733.0000|5.0396|13.7596|1.0414|56.5636|19.9380|0.0000|0.4091|0.1384|0.0000|890.5000|811.0000|296.8296|-90.0000|0.0000|156.6326|158.9100|150.9359|3.8039|125.0000|5.6947|4.0890|125.0000|6.0027|0.0000|0.0000|0.0000|2017-08-24T06:58:00.044|Freshwater Lake - North America_images_000001.tif|5D3E8ED4-D8B8-4531-A8F9-278828438AF5
34|1389|2|57|149|495|1520|92|1|1|0|0.7035|4.5000|0|0.0000|0.0000|0.0000|1059.0000|146.0000|13.0000|95.1389|317.8650|295.9045|161.9118|8.9711|403.5246|22.6668|99.5452|5.9798|63.7645|22.6668|223.6180|205.0031|158.5619|30.4543|167917.0000|7.5924|21.8064|1.0908|55.4626|20.2660|0.0000|0.5747|0.1026|0.0000|1140.5000|1059.0000|403.5246|75.0000|-15.0000|161.0755|161.9292|150.9660|3.8608|102.0000|5.6818|4.2239|102.0000|5.9011|0.0000|0.0000|0.0000|2017-08-24T06:58:00.372|Freshwater Lake - North America_images_000001.tif|57B1408D-51B0-4178-91A6-4D7866CD54C9
35|1448|2|25|85|999|1406|93|1|1|0|0.7035|4.5000|0|0.0000|0.0000|0.0000|540.0000|76.0000|11.0000|51.0556|164.5269|156.9474|83.1743|8.7464|183.3936|15.2808|50.3002|4.5728|32.7519|15.2808|115.7447|107.2467|164.4685|27.8027|88813.0000|3.9891|10.4362|1.0792|42.4452|20.4690|0.0000|0.5553|0.1966|0.0000|570.5000|540.0000|183.3936|-85.0000|5.0000|168.2796|167.0944|157.8037|3.8093|69.0000|5.4545|4.0954|69.0000|5.7316|0.0000|0.0000|0.0000|2017-08-24T06:58:00.562|Freshwater Lake - North America_images_000001.tif|43D6BA43-6CBB-45FD-9817-172A4A95FCFB
36|1475|2|34|34|588|1247|94|1|1|0|0.7035|4.5000|0|0.0000|0.0000|0.0000|445.0000|26.0000|23.0000|24.4167|76.1838|73.5668|24.4762|23.1691|144.8358|13.5798|15.1253|13.0147|14.0114|13.5798|53.5953|48.5885|110.5528|24.8925|49196.0000|1.0379|1.0000|1.1030|95.4308|21.0940|0.9390|0.9344|0.9976|0.0000|422.0000|445.0000|144.8358|-25.0000|45.0000|118.6629|116.8809|95.0247|4.1597|32.0000|5.4416|3.9429|32.0000|5.2173|0.0000|0.0000|0.0000|2017-08-24T06:58:01.209|Freshwater Lake - North America_images_000001.tif|8FFDC3AC-3BC2-45B4-AEF2-E04C63039098
37|1511|2|57|50|814|1498|95|1|1|0|0.7035|4.5000|0|0.0000|0.0000|0.0000|1175.0000|49.0000|40.0000|44.5556|154.8112|136.9288|44.0046|38.7142|454.0817|24.0448|31.3057|24.9743|28.1791|24.0448|108.9097|93.1637|112.6094|35.2594|132316.0000|1.6231|2.7334|1.1690|93.0073|22.5470|0.5615|0.4465|0.8710|0.0000|1287.0000|1175.0000|454.0817|-15.0000|-90.0000|121.0221|119.0051|96.8417|4.7904|35.0000|6.0631|4.0246|35.0000|5.2657|0.0000|0.0000|0.0000|2017-08-24T06:58:02.635|Freshwater Lake - North America_images_000001.tif|41C48003-6877-4428-9301-500AAEA5AC67
38|1570|2|69|58|651|1427|97|1|1|0|0.7035|4.5000|0|0.0000|0.0000|0.0000|1834.0000|60.0000|45.0000|53.5833|195.9239|165.6265|57.9488|42.7611|746.4902|30.8295|39.0442|28.4917|34.5301|30.8295|137.8325|113.3525|82.8828|44.4316|152007.0000|1.6656|2.8861|1.2160|138.3018|23.4690|0.5566|0.4846|0.9004|0.0000|2040.5000|1834.0000|746.4902|5.0000|70.0000|86.6200|85.4509|76.3670|5.0262|69.0000|6.4960|5.2973|69.0000|6.7700|0.0000|0.0000|0.0000|2017-08-24T06:58:03.561|Freshwater Lake - North America_images_000001.tif|B12AE25C-FB1A-416E-9834-133DAB920EF0
39|1641|2|258|133|489|1480|99|1|1|0|0.7035|4.5000|0|0.0000|0.0000|0.0000|5386.0000|251.0000|105.0000|183.6944|765.6884|573.8022|186.0726|118.4546|2383.7684|55.0918|173.4128|70.7018|126.0633|68.2467|538.6618|400.5041|128.2154|28.1865|690568.0000|5.7648|16.0484|1.3450|107.9757|24.5470|0.0000|0.2195|0.4236|0.0000|14966.5000|8093.0000|3658.0799|5.0000|-80.0000|136.4176|133.0245|115.6274|4.9159|39.0000|6.1193|3.7666|39.0000|4.7413|0.0000|0.0000|0.0000|2017-08-24T06:58:04.639|Freshwater Lake - North America_images_000001.tif|31EABE19-F76B-4CC5-B5F5-91CA25557488
40|1901|2|104|64|760|1119|100|1|1|0|0.7035|4.5000|0|0.0000|0.0000|0.0000|853.0000|107.0000|17.0000|70.7500|242.9361|219.6001|116.5965|12.0988|314.7418|20.0185|72.1088|8.7937|46.6069|20.0185|170.9055|151.3229|149.9766|34.4554|127930.0000|5.5059|15.2315|1.1294|45.8725|24.6090|0.0000|0.3052|0.1581|0.0000|1231.5000|853.0000|314.7418|-25.0000|65.0000|152.8124|154.1923|140.5756|4.0758|100.0000|5.9034|4.3556|100.0000|6.1970|0.0000|0.0000|0.0000|2017-08-24T06:58:04.703|Freshwater Lake - North America_images_000001.tif|C8E252D8-DB4B-42CB-A239-3DA97C22D94E
41|2|227|43|43|737|1579|103|1|1|0|0.7035|4.5000|0|0.0000|0.0000|0.0000|715.0000|37.0000|32.0000|34.2222|128.4264|104.4646|32.7901|30.9934|256.1810|18.0604|22.8637|19.3463|20.9096|18.0604|90.3480|70.3251|113.5804|31.0165|81210.0000|1.8357|3.4795|1.2847|87.6983|25.2660|0.6242|0.4072|0.8944|0.0000|788.5000|715.0000|256.1810|25.0000|70.0000|122.1594|118.5846|100.5007|3.2204|35.0000|4.2491|4.0037|35.0000|5.3699|0.0000|0.0000|0.0000|2017-08-24T06:58:05.354|Freshwater Lake - North America_images_000001.tif|42B5D936-BA85-4A07-9921-CB4DBD7E7E8F
42|47|227|27|31|260|1560|107|1|1|0|0.7035|4.5000|0|0.0000|0.0000|0.0000|276.0000|22.0000|17.0000|19.6667|62.0416|58.8374|20.4487|17.3872|78.8872|10.0221|12.3113|8.7937|10.6698|10.0221|43.6463|38.2264|158.0362|32.5037|43618.0000|1.1098|1.0000|1.1418|36.8545|26.7660|0.8576|0.8028|0.9755|0.0000|260.5000|276.0000|78.8872|70.0000|0.0000|157.5761|159.1486|155.9203|3.8485|34.0000|4.7864|4.3125|34.0000|5.3330|0.0000|0.0000|0.0000|2017-08-24T06:58:06.885|Freshwater Lake - North America_images_000001.tif|11C7F7B4-4E0C-4F52-92C6-3A5A8E948A98
43|76|227|31|37|181|1466|109|1|1|0|0.7035|4.5000|0|0.0000|0.0000|0.0000|302.0000|31.0000|16.0000|24.0556|79.6985|72.2124|29.8458|13.9193|88.7355|10.6293|18.6427|8.0903|13.7574|10.6293|56.0679|47.6357|126.2980|21.0912|38142.0000|1.6737|2.9151|1.1770|91.0423|27.6090|0.5213|0.5785|0.7091|0.0000|325.5000|302.0000|88.7355|-65.0000|30.0000|130.2185|130.0000|117.5066|3.9401|36.0000|5.1392|4.3604|36.0000|5.5994|0.0000|0.0000|0.0000|2017-08-24T06:58:07.709|Freshwater Lake - North America_images_000001.tif|1648170F-9639-42DD-95FD-7CF0207980CC
44|109|227|35|40|372|1041|109|1|1|0|0.7035|4.5000|0|0.0000|0.0000|0.0000|548.0000|30.0000|23.0000|27.9722|89.0122|85.1148|30.5729|23.4173|186.6759|15.4170|17.9393|13.0147|16.5127|15.4170|62.6201|56.7125|139.8960|22.8177|76663.0000|1.1506|1.0000|1.1042|38.8701|27.6090|0.7463|0.7171|0.9409|0.0000|542.0000|548.0000|186.6759|-90.0000|-15.0000|144.0128|142.4872|133.2208|3.9401|36.0000|5.1392|4.3604|36.0000|5.5994|0.0000|0.0000|0.0000|2017-08-24T06:58:07.709|Freshwater Lake - North America_images_000001.tif|646989B4-3AF0-4FA7-9EB3-36EC532A2B25
45|146|227|78|64|509|1588|111|1|1|0|0.7035|4.5000|0|0.0000|0.0000|0.0000|2225.0000|75.0000|45.0000|61.1389|216.6102|188.8649|71.7116|41.4183|922.8506|34.2784|49.5968|28.4917|39.8455|34.2784|152.3853|129.7007|114.1996|33.5293|254094.0000|1.6781|2.9307|1.1749|74.5959|27.9220|0.4381|0.5868|0.8262|0.0000|2407.0000|2225.0000|922.8506|20.0000|-45.0000|118.9380|117.3694|106.1303|0.0000|1.0000|0.0000|3.9088|1.0000|3.9088|0.0000|0.0000|0.0000|2017-08-24T06:58:08.015|Freshwater Lake - North America_images_000001.tif|896D6F0A-3376-48A0-B145-5A85DA08899F
46|226|227|19|132|798|1521|112|1|1|0|0.7035|4.5000|0|0.0000|0.0000|0.0000|928.0000|122.0000|9.0000|80.1389|252.1421|249.0812|135.1368|9.1546|346.8985|21.0163|82.6612|3.1658|53.2120|21.0163|177.3820|172.0629|163.1336|27.6590|151388.0000|5.4517|15.0607|1.0309|41.9758|28.5940|0.0000|0.8361|0.1288|0.0000|877.5000|928.0000|346.8985|-90.0000|0.0000|166.6810|165.8567|156.3588|3.9262|89.0000|5.6875|4.1969|89.0000|5.9865|0.0000|0.0000|0.0000|2017-08-24T06:58:08.696|Freshwater Lake - North America_images_000001.tif|CB1CBA13-CD32-4D35-8A5E-4F50A953FC4B
47|247|227|43|47|269|1426|113|1|1|0|0.7035|4.5000|0|0.0000|0.0000|0.0000|743.0000|38.0000|31.0000|34.6111|119.7401|105.5473|34.3317|29.8561|267.9916|18.4721|23.5673|18.6427|21.1832|18.8331|84.2372|71.0868|88.2194|42.4879|65547.0000|1.4856|2.2159|1.1850|110.6635|28.9380|0.7505|0.7041|0.9448|0.0000|823.0000|768.0000|278.5692|-80.0000|-40.0000|91.0390|90.9704|81.7416|4.6551|50.0000|5.9847|4.9425|50.0000|6.2470|0.0000|0.0000|0.0000|2017-08-24T06:58:09.037|Freshwater Lake - North America_images_000001.tif|BF986C78-2AB0-46A5-80C2-B185874D1AC1
48|292|227|52|49|388|1431|115|1|1|0|0.7035|4.5000|0|0.0000|0.0000|0.0000|997.0000|44.0000|38.0000|40.7500|145.7401|124.9229|38.3186|36.5530|376.6571|21.8992|27.7883|23.5673|25.5019|21.8992|102.5282|84.7175|140.0863|40.5480|139666.0000|1.6953|2.9918|1.2102|89.4385|29.3910|0.6638|0.4908|0.9053|0.0000|1096.0000|997.0000|376.6571|-25.0000|-70.0000|144.5677|145.1715|128.4283|4.3808|40.0000|5.7396|4.0402|40.0000|5.1648|0.0000|0.0000|0.0000|2017-08-24T06:58:09.495|Freshwater Lake - North America_images_000001.tif|A8887C30-ECA3-471A-A127-07847B2A09E1
49|346|227|43|24|973|1486|116|1|1|0|0.7035|4.5000|0|0.0000|0.0000|0.0000|362.0000|33.0000|13.0000|26.0833|82.3848|79.0559|34.6265|13.6922|111.9243|11.9376|20.0497|5.9798|15.1839|11.9376|57.9577|52.4501|116.0801|26.5780|42021.0000|1.4920|2.2411|1.1050|122.4675|29.7030|0.4350|0.8882|0.6649|0.0000|349.5000|362.0000|111.9243|0.0000|85.0000|130.1740|121.8039|99.4337|4.2127|35.0000|5.5486|3.9040|35.0000|5.1069|0.0000|0.0000|0.0000|2017-08-24T06:58:09.814|Freshwater Lake - North America_images_000001.tif|A1EF68E1-A1A0-452A-B2D2-FADADA41EDC1
50|391|227|76|96|457|1613|117|1|1|0|0.7035|4.5000|0|0.0000|0.0000|0.0000|3168.0000|93.0000|66.0000|78.5833|311.3797|243.5490|80.6680|57.6546|1353.5716|41.5141|62.2598|43.2653|52.1176|41.5141|219.0556|168.1710|108.7895|34.6590|344645.0000|2.4355|5.4684|1.3026|86.2527|29.8750|0.4335|0.4453|0.8206|0.0000|4011.5000|3168.0000|1353.5716|-70.0000|0.0000|112.8766|111.5966|101.7418|3.9965|1000.0000|6.8427|4.1891|1000.0000|6.8013|0.0000|0.0000|0.0000|2017-08-24T06:58:09.996|Freshwater Lake - North America_images_000001.tif|D2B20F02-DD25-4AEA-946E-86C586249C65
51|469|227|45|59|331|1530|118|1|1|0|0.7035|4.5000|0|0.0000|0.0000|0.0000|1141.0000|51.0000|34.0000|42.5000|139.3970|130.4858|49.1398|32.0150|439.2267|23.6483|32.7127|20.7533|26.7330|24.5155|98.0658|88.6310|80.7765|40.8504|92166.0000|1.2716|1.0000|1.1065|98.4836|30.1090|0.6384|0.8056|0.9002|0.0000|1217.0000|1216.0000|472.0326|-75.0000|10.0000|84.2971|84.5688|72.0044|4.7852|56.0000|6.2850|5.0091|56.0000|6.5033|0.0000|0.0000|0.0000|2017-08-24T06:58:10.204|Freshwater Lake - North America_images_000001.tif|D72D5CEE-9FE0-48A1-B78C-749C3547171B
52|516|227|32|36|939|1121|119|1|1|0|0.7035|4.5000|0|0.0000|0.0000|0.0000|388.0000|27.0000|20.0000|23.8889|77.9411|71.7116|25.7143|19.6032|122.1416|12.4706|15.8287|10.9043|13.6401|12.4706|54.8316|47.2834|115.6933|56.2601|44889.0000|1.2459|1.0000|1.1596|97.7500|31.0160|0.7851|0.7343|0.9450|0.0000|382.0000|388.0000|122.1416|75.0000|-40.0000|121.7371|120.4485|104.0644|4.3456|34.0000|5.6757|3.8286|34.0000|4.9266|0.0000|0.0000|0.0000|2017-08-24T06:58:11.131|Freshwater Lake - North America_images_000001.tif|E605072A-722E-4886-8D8E-BD300CB76BB2
53|550|227|29|41|777|1739|120|1|1|0|0.7035|4.5000|0|0.0000|0.0000|0.0000|374.0000|32.0000|19.0000|26.0278|87.6985|78.5843|32.2665|15.9133|116.6285|12.1859|19.3463|10.2007|15.1448|12.1859|61.6959|52.1183|139.5588|28.2581|52195.0000|1.6365|2.7815|1.1838|58.3165|31.2030|0.4986|0.5948|0.7358|0.0000|405.0000|374.0000|116.6285|-85.0000|0.0000|145.2273|143.1524|130.2513|3.3422|40.0000|4.3091|4.1821|40.0000|5.4582|0.0000|0.0000|0.0000|2017-08-24T06:58:11.302|Freshwater Lake - North America_images_000001.tif|0E94ECF2-FFE7-4D01-8D63-CB4710CC0090
54|581|227|77|52|775|1568|124|1|1|0|0.7035|4.5000|0|0.0000|0.0000|0.0000|1642.0000|67.0000|41.0000|54.1667|193.5391|166.6675|60.3493|37.4835|660.5605|29.0009|43.9688|25.6777|34.9405|29.0009|136.1548|114.0848|100.9531|41.8685|165765.0000|1.8153|3.4097|1.1935|80.9593|32.1250|0.4576|0.6412|0.8285|0.0000|1815.5000|1642.0000|660.5605|0.0000|65.0000|108.9884|105.1943|89.5804|3.3387|50.0000|4.6044|4.3063|50.0000|5.7827|0.0000|0.0000|0.0000|2017-08-24T06:58:12.235|Freshwater Lake - North America_images_000001.tif|960AAE58-50E0-4247-9EC3-E9DA9024D1B0
55|660|227|36|37|238|1331|125|1|1|0|0.7035|4.5000|0|0.0000|0.0000|0.0000|520.0000|29.0000|26.0000|27.0833|88.4264|81.7956|26.3448|25.4438|175.2101|14.9360|17.2357|15.1253|15.8874|14.9360|62.2080|54.3775|100.2212|47.6024|52115.0000|1.1966|1.0000|1.1440|124.5789|33.0310|0.8662|0.7462|0.9871|0.0000|513.0000|520.0000|175.2101|-60.0000|0.0000|106.5231|106.8904|84.7192|4.4210|35.0000|5.7369|3.9653|35.0000|5.0378|0.0000|0.0000|0.0000|2017-08-24T06:58:13.135|Freshwater Lake - North America_images_000001.tif|6BA6CBAB-AFF9-4B5A-AC84-2585156FBDA8
56|698|227|34|39|497|581|125|1|1|0|0.7035|4.5000|0|0.0000|0.0000|0.0000|413.0000|32.0000|23.0000|27.6667|92.0416|84.0219|30.0093|20.3644|132.0485|12.9665|19.3463|13.0147|16.2978|12.9665|64.7513|55.9437|107.5375|39.8452|44413.0000|1.6323|2.7667|1.1574|116.5059|33.0310|0.5713|0.4913|0.7996|0.0000|442.0000|413.0000|132.0485|-70.0000|10.0000|113.8789|112.2107|95.9153|4.4210|35.0000|5.7369|3.9653|35.0000|5.0378|0.0000|0.0000|0.0000|2017-08-24T06:58:13.135|Freshwater Lake - North America_images_000001.tif|919FA2EB-9366-4044-9C96-EEA2473660A8
57|734|227|67|104|524|1495|126|1|3|0|0.7035|4.5000|0|0.0000|0.0000|0.0000|1826.0000|97.0000|52.0000|74.1111|428.1493|229.7001|96.7301|39.9234|742.9001|30.7553|65.0738|33.4162|48.9714|32.0675|301.2030|158.4283|149.0444|22.6514|272155.0000|7.4048|21.2158|1.9012|51.7389|33.2970|0.0000|0.1064|0.4581|0.0000|3364.5000|1970.0000|807.6425|-75.0000|10.0000|151.1928|150.7738|144.8346|4.2416|33.0000|5.5658|3.8846|33.0000|4.9345|0.0000|0.0000|0.0000|2017-08-24T06:58:13.386|Freshwater Lake - North America_images_000001.tif|EFD9536E-E607-4D86-BA4B-DBD1F7F25164
58|803|227|31|54|732|1174|127|1|1|0|0.7035|4.5000|0|0.0000|0.0000|0.0000|330.0000|47.0000|10.0000|32.6389|108.4264|99.2992|50.0810|8.6573|99.4835|11.2546|29.8987|3.8693|19.7957|11.2546|76.2780|66.6912|150.7455|30.6773|49746.0000|2.8350|6.7583|1.1437|58.7396|33.7030|0.0937|0.8135|0.3253|0.0000|340.0000|330.0000|99.4835|-80.0000|20.0000|153.4091|155.2576|140.8848|3.9293|50.0000|5.5128|4.1955|50.0000|5.6762|0.0000|0.0000|0.0000|2017-08-24T06:58:13.809|Freshwater Lake - North America_images_000001.tif|1C61E82B-8343-457C-8ED3-DD7374F80A38
59|836|227|37|43|787|1466|128|1|1|0|0.7035|4.5000|0|0.0000|0.0000|0.0000|529.0000|37.0000|22.0000|29.8333|102.4264|90.5966|35.3839|19.6180|178.8887|15.0920|22.8637|12.3113|17.8220|15.0920|72.0570|60.5690|120.4537|35.9137|63720.0000|1.5782|2.5687|1.1897|87.1111|33.9380|0.5603|0.6521|0.8230|0.0000|546.5000|529.0000|178.8887|-75.0000|40.0000|127.5614|124.2363|110.3119|3.6747|60.0000|5.3091|4.2224|60.0000|5.6524|0.0000|0.0000|0.0000|2017-08-24T06:58:14.044|Freshwater Lake - North America_images_000001.tif|C63846EA-8E65-4B99-89E7-1F563F644E5E
60|875|227|53|326|697|1175|128|1|1|0|0.7035|4.5000|0|0.0000|0.0000|0.0000|1403.0000|318.0000|16.0000|204.4167|673.6224|639.1837|360.0843|7.9849|554.3752|26.5679|220.5472|8.0903|140.6414|26.5679|473.8934|446.5000|160.4255|23.9822|225077.0000|25.7374|78.8439|1.0614|40.7414|33.9380|0.0000|0.0802|0.0275|0.0000|2457.5000|1403.0000|554.3752|80.0000|-5.0000|162.4448|164.5039|151.6629|3.6747|60.0000|5.3091|4.2224|60.0000|5.6524|0.0000|0.0000|0.0000|2017-08-24T06:58:14.044|Freshwater Lake - North America_images_000001.tif|D3116423-F9F4-46D1-8311-B983FCE5E064
61|930|227|94|127|919|1437|129|1|1|0|0.7035|4.5000|0|0.0000|0.0000|0.0000|4449.0000|121.0000|80.0000|99.9722|412.2498|310.8417|101.2112|76.0047|1946.4383|49.7823|81.9578|53.1142|67.1647|50.9244|290.0177|215.5114|117.4268|37.9428|522432.0000|2.9128|7.0082|1.3457|69.4000|34.0630|0.2508|0.3456|0.7380|0.0000|6258.0000|4643.0000|2036.7719|70.0000|-20.0000|122.7478|120.0623|110.2223|3.5563|39.0000|4.1103|4.3514|39.0000|5.7387|0.0000|0.0000|0.0000|2017-08-24T06:58:14.171|Freshwater Lake - North America_images_000001.tif|5D9BEE9F-1A60-4F2E-BB2D-C4D9C5E6A22C
62|1026|227|18|82|978|1487|132|1|1|0|0.7035|4.5000|0|0.0000|0.0000|0.0000|356.0000|72.0000|8.0000|47.7500|150.3848|146.8039|79.3543|6.0544|109.5798|11.8119|47.4862|2.8140|30.4264|11.8119|105.7957|100.1108|166.8876|24.5508|59412.0000|5.0553|13.8093|1.0568|47.1724|34.7810|0.0000|0.5887|0.1431|0.0000|403.0000|356.0000|109.5798|-90.0000|0.0000|169.5730|170.8596|158.0449|3.8597|49.0000|5.3413|4.1222|49.0000|5.5916|0.0000|0.0000|0.0000|2017-08-24T06:58:14.895|Freshwater Lake - North America_images_000001.tif|B16CF7FF-3EAF-4B36-B983-707C546E1348
63|1046|227|38|36|368|1072|132|1|1|0|0.7035|4.5000|0|0.0000|0.0000|0.0000|532.0000|31.0000|23.0000|27.5833|88.7696|83.7225|29.9056|23.1153|180.1163|15.1437|18.6427|13.0147|16.2391|15.1437|62.4494|55.7330|146.7575|27.3049|78075.0000|1.1787|1.0000|1.1205|51.5385|34.7810|0.7727|0.7922|0.9483|0.0000|520.0000|532.0000|180.1163|45.0000|-70.0000|152.1128|151.6391|135.0526|3.8597|49.0000|5.3413|4.1222|49.0000|5.5916|0.0000|0.0000|0.0000|2017-08-24T06:58:14.895|Freshwater Lake - North America_images_000001.tif|FA31C29E-F83E-4E4E-B411-DCDD28EDF4BF
64|1086|227|21|116|439|1388|133|1|1|0|0.7035|4.5000|0|0.0000|0.0000|0.0000|444.0000|107.0000|8.0000|69.7222|220.6274|215.7896|122.6858|5.0937|144.4345|13.5610|72.1088|2.8140|45.8838|13.5610|155.2114|148.6422|146.5833|12.3279|65083.0000|8.7242|25.3685|1.0442|40.7944|35.8910|0.0000|0.3205|0.0750|0.0000|487.0000|444.0000|144.4345|-85.0000|5.0000|152.8176|159.1667|119.5428|3.9524|89.0000|5.7599|4.2756|89.0000|5.9918|0.0000|0.0000|0.0000|2017-08-24T06:58:15.991|Freshwater Lake - North America_images_000001.tif|3434AA93-E497-4BF8-889D-6B6742E189AC
65|1109|227|72|144|704|1547|134|1|1|0|0.7035|4.5000|0|0.0000|0.0000|0.0000|4411.0000|136.0000|62.0000|100.1667|346.6934|311.5287|113.9673|57.4640|1928.7585|49.5557|92.5102|40.4513|67.3015|49.5557|243.8988|215.9947|85.9048|34.8485|378926.0000|2.1684|4.5947|1.1292|128.7735|35.9840|0.1577|0.4846|0.6895|0.0000|5208.5000|4411.0000|1928.7585|-80.0000|0.0000|99.7595|93.8316|65.0780|5.3752|95.0000|6.9674|4.3484|95.0000|6.0997|0.0000|0.0000|0.0000|2017-08-24T06:58:16.085|Freshwater Lake - North America_images_000001.tif|F06929C6-1A88-4D60-8B60-1F58121D92FD
66|1183|227|27|31|391|738|134|1|1|0|0.7035|4.5000|0|0.0000|0.0000|0.0000|292.0000|23.0000|17.0000|20.0278|62.0416|60.0698|21.3695|17.4609|84.9317|10.3990|13.0147|8.7937|10.9238|10.3990|43.6463|39.0934|139.3253|55.2021|40683.0000|1.0490|1.0000|1.1165|39.2727|35.9840|0.8567|0.8748|0.9764|0.0000|271.5000|292.0000|84.9317|-65.0000|0.0000|144.4863|144.7568|126.7637|5.3752|95.0000|6.9674|4.3484|95.0000|6.0997|0.0000|0.0000|0.0000|2017-08-24T06:58:16.085|Freshwater Lake - North America_images_000001.tif|B879F30B-CED8-4A53-9103-261E46546A6B
67|1212|227|32|53|487|1422|135|1|1|0|0.7035|4.5000|0|0.0000|0.0000|0.0000|553.0000|43.0000|22.0000|33.6944|127.4975|102.7536|44.8134|20.6976|188.7299|15.5016|27.0847|12.3113|20.5383|15.5016|89.6945|69.1214|140.7722|35.7851|77847.0000|2.3392|5.1548|1.2976|60.4248|36.7030|0.2000|0.5251|0.5779|0.0000|669.5000|553.0000|188.7299|-90.0000|0.0000|145.6438|146.8101|127.0362|4.2004|42.0000|5.6557|4.4460|42.0000|5.9058|0.0000|0.0000|0.0000|2017-08-24T06:58:16.796|Freshwater Lake - North America_images_000001.tif|3CB14C1C-B440-4023-9BB3-1272588B84F7
68|1246|227|52|60|127|1250|140|1|1|0|0.7035|4.5000|0|0.0000|0.0000|0.0000|433.0000|64.0000|9.0000|42.7500|137.2376|131.1499|69.2058|8.2236|140.0273|13.3525|41.8582|3.1658|26.9089|13.3525|96.5467|89.0982|159.1801|30.2051|68925.0000|3.4614|8.7601|1.0836|69.7944|37.5000|0.0000|0.7505|0.2270|0.0000|441.5000|433.0000|140.0273|-55.0000|40.0000|159.7691|162.8037|151.8406|3.7498|40.0000|5.1004|4.2994|40.0000|5.4643|0.0000|0.0000|0.0000|2017-08-24T06:58:17.618|Freshwater Lake - North America_images_000001.tif|192B30E2-5767-45AB-BFE2-C6B89DD579BA
69|1300|227|23|60|652|1230|141|1|1|0|0.7035|4.5000|0|0.0000|0.0000|0.0000|350.0000|51.0000|11.0000|34.5000|112.2843|105.4695|51.0420|9.2763|107.2407|11.6852|32.7127|4.5728|21.1050|11.6852|78.9920|71.0320|149.3771|33.4287|52282.0000|2.8666|6.8598|1.1121|50.8750|37.9220|0.0605|0.5415|0.3312|0.0000|353.0000|350.0000|107.2407|80.0000|-10.0000|151.6543|153.9657|139.5029|3.7595|55.0000|5.3809|4.3162|55.0000|5.8574|0.0000|0.0000|0.0000|2017-08-24T06:58:18.017|Freshwater Lake - North America_images_000001.tif|26CA95F4-5FD0-417E-B0C4-D64FDE4DE7D2
70|1325|227|55|41|750|1424|142|1|1|0|0.7035|4.5000|0|0.0000|0.0000|0.0000|684.0000|46.0000|30.0000|39.9722|156.2254|122.6089|52.2119|30.6266|243.1522|17.5952|29.1953|17.9393|24.9547|17.5952|109.9046|83.0896|91.6447|45.4230|62685.0000|2.8395|6.7728|1.3227|138.2971|38.1560|0.2914|0.4158|0.4754|0.0000|1019.5000|684.0000|243.1522|-20.0000|85.0000|97.5161|95.8918|81.0585|4.8860|46.0000|6.2005|5.1130|46.0000|6.4303|0.0000|0.0000|0.0000|2017-08-24T06:58:18.249|Freshwater Lake - North America_images_000001.tif|3C9AD61E-9748-478C-94B0-5643330D6BB0
71|1382|227|37|39|269|1259|143|1|1|0|0.7035|4.5000|0|0.0000|0.0000|0.0000|603.0000|32.0000|27.0000|29.1667|93.3553|88.5527|29.7303|26.0875|209.3697|16.3272|19.3463|15.8287|17.3530|16.3272|65.6755|59.1311|101.3947|51.4050|61141.0000|1.1501|1.0000|1.1107|109.4337|38.2190|0.8614|0.8359|0.9815|0.0000|589.5000|603.0000|209.3697|-70.0000|0.0000|108.4511|108.2355|85.2338|4.5360|39.0000|5.8472|3.9066|39.0000|5.0299|0.0000|0.0000|0.0000|2017-08-24T06:58:18.331|Freshwater Lake - North America_images_000001.tif|83354E14-37A9-4BBA-8AF5-E7474CEDB35E
72|1421|227|32|29|924|1085|144|1|1|0|0.7035|4.5000|0|0.0000|0.0000|0.0000|311.0000|25.0000|19.0000|21.4444|68.6274|64.2952|22.7911|17.6104|92.1751|10.8333|14.4217|10.2007|11.9204|10.8333|48.2794|42.0659|150.1125|22.0084|46685.0000|1.2051|1.0000|1.1477|46.6129|38.4530|0.7943|0.8109|0.9547|0.0000|299.0000|311.0000|92.1751|20.0000|-90.0000|155.1479|153.0675|142.4630|4.0028|1000.0000|6.8830|4.2238|1000.0000|6.9110|0.0000|0.0000|0.0000|2017-08-24T06:58:18.540|Freshwater Lake - North America_images_000001.tif|AB15BE67-045B-4DBB-A219-67A1A3EFB496
73|1455|227|22|138|755|1541|147|1|1|0|0.7035|4.5000|0|0.0000|0.0000|0.0000|1000.0000|128.0000|12.0000|84.2778|266.2843|261.7738|144.2337|9.3041|377.9544|21.9369|86.8822|5.2763|56.1237|21.9369|187.3310|180.9921|152.4570|35.9092|152457.0000|5.6426|15.6630|1.0350|75.5853|40.2340|0.0000|0.5802|0.1219|0.0000|1024.0000|1000.0000|377.9544|-90.0000|0.0000|157.6020|157.6640|140.3200|4.1099|102.0000|6.0087|4.4472|102.0000|6.2781|0.0000|0.0000|0.0000|2017-08-24T06:58:20.332|Freshwater Lake - North America_images_000001.tif|B1419D7C-EBC3-41F9-8621-79C1E5608483
74|1479|227|17|96|777|1504|151|1|1|0|0.7035|4.5000|0|0.0000|0.0000|0.0000|325.0000|86.0000|7.0000|56.3889|190.6274|174.2039|90.1159|5.9598|97.5542|11.1449|57.3353|2.4623|36.5038|11.1449|134.1064|119.3867|149.4892|11.8951|48584.0000|8.8977|25.9143|1.1233|34.1902|41.1720|0.0000|0.2842|0.1015|0.0000|409.5000|325.0000|97.5542|-90.0000|0.0000|158.1231|158.9169|127.8154|4.0355|71.0000|5.7259|4.2169|71.0000|5.8781|0.0000|0.0000|0.0000|2017-08-24T06:58:21.266|Freshwater Lake - North America_images_000001.tif|3E6BF295-183F-420B-9954-78D07B81196D
75|1498|227|29|37|1019|818|151|1|1|0|0.7035|4.5000|0|0.0000|0.0000|0.0000|297.0000|27.0000|17.0000|22.8333|80.8701|68.7125|25.5515|16.3347|86.8312|10.5146|15.8287|8.7937|12.8975|10.5146|56.8921|45.1735|145.5455|25.2660|43227.0000|1.7523|3.1917|1.2594|80.3699|41.1720|0.6032|0.5617|0.8223|0.0000|324.5000|297.0000|86.8312|-90.0000|25.0000|152.2020|150.9394|132.4613|4.0355|71.0000|5.7259|4.2169|71.0000|5.8781|0.0000|0.0000|0.0000|2017-08-24T06:58:21.266|Freshwater Lake - North America_images_000001.tif|7560298E-7368-4D29-8CF0-2F31948F5A9C
76|1529|227|19|77|147|1252|152|1|1|0|0.7035|4.5000|0|0.0000|0.0000|0.0000|448.0000|67.0000|9.0000|45.5833|142.7279|140.0127|74.5177|7.9519|146.0403|13.6361|43.9688|3.1658|28.9021|13.6361|100.4091|95.3332|156.2344|24.2889|69993.0000|3.6185|9.2599|1.0532|45.8489|41.2810|0.0000|0.8415|0.2031|0.0000|430.5000|448.0000|146.0403|-90.0000|0.0000|157.3594|159.6563|149.0915|3.7548|79.0000|5.4032|4.2290|79.0000|5.8579|0.0000|0.0000|0.0000|2017-08-24T06:58:21.373|Freshwater Lake - North America_images_000001.tif|1A3C6BBD-742B-4FEF-B640-3959060B2828
77|1550|227|45|47|567|1016|152|1|1|0|0.7035|4.5000|0|0.0000|0.0000|0.0000|875.0000|39.0000|32.0000|35.6667|115.3970|108.8214|35.8633|31.9392|324.1526|20.3156|24.2707|19.3463|21.9258|20.3156|81.1818|73.3901|121.7554|31.6147|106536.0000|1.2111|1.0000|1.1062|62.1122|41.2810|0.8007|0.7466|0.9661|0.0000|883.0000|875.0000|324.1526|-80.0000|25.0000|127.8411|125.2514|112.5909|3.7548|79.0000|5.4032|4.2290|79.0000|5.8579|0.0000|0.0000|0.0000|2017-08-24T06:58:21.373|Freshwater Lake - North America_images_000001.tif|C8431119-E747-461C-B012-FDA872F3BE04
78|1597|227|25|352|341|1324|155|1|3|0|0.7035|4.5000|0|0.0000|0.0000|0.0000|1659.0000|340.0000|13.0000|217.6389|684.1249|680.2734|358.9560|8.2114|668.1481|29.1670|236.0242|5.9798|149.9432|29.1670|481.2819|475.4066|123.2568|20.3115|204483.0000|22.4499|68.5139|1.0124|89.9638|42.5160|0.0000|0.4817|0.0328|0.0000|2419.0000|1659.0000|668.1481|-90.0000|0.0000|130.2146|130.7143|105.9554|3.8599|224.0000|6.0584|4.1378|224.0000|6.1178|0.0000|0.0000|0.0000|2017-08-24T06:58:22.618|Freshwater Lake - North America_images_000001.tif|9ED375D1-496D-457C-9E0C-8A64A8391064
79|1624|227|25|174|808|1121|159|1|1|0|0.7035|4.5000|0|0.0000|0.0000|0.0000|587.0000|164.0000|15.0000|106.4444|367.1960|331.4594|183.3716|12.6906|202.7458|16.0669|112.2083|7.3868|71.7179|16.0669|258.3224|230.0159|134.1721|20.6460|78759.0000|18.2788|55.4065|1.1231|104.1221|43.9840|0.0000|0.3315|0.0442|0.0000|1712.0000|587.0000|202.7458|-90.0000|0.0000|138.2300|136.7479|127.5656|3.8073|149.0000|5.7584|4.1427|149.0000|6.0338|0.0000|0.0000|0.0000|2017-08-24T06:58:24.086|Freshwater Lake - North America_images_000001.tif|0A9FABEA-670D-4E17-BAD2-578D856F52BE
80|1651|227|25|97|764|902|159|1|1|0|0.7035|4.5000|0|0.0000|0.0000|0.0000|401.0000|88.0000|8.0000|57.5833|190.7696|177.2870|92.1846|6.4151|127.2836|12.7304|58.7422|2.8140|37.3441|12.7304|134.2064|121.5557|159.7855|27.0786|64074.0000|7.2221|20.6405|1.1041|55.9556|43.9840|0.0000|0.4510|0.1196|0.0000|475.5000|401.0000|127.2836|80.0000|-5.0000|167.0000|165.5162|145.8254|3.8073|149.0000|5.7584|4.1427|149.0000|6.0338|0.0000|0.0000|0.0000|2017-08-24T06:58:24.086|Freshwater Lake - North America_images_000001.tif|3E254F47-5098-4CC0-9517-38D9BEDAEC7B
81|1678|227|20|97|747|1468|160|1|1|0|0.7035|4.5000|0|0.0000|0.0000|0.0000|433.0000|87.0000|10.0000|57.6389|188.3848|178.0944|97.3427|6.0335|140.0273|13.3525|58.0388|3.8693|37.3832|13.3525|132.5287|122.1237|165.7806|24.8718|71783.0000|6.5222|18.4358|1.0852|49.8907|44.5000|0.0000|0.3791|0.1159|0.0000|544.0000|433.0000|140.0273|-90.0000|0.0000|168.2032|169.0346|158.4642|4.0659|44.0000|5.4241|4.1975|44.0000|5.6121|0.0000|0.0000|0.0000|2017-08-24T06:58:24.599|Freshwater Lake - North America_images_000001.tif|A1C9D171-B9B6-4AAD-A0B2-97A6AF9ADB51
82|1700|227|44|41|774|1525|161|1|1|0|0.7035|4.5000|0|0.0000|0.0000|0.0000|636.0000|34.0000|30.0000|32.2778|112.1838|98.5982|31.8662|27.9175|223.0848|16.8535|20.7533|17.9393|19.5417|16.8535|78.9213|66.1981|99.3066|35.5178|63159.0000|1.5747|2.5557|1.1922|94.5050|44.7190|0.6525|0.4604|0.9023|0.0000|685.0000|636.0000|223.0848|0.0000|-45.0000|107.5770|104.2170|86.5645|3.6241|39.0000|4.4716|4.1445|39.0000|5.4696|0.0000|0.0000|0.0000|2017-08-24T06:58:24.832|Freshwater Lake - North America_images_000001.tif|4CBC4762-DA7A-468E-9C32-34BD188F771E
83|1746|227|27|67|730|1204|162|1|1|0|0.7035|4.5000|0|0.0000|0.0000|0.0000|434.0000|58.0000|10.0000|39.8333|134.1838|121.9369|63.4935|9.2388|140.4274|13.3715|37.6373|3.8693|24.8570|13.3715|94.3983|82.6169|147.6820|37.3096|64094.0000|3.3014|8.2505|1.1426|75.5366|44.7810|0.0000|0.6546|0.2685|0.0000|464.5000|434.0000|140.4274|75.0000|-10.0000|150.7442|152.6244|136.7788|4.0334|68.0000|5.6474|4.3619|68.0000|6.0223|0.0000|0.0000|0.0000|2017-08-24T06:58:24.883|Freshwater Lake - North America_images_000001.tif|A6D693E9-C839-4382-9ABC-BFCE186A33C4
84|1775|227|80|78|659|1503|168|1|1|0|0.7035|4.5000|0|0.0000|0.0000|0.0000|3002.0000|81.0000|65.0000|72.2778|296.4092|223.6717|72.9691|57.9894|1277.3155|40.3278|53.8178|42.5618|47.6817|40.3278|208.5239|154.1873|105.9893|36.9585|318180.0000|2.3290|5.1214|1.3524|64.2697|48.3910|0.4453|0.3712|0.8800|0.0000|3703.5000|3002.0000|1277.3155|55.0000|-35.0000|113.2735|109.8614|95.5956|3.9871|43.0000|4.9341|4.3570|43.0000|5.8308|0.0000|0.0000|0.0000|2017-08-24T06:58:28.481|Freshwater Lake - North America_images_000001.tif|9DFE63A5-A63C-4650-A95C-F1936BC5E2D3
85|1857|227|66|55|824|1424|169|1|1|0|0.7035|4.5000|0|0.0000|0.0000|0.0000|1572.0000|57.0000|43.0000|49.1389|178.6102|151.4146|50.6111|40.9902|629.3634|28.3078|36.9338|27.0847|31.4035|28.3078|125.6523|103.3544|76.4109|44.1476|120118.0000|1.6149|2.7035|1.2157|106.6065|48.5630|0.6653|0.7141|0.9437|0.0000|1676.0000|1572.0000|629.3634|5.0000|70.0000|80.5191|79.2354|69.2411|5.2793|89.0000|6.6754|5.5065|89.0000|6.9252|0.0000|0.0000|0.0000|2017-08-24T06:58:28.671|Freshwater Lake - North America_images_000001.tif|686E074D-6D76-4501-8312-F209023E6A66
86|1925|227|34|31|892|648|169|1|1|0|0.7035|4.5000|0|0.0000|0.0000|0.0000|292.0000|25.0000|18.0000|22.3333|83.1127|67.2285|23.3518|17.7967|84.9317|10.3990|14.4217|9.4973|12.5457|10.3990|58.4698|44.1295|153.5753|17.7374|44844.0000|1.8825|3.6394|1.3250|33.5541|48.5630|0.6419|0.4650|0.8626|0.0000|326.5000|292.0000|84.9317|10.0000|-65.0000|158.9760|156.3322|146.0308|5.2793|89.0000|6.6754|5.5065|89.0000|6.9252|0.0000|0.0000|0.0000|2017-08-24T06:58:28.671|Freshwater Lake - North America_images_000001.tif|743305BC-84A9-4A5B-BC0B-4B66788E7862
87|1961|227|38|39|413|1804|171|1|1|0|0.7035|4.5000|0|0.0000|0.0000|0.0000|563.0000|33.0000|25.0000|29.3056|96.1838|88.9447|31.9547|23.4345|192.8435|15.6696|20.0497|14.4217|17.4507|15.6696|67.6653|59.4068|117.7478|27.0533|66292.0000|1.3076|1.3871|1.1390|69.9529|49.3280|0.6635|0.5267|0.9130|0.0000|568.5000|563.0000|192.8435|-65.0000|20.0000|119.3979|119.4032|113.9396|3.8009|47.0000|5.3441|4.2371|47.0000|5.6090|0.0000|0.0000|0.0000|2017-08-24T06:58:29.451|Freshwater Lake - North America_images_000001.tif|2DD6C9F1-C74F-47E4-8F5B-1E114037F60F
88|2001|227|24|82|238|1590|171|1|1|0|0.7035|4.5000|0|0.0000|0.0000|0.0000|503.0000|72.0000|10.0000|48.4722|155.1127|149.0193|79.5382|8.3140|168.2802|14.6377|47.4862|3.8693|30.9344|14.6377|109.1218|101.6693|153.7575|29.5665|77340.0000|3.8064|9.8568|1.0733|55.0548|49.3280|0.0000|0.7346|0.2003|0.0000|494.0000|503.0000|168.2802|-90.0000|-5.0000|156.2903|157.3181|145.8052|3.8009|47.0000|5.3441|4.2371|47.0000|5.6090|0.0000|0.0000|0.0000|2017-08-24T06:58:29.451|Freshwater Lake - North America_images_000001.tif|A81B7003-A4C9-4FD8-8E80-55273DF0AB67
89|2|581|40|39|764|1382|172|1|1|0|0.7035|4.5000|0|0.0000|0.0000|0.0000|656.0000|33.0000|27.0000|29.9444|95.8406|91.1057|31.3542|26.7183|231.4299|17.1658|20.0497|15.8287|17.9001|17.1658|67.4239|60.9271|107.8857|53.1826|70773.0000|1.1143|1.0000|1.1066|90.0361|49.4690|0.8617|0.8422|0.9844|0.0000|637.5000|656.0000|231.4299|-65.0000|40.0000|117.8735|115.4588|89.1799|4.7380|42.0000|6.0388|4.1938|42.0000|5.3448|0.0000|0.0000|0.0000|2017-08-24T06:58:29.578|Freshwater Lake - North America_images_000001.tif|7D408DA7-37EF-4745-8733-9D08C3F18AD3
90|44|581|93|49|465|1555|173|1|1|0|0.7035|4.5000|0|0.0000|0.0000|0.0000|2033.0000|83.0000|32.0000|63.3889|223.0538|195.7154|79.7598|33.6555|836.0425|32.6264|55.2248|19.3463|41.4283|32.6264|156.9183|134.5200|90.3266|35.1055|183634.0000|1.9475|3.8590|1.1665|91.1618|49.8130|0.2571|0.8379|0.6908|0.0000|2176.5000|2033.0000|836.0425|0.0000|80.0000|100.7452|96.5283|74.1913|5.1220|48.0000|6.4337|3.9446|48.0000|5.1000|0.0000|0.0000|0.0000|2017-08-24T06:58:29.941|Freshwater Lake - North America_images_000001.tif|85CC97C2-14F3-4DB5-B760-30E4F540EFF7
91|139|581|57|32|436|1604|174|1|1|0|0.7035|4.5000|0|0.0000|0.0000|0.0000|626.0000|48.0000|19.0000|36.3333|118.6690|110.7353|50.4889|16.9279|218.9214|16.6955|30.6023|10.2007|22.3947|16.6955|83.4836|74.7365|107.4952|26.4007|67292.0000|1.7902|3.3230|1.1170|107.5143|50.0940|0.2421|0.5894|0.5622|0.0000|648.5000|626.0000|218.9214|-10.0000|75.0000|113.2045|112.1693|96.1006|4.3738|48.0000|5.8565|4.6641|48.0000|6.1034|0.0000|0.0000|0.0000|2017-08-24T06:58:30.193|Freshwater Lake - North America_images_000001.tif|48EA065C-A1B1-4A17-B4D3-1E326E010ECC
92|198|581|69|64|857|1352|177|1|2|0|0.7035|4.5000|0|0.0000|0.0000|0.0000|1493.0000|63.0000|43.0000|55.3611|192.0244|170.8648|51.9742|42.2461|594.2486|27.5067|41.1547|27.0847|35.7808|27.5067|135.0892|117.0376|96.8808|43.7264|144643.0000|1.9654|3.9192|1.1542|106.2202|50.6090|0.4193|0.4670|0.8475|0.0000|1960.0000|1493.0000|594.2486|-30.0000|45.0000|101.3784|100.0931|88.8761|5.0623|60.0000|6.5557|5.3252|60.0000|6.8140|0.0000|0.0000|0.0000|2017-08-24T06:58:30.715|Freshwater Lake - North America_images_000001.tif|B943856A-7516-4CB1-8263-CD16CE0C23DF
93|269|581|45|44|563|1200|179|1|1|0|0.7035|4.5000|0|0.0000|0.0000|0.0000|702.0000|40.0000|25.0000|33.5556|117.5980|102.1304|39.1065|23.4474|250.7111|17.8666|24.9743|14.4217|20.4406|17.8666|82.7302|68.6830|149.6781|20.1690|105074.0000|1.5677|2.5296|1.2045|55.0660|51.2660|0.5985|0.7261|0.8598|0.0000|738.5000|702.0000|250.7111|30.0000|-55.0000|151.5442|153.1040|142.2963|4.0888|41.0000|5.3579|4.4669|41.0000|5.7418|0.0000|0.0000|0.0000|2017-08-24T06:58:31.360|Freshwater Lake - North America_images_000001.tif|A1B12892-4E05-4B1E-A3DF-66C5F41E949E
94|316|581|50|39|483|1671|180|1|1|0|0.7035|4.5000|0|0.0000|0.0000|0.0000|557.0000|40.0000|27.0000|35.3333|127.8406|107.8044|37.7888|25.0195|190.3744|15.5690|24.9743|15.8287|21.6912|17.4887|89.9359|72.6746|150.9013|15.2936|84052.0000|1.9211|3.7699|1.2375|49.0957|51.4380|0.5783|0.5992|0.8393|0.0000|789.0000|677.0000|240.2175|0.0000|80.0000|152.7594|152.7163|146.6194|3.8560|53.0000|5.3094|4.4032|53.0000|5.7289|0.0000|0.0000|0.0000|2017-08-24T06:58:31.558|Freshwater Lake - North America_images_000001.tif|A9703F35-A486-4D4F-8661-83B41E7A8EB5
95|368|581|75|91|629|1015|180|1|2|0|0.7035|4.5000|0|0.0000|0.0000|0.0000|1928.0000|92.0000|42.0000|70.9722|293.3797|219.9133|92.8432|35.7540|788.7339|31.6899|61.5562|26.3813|46.7632|31.6899|206.3926|151.5433|126.6214|27.3495|244126.0000|3.5526|9.0502|1.3619|70.0502|51.4380|0.0401|0.1882|0.4960|0.0000|2842.5000|1928.0000|788.7339|-60.0000|30.0000|134.2339|131.0415|115.0529|3.8560|53.0000|5.3094|4.4032|53.0000|5.7289|0.0000|0.0000|0.0000|2017-08-24T06:58:31.558|Freshwater Lake - North America_images_000001.tif|EFF3A015-CF24-4303-ABBF-04E7D3FB7734
96|445|581|41|37|289|1542|181|1|1|0|0.7035|4.5000|0|0.0000|0.0000|0.0000|346.0000|32.0000|21.0000|27.5556|103.5980|83.4328|33.8271|18.7181|105.6842|11.6001|19.3463|11.6077|16.2196|11.6001|72.8812|55.5292|139.5954|25.7065|48300.0000|2.4684|5.5754|1.3125|75.7826|51.6410|0.3771|0.2298|0.5895|0.0000|471.5000|346.0000|105.6842|10.0000|-60.0000|146.0491|146.1127|124.3873|3.0418|34.0000|3.9865|3.9587|34.0000|5.2479|0.0000|0.0000|0.0000|2017-08-24T06:58:31.748|Freshwater Lake - North America_images_000001.tif|34928C87-7852-4C65-94ED-5FB779720BA7
97|488|581|106|155|543|1322|182|1|1|0|0.7035|4.5000|0|0.0000|0.0000|0.0000|6661.0000|148.0000|82.0000|117.9167|496.7351|367.4639|131.0423|76.3785|2982.3115|61.6214|100.9523|54.5213|79.7886|61.6214|349.4531|255.3451|126.2443|28.1256|840913.0000|2.9478|7.1204|1.3686|58.2965|51.7660|0.2434|0.4570|0.7373|0.0000|8114.0000|6661.0000|2982.3115|-80.0000|20.0000|132.1362|129.3345|117.9291|3.0508|63.0000|4.3892|4.2624|63.0000|5.8008|0.0000|0.0000|0.0000|2017-08-24T06:58:31.871|Freshwater Lake - North America_images_000001.tif|3D8F3EE5-28EA-4141-B8E6-FCA73CE126E1
98|596|581|43|48|687|698|182|1|1|0|0.7035|4.5000|0|0.0000|0.0000|0.0000|947.0000|42.0000|31.0000|37.0278|120.6690|113.1874|40.4803|30.2301|355.0771|21.2626|26.3813|18.6427|22.8833|21.2626|84.8906|76.4616|112.0412|36.1015|106103.0000|1.2236|1.0000|1.1102|76.5140|51.7660|0.7402|0.7855|0.9448|0.0000|950.5000|947.0000|355.0771|40.0000|-15.0000|116.8754|114.7656|104.8849|3.0508|63.0000|4.3892|4.2624|63.0000|5.8008|0.0000|0.0000|0.0000|2017-08-24T06:58:31.871|Freshwater Lake - North America_images_000001.tif|02851EC8-FCEB-47FC-871E-D801439EA7E9
99|641|581|27|43|670|1847|183|1|1|0|0.7035|4.5000|0|0.0000|0.0000|0.0000|363.0000|33.0000|17.0000|26.0278|91.4558|78.7434|30.7264|15.8490|112.3155|11.9585|20.0497|8.7937|15.1448|11.9585|64.3392|52.2302|146.1433|16.2801|53050.0000|1.8336|3.4725|1.2318|37.6905|51.8440|0.5386|0.6017|0.7733|0.0000|396.0000|363.0000|112.3155|-90.0000|0.0000|150.1102|148.6749|139.6309|3.8344|53.0000|5.3530|4.2038|53.0000|5.7392|0.0000|0.0000|0.0000|2017-08-24T06:58:31.957|Freshwater Lake - North America_images_000001.tif|E4EFC237-4627-47F0-84BE-704DFFB96B26
100|670|581|100|81|582|1456|183|1|15|0|0.7035|4.5000|0|0.0000|0.0000|0.0000|430.0000|81.0000|51.0000|70.4444|412.8944|218.2557|96.4626|54.5873|138.8276|13.2951|53.8178|32.7127|46.3919|13.2951|290.4712|150.3771|165.4047|20.4754|71124.0000|31.5500|97.1070|1.9316|59.0630|51.8440|0.0446|0.1435|0.0891|0.0000|3277.5000|430.0000|138.8276|0.0000|-75.0000|167.3884|169.7163|156.2047|3.8344|53.0000|5.3530|4.2038|53.0000|5.7392|0.0000|0.0000|0.0000|2017-08-24T06:58:31.957|Freshwater Lake - North America_images_000001.tif|2E7D7B2E-1F61-47AC-A4D0-7FADBB280D65
101|772|581|38|30|565|1765|184|1|1|0|0.7035|4.5000|0|0.0000|0.0000|0.0000|384.0000|29.0000|19.0000|24.5556|76.7696|73.5597|28.7477|17.8847|120.5638|12.3898|17.2357|10.2007|14.1091|12.3898|54.0074|48.5835|140.4583|26.2811|53936.0000|1.2213|1.0000|1.1116|51.2727|51.9220|0.6266|0.5404|0.8531|0.0000|380.5000|384.0000|120.5638|-20.0000|70.0000|143.0182|142.6276|135.1979|4.9293|71.0000|6.4403|5.2088|71.0000|6.7104|0.0000|0.0000|0.0000|2017-08-24T06:58:32.021|Freshwater Lake - North America_images_000001.tif|439AFC15-A35F-410F-9A29-9A9801E89445
102|812|581|43|60|1003|1239|184|1|1|0|0.7035|4.5000|0|0.0000|0.0000|0.0000|1143.0000|52.0000|31.0000|43.1667|143.9828|132.9212|53.1568|28.7632|440.0997|23.6718|33.4162|18.6427|27.2020|23.6718|101.2919|90.3443|91.7087|37.6264|104823.0000|1.4433|2.0455|1.1212|95.7402|51.9220|0.4567|0.6122|0.7968|0.0000|1197.5000|1143.0000|440.0997|-55.0000|15.0000|97.3762|95.4208|82.2607|4.9293|71.0000|6.4403|5.2088|71.0000|6.7104|0.0000|0.0000|0.0000|2017-08-24T06:58:32.021|Freshwater Lake - North America_images_000001.tif|CDF615A7-403F-442B-8926-73053D3B8E4F
103|857|581|47|131|862|1306|185|1|1|0|0.7035|4.5000|0|0.0000|0.0000|0.0000|665.0000|126.0000|14.0000|82.5833|280.9949|256.2657|149.1518|11.8783|235.1929|17.3048|85.4753|6.6833|54.9316|17.3048|197.6799|177.1172|154.3218|28.0328|102624.0000|9.4486|27.6473|1.1161|65.1071|52.1250|0.0000|0.3576|0.0756|0.0000|1138.5000|665.0000|235.1929|70.0000|-15.0000|158.3820|159.4902|142.6165|4.0097|117.0000|5.9207|4.3287|117.0000|6.1783|0.0000|0.0000|0.0000|2017-08-24T06:58:32.231|Freshwater Lake - North America_images_000001.tif|11CD3705-059C-4673-AE1C-522C91F92BC3
104|906|581|42|39|700|1622|186|1|1|0|0.7035|4.5000|0|0.0000|0.0000|0.0000|553.0000|34.0000|26.0000|30.1944|104.1838|91.9167|31.1520|24.9257|188.7299|15.5016|20.7533|15.1253|18.0760|15.5016|73.2933|61.4976|144.6203|33.8607|79975.0000|1.5619|2.5083|1.1918|88.6022|52.2340|0.6182|0.4307|0.8847|0.0000|592.5000|553.0000|188.7299|-30.0000|50.0000|147.9982|148.6438|135.4231|4.3581|38.0000|5.6138|4.7822|38.0000|6.0397|0.0000|0.0000|0.0000|2017-08-24T06:58:32.340|Freshwater Lake - North America_images_000001.tif|F170461A-0966-47E4-9381-7356D2FB89B5
105|950|581|92|133|512|1283|188|1|2|0|0.7035|4.5000|0|0.0000|0.0000|0.0000|944.0000|143.0000|16.0000|94.4722|372.4163|293.6849|138.4581|10.8795|353.7849|21.2239|97.4348|8.0903|63.2954|21.8615|261.9949|203.4416|161.5985|17.4420|152549.0000|11.1035|32.8523|1.2878|27.3146|53.4690|0.0000|0.7519|0.1312|0.0000|1468.5000|994.0000|375.3600|-60.0000|35.0000|162.6017|163.4968|157.4703|3.9636|110.0000|5.7749|4.3955|110.0000|6.1127|0.0000|0.0000|0.0000|2017-08-24T06:58:33.563|Freshwater Lake - North America_images_000001.tif|133BEC5D-EB55-4056-9907-D6546E84285F
106|1044|581|32|29|476|923|188|1|1|0|0.7035|4.5000|0|0.0000|0.0000|0.0000|329.0000|24.0000|18.0000|21.8889|68.0416|65.4589|23.7327|18.0336|99.0973|11.2327|13.7183|9.4973|12.2331|11.2327|47.8673|42.8846|137.9635|22.8966|45390.0000|1.1198|1.0000|1.1162|66.0492|53.4690|0.7811|0.7321|0.9430|0.0000|312.0000|329.0000|99.0973|25.0000|-80.0000|142.5623|140.7994|130.7143|3.9636|110.0000|5.7749|4.3955|110.0000|6.1127|0.0000|0.0000|0.0000|2017-08-24T06:58:33.563|Freshwater Lake - North America_images_000001.tif|6A4D29BC-DD88-46C1-A036-0DD60B65430F
107|1078|581|51|63|308|1504|189|1|1|0|0.7035|4.5000|0|0.0000|0.0000|0.0000|1117.0000|54.0000|40.0000|47.7222|232.0244|146.6711|53.1206|38.2409|428.7586|23.3648|34.8233|24.9743|30.4068|23.3648|163.2292|100.0174|130.1361|36.2989|145362.0000|3.8353|9.9486|1.6320|95.4856|53.7500|0.1978|0.1806|0.6639|0.0000|1577.5000|1117.0000|428.7586|85.0000|20.0000|136.4082|137.1773|113.9606|4.5016|50.0000|5.9409|3.8380|50.0000|5.1454|0.0000|0.0000|0.0000|2017-08-24T06:58:33.860|Freshwater Lake - North America_images_000001.tif|C206AD5D-84FE-43B6-A896-8A8E8D677A34
108|1131|581|25|129|695|1572|190|1|1|0|0.7035|4.5000|0|0.0000|0.0000|0.0000|989.0000|119.0000|12.0000|78.7778|252.4264|244.4497|133.3051|9.9735|373.1989|21.7984|80.5508|5.2763|52.2544|21.7984|177.5820|168.8046|122.3610|21.4332|121015.0000|5.1270|14.0357|1.0520|68.4958|54.4060|0.0000|0.5888|0.1409|0.0000|1034.0000|989.0000|373.1989|-90.0000|-5.0000|128.2922|127.9676|109.1001|0.0000|1.0000|0.0000|3.7996|1.0000|3.7996|0.0000|0.0000|0.0000|2017-08-24T06:58:34.514|Freshwater Lake - North America_images_000001.tif|BC40BAC7-9480-4B65-BAFC-383C00BCABA2
109|1158|581|38|38|581|1366|191|1|1|0|0.7035|4.5000|0|0.0000|0.0000|0.0000|549.0000|31.0000|24.0000|27.7500|89.2548|84.2996|29.2746|24.0743|187.0866|15.4339|18.6427|13.7183|16.3564|15.4339|62.7908|56.1390|94.4918|48.7352|51876.0000|1.1547|1.0000|1.1185|129.6842|54.7970|0.8382|0.8402|0.9732|0.0000|537.0000|549.0000|187.0866|-35.0000|50.0000|100.0000|100.5519|80.5501|4.6530|38.0000|5.9520|4.0888|38.0000|5.0943|0.0000|0.0000|0.0000|2017-08-24T06:58:34.905|Freshwater Lake - North America_images_000001.tif|A9B43A29-2647-4BFA-AA66-11E9D6F6F0CF
110|1198|581|32|30|139|924|191|1|1|0|0.7035|4.5000|0|0.0000|0.0000|0.0000|325.0000|23.0000|20.0000|21.8611|71.2132|65.7500|21.2400|20.1422|97.5542|11.1449|13.0147|10.9043|12.2135|11.1449|50.0985|43.0894|130.9415|21.8750|42556.0000|1.2417|1.0000|1.1627|58.2923|54.7970|0.8083|0.6437|0.9659|0.0000|317.5000|325.0000|97.5542|5.0000|-90.0000|135.4369|135.2123|120.7938|4.6530|38.0000|5.9520|4.0888|38.0000|5.0943|0.0000|0.0000|0.0000|2017-08-24T06:58:34.905|Freshwater Lake - North America_images_000001.tif|DDBB0569-63BD-418C-B4DA-99AF865C6637
111|1232|581|36|48|893|1061|193|1|1|0|0.7035|4.5000|0|0.0000|0.0000|0.0000|511.0000|39.0000|25.0000|30.8889|110.0833|93.9001|31.7835|22.9549|171.5383|14.7787|24.2707|14.4217|18.5646|14.7787|77.4436|62.8930|124.2720|26.3555|63503.0000|1.8872|3.6551|1.2314|72.0313|55.2190|0.5382|0.4769|0.8466|0.0000|581.0000|511.0000|171.5383|70.0000|10.0000|132.6614|129.6399|110.5636|3.6337|53.0000|5.1659|4.1167|53.0000|5.5888|0.0000|0.0000|0.0000|2017-08-24T06:58:35.341|Freshwater Lake - North America_images_000001.tif|6D1A7964-2F72-4FA5-BD1D-B8585B6F00B7
112|1270|581|39|52|513|1542|195|1|1|0|0.7035|4.5000|0|0.0000|0.0000|0.0000|707.0000|42.0000|27.0000|34.1111|119.8406|104.1945|36.3498|25.6914|252.8138|17.9414|26.3813|15.8287|20.8314|17.9414|84.3079|70.1351|144.4752|22.2313|102144.0000|1.6165|2.7093|1.2021|55.7196|55.6880|0.6618|0.7495|0.9087|0.0000|749.0000|707.0000|252.8138|-90.0000|25.0000|146.3678|148.2659|136.3423|4.3092|33.0000|5.5940|4.6883|33.0000|5.9729|0.0000|0.0000|0.0000|2017-08-24T06:58:35.801|Freshwater Lake - North America_images_000001.tif|BD3B94AC-00C9-4042-9028-9009AF2C8891
113|1311|581|42|48|184|1473|198|1|1|0|0.7035|4.5000|0|0.0000|0.0000|0.0000|661.0000|38.0000|30.0000|33.7500|146.4680|103.4075|36.4200|30.1049|233.5198|17.2432|23.5673|17.9393|20.5774|17.2432|103.0402|69.5814|136.0681|31.6914|89941.0000|2.5827|5.9456|1.4809|78.2362|57.1090|0.3274|0.1985|0.7539|0.0000|789.5000|661.0000|233.5198|-90.0000|25.0000|140.1906|141.4644|123.9607|4.1261|34.0000|5.4369|3.7258|34.0000|4.6860|0.0000|0.0000|0.0000|2017-08-24T06:58:37.212|Freshwater Lake - North America_images_000001.tif|2739C227-9522-4961-8F7A-4D5CF5F61F68
114|1355|581|49|50|147|1279|200|1|1|0|0.7035|4.5000|0|0.0000|0.0000|0.0000|894.0000|45.0000|32.0000|39.2500|137.3970|120.0581|45.1507|29.3462|332.2950|20.5692|28.4917|19.3463|24.4466|20.5692|96.6588|81.2951|117.3490|32.5433|104910.0000|1.6804|2.9388|1.1890|74.2083|57.3910|0.4138|0.2520|0.7851|0.0000|1007.5000|894.0000|332.2950|-45.0000|60.0000|121.6767|120.7685|108.9978|3.4691|34.0000|4.6609|4.0664|34.0000|5.4158|0.0000|0.0000|0.0000|2017-08-24T06:58:37.491|Freshwater Lake - North America_images_000001.tif|69CD26CF-B51A-4160-8CAE-52D35B7D1C36
115|1406|581|42|40|954|1471|202|1|1|0|0.7035|4.5000|0|0.0000|0.0000|0.0000|769.0000|37.0000|30.0000|34.4167|113.8406|105.0910|34.0788|30.5482|278.9929|18.8474|22.8637|17.9393|21.0464|18.8474|80.0869|70.7658|100.2692|32.4778|77107.0000|1.3411|1.5804|1.1317|96.4554|57.5630|0.7112|0.6171|0.9349|0.0000|801.5000|769.0000|278.9929|-55.0000|-90.0000|106.2068|104.3277|90.0052|4.8243|52.0000|6.1550|5.0956|52.0000|6.4196|0.0000|0.0000|0.0000|2017-08-24T06:58:37.672|Freshwater Lake - North America_images_000001.tif|83864F39-FCBD-416D-B9CA-2DBA20032BB5
116|1450|581|123|185|711|1334|204|1|1|0|0.7035|4.5000|0|0.0000|0.0000|0.0000|8730.0000|184.0000|95.0000|146.4167|698.7594|457.0348|172.3763|80.6705|3959.6281|71.0039|126.2782|63.6668|99.8384|71.3049|491.5772|318.3582|131.9149|26.1718|1151617.0000|4.4148|11.7847|1.5441|55.4794|58.0470|0.0861|0.5356|0.6187|0.0000|13209.5000|8801.0000|3993.2701|-70.0000|20.0000|137.9139|134.8184|123.9417|3.1973|113.0000|4.8294|4.3567|113.0000|6.0510|0.0000|0.0000|0.0000|2017-08-24T06:58:38.162|Freshwater Lake - North America_images_000001.tif|736D80C7-D051-4180-8554-7E9C8AA30EB0
117|1575|581|19|106|275|1552|205|1|1|0|0.7035|4.5000|0|0.0000|0.0000|0.0000|467.0000|96.0000|9.0000|63.8333|209.6985|196.9774|96.3347|7.4920|153.6903|13.9887|64.3702|3.1658|41.7410|13.9887|147.5229|135.4079|152.8630|24.1401|71387.0000|7.4931|21.4939|1.0895|42.6965|58.3440|0.0000|0.2244|0.1274|0.0000|534.0000|467.0000|153.6903|-90.0000|0.0000|157.2612|159.7195|137.6424|3.8749|38.0000|5.2534|4.2628|38.0000|5.6716|0.0000|0.0000|0.0000|2017-08-24T06:58:38.437|Freshwater Lake - North America_images_000001.tif|F7AEB7BF-5C19-4011-8E87-C54BBB2F2A1B
118|1596|581|34|35|447|472|205|1|1|0|0.7035|4.5000|0|0.0000|0.0000|0.0000|498.0000|28.0000|24.0000|26.3611|83.4558|79.8109|25.4724|25.1589|166.2468|14.5490|16.5323|13.7183|15.3793|14.5490|58.7112|52.9812|126.5783|23.4040|63036.0000|1.1129|1.0000|1.1082|110.5789|58.3440|0.8865|0.7840|0.9893|0.0000|480.0000|498.0000|166.2468|25.0000|0.0000|134.2952|132.1486|112.7289|3.8749|38.0000|5.2534|4.2628|38.0000|5.6716|0.0000|0.0000|0.0000|2017-08-24T06:58:38.437|Freshwater Lake - North America_images_000001.tif|5786D229-9FC4-4055-9BFD-D7432286E8F8
119|1632|581|32|31|899|1148|206|1|1|0|0.7035|4.5000|0|0.0000|0.0000|0.0000|328.0000|24.0000|20.0000|21.7778|70.2843|65.3461|22.4297|18.9652|98.7113|11.2108|13.7183|10.9043|12.1549|11.2108|49.4450|42.8052|147.5366|25.7698|48392.0000|1.1985|1.0000|1.1551|47.3548|58.6090|0.8330|0.7100|0.9681|0.0000|321.0000|328.0000|98.7113|40.0000|-60.0000|151.9329|149.8171|141.4116|3.0052|36.0000|4.0835|4.0347|36.0000|5.3742|0.0000|0.0000|0.0000|2017-08-24T06:58:38.704|Freshwater Lake - North America_images_000001.tif|B12FFED2-FC78-4CDF-8E77-20351AB5B95E
120|1666|581|38|38|610|1224|207|1|1|0|0.7035|4.5000|0|0.0000|0.0000|0.0000|531.0000|29.0000|25.0000|27.4167|91.5980|83.2113|26.5607|25.9565|179.7070|15.1265|17.2357|14.4217|16.1219|15.1265|64.4392|55.3734|121.1092|56.3130|64309.0000|1.2574|1.0000|1.1637|78.3875|59.3750|0.8348|0.7661|0.9804|0.0000|528.0000|531.0000|179.7070|5.0000|-45.0000|128.9774|127.9774|104.6893|4.5011|37.0000|5.8087|3.4925|37.0000|4.7019|0.0000|0.0000|0.0000|2017-08-24T06:58:39.495|Freshwater Lake - North America_images_000001.tif|134F0AC5-BD20-4231-8525-D72D4E9181E5
121|1706|581|35|26|163|1121|207|1|1|0|0.7035|4.5000|0|0.0000|0.0000|0.0000|276.0000|27.0000|16.0000|22.6944|73.7990|67.8427|27.3611|14.2577|78.8872|10.0221|15.8287|8.0903|12.7998|10.0221|51.9176|44.5616|123.9746|35.4019|34217.0000|1.5703|2.5394|1.1651|97.9853|59.3750|0.5302|0.5853|0.7383|0.0000|296.0000|276.0000|78.8872|-25.0000|-90.0000|128.3261|128.3623|113.7572|4.5011|37.0000|5.8087|3.4925|37.0000|4.7019|0.0000|0.0000|0.0000|2017-08-24T06:58:39.495|Freshwater Lake - North America_images_000001.tif|69F0CB42-2EC8-430B-9D17-6D58F2378435
122|1743|581|106|115|650|1524|209|1|1|0|0.7035|4.5000|0|0.0000|0.0000|0.0000|3879.0000|123.0000|68.0000|99.5833|418.5929|310.0641|120.5893|62.4729|1681.7828|46.2743|83.3648|44.6722|66.8911|46.9075|294.4801|214.9643|137.2511|26.9400|532397.0000|3.5043|8.8966|1.3699|57.8519|59.6720|0.0000|0.0503|0.5493|0.0000|5701.0000|3979.0000|1728.1252|-50.0000|45.0000|142.0477|140.1315|129.7672|3.3261|33.0000|4.2159|4.0931|33.0000|5.2530|0.0000|0.0000|0.0000|2017-08-24T06:58:39.778|Freshwater Lake - North America_images_000001.tif|5A0BDB2E-2CAE-4FF2-8AB2-CFFED080AD4C
123|1851|581|79|81|929|1330|210|1|1|0|0.7035|4.5000|0|0.0000|0.0000|0.0000|3149.0000|75.0000|63.0000|70.3056|265.3797|217.7709|69.6052|61.4677|1344.8355|41.3799|49.5968|41.1547|46.2942|41.3799|186.6946|150.0361|91.4122|45.5092|287857.0000|1.7797|3.2869|1.2443|125.6926|60.1410|0.6403|0.5583|0.9299|0.0000|3548.5000|3149.0000|1344.8355|20.0000|-40.0000|95.3055|93.7682|85.2874|5.2729|84.0000|6.8951|5.5598|84.0000|7.1659|0.0000|0.0000|0.0000|2017-08-24T06:58:40.236|Freshwater Lake - North America_images_000001.tif|FFA3EBB5-B9FB-472F-82A4-F62E3C8FFFC2
124|1932|581|110|23|560|1247|211|1|1|0|0.7035|4.5000|0|0.0000|0.0000|0.0000|746.0000|100.0000|13.0000|66.0833|215.9411|204.9268|109.0314|10.0611|269.2593|18.5157|67.1843|5.9798|43.3239|18.5157|151.9146|141.0003|147.3968|35.3865|109958.0000|4.9742|13.5531|1.0774|54.1068|60.6410|0.0000|0.3810|0.1585|0.0000|863.5000|746.0000|269.2593|0.0000|-90.0000|149.2118|151.4987|138.6515|4.1928|97.0000|5.9337|4.4950|97.0000|6.2024|0.0000|0.0000|0.0000|2017-08-24T06:58:40.729|Freshwater Lake - North America_images_000001.tif|CFA54FC8-B62E-4697-B532-3415DF3468C3
125|2|768|106|32|408|1663|213|1|1|0|0.7035|4.5000|0|0.0000|0.0000|0.0000|624.0000|98.0000|10.0000|64.2778|211.1543|198.8235|106.5235|8.0991|218.0894|16.6637|65.7772|3.8693|42.0537|16.6637|148.5471|136.7066|156.3365|32.4702|97554.0000|5.6860|15.7997|1.0866|68.6410|61.2500|0.0000|0.3843|0.1392|0.0000|663.5000|624.0000|218.0894|5.0000|-80.0000|158.4760|161.1923|145.9535|4.5210|35.0000|5.6727|4.6658|35.0000|5.8394|0.0000|0.0000|0.0000|2017-08-24T06:58:41.352|Freshwater Lake - North America_images_000001.tif|82815AFB-7E26-431C-A6B2-2A49AE3809A8
126|110|768|20|65|654|1725|214|1|1|0|0.7035|4.5000|0|0.0000|0.0000|0.0000|365.0000|56.0000|9.0000|38.0000|119.5563|116.4428|62.0482|7.7849|113.0985|12.0001|36.2302|3.1658|23.5673|12.0001|84.1079|78.7518|161.3397|27.4895|58889.0000|3.1163|7.6597|1.0680|34.3565|62.1560|0.0000|0.7724|0.2377|0.0000|352.0000|365.0000|113.0985|-80.0000|5.0000|164.3562|164.4356|154.0904|3.8241|36.0000|5.1427|4.0422|36.0000|5.4193|0.0000|0.0000|0.0000|2017-08-24T06:58:42.256|Freshwater Lake - North America_images_000001.tif|6778DA24-36F0-47F1-B7FB-4730D5E7BF44
127|132|768|37|70|184|1472|215|1|1|0|0.7035|4.5000|0|0.0000|0.0000|0.0000|878.0000|62.0000|26.0000|45.8056|174.3259|141.1724|59.7252|21.4050|325.4373|20.3558|40.4513|15.1253|29.0585|20.3558|122.6383|96.1490|152.0410|23.6462|133492.0000|2.7544|6.4992|1.2755|58.1195|62.3130|0.1798|0.4948|0.5554|0.0000|1089.0000|878.0000|325.4373|-70.0000|5.0000|152.0068|154.6617|146.9043|4.1170|35.0000|5.4556|4.6241|35.0000|5.8263|0.0000|0.0000|0.0000|2017-08-24T06:58:42.415|Freshwater Lake - North America_images_000001.tif|44AB4221-B6B1-4038-84A7-50F427BE2D18
128|171|768|35|37|963|1432|216|1|1|0|0.7035|4.5000|0|0.0000|0.0000|0.0000|506.0000|28.0000|25.0000|26.3889|84.7696|79.9252|25.8800|25.0423|169.5013|14.6907|16.5323|14.4217|15.3988|14.6907|59.6354|53.0616|102.7036|28.5793|51968.0000|1.1301|1.0000|1.1239|134.6351|63.5310|0.9041|0.8493|0.9935|0.0000|493.5000|506.0000|169.5013|-70.0000|0.0000|119.4644|112.1739|77.7194|4.7394|36.0000|6.0299|3.9413|36.0000|5.0876|0.0000|0.0000|0.0000|2017-08-24T06:58:43.649|Freshwater Lake - North America_images_000001.tif|BCE7F7CF-00B0-4D97-813C-6F6718F635D4
129|208|768|27|33|235|1835|217|1|1|0|0.7035|4.5000|0|0.0000|0.0000|0.0000|306.0000|26.0000|16.0000|21.8889|68.3848|65.6387|25.3168|15.8773|90.2624|10.7203|15.1253|8.0903|12.2331|10.7203|48.1087|43.0111|98.8268|41.9298|30241.0000|1.2162|1.0000|1.1185|82.7302|63.6560|0.6807|0.7408|0.8726|0.0000|293.5000|306.0000|90.2624|-70.0000|5.0000|103.1601|102.4150|90.2843|3.9391|45.0000|5.4754|3.8492|45.0000|4.3332|0.0000|0.0000|0.0000|2017-08-24T06:58:43.766|Freshwater Lake - North America_images_000001.tif|A7D530AF-568F-43F6-BCC1-715D49D4E92E
130|237|768|29|74|417|1405|217|1|1|0|0.7035|4.5000|0|0.0000|0.0000|0.0000|762.0000|64.0000|15.0000|46.6389|151.5980|143.1953|72.7000|14.1254|276.0278|18.7470|41.8582|7.3868|29.6447|18.7470|106.6492|97.5721|124.5197|33.2616|94884.0000|2.4001|5.3532|1.0930|131.4357|63.6560|0.0000|0.8625|0.3538|0.0000|810.5000|762.0000|276.0278|-90.0000|5.0000|130.5617|128.5157|114.3871|3.9391|45.0000|5.4754|3.8492|45.0000|4.3332|0.0000|0.0000|0.0000|2017-08-24T06:58:43.766|Freshwater Lake - North America_images_000001.tif|72C626E5-F137-439F-B76B-5512E2741AAD
131|268|768|35|47|133|1389|217|1|1|0|0.7035|4.5000|0|0.0000|0.0000|0.0000|471.0000|38.0000|24.0000|31.2222|130.0833|94.9895|34.4043|21.8586|155.3054|14.0620|23.5673|13.7183|18.7991|14.0620|91.5136|63.6594|151.3673|19.8847|71294.0000|2.8590|6.8355|1.4376|47.1121|63.6560|0.4191|0.3364|0.7219|0.0000|608.5000|471.0000|155.3054|-80.0000|5.0000|152.7155|153.7091|146.2803|3.9391|45.0000|5.4754|3.8492|45.0000|4.3332|0.0000|0.0000|0.0000|2017-08-24T06:58:43.766|Freshwater Lake - North America_images_000001.tif|CC26A37E-D2D5-46B5-9BAB-B33F30545463
132|305|768|52|38|123|898|221|1|1|0|0.7035|4.5000|0|0.0000|0.0000|0.0000|803.0000|45.0000|25.0000|35.4444|113.1543|108.1388|44.1919|23.5751|293.4261|19.3288|28.4917|14.4217|21.7694|19.3288|79.6041|72.9099|123.1009|43.2905|98850.0000|1.2689|1.0000|1.0918|104.5464|64.8440|0.5212|0.7434|0.8151|0.0000|787.0000|803.0000|293.4261|-20.0000|65.0000|122.2927|124.0548|121.5031|3.2785|37.0000|3.8558|4.1855|37.0000|5.5394|0.0000|0.0000|0.0000|2017-08-24T06:58:44.948|Freshwater Lake - North America_images_000001.tif|F504512F-17B1-4576-AC03-67FB8EE6EB1A
133|359|768|18|73|368|1331|224|1|1|0|0.7035|4.5000|0|0.0000|0.0000|0.0000|411.0000|63.0000|8.0000|42.6111|133.3137|130.6413|69.8826|7.7173|131.2532|12.9274|41.1547|2.8140|26.8112|12.9274|93.7862|88.7404|163.9124|24.9817|67368.0000|3.4411|8.6955|1.0569|33.0846|66.3910|0.0000|0.8689|0.2117|0.0000|379.5000|411.0000|131.2532|-90.0000|0.0000|165.5693|166.8564|157.4574|3.6504|2.0000|3.8425|3.7164|2.0000|3.9333|0.0000|0.0000|0.0000|2017-08-24T06:58:46.510|Freshwater Lake - North America_images_000001.tif|25B67FA2-2309-45F0-B4C7-5C5F569ECF4B
134|379|768|28|151|716|1463|227|1|1|0|0.7035|4.5000|0|0.0000|0.0000|0.0000|858.0000|142.0000|11.0000|92.8056|307.2548|288.5938|165.9753|8.2231|316.8789|20.0864|96.7313|4.5728|62.1230|20.0864|216.1538|199.8600|162.8578|27.0578|139732.0000|8.7559|25.4682|1.0815|46.5340|67.3590|0.0000|0.1717|0.0791|0.0000|1168.0000|858.0000|316.8789|85.0000|-5.0000|165.7890|166.5478|154.5781|3.8627|76.0000|5.5176|4.0989|76.0000|5.7627|0.0000|0.0000|0.0000|2017-08-24T06:58:47.471|Freshwater Lake - North America_images_000001.tif|3CE79A10-5D0C-4BBF-A178-1A9A91785BF3
135|409|768|30|98|449|1593|230|1|1|0|0.7035|4.5000|0|0.0000|0.0000|0.0000|618.0000|89.0000|11.0000|59.2500|192.0833|182.9227|99.5906|8.5566|215.5952|16.5682|59.4458|4.5728|38.5166|16.5682|135.1306|125.5204|156.4547|30.8484|96689.0000|4.7510|12.8477|1.0766|54.1629|68.1720|0.0000|0.6109|0.1575|0.0000|689.0000|618.0000|215.5952|75.0000|-10.0000|159.5469|159.2217|149.8447|3.8348|66.0000|5.5018|4.0961|66.0000|5.6955|0.0000|0.0000|0.0000|2017-08-24T06:58:48.272|Freshwater Lake - North America_images_000001.tif|1E1CAD76-6AB8-461A-A941-45E44CF36033
136|441|768|15|82|915|1536|231|1|1|0|0.7035|4.5000|0|0.0000|0.0000|0.0000|285.0000|72.0000|5.0000|47.0556|146.4853|144.7298|81.1867|4.7107|82.2808|10.2354|47.4862|1.7588|29.9379|10.2354|103.0524|98.6517|163.9018|25.5407|46712.0000|5.9915|16.7631|1.0446|32.6181|68.7970|0.0000|0.8224|0.1097|0.0000|244.5000|285.0000|82.2808|-90.0000|0.0000|165.5228|167.8105|155.7123|3.6412|55.0000|5.2608|4.1445|55.0000|5.6037|0.0000|0.0000|0.0000|2017-08-24T06:58:48.894|Freshwater Lake - North America_images_000001.tif|5A82C80C-2C75-4DC9-8677-4293118E9D04
137|458|768|70|71|940|1325|232|1|1|0|0.7035|4.5000|0|0.0000|0.0000|0.0000|2075.0000|70.0000|45.0000|59.5556|218.6518|183.8883|68.6232|40.8735|854.9997|32.9942|46.0793|28.4917|38.7316|32.9942|153.8215|126.1997|82.9161|41.5308|172051.0000|1.8335|3.4721|1.2189|107.1649|68.9690|0.4922|0.6210|0.8282|0.0000|2343.0000|2075.0000|854.9997|50.0000|-60.0000|86.6786|85.5219|76.3735|5.3219|63.0000|6.7759|5.5553|63.0000|7.0155|0.0000|0.0000|0.0000|2017-08-24T06:58:49.094|Freshwater Lake - North America_images_000001.tif|ABEABE94-5DA4-4EA6-BB69-4846920800E7
138|530|768|34|40|908|1251|234|1|1|0|0.7035|4.5000|0|0.0000|0.0000|0.0000|581.0000|31.0000|24.0000|28.3056|88.7696|85.4962|30.5078|24.3119|200.2664|15.9683|18.6427|13.7183|16.7472|15.9683|62.4494|56.9808|120.8090|31.9053|70190.0000|1.0793|1.0000|1.0960|76.4487|69.5470|0.8245|0.9188|0.9722|0.0000|555.0000|581.0000|200.2664|-75.0000|0.0000|130.0620|128.4682|102.2668|4.7272|40.0000|6.0266|4.0454|40.0000|5.3920|0.0000|0.0000|0.0000|2017-08-24T06:58:49.663|Freshwater Lake - North America_images_000001.tif|B4DC84EF-54E2-4C16-AAB7-46646F25F15E
139|566|768|45|44|963|1460|235|1|1|0|0.7035|4.5000|0|0.0000|0.0000|0.0000|804.0000|36.0000|33.0000|34.3611|115.1543|104.7281|33.5974|31.1374|293.8514|19.3428|22.1603|20.0497|21.0073|19.3428|81.0111|70.5105|127.6443|37.8535|102626.0000|1.3125|1.4181|1.1489|87.9798|69.7340|0.8193|0.6352|0.9757|0.0000|821.5000|804.0000|293.8514|-55.0000|-80.0000|131.4751|134.0473|113.6617|2.6325|1.0000|2.6325|3.9210|1.0000|3.9210|0.0000|0.0000|0.0000|2017-08-24T06:58:49.833|Freshwater Lake - North America_images_000001.tif|2320415F-29F9-48A4-B7F8-915F7BC14C4E
140|613|768|53|38|749|934|235|1|1|0|0.7035|4.5000|0|0.0000|0.0000|0.0000|702.0000|46.0000|21.0000|35.1389|119.3970|107.3663|45.2138|20.3491|250.7111|17.8666|29.1953|11.6077|21.5545|17.8666|83.9958|72.3664|136.4615|27.0757|95796.0000|1.6160|2.7074|1.1607|52.5392|69.7340|0.4276|0.6603|0.7272|0.0000|726.5000|702.0000|250.7111|15.0000|-65.0000|141.1766|139.3419|129.0484|2.6325|1.0000|2.6325|3.9210|1.0000|3.9210|0.0000|0.0000|0.0000|2017-08-24T06:58:49.833|Freshwater Lake - North America_images_000001.tif|E4AD0553-B906-45C7-9EA1-54B0EBC02C75
141|668|768|40|51|981|1176|236|1|1|0|0.7035|4.5000|0|0.0000|0.0000|0.0000|731.0000|44.0000|29.0000|36.5833|137.6396|111.6251|39.0721|27.5723|262.9251|18.2966|27.7883|17.2357|22.5706|18.2966|96.8295|75.3625|105.0903|54.3531|76821.0000|2.0623|4.2434|1.2848|97.8067|70.3590|0.3824|0.2988|0.8140|0.0000|840.5000|731.0000|262.9251|55.0000|-45.0000|113.9015|112.1915|87.7565|4.8632|49.0000|6.1843|4.0643|49.0000|5.2775|0.0000|0.0000|0.0000|2017-08-24T06:58:50.475|Freshwater Lake - North America_images_000001.tif|F8A9FD32-51A2-4F6B-9B89-C4DC6D75B218
142|710|768|46|43|296|1581|237|1|2|0|0.7035|4.5000|0|0.0000|0.0000|0.0000|361.0000|42.0000|18.0000|32.5833|115.2548|98.7092|47.2785|16.4699|111.5332|11.9167|26.3813|9.4973|19.7566|11.9167|81.0818|66.2762|106.0997|33.9470|38302.0000|2.9282|7.0575|1.2234|100.3627|70.4530|0.1412|0.2683|0.3668|0.0000|560.5000|361.0000|111.5332|40.0000|-50.0000|109.2327|109.7091|97.7895|4.1374|38.0000|5.4548|4.3715|38.0000|5.7665|0.0000|0.0000|0.0000|2017-08-24T06:58:50.542|Freshwater Lake - North America_images_000001.tif|E656A52B-0C4A-4120-96A7-42AE126ABD80
143|758|768|32|28|310|771|240|1|1|0|0.7035|4.5000|0|0.0000|0.0000|0.0000|284.0000|23.0000|17.0000|20.6389|64.8701|61.7066|22.1190|17.0975|81.9029|10.2119|13.0147|8.7937|11.3537|10.2119|45.6361|40.2448|120.5915|58.2096|34248.0000|1.1791|1.0000|1.1340|97.2281|70.7340|0.7552|0.7474|0.9253|0.0000|276.0000|284.0000|81.9029|5.0000|-80.0000|121.4824|122.3415|116.8380|3.5298|31.0000|4.4988|4.1008|31.0000|5.2324|0.0000|0.0000|0.0000|2017-08-24T06:58:50.849|Freshwater Lake - North America_images_000001.tif|A7839037-D465-469F-9A93-ACF12B368F01
144|792|768|37|45|994|1391|244|1|1|0|0.7035|4.5000|0|0.0000|0.0000|0.0000|577.0000|39.0000|24.0000|31.6389|113.3553|95.9605|35.3038|22.0088|198.6148|15.9023|24.2707|13.7183|19.0922|15.9023|79.7455|64.3425|140.1473|24.2687|80865.0000|1.7721|3.2607|1.2394|63.8932|71.8590|0.5977|0.6539|0.8490|0.0000|644.0000|577.0000|198.6148|55.0000|-15.0000|144.5997|144.4471|129.9463|4.5604|43.0000|5.8835|4.9592|43.0000|6.3033|0.0000|0.0000|0.0000|2017-08-24T06:58:51.975|Freshwater Lake - North America_images_000001.tif|CA671311-18D6-44A7-9BB2-087D59C6E30E
145|831|768|68|56|933|1414|247|1|1|0|0.7035|4.5000|0|0.0000|0.0000|0.0000|1607.0000|60.0000|43.0000|51.3333|190.3675|158.2265|56.9946|37.2799|644.9526|28.6562|39.0442|27.0847|32.9472|28.6562|133.9235|108.1466|114.1879|40.4082|183500.0000|1.7946|3.3382|1.2384|85.8810|74.2030|0.5640|0.6522|0.8823|0.0000|1815.5000|1607.0000|644.9526|10.0000|-60.0000|118.3584|120.4561|100.2719|5.2982|70.0000|6.6763|5.6668|70.0000|7.0569|0.0000|0.0000|0.0000|2017-08-24T06:58:54.327|Freshwater Lake - North America_images_000001.tif|D8DB5824-9638-40B9-968F-922EF504A765
146|901|768|26|247|842|1364|248|1|1|0|0.7035|4.5000|0|0.0000|0.0000|0.0000|1541.0000|237.0000|16.0000|153.7778|490.4264|479.8019|272.9417|7.8375|615.5720|27.9959|163.5637|8.0903|105.0169|27.9959|345.0150|334.3749|147.9260|27.2510|227954.0000|12.4204|36.9928|1.0318|68.6757|74.5630|0.0000|0.5231|0.0526|0.0000|1762.5000|1541.0000|615.5720|-90.0000|0.0000|156.0227|157.4445|126.1888|4.2745|189.0000|6.3869|4.6441|189.0000|6.6986|0.0000|0.0000|0.0000|2017-08-24T06:58:54.678|Freshwater Lake - North America_images_000001.tif|9FA2F86A-225F-476B-B1B1-66C9D8426BFE
147|929|768|43|40|788|951|248|1|1|0|0.7035|4.5000|0|0.0000|0.0000|0.0000|740.0000|35.0000|27.0000|31.6111|100.3259|95.9835|33.8012|27.9064|266.7243|18.4283|21.4567|15.8287|19.0727|18.4283|70.5793|64.3586|120.6946|26.8854|89314.0000|1.0824|1.0000|1.0967|83.6118|74.5630|0.8546|0.9230|0.9808|0.0000|714.0000|740.0000|266.7243|-20.0000|60.0000|131.5270|129.4000|99.4486|4.2745|189.0000|6.3869|4.6441|189.0000|6.6986|0.0000|0.0000|0.0000|2017-08-24T06:58:54.678|Freshwater Lake - North America_images_000001.tif|9C97E6A0-5E51-41D6-9622-F1A748EC1D62
148|974|768|31|120|1017|1046|252|1|1|0|0.7035|4.5000|0|0.0000|0.0000|0.0000|468.0000|111.0000|9.0000|72.9444|242.3259|225.6756|126.9180|5.8056|154.0940|14.0071|74.9228|3.1658|48.1506|14.0071|170.4763|155.5970|147.9701|8.9697|69250.0000|9.9849|29.3344|1.0956|41.3216|76.1880|0.0000|0.4337|0.0738|0.0000|642.0000|468.0000|154.0940|-85.0000|10.0000|153.7009|155.1090|131.7821|3.8758|124.0000|5.7924|4.2459|124.0000|6.0439|0.0000|0.0000|0.0000|2017-08-24T06:58:56.297|Freshwater Lake - North America_images_000001.tif|5461408B-9AA0-4BDD-A895-A413AA676ED6
149|1007|768|31|140|536|1309|253|1|1|0|0.7035|4.5000|0|0.0000|0.0000|0.0000|662.0000|131.0000|11.0000|85.1667|283.9828|264.5944|147.7210|6.7378|233.9380|17.2586|88.9928|4.5728|56.7490|17.2586|199.7819|182.9764|141.8036|24.1876|93874.0000|9.6943|28.4203|1.0918|76.5581|76.4380|0.0000|0.3298|0.0771|0.0000|850.5000|662.0000|233.9380|80.0000|-5.0000|145.6073|150.0181|124.2764|4.7065|51.0000|6.1247|4.9220|51.0000|6.3452|0.0000|0.0000|0.0000|2017-08-24T06:58:56.530|Freshwater Lake - North America_images_000001.tif|4F662A20-1D33-489A-98D2-07CF8CD2D207
150|1040|768|16|287|420|1210|254|1|1|0|0.7035|4.5000|0|0.0000|0.0000|0.0000|1205.0000|277.0000|6.0000|177.0833|562.5269|553.4899|298.9566|5.7033|467.2125|24.3900|191.7038|2.1105|121.4124|24.3900|395.7377|386.2144|118.6490|18.5944|142972.0000|20.8973|63.6350|1.0247|114.1953|76.6560|0.0000|0.6090|0.0343|0.0000|1228.5000|1205.0000|467.2125|-90.0000|0.0000|125.8456|124.4880|104.4033|3.9921|227.0000|6.1538|4.3086|227.0000|6.4142|0.0000|0.0000|0.0000|2017-08-24T06:58:56.764|Freshwater Lake - North America_images_000001.tif|20097622-1183-48A1-970E-6629D00E1D4C
151|1058|768|19|89|369|1582|255|1|1|0|0.7035|4.5000|0|0.0000|0.0000|0.0000|380.0000|79.0000|9.0000|52.5556|166.3848|161.6927|93.8427|6.1766|118.9881|12.3085|52.4108|3.1658|33.8071|12.3085|117.0517|110.5851|156.5211|19.4428|59478.0000|5.7974|16.1512|1.0585|32.4845|76.7190|0.0000|0.2093|0.1094|0.0000|413.5000|380.0000|118.9881|-90.0000|0.0000|161.0053|165.1053|137.9289|3.6786|34.0000|5.0410|3.9925|34.0000|5.2762|0.0000|0.0000|0.0000|2017-08-24T06:58:56.816|Freshwater Lake - North America_images_000001.tif|B3B9928A-7F99-4133-A402-A9BD7291FACB
152|1079|768|34|44|683|1238|255|1|1|0|0.7035|4.5000|0|0.0000|0.0000|0.0000|505.0000|37.0000|19.0000|29.0833|95.0122|88.1584|37.0995|17.9206|169.0942|14.6730|22.8637|10.2007|17.2944|14.6730|66.8411|58.8537|136.7386|23.9839|69053.0000|1.4225|1.9583|1.1357|57.4819|76.7190|0.4851|0.5670|0.7576|0.0000|502.0000|505.0000|169.0942|60.0000|-25.0000|141.5822|139.5406|129.3881|3.6786|34.0000|5.0410|3.9925|34.0000|5.2762|0.0000|0.0000|0.0000|2017-08-24T06:58:56.816|Freshwater Lake - North America_images_000001.tif|707D45FF-33C8-4395-84FB-FAAD020A8C7C
153|1115|768|32|126|370|1266|257|1|1|0|0.7035|4.5000|0|0.0000|0.0000|0.0000|616.0000|118.0000|11.0000|76.3889|254.8112|237.0605|126.4031|7.4762|214.7643|16.5362|79.8473|4.5728|50.5738|16.5362|179.2597|163.6063|142.2841|28.8242|87647.0000|8.3878|24.3098|1.0957|74.1646|76.8280|0.0000|0.3190|0.0978|0.0000|741.0000|616.0000|214.7643|80.0000|-10.0000|144.9058|149.0422|128.0308|3.9782|101.0000|5.8197|4.3345|101.0000|6.1441|0.0000|0.0000|0.0000|2017-08-24T06:58:56.932|Freshwater Lake - North America_images_000001.tif|59A0005A-77E4-4AEC-B209-C9F860A24D05
154|1149|768|34|37|587|1473|259|1|1|0|0.7035|4.5000|0|0.0000|0.0000|0.0000|428.0000|29.0000|21.0000|25.2222|81.5980|75.7804|27.4569|20.3852|138.0284|13.2568|17.2357|11.6077|14.5781|13.2568|57.4042|50.1458|123.3528|30.7552|52795.0000|1.2380|1.0000|1.1447|88.7571|77.4380|0.7475|0.6989|0.9320|0.0000|424.0000|428.0000|138.0284|-60.0000|45.0000|129.5654|131.7477|104.6098|4.7587|41.0000|5.9583|5.1641|41.0000|6.3723|0.0000|0.0000|0.0000|2017-08-24T06:58:57.547|Freshwater Lake - North America_images_000001.tif|F3A78DFA-A478-48A6-B046-7C999163A43C
155|1185|768|31|34|397|1268|260|1|1|0|0.7035|4.5000|0|0.0000|0.0000|0.0000|292.0000|25.0000|19.0000|22.1389|74.2843|66.6650|22.1352|18.4955|84.9317|10.3990|14.4217|10.2007|12.4090|10.3990|52.2590|43.7331|111.5342|39.9417|32568.0000|1.5038|2.2872|1.1950|142.4545|77.8130|0.7099|0.5172|0.8937|0.0000|306.5000|292.0000|84.9317|-70.0000|-30.0000|119.0000|115.8425|100.1849|4.3432|106.0000|6.2409|4.6046|106.0000|6.4824|0.0000|0.0000|0.0000|2017-08-24T06:58:57.904|Freshwater Lake - North America_images_000001.tif|5A75F2F6-3967-4B18-90DC-F7AEE89B69C4
156|1218|768|36|105|563|1207|260|1|1|0|0.7035|4.5000|0|0.0000|0.0000|0.0000|1058.0000|97.0000|15.0000|66.4722|218.8112|205.5597|110.5494|13.3007|403.0903|22.6546|65.0738|7.3868|43.5974|22.6546|153.9337|141.4455|84.5586|39.8580|89463.0000|3.6012|9.2048|1.0883|127.8060|77.8130|0.0000|0.6205|0.2173|0.0000|1235.5000|1058.0000|403.0903|-80.0000|10.0000|90.1957|88.0860|75.4490|4.3432|106.0000|6.2409|4.6046|106.0000|6.4824|0.0000|0.0000|0.0000|2017-08-24T06:58:57.904|Freshwater Lake - North America_images_000001.tif|5BB16094-5AA6-4DFD-8361-B2C13A5659D2
157|1256|768|38|39|760|1345|261|1|1|0|0.7035|4.5000|0|0.0000|0.0000|0.0000|604.0000|32.0000|26.0000|28.8611|93.2548|87.4451|30.6597|25.1349|209.7843|16.3434|19.3463|15.1253|17.1380|16.3434|65.6048|58.3519|111.5281|52.3776|67363.0000|1.1458|1.0000|1.1243|104.4875|78.4530|0.8500|0.9144|0.9786|0.0000|588.0000|604.0000|209.7843|65.0000|-45.0000|120.4404|119.3709|92.7848|4.7359|44.0000|6.0428|4.1454|44.0000|5.4733|0.0000|0.0000|0.0000|2017-08-24T06:58:58.560|Freshwater Lake - North America_images_000001.tif|BEBFEC3A-2BBF-46E8-8882-8445A9F72532
158|1296|768|69|111|735|1435|263|1|1|0|0.7035|4.5000|0|0.0000|0.0000|0.0000|724.0000|116.0000|12.0000|75.3056|277.3208|233.3860|109.7128|9.5840|259.9729|18.1936|78.4403|5.2763|49.8117|18.1936|195.0952|161.0213|160.9434|23.3153|116523.0000|8.4531|24.5154|1.2116|40.3348|79.1880|0.0000|0.4780|0.1520|0.0000|921.5000|724.0000|259.9729|-60.0000|30.0000|164.0994|163.8011|154.1077|3.7056|79.0000|5.4760|4.3448|79.0000|5.8655|0.0000|0.0000|0.0000|2017-08-24T06:58:59.295|Freshwater Lake - North America_images_000001.tif|E822728E-DDBD-4ED8-A524-DD5654F18BAA
159|1367|768|131|218|143|1212|264|1|1|0|0.7035|4.5000|0|0.0000|0.0000|0.0000|4513.0000|224.0000|59.0000|156.6667|620.6001|488.8495|242.6230|44.9727|1976.2256|50.1618|154.4183|38.3407|107.0493|50.1618|436.5922|340.7399|129.7583|28.8042|585599.0000|6.7912|19.2834|1.2813|108.0946|79.3750|0.0000|0.2966|0.1887|0.0000|7689.0000|4513.0000|1976.2256|-65.0000|25.0000|135.5540|133.7219|119.7720|4.1285|141.0000|6.0662|4.0196|141.0000|5.5659|0.0000|0.0000|0.0000|2017-08-24T06:58:59.489|Freshwater Lake - North America_images_000001.tif|BFBBC348-C410-438F-A1C8-131846F13E4D
160|1500|768|39|41|396|1424|266|1|1|0|0.7035|4.5000|0|0.0000|0.0000|0.0000|657.0000|31.0000|28.0000|29.8056|95.4975|90.3086|30.0410|27.8981|231.8477|17.1813|18.6427|16.5323|17.8025|17.1813|67.1825|60.3664|89.0183|48.8998|58485.0000|1.1046|1.0000|1.1129|117.4568|79.7810|0.9207|0.9132|0.9954|0.0000|637.0000|657.0000|231.8477|-90.0000|20.0000|95.4414|95.5982|73.6819|4.6934|37.0000|6.0064|4.1356|37.0000|5.2807|0.0000|0.0000|0.0000|2017-08-24T06:58:59.874|Freshwater Lake - North America_images_000001.tif|EDA4CCC7-BF96-4AE6-BBBA-FFA5B8274BFB
161|1541|768|32|32|151|1337|267|1|1|0|0.7035|4.5000|0|0.0000|0.0000|0.0000|331.0000|25.0000|22.0000|23.2222|76.2843|69.6656|22.9444|20.6145|99.8698|11.2764|14.4217|12.3113|13.1711|11.2764|53.6660|45.8440|94.6314|45.2554|31323.0000|1.3990|1.8566|1.1706|155.2794|79.8750|0.6781|0.5114|0.8859|0.0000|341.0000|331.0000|99.8698|-45.0000|0.0000|97.3807|97.1450|88.5952|4.2809|37.0000|5.6134|4.6482|37.0000|5.9088|0.0000|0.0000|0.0000|2017-08-24T06:58:59.989|Freshwater Lake - North America_images_000001.tif|7DA5E0A1-6052-4A75-B0EE-4AAC29F1ED93
162|1575|768|42|49|429|1569|268|1|1|0|0.7035|4.5000|0|0.0000|0.0000|0.0000|649.0000|41.0000|29.0000|34.7778|122.9117|106.1203|38.3089|25.7901|228.5063|17.0571|25.6777|17.2357|21.3004|17.0571|86.4684|71.4899|146.1895|32.7130|94877.0000|1.8524|3.5367|1.2095|77.2870|80.4840|0.4581|0.3254|0.7749|0.0000|751.5000|649.0000|228.5063|-80.0000|55.0000|147.0416|149.9199|138.5239|4.3431|44.0000|5.6488|4.6804|44.0000|6.0322|0.0000|0.0000|0.0000|2017-08-24T06:59:00.584|Freshwater Lake - North America_images_000001.tif|F3652CC9-5C1F-4DAC-BBF5-4D058B9A5C66
163|1619|768|27|32|1011|1354|269|1|1|0|0.7035|4.5000|0|0.0000|0.0000|0.0000|305.0000|23.0000|17.0000|20.8889|64.6274|62.3335|22.6696|17.4328|89.8804|10.6976|13.0147|8.7937|11.5296|10.6976|45.4654|40.6859|143.9246|24.1555|43897.0000|1.0897|1.0000|1.1175|57.9138|80.7340|0.7995|0.8047|0.9497|0.0000|284.0000|305.0000|89.8804|-65.0000|0.0000|148.1607|148.6656|133.1016|4.5641|40.0000|5.7779|4.9170|40.0000|6.1540|0.0000|0.0000|0.0000|2017-08-24T06:59:00.858|Freshwater Lake - North America_images_000001.tif|B7A162EB-D918-4F90-8A18-B27EBC55EE6F
164|1648|768|41|61|342|1285|270|1|1|0|0.7035|4.5000|0|0.0000|0.0000|0.0000|364.0000|58.0000|9.0000|39.5833|133.0538|121.6056|64.8321|7.7978|112.7069|11.9793|37.6373|3.1658|24.6811|11.9793|93.6033|82.3838|144.0220|32.7956|52424.0000|3.8703|10.0595|1.1362|93.3596|82.0940|0.0000|0.7880|0.2174|0.0000|428.0000|364.0000|112.7069|-65.0000|30.0000|144.7527|147.6071|136.6484|3.8985|49.0000|5.4441|4.2098|49.0000|5.6911|0.0000|0.0000|0.0000|2017-08-24T06:59:02.211|Freshwater Lake - North America_images_000001.tif|36FE9535-D465-4457-A215-CE1C37FA19F8
165|1691|768|78|66|667|1503|272|1|1|0|0.7035|4.5000|0|0.0000|0.0000|0.0000|2306.0000|70.0000|52.0000|60.5000|223.3381|186.7637|65.5834|47.2102|959.5795|34.9539|46.0793|33.4162|39.3960|34.9539|157.1184|128.2225|95.4519|45.6419|220112.0000|1.7213|3.0833|1.2254|63.4898|83.0310|0.5376|0.4858|0.8993|0.0000|2530.5000|2306.0000|959.5795|-20.0000|45.0000|101.9046|98.8968|86.2090|3.1183|38.0000|3.2006|4.4184|38.0000|5.7434|0.0000|0.0000|0.0000|2017-08-24T06:59:03.127|Freshwater Lake - North America_images_000001.tif|8A81FBBF-2497-4F2A-8041-A428BD36AB4C
166|1771|768|90|82|512|1510|273|1|1|0|0.7035|4.5000|0|0.0000|0.0000|0.0000|3044.0000|91.0000|48.0000|74.3889|270.4508|230.5630|90.2424|45.3474|1296.5941|40.6310|60.8528|30.6023|49.1668|40.6310|190.2621|159.0353|87.5457|38.3029|266489.0000|1.9122|3.7398|1.1964|122.5299|83.5000|0.3304|0.6465|0.7599|0.0000|3379.5000|3044.0000|1296.5941|-50.0000|55.0000|91.1216|90.4763|80.4537|4.0263|60.0000|5.5290|4.6359|60.0000|6.0964|0.0000|0.0000|0.0000|2017-08-24T06:59:03.615|Freshwater Lake - North America_images_000001.tif|1F1136AB-880F-4871-A6C1-7C8F67BE42E5
167|1863|768|17|126|701|1498|274|1|1|0|0.7035|4.5000|0|0.0000|0.0000|0.0000|414.0000|116.0000|7.0000|75.7778|263.5980|234.8231|131.2437|5.8027|132.4464|12.9860|78.4403|2.4623|50.1439|12.9860|185.4412|162.0323|150.8261|16.1856|62442.0000|13.3559|39.9338|1.1445|42.0198|83.7340|0.0000|0.3594|0.0611|0.0000|585.5000|414.0000|132.4464|-90.0000|0.0000|159.3406|159.9227|129.7585|3.9406|97.0000|5.7304|4.3075|97.0000|6.0030|0.0000|0.0000|0.0000|2017-08-24T06:59:03.824|Freshwater Lake - North America_images_000001.tif|280762AA-2C1E-47E8-85C6-24E419A3D931
168|1882|768|38|34|828|1249|274|1|1|0|0.7035|4.5000|0|0.0000|0.0000|0.0000|313.0000|32.0000|15.0000|25.0278|85.5980|75.5353|31.0300|13.9183|92.9414|10.8783|19.3463|7.3868|14.4413|10.8783|60.2182|49.9733|113.9744|35.8277|35674.0000|1.8628|3.5723|1.2050|138.3108|83.7340|0.4571|0.5070|0.6891|0.0000|346.0000|313.0000|92.9414|30.0000|-55.0000|119.4824|117.4185|105.0990|3.9406|97.0000|5.7304|4.3075|97.0000|6.0030|0.0000|0.0000|0.0000|2017-08-24T06:59:03.824|Freshwater Lake - North America_images_000001.tif|C3DD8ADB-9F26-43C2-99E3-1580BFDA42CA
169|1922|768|45|34|385|1605|275|1|1|0|0.7035|4.5000|0|0.0000|0.0000|0.0000|463.0000|39.0000|17.0000|30.0833|99.5980|91.3048|41.6751|15.4500|152.0768|13.9151|24.2707|8.7937|17.9979|13.9151|70.0672|61.0672|131.5054|23.0286|60887.0000|1.7049|3.0257|1.1474|84.0114|84.1560|0.2909|0.5450|0.5968|0.0000|493.0000|463.0000|152.0768|-30.0000|65.0000|137.0043|137.3780|117.8920|4.1792|36.0000|5.5608|4.4389|36.0000|5.7598|0.0000|0.0000|0.0000|2017-08-24T06:59:04.256|Freshwater Lake - North America_images_000001.tif|E5CC5EA8-64AC-4AD3-92A5-B40078E9C3E9
170|1969|768|43|46|171|1482|276|1|2|0|0.7035|4.5000|0|0.0000|0.0000|0.0000|283.0000|36.0000|23.0000|31.5000|160.9117|95.7758|41.7924|22.2931|81.5252|10.1883|22.1603|13.0147|18.9945|10.1883|113.2014|64.2125|157.5901|19.4546|44598.0000|7.2808|20.8253|1.7629|52.1301|84.2810|0.4298|0.3034|0.3212|0.0000|635.5000|283.0000|81.5252|-80.0000|45.0000|157.1237|160.5901|151.8339|3.8855|40.0000|5.2043|4.2587|40.0000|5.5812|0.0000|0.0000|0.0000|2017-08-24T06:59:04.404|Freshwater Lake - North America_images_000001.tif|2DD1A90C-E3F8-4380-82ED-08A630D5E01B
171|2|1057|36|28|954|524|276|1|1|0|0.7035|4.5000|0|0.0000|0.0000|0.0000|313.0000|27.0000|17.0000|22.6667|74.2843|68.2431|26.3059|15.9236|92.9414|10.8783|15.8287|8.7937|12.7803|10.8783|52.2590|44.8433|94.9936|36.6725|29733.0000|1.4029|1.8738|1.1654|145.9545|84.2810|0.6432|0.6345|0.8429|0.0000|322.0000|313.0000|92.9414|-40.0000|75.0000|102.1629|98.5080|85.3259|3.8855|40.0000|5.2043|4.2587|40.0000|5.5812|0.0000|0.0000|0.0000|2017-08-24T06:59:04.404|Freshwater Lake - North America_images_000001.tif|75AB103F-AE75-4A7C-A207-2149238A027B
172|40|1057|32|61|753|1639|280|1|1|0|0.7035|4.5000|0|0.0000|0.0000|0.0000|557.0000|53.0000|15.0000|38.0278|126.9117|116.7751|57.7322|13.3413|190.3744|15.5690|34.1198|7.3868|23.5868|15.5690|89.2824|78.9855|109.6391|34.9910|61069.0000|2.3011|5.0304|1.1304|77.5625|85.7660|0.0967|0.6636|0.4040|0.0000|625.5000|557.0000|190.3744|-75.0000|15.0000|114.4345|114.7971|97.6840|4.4872|51.0000|6.0356|4.7135|51.0000|6.2604|0.0000|0.0000|0.0000|2017-08-24T06:59:05.871|Freshwater Lake - North America_images_000001.tif|717E021E-EB64-4BFA-8636-906C4230BCA8
173|74|1057|38|58|751|1408|280|1|3|0|0.7035|4.5000|0|0.0000|0.0000|0.0000|284.0000|46.0000|25.0000|37.1944|136.9117|113.7038|54.9128|25.1434|81.9029|10.2119|29.1953|14.4217|23.0005|10.2119|96.3174|76.8249|141.7606|23.1497|40260.0000|5.2523|14.4314|1.2537|47.4426|85.7660|0.3720|0.4871|0.1983|0.0000|774.0000|284.0000|81.9029|-90.0000|-10.0000|147.0070|146.8732|129.7183|4.4872|51.0000|6.0356|4.7135|51.0000|6.2604|0.0000|0.0000|0.0000|2017-08-24T06:59:05.871|Freshwater Lake - North America_images_000001.tif|9D035BEC-24F3-4483-85F8-5165B142DB61
174|114|1057|35|48|761|1340|280|1|2|0|0.7035|4.5000|0|0.0000|0.0000|0.0000|328.0000|42.0000|16.0000|30.1944|99.6985|91.9468|38.2181|12.9051|98.7113|11.2108|26.3813|8.0903|18.0760|11.2108|70.1379|61.5188|121.4909|34.3376|39849.0000|2.4115|5.3906|1.1401|94.4615|85.7660|0.2008|0.4736|0.5133|0.0000|430.5000|328.0000|98.7113|-70.0000|15.0000|127.8750|128.0488|106.2226|4.4872|51.0000|6.0356|4.7135|51.0000|6.2604|0.0000|0.0000|0.0000|2017-08-24T06:59:05.871|Freshwater Lake - North America_images_000001.tif|B33885EA-085A-4C2F-9756-B5B04710A786
175|151|1057|80|131|725|614|280|1|2|0|0.7035|4.5000|0|0.0000|0.0000|0.0000|3814.0000|120.0000|70.0000|95.8611|523.1615|298.0435|93.9101|70.5472|1651.6821|45.8583|81.2542|46.0793|64.2725|46.3380|368.0441|206.5079|108.7425|41.3127|414744.0000|5.6005|15.5300|1.7822|88.8412|85.7660|0.1565|0.2560|0.7178|0.0000|6015.0000|3889.0000|1686.4153|-90.0000|0.0000|113.4289|112.8891|98.7955|4.4872|51.0000|6.0356|4.7135|51.0000|6.2604|0.0000|0.0000|0.0000|2017-08-24T06:59:05.871|Freshwater Lake - North America_images_000001.tif|ACFFE81E-45E1-49D8-B556-A2E6C3B62854
176|233|1057|37|41|193|1465|281|1|1|0|0.7035|4.5000|0|0.0000|0.0000|0.0000|518.0000|35.0000|22.0000|29.2222|99.0122|88.7035|35.8570|19.8981|174.3936|14.9012|21.4567|12.3113|17.3921|14.9012|69.6551|59.2372|144.0560|30.8959|74621.0000|1.5060|2.2958|1.1759|69.4713|87.0470|0.4779|0.2937|0.7844|0.0000|551.0000|518.0000|174.3936|-60.0000|35.0000|143.0830|147.5598|137.5792|4.2232|53.0000|5.5731|4.5955|53.0000|5.9986|0.0000|0.0000|0.0000|2017-08-24T06:59:07.137|Freshwater Lake - North America_images_000001.tif|D767AB97-4AD7-49C6-9531-70E54B7CA934
177|272|1057|53|46|285|1390|283|1|1|0|0.7035|4.5000|0|0.0000|0.0000|0.0000|1015.0000|44.0000|35.0000|41.0278|143.4975|125.8074|42.4072|32.7185|384.4454|22.1244|27.7883|21.4567|25.6973|22.1244|100.9505|85.3398|120.2099|30.9341|122013.0000|1.6144|2.7017|1.1829|89.2248|88.4220|0.6528|0.6082|0.9009|0.0000|1124.0000|1015.0000|384.4454|30.0000|-85.0000|124.6453|123.5438|111.9537|4.1825|45.0000|5.4409|4.5781|45.0000|5.9035|0.0000|0.0000|0.0000|2017-08-24T06:59:08.545|Freshwater Lake - North America_images_000001.tif|EB616BB6-1F3A-4D39-888D-6D132C208CDC
178|327|1057|27|132|966|1472|284|1|1|0|0.7035|4.5000|0|0.0000|0.0000|0.0000|775.0000|123.0000|10.0000|80.9444|267.0122|251.2805|143.6313|8.2076|281.5361|18.9331|83.3648|3.8693|53.7786|18.9331|187.8431|173.6101|161.0942|30.9615|124848.0000|7.3207|20.9508|1.0820|71.1020|88.5470|0.0000|0.2210|0.0954|0.0000|941.5000|775.0000|281.5361|-85.0000|5.0000|165.9703|166.6323|148.3987|4.0956|111.0000|5.9539|4.4550|111.0000|6.2763|0.0000|0.0000|0.0000|2017-08-24T06:59:08.640|Freshwater Lake - North America_images_000001.tif|2041001F-D53A-4CD0-BD11-68ABFB4EB22A
179|356|1057|74|96|539|1447|286|1|1|0|0.7035|4.5000|0|0.0000|0.0000|0.0000|2843.0000|88.0000|56.0000|72.7222|266.8944|225.1781|83.5860|51.5556|1204.4300|39.1603|58.7422|36.2302|47.9943|39.5382|187.7602|155.2470|112.9750|41.1091|321188.0000|1.9587|3.8969|1.2094|87.9957|89.2500|0.3336|0.4992|0.7641|0.0000|3420.5000|2894.0000|1227.7911|-85.0000|25.0000|121.9560|122.0257|91.7759|4.8185|82.0000|6.5523|4.0391|82.0000|5.6553|0.0000|0.0000|0.0000|2017-08-24T06:59:09.341|Freshwater Lake - North America_images_000001.tif|D5DF37E9-DE20-4BB1-B8C9-AC4CD2CE06D3
180|432|1057|52|54|266|1572|288|1|1|0|0.7035|4.5000|0|0.0000|0.0000|0.0000|1050.0000|46.0000|34.0000|41.6389|152.2254|127.5269|45.6101|31.2531|399.6174|22.5568|29.1953|20.7533|26.1272|22.5568|107.0906|86.5494|102.4581|30.9494|107581.0000|1.7562|3.2053|1.2373|81.2612|90.5470|0.5737|0.6027|0.8746|0.0000|1202.0000|1050.0000|399.6174|60.0000|-35.0000|110.1429|107.3238|90.0010|0.0000|2.0000|0.0000|3.7677|2.0000|3.9800|0.0000|0.0000|0.0000|2017-08-24T06:59:10.655|Freshwater Lake - North America_images_000001.tif|2B639D77-CD7B-4F95-9591-4BF74DCFB5F1
181|486|1057|21|126|140|1562|288|1|1|0|0.7035|4.5000|0|0.0000|0.0000|0.0000|698.0000|116.0000|11.0000|75.7778|242.0416|234.9063|123.9737|7.6057|249.0298|17.8066|78.4403|4.5728|50.1439|17.8066|170.2763|162.0908|159.1318|26.0741|111074.0000|6.6791|18.9300|1.0505|40.0213|90.5470|0.0000|0.6712|0.1152|0.0000|724.0000|698.0000|249.0298|-90.0000|0.0000|159.2550|162.4470|152.6003|0.0000|2.0000|0.0000|3.7677|2.0000|3.9800|0.0000|0.0000|0.0000|2017-08-24T06:59:10.655|Freshwater Lake - North America_images_000001.tif|C30A8B24-0643-4E4B-8237-DBCBDA88BF6F
182|509|1057|24|61|179|1470|289|1|1|0|0.7035|4.5000|0|0.0000|0.0000|0.0000|573.0000|52.0000|14.0000|37.8611|120.6274|115.6101|57.5997|13.2721|196.9644|15.8361|33.4162|6.6833|23.4695|15.8361|84.8614|78.1660|118.1640|28.4220|67708.0000|2.0208|4.1050|1.0857|122.8246|90.9220|0.0976|0.8160|0.4176|0.0000|581.5000|573.0000|196.9644|80.0000|0.0000|127.2618|124.4398|102.3264|4.1432|43.0000|5.5533|3.6960|43.0000|5.0983|0.0000|0.0000|0.0000|2017-08-24T06:59:11.013|Freshwater Lake - North America_images_000001.tif|6975DD60-D7BD-4828-8D8A-1E4D31963D8F
183|535|1057|38|115|977|1453|290|1|1|0|0.7035|4.5000|0|0.0000|0.0000|0.0000|1162.0000|105.0000|26.0000|72.1111|247.9828|223.3504|108.3865|17.9093|448.3984|23.8939|70.7018|15.1253|47.5644|23.8939|174.4559|153.9613|137.3029|28.4194|159546.0000|4.2114|11.1408|1.1331|68.3506|90.9530|0.0000|0.3761|0.2452|0.0000|1745.0000|1162.0000|448.3984|-90.0000|10.0000|142.1756|141.6730|126.8640|3.9926|57.0000|5.5002|4.4909|57.0000|6.1148|0.0000|0.0000|0.0000|2017-08-24T06:59:11.056|Freshwater Lake - North America_images_000001.tif|E858F7B9-C69D-4A28-926B-9E750E85D512
184|575|1057|44|46|229|1520|291|1|1|0|0.7035|4.5000|0|0.0000|0.0000|0.0000|650.0000|44.0000|23.0000|34.7500|113.9828|106.3058|43.0356|21.7282|228.9238|17.0726|27.7883|13.0147|21.2809|17.8216|80.1869|71.6204|135.1862|26.0291|87871.0000|1.4791|2.1901|1.1196|98.5361|91.4380|0.4712|0.6359|0.7659|0.0000|725.5000|699.0000|249.4501|40.0000|-60.0000|137.2677|141.2985|122.3569|4.4458|45.0000|5.9209|4.6383|45.0000|6.1023|0.0000|0.0000|0.0000|2017-08-24T06:59:11.555|Freshwater Lake - North America_images_000001.tif|B4633A52-FB6F-4F49-AB17-41BEC84CD1F2
185|621|1057|49|41|362|1379|292|1|1|0|0.7035|4.5000|0|0.0000|0.0000|0.0000|759.0000|40.0000|26.0000|35.3611|115.1543|108.0653|40.3043|26.0275|274.7578|18.7038|24.9743|15.1253|21.7108|18.7038|81.0111|72.8582|111.5613|24.3448|84675.0000|1.3903|1.8176|1.1119|54.0606|91.7340|0.5532|0.5474|0.8397|0.0000|820.5000|759.0000|274.7578|-10.0000|-75.0000|115.2003|114.9960|103.4466|4.3695|38.0000|5.7402|4.6463|38.0000|6.0012|0.0000|0.0000|0.0000|2017-08-24T06:59:11.839|Freshwater Lake - North America_images_000001.tif|C7260EFF-A3BF-499C-A9A9-0D23EA4B9347
186|672|1057|62|61|785|1505|297|1|1|0|0.7035|4.5000|0|0.0000|0.0000|0.0000|1421.0000|59.0000|36.0000|49.0556|176.6102|151.0678|58.0302|32.2433|562.3382|26.7580|38.3407|22.1603|31.3449|26.7580|124.2453|103.1104|128.3167|25.1773|182338.0000|1.7467|3.1723|1.2050|49.9085|92.8910|0.4686|0.6391|0.8211|0.0000|1546.0000|1421.0000|562.3382|-65.0000|40.0000|134.3195|131.5398|119.7136|3.3414|41.0000|4.3171|4.1800|41.0000|5.5457|0.0000|0.0000|0.0000|2017-08-24T06:59:12.994|Freshwater Lake - North America_images_000001.tif|DFA6FE22-54A0-4BD3-9A6D-67A5F120C20F
187|736|1057|46|49|519|1493|298|1|2|0|0.7035|4.5000|0|0.0000|0.0000|0.0000|584.0000|42.0000|29.0000|36.4722|146.1249|111.8464|42.7506|29.8608|201.5058|16.0177|26.3813|17.2357|22.4924|16.0177|102.7989|75.5182|120.2808|20.3469|70244.0000|2.9095|6.9977|1.3612|87.5680|93.3280|0.2589|0.3632|0.5469|0.0000|818.5000|584.0000|201.5058|-45.0000|20.0000|125.9366|125.1182|108.6336|4.4703|40.0000|5.8033|4.7743|40.0000|6.0839|0.0000|0.0000|0.0000|2017-08-24T06:59:13.435|Freshwater Lake - North America_images_000001.tif|0CEE7E5F-43B7-4DCA-B0C4-57CF7B0386A9
188|784|1057|65|71|166|1456|299|1|2|0|0.7035|4.5000|0|0.0000|0.0000|0.0000|1914.0000|65.0000|50.0000|57.2222|233.9239|176.4722|58.9563|44.5888|782.4356|31.5631|42.5618|32.0093|37.0901|31.5631|164.5655|120.9824|108.7518|34.8956|208151.0000|2.2751|4.9452|1.3602|74.1884|93.4220|0.5472|0.5094|0.8920|0.0000|2241.5000|1914.0000|782.4356|-65.0000|35.0000|113.3694|112.4869|99.6682|3.5767|30.0000|4.3542|4.2733|30.0000|5.5360|0.0000|0.0000|0.0000|2017-08-24T06:59:13.528|Freshwater Lake - North America_images_000001.tif|5492E4A0-D9BA-480F-94C5-7407EE956CB4
189|851|1057|98|160|865|1323|302|1|1|0|0.7035|4.5000|0|0.0000|0.0000|0.0000|6854.0000|150.0000|76.0000|116.1944|448.1909|361.8777|138.6233|68.0601|3073.1955|62.5533|102.3593|50.3002|78.5770|62.5533|315.3023|251.4152|103.9030|37.6358|712151.0000|2.3322|5.1321|1.2541|82.3283|93.9220|0.2471|0.7335|0.7318|0.0000|8221.5000|6854.0000|3073.1955|-90.0000|-15.0000|110.8081|107.1687|94.8452|3.4493|97.0000|4.9572|4.6067|97.0000|6.3064|0.0000|0.0000|0.0000|2017-08-24T06:59:14.043|Freshwater Lake - North America_images_000001.tif|3FFAE448-E893-4A4D-BC52-42CC84663E16
190|951|1057|32|61|604|1583|304|1|1|0|0.7035|4.5000|0|0.0000|0.0000|0.0000|803.0000|51.0000|22.0000|38.5556|127.4975|117.9592|51.8296|20.0687|293.4261|19.3288|32.7127|12.3113|23.9581|19.3288|89.6945|79.8185|121.1893|36.9965|97315.0000|1.6109|2.6890|1.1237|87.6903|94.2970|0.3165|0.8101|0.6620|0.0000|812.0000|803.0000|293.4261|-90.0000|0.0000|129.2540|128.7073|103.3885|4.3669|44.0000|5.8587|3.9188|44.0000|5.1632|0.0000|0.0000|0.0000|2017-08-24T06:59:14.388|Freshwater Lake - North America_images_000001.tif|A7B7B4CE-B8F2-47E7-816B-8ACB535B138B
191|985|1057|34|32|979|1418|306|1|1|0|0.7035|4.5000|0|0.0000|0.0000|0.0000|376.0000|26.0000|21.0000|24.1389|86.8701|73.0701|25.0679|20.4772|117.4145|12.2269|15.1253|11.6077|13.8160|12.2269|61.1131|48.2391|129.2340|27.0414|48592.0000|1.5971|2.6386|1.2669|77.3544|95.9840|0.6760|0.4074|0.9139|0.0000|403.0000|376.0000|117.4145|40.0000|-85.0000|135.2926|135.7979|114.0319|4.5355|37.0000|5.8542|4.8554|37.0000|6.1926|0.0000|0.0000|0.0000|2017-08-24T06:59:16.073|Freshwater Lake - North America_images_000001.tif|64997103-EB58-4434-8B52-5FB7F4984E39
192|1021|1057|20|131|474|1543|307|1|1|0|0.7035|4.5000|0|0.0000|0.0000|0.0000|502.0000|121.0000|10.0000|78.2500|254.5269|242.6284|135.7914|5.7334|167.8734|14.6200|81.9578|3.8693|51.8831|14.6200|179.0597|167.5233|153.0518|12.7519|76832.0000|10.2696|30.2298|1.0689|27.2857|96.1410|0.0000|0.3687|0.0692|0.0000|621.0000|502.0000|167.8734|-90.0000|0.0000|158.5319|165.2032|127.1474|3.7164|1.0000|3.7164|4.2377|1.0000|4.2377|0.0000|0.0000|0.0000|2017-08-24T06:59:16.230|Freshwater Lake - North America_images_000001.tif|E8BC876A-280A-44D9-9DC1-45622572B987
193|1043|1057|85|32|874|1234|308|1|1|0|0.7035|4.5000|0|0.0000|0.0000|0.0000|569.0000|78.0000|12.0000|52.1667|177.7401|160.7650|85.0308|9.4177|195.3152|15.7697|51.7073|5.2763|33.5335|15.7697|125.0402|109.9324|146.8489|35.6616|83557.0000|4.4182|11.7955|1.1374|68.0000|96.3280|0.0000|0.4408|0.1980|0.0000|681.0000|569.0000|195.3152|-15.0000|80.0000|149.7487|151.3199|136.9736|4.7226|45.0000|6.0260|4.8077|45.0000|6.1015|0.0000|0.0000|0.0000|2017-08-24T06:59:16.421|Freshwater Lake - North America_images_000001.tif|8C8181EA-CB80-4027-B925-4F400FCC78FC
194|1130|1057|54|87|796|1464|309|1|1|0|0.7035|4.5000|0|0.0000|0.0000|0.0000|599.0000|84.0000|28.0000|59.8889|227.1960|185.0773|96.7310|23.0829|207.7121|16.2625|55.9282|16.5323|38.9661|16.2625|159.8324|127.0361|153.3306|30.5894|91845.0000|6.8575|19.4921|1.2582|74.0931|96.5470|0.0000|0.3255|0.1542|0.0000|1471.0000|599.0000|207.7121|65.0000|-30.0000|157.5927|158.6861|141.1836|3.9626|102.0000|5.8460|4.2229|102.0000|5.9860|0.0000|0.0000|0.0000|2017-08-24T06:59:16.674|Freshwater Lake - North America_images_000001.tif|B798DFCC-AEBE-408C-9C6B-5E3570458F0C
195|1186|1057|31|33|565|1585|310|1|1|0|0.7035|4.5000|0|0.0000|0.0000|0.0000|352.0000|26.0000|21.0000|22.9722|72.8701|68.8867|23.8136|19.3760|108.0198|11.7275|15.1253|11.6077|12.9952|11.7275|51.2641|45.2960|110.7102|32.7170|38970.0000|1.2005|1.0000|1.1318|90.4308|96.8280|0.8006|0.7785|0.9510|0.0000|340.0000|352.0000|108.0198|-75.0000|0.0000|117.3125|115.3750|98.9972|3.5397|40.0000|4.3361|4.0572|40.0000|5.4434|0.0000|0.0000|0.0000|2017-08-24T06:59:16.949|Freshwater Lake - North America_images_000001.tif|60BA4D0C-C0B3-4D2D-98DE-24F66F7EF10C
196|1219|1057|27|80|712|1603|311|1|1|0|0.7035|4.5000|0|0.0000|0.0000|0.0000|359.0000|72.0000|8.0000|47.7222|161.2548|146.9544|77.8079|7.1881|110.7514|11.8749|47.4862|2.8140|30.4068|11.8749|113.4428|100.2167|154.5627|29.9338|55488.0000|5.7640|16.0457|1.1320|60.9392|97.1250|0.0000|0.5283|0.1497|0.0000|432.5000|359.0000|110.7514|80.0000|-10.0000|159.9499|160.8858|140.1588|3.9631|59.0000|5.5438|4.2770|59.0000|5.8739|0.0000|0.0000|0.0000|2017-08-24T06:59:17.226|Freshwater Lake - North America_images_000001.tif|B774ABE2-7060-46D9-8879-F77E0FFDC923
197|1248|1057|32|34|303|1629|313|1|1|0|0.7035|4.5000|0|0.0000|0.0000|0.0000|341.0000|25.0000|21.0000|22.8333|76.7696|68.7095|23.6876|18.8964|103.7421|11.4930|14.4217|11.6077|12.8975|11.4930|54.0074|45.1714|131.3812|23.0662|44801.0000|1.3754|1.7491|1.1956|74.8485|98.1880|0.7845|0.7765|0.9457|0.0000|353.5000|341.0000|103.7421|-85.0000|25.0000|136.9238|135.7507|120.6862|2.0792|1.0000|2.0792|3.8388|1.0000|3.8388|0.0000|0.0000|0.0000|2017-08-24T06:59:18.304|Freshwater Lake - North America_images_000001.tif|1EDC12F8-000A-4B6B-8563-054A5047F9FB
198|1282|1057|37|35|122|962|314|1|1|0|0.7035|4.5000|0|0.0000|0.0000|0.0000|493.0000|29.0000|23.0000|25.9444|81.8406|78.4894|27.8066|22.6157|164.2156|14.4598|17.2357|13.0147|15.0861|14.4598|57.5749|52.0515|103.6471|55.0542|51098.0000|1.0811|1.0000|1.1061|88.5362|99.4220|0.8560|0.9014|0.9772|0.0000|473.0000|493.0000|164.2156|20.0000|-60.0000|111.0142|109.8884|88.6187|4.4040|44.0000|5.7950|3.8997|44.0000|5.3010|0.0000|0.0000|0.0000|2017-08-24T06:59:19.537|Freshwater Lake - North America_images_000001.tif|9A5699FF-6978-4FC2-A778-A9A84D65A0EB
199|1321|1057|30|35|1010|1342|315|1|1|0|0.7035|4.5000|0|0.0000|0.0000|0.0000|370.0000|26.0000|19.0000|23.2222|74.8701|70.1708|25.2652|19.1145|115.0582|12.1036|15.1253|10.2007|13.1711|12.1036|52.6711|46.1994|134.9405|32.7119|49928.0000|1.2056|1.0000|1.1401|93.3731|99.5630|0.7671|0.6864|0.9387|0.0000|362.5000|370.0000|115.0582|-85.0000|15.0000|139.3324|140.4892|122.3757|4.6806|39.0000|5.9908|4.8640|39.0000|6.1994|0.0000|0.0000|0.0000|2017-08-24T06:59:19.661|Freshwater Lake - North America_images_000001.tif|8B197CF9-0FA1-4B36-95E0-74AC27C9CBC1
200|1353|1057|33|34|127|834|317|1|1|0|0.7035|4.5000|0|0.0000|0.0000|0.0000|313.0000|30.0000|15.0000|23.6389|76.5269|71.1986|30.9721|13.7256|92.9414|10.8783|17.9393|7.3868|13.4642|10.8783|53.8367|46.9225|122.7827|19.2194|38431.0000|1.4889|2.2290|1.1474|61.6269|99.9380|0.4967|0.5814|0.6945|0.0000|325.0000|313.0000|92.9414|35.0000|-45.0000|125.1981|126.1789|115.1502|3.9134|42.0000|5.3185|4.3440|42.0000|5.6141|0.0000|0.0000|0.0000|2017-08-24T06:59:20.044|Freshwater Lake - North America_images_000001.tif|AA49899C-C78D-4D67-B1F7-A572DAADA733
201|1388|1057|37|44|1012|1295|321|1|1|0|0.7035|4.5000|0|0.0000|0.0000|0.0000|471.0000|35.0000|25.0000|29.8056|107.8406|90.5796|34.3599|21.4359|155.3054|14.0620|21.4567|14.4217|17.8025|14.0620|75.8659|60.5570|136.9342|36.9223|64496.0000|1.9649|3.9176|1.2528|98.1263|102.2030|0.4494|0.2735|0.7313|0.0000|570.0000|471.0000|155.3054|-80.0000|10.0000|146.7176|144.4565|118.3737|4.2787|41.0000|5.6902|3.6784|41.0000|4.8483|0.0000|0.0000|0.0000|2017-08-24T06:59:22.315|Freshwater Lake - North America_images_000001.tif|B8C5C373-3C0B-46F9-9D6C-CA1E0AEE3A57
202|1427|1057|75|71|713|1628|322|1|1|0|0.7035|4.5000|0|0.0000|0.0000|0.0000|2503.0000|74.0000|57.0000|65.0556|293.2376|201.2321|70.4337|53.2734|1049.1462|36.5488|48.8933|36.9338|42.6009|36.5488|206.2927|138.4010|107.7064|40.8136|269589.0000|2.7338|6.4331|1.4905|83.5513|102.2810|0.1807|0.4387|0.8173|0.0000|2957.0000|2503.0000|1049.1462|-45.0000|80.0000|111.9169|110.4742|100.7028|3.2003|38.0000|3.7634|4.2657|38.0000|5.6895|0.0000|0.0000|0.0000|2017-08-24T06:59:22.403|Freshwater Lake - North America_images_000001.tif|3E8AC712-E027-4F9A-A217-ADB73A50F678
203|1504|1057|61|87|972|1368|323|1|2|0|0.7035|4.5000|0|0.0000|0.0000|0.0000|2223.0000|83.0000|50.0000|66.9167|282.8944|207.3309|72.7777|45.1026|921.9445|34.2616|55.2248|32.0093|43.9101|34.2616|199.0162|142.6915|128.7764|29.9713|286270.0000|2.8648|6.8542|1.3947|75.5139|102.6250|0.2625|0.2678|0.7722|0.0000|2872.5000|2223.0000|921.9445|55.0000|-15.0000|135.1161|131.8866|120.2470|3.4198|36.0000|4.4632|4.1686|36.0000|5.5507|0.0000|0.0000|0.0000|2017-08-24T06:59:22.745|Freshwater Lake - North America_images_000001.tif|706A2BFF-0812-401C-924E-6EACA59286CD
204|1567|1057|25|114|938|1173|324|1|1|0|0.7035|4.5000|0|0.0000|0.0000|0.0000|657.0000|105.0000|10.0000|68.8333|219.9411|213.0540|118.5396|7.9001|231.8477|17.1813|70.7018|3.8693|45.2585|17.1813|154.7286|146.7177|149.1400|29.0314|97985.0000|5.8592|16.3460|1.0546|58.5571|102.9690|0.0000|0.5007|0.1185|0.0000|751.0000|657.0000|231.8477|-80.0000|5.0000|150.4490|153.2177|140.7017|4.1207|112.0000|5.9891|4.3968|112.0000|6.2546|0.0000|0.0000|0.0000|2017-08-24T06:59:23.073|Freshwater Lake - North America_images_000001.tif|DE7AF8B6-87F9-40F6-8CCF-09F010640AE3
205|1594|1057|38|60|460|1491|325|1|1|0|0.7035|4.5000|0|0.0000|0.0000|0.0000|548.0000|51.0000|25.0000|39.5556|145.8822|121.3462|57.9035|23.7034|186.6759|15.4170|32.7127|14.4217|24.6616|15.4170|102.6281|82.2013|92.2536|38.4351|50555.0000|3.0904|7.5768|1.2485|152.6667|103.8590|0.1704|0.1475|0.3565|0.0000|889.0000|548.0000|186.6759|-85.0000|10.0000|98.9106|97.7993|78.8558|4.3106|45.0000|5.8119|4.5339|45.0000|6.0566|0.0000|0.0000|0.0000|2017-08-24T06:59:23.982|Freshwater Lake - North America_images_000001.tif|770A8E4A-A396-401A-AC48-5EE863FBCC0F
206|1634|1057|29|28|408|1892|326|1|1|0|0.7035|4.5000|0|0.0000|0.0000|0.0000|295.0000|28.0000|18.0000|23.0278|78.3848|69.3814|24.8356|17.2892|86.0708|10.4685|16.5323|9.4973|13.0343|10.4685|55.1437|45.6441|138.4814|27.5483|40852.0000|1.6574|2.8569|1.2081|55.4110|103.9380|0.6184|0.5205|0.8203|0.0000|311.5000|295.0000|86.0708|-60.0000|5.0000|141.2203|140.8305|132.7932|3.1661|45.0000|3.6424|4.1275|45.0000|5.5007|0.0000|0.0000|0.0000|2017-08-24T06:59:24.025|Freshwater Lake - North America_images_000001.tif|14EC8251-F205-419A-B6D7-68DEC1F12AC3
207|1665|1057|70|68|563|1504|327|1|1|0|0.7035|4.5000|0|0.0000|0.0000|0.0000|2104.0000|63.0000|48.0000|57.3056|205.4386|176.9745|60.8774|45.8613|868.0999|33.2460|41.1547|30.6023|37.1487|33.2460|144.5261|121.3358|101.5399|32.8202|213640.0000|1.5963|2.6354|1.1911|88.2099|105.0940|0.6529|0.7587|0.9223|0.0000|2307.5000|2104.0000|868.0999|60.0000|-65.0000|109.3332|105.9235|89.9644|3.5236|32.0000|4.1945|4.1796|32.0000|5.4919|0.0000|0.0000|0.0000|2017-08-24T06:59:25.194|Freshwater Lake - North America_images_000001.tif|640E9E6D-E821-4FD8-87D2-FF376C4C22E3
208|1737|1057|17|126|731|1462|327|1|1|0|0.7035|4.5000|0|0.0000|0.0000|0.0000|365.0000|116.0000|7.0000|75.6111|255.1127|233.9963|137.5584|4.9042|113.0985|12.0001|78.4403|2.4623|50.0267|12.0001|179.4718|161.4506|151.4274|14.7772|55271.0000|14.1893|42.5535|1.1116|41.0366|105.0940|0.0000|0.1605|0.0491|0.0000|589.5000|365.0000|113.0985|-90.0000|0.0000|160.8438|158.4795|134.0055|3.5236|32.0000|4.1945|4.1796|32.0000|5.4919|0.0000|0.0000|0.0000|2017-08-24T06:59:25.194|Freshwater Lake - North America_images_000001.tif|FD6094DC-7ABF-4A59-A30C-411D2E5C8089
209|1756|1057|30|34|893|1453|329|1|1|0|0.7035|4.5000|0|0.0000|0.0000|0.0000|380.0000|26.0000|20.0000|22.9444|71.1127|68.6831|24.8599|19.5074|118.9881|12.3085|15.1253|10.9043|12.9756|12.3085|50.0278|45.1528|136.2237|30.3406|51765.0000|1.0590|1.0000|1.1080|84.8065|105.2660|0.8355|0.9136|0.9691|0.0000|357.0000|380.0000|118.9881|-75.0000|0.0000|140.5921|141.8895|123.5026|4.7290|42.0000|5.9867|5.1390|42.0000|6.3606|0.0000|0.0000|0.0000|2017-08-24T06:59:25.376|Freshwater Lake - North America_images_000001.tif|7CC09479-179C-41B4-A801-AA8A87480391
210|1788|1057|30|79|900|1394|330|1|1|0|0.7035|4.5000|0|0.0000|0.0000|0.0000|416.0000|69.0000|20.0000|48.6667|203.1371|149.8029|69.5820|18.1676|133.2424|13.0250|45.3758|10.9043|31.0713|14.1714|142.9069|102.2206|159.7692|24.9997|66464.0000|6.8841|19.5761|1.3980|51.7765|105.4380|0.0000|0.2509|0.2349|0.0000|981.5000|477.0000|157.7310|-90.0000|0.0000|162.6971|162.9014|152.4688|4.0812|70.0000|5.6756|4.2920|70.0000|5.9345|0.0000|0.0000|0.0000|2017-08-24T06:59:25.543|Freshwater Lake - North America_images_000001.tif|11D47DA1-CBA8-4B7D-8088-DFB44D6724A7
211|1820|1057|89|67|155|1323|332|1|1|0|0.7035|4.5000|0|0.0000|0.0000|0.0000|830.0000|95.0000|24.0000|65.7778|229.2376|203.5141|99.0067|17.0662|304.9237|19.7038|63.6668|13.7183|43.1089|19.7038|161.2687|140.0064|145.9229|39.2156|121116.0000|5.0383|13.7556|1.1519|75.2362|105.5780|0.0000|0.3824|0.2094|0.0000|1555.0000|830.0000|304.9237|-40.0000|55.0000|148.3602|150.7566|135.4988|3.4442|1.0000|3.4442|0.0000|1.0000|0.0000|0.0000|0.0000|0.0000|2017-08-24T06:59:25.685|Freshwater Lake - North America_images_000001.tif|8C6E188E-C3C6-43B4-8E67-8D8D204D31B3
212|1911|1057|17|70|909|1370|333|1|1|0|0.7035|4.5000|0|0.0000|0.0000|0.0000|300.0000|60.0000|7.0000|40.3889|130.9706|123.9508|67.8653|6.1444|87.9732|10.5835|39.0442|2.4623|25.2478|10.5835|92.1378|84.0336|162.6067|27.6309|48782.0000|4.5501|12.2125|1.0964|60.3492|105.7190|0.0000|0.5545|0.1645|0.0000|327.5000|300.0000|87.9732|-90.0000|0.0000|165.1933|166.1133|154.6833|4.0898|57.0000|5.6377|4.3259|57.0000|5.8442|0.0000|0.0000|0.0000|2017-08-24T06:59:25.821|Freshwater Lake - North America_images_000001.tif|4827CF5A-7D57-4011-A42A-9B4B9620BAEE
213|1930|1057|62|56|774|1574|338|1|1|0|0.7035|4.5000|0|0.0000|0.0000|0.0000|1105.0000|57.0000|40.0000|49.6944|230.3087|153.0774|66.0097|44.2476|423.5303|23.2219|36.9338|24.9743|31.7943|23.2219|162.0222|104.5242|106.2525|34.9105|117409.0000|3.8199|9.8995|1.5501|109.4343|108.2660|0.3861|0.4442|0.4456|0.0000|1742.5000|1105.0000|423.5303|-35.0000|70.0000|111.9240|111.1738|94.4552|4.8808|52.0000|6.3289|5.0315|52.0000|6.4756|0.0000|0.0000|0.0000|2017-08-24T06:59:28.383|Freshwater Lake - North America_images_000001.tif|A53EF13B-BA0B-4743-9154-D43537751AA5
214|1994|1057|38|50|168|1039|338|1|1|0|0.7035|4.5000|0|0.0000|0.0000|0.0000|701.0000|41.0000|28.0000|35.4444|123.8406|107.8361|40.3304|24.1175|250.2907|17.8516|25.6777|16.5323|21.7694|17.8516|87.1219|72.6969|134.0285|24.3484|93954.0000|1.7410|3.1523|1.1984|63.9730|108.2660|0.5433|0.6251|0.8084|0.0000|797.0000|701.0000|250.2907|70.0000|0.0000|137.2782|137.0442|126.8559|4.8808|52.0000|6.3289|5.0315|52.0000|6.4756|0.0000|0.0000|0.0000|2017-08-24T06:59:28.383|Freshwater Lake - North America_images_000001.tif|FB4B55EC-81A6-4E2F-ACC5-DB043224C5C1
215|2|1219|63|44|591|1504|340|1|2|0|0.7035|4.5000|0|0.0000|0.0000|0.0000|733.0000|58.0000|29.0000|46.0278|180.2254|141.3080|68.1366|25.6061|263.7690|18.3260|37.6373|17.2357|29.2148|18.3260|126.7886|96.2444|138.2920|31.3867|101368.0000|3.5263|8.9666|1.3174|90.2099|108.9530|0.0533|0.5507|0.3523|0.0000|1245.0000|733.0000|263.7690|15.0000|-80.0000|146.1719|145.6030|120.8881|4.3329|34.0000|5.6651|3.8632|34.0000|4.8218|0.0000|0.0000|0.0000|2017-08-24T06:59:29.061|Freshwater Lake - North America_images_000001.tif|77FBA33A-396B-477A-B41A-6A95420D687F
216|67|1219|25|158|149|1207|342|1|1|0|0.7035|4.5000|0|0.0000|0.0000|0.0000|999.0000|148.0000|12.0000|96.4722|306.7696|300.1177|166.4215|8.1012|377.5220|21.9243|100.9523|5.2763|64.7024|21.9243|215.8124|207.9671|155.7638|25.9857|155608.0000|7.4963|21.5039|1.0377|47.2973|109.9060|0.0000|0.4727|0.0916|0.0000|1060.5000|999.0000|377.5220|-90.0000|5.0000|157.0020|159.1992|148.5636|3.6910|50.0000|5.1432|4.1229|50.0000|5.5595|0.0000|0.0000|0.0000|2017-08-24T06:59:30.018|Freshwater Lake - North America_images_000001.tif|67C6DFA6-32EC-4C25-B31E-3075D13A836E
217|94|1219|30|36|756|516|342|1|1|0|0.7035|4.5000|0|0.0000|0.0000|0.0000|301.0000|27.0000|19.0000|23.2222|80.8701|69.8659|24.0882|18.1870|88.3543|10.6064|15.8287|10.2007|13.1711|10.6064|56.8921|45.9849|124.3821|28.2938|37439.0000|1.7290|3.1104|1.2372|85.2055|109.9060|0.6222|0.4936|0.8414|0.0000|340.5000|301.0000|88.3543|-80.0000|-20.0000|132.3389|128.8571|112.5880|3.6910|50.0000|5.1432|4.1229|50.0000|5.5595|0.0000|0.0000|0.0000|2017-08-24T06:59:30.018|Freshwater Lake - North America_images_000001.tif|69CA1286-AF19-4B81-8CA3-FD7B5F7805B6
218|126|1219|36|31|374|1620|344|1|1|0|0.7035|4.5000|0|0.0000|0.0000|0.0000|405.0000|28.0000|21.0000|24.2222|76.7696|73.3210|27.2495|19.5087|128.8700|12.8095|16.5323|11.6077|13.8746|12.8095|54.0074|48.4156|129.9457|23.5096|52628.0000|1.1580|1.0000|1.1155|81.1515|110.1720|0.7205|0.7113|0.9183|0.0000|393.5000|405.0000|128.8700|15.0000|-90.0000|134.2198|137.0247|114.4272|4.6101|43.0000|5.7673|4.9881|43.0000|6.1664|0.0000|0.0000|0.0000|2017-08-24T06:59:30.274|Freshwater Lake - North America_images_000001.tif|222CF442-8AC7-4FCD-9E86-B0FCC377D756
219|164|1219|91|97|152|1360|345|1|1|0|0.7035|4.5000|0|0.0000|0.0000|0.0000|4365.0000|90.0000|76.0000|82.8611|300.8944|257.4342|82.9462|70.1783|1907.3631|49.2801|60.1493|50.3002|55.1270|49.2801|211.6792|177.9392|105.8495|33.7530|462033.0000|1.6506|2.8324|1.1896|66.0112|110.2660|0.6767|0.6623|0.9416|0.0000|4865.0000|4365.0000|1907.3631|35.0000|-25.0000|111.1966|109.5874|96.4903|3.1951|48.0000|4.4960|4.3430|48.0000|5.7472|0.0000|0.0000|0.0000|2017-08-24T06:59:30.356|Freshwater Lake - North America_images_000001.tif|B4942492-0D59-44B3-9BD7-FEADAC887246
220|257|1219|21|104|980|538|345|1|1|0|0.7035|4.5000|0|0.0000|0.0000|0.0000|727.0000|94.0000|11.0000|62.7778|199.7990|194.2853|104.2809|9.4289|261.2378|18.2378|62.9633|4.5728|40.9984|18.2378|140.5586|133.5140|161.7552|32.2070|117596.0000|4.3696|11.6416|1.0528|51.4124|110.2660|0.0000|0.5332|0.1689|0.0000|733.0000|727.0000|261.2378|-90.0000|0.0000|164.9945|164.2160|155.6836|3.1951|48.0000|4.4960|4.3430|48.0000|5.7472|0.0000|0.0000|0.0000|2017-08-24T06:59:30.356|Freshwater Lake - North America_images_000001.tif|E05E89BC-CD43-4FBA-AE65-5F75BDBB6ED3
221|280|1219|60|34|737|1473|347|1|1|0|0.7035|4.5000|0|0.0000|0.0000|0.0000|779.0000|51.0000|24.0000|39.8333|145.4975|122.0272|52.1677|22.1172|283.2325|18.9901|32.7127|13.7183|24.8570|18.9901|102.3575|82.6804|140.4660|21.7648|109423.0000|2.1625|4.5752|1.2380|68.3435|111.6090|0.2999|0.5036|0.6179|0.0000|921.0000|779.0000|283.2325|-10.0000|-90.0000|144.8973|145.5892|128.7035|4.5327|46.0000|5.8651|4.9391|46.0000|6.2669|0.0000|0.0000|0.0000|2017-08-24T06:59:31.723|Freshwater Lake - North America_images_000001.tif|FE72B9DB-53D8-49AF-83C6-AF8F9437A7FB
222|342|1219|65|96|536|1454|348|1|1|0|0.7035|4.5000|0|0.0000|0.0000|0.0000|3102.0000|89.0000|52.0000|75.7500|272.7523|234.4829|90.3080|49.8512|1323.2339|41.0462|59.4458|33.4162|50.1244|42.9780|191.8812|161.7930|119.7837|34.3772|371569.0000|1.7520|3.1907|1.1860|70.0163|111.7970|0.4009|0.6555|0.8086|0.0000|3714.0000|3379.0000|1450.7183|60.0000|-10.0000|125.0368|122.7079|112.0419|3.3015|40.0000|4.4807|4.3064|40.0000|5.6586|0.0000|0.0000|0.0000|2017-08-24T06:59:31.892|Freshwater Lake - North America_images_000001.tif|DE64F24A-D7A8-40F7-A148-D644F2FBC03D
223|409|1219|30|36|172|635|348|1|1|0|0.7035|4.5000|0|0.0000|0.0000|0.0000|314.0000|28.0000|17.0000|23.1389|78.5269|69.7948|27.8466|15.1759|93.3249|10.9007|16.5323|8.7937|13.1125|10.9007|55.2437|45.9349|128.6083|23.0711|40383.0000|1.5628|2.5114|1.2027|72.0290|111.7970|0.5718|0.6621|0.7950|0.0000|333.5000|314.0000|93.3249|-75.0000|15.0000|134.3726|132.9936|117.8408|3.3015|40.0000|4.4807|4.3064|40.0000|5.6586|0.0000|0.0000|0.0000|2017-08-24T06:59:31.892|Freshwater Lake - North America_images_000001.tif|E2A3654E-54E4-4CF6-9F5C-8E38AB47F949
224|441|1219|37|39|851|1558|349|1|1|0|0.7035|4.5000|0|0.0000|0.0000|0.0000|388.0000|32.0000|24.0000|27.7778|103.5980|84.2442|32.0193|21.5042|122.1416|12.4706|19.3463|13.7183|16.3759|12.4706|72.8812|56.1000|136.4691|34.8561|52950.0000|2.2012|4.7027|1.2991|88.5652|112.0160|0.3719|0.1750|0.6641|0.0000|479.5000|388.0000|122.1416|-60.0000|20.0000|146.3351|144.2448|117.4974|4.4791|32.0000|5.7090|4.1644|32.0000|5.2120|0.0000|0.0000|0.0000|2017-08-24T06:59:32.123|Freshwater Lake - North America_images_000001.tif|01658FD7-F59B-4AA1-850C-4ECD717CDB41
225|480|1219|70|76|275|1621|353|1|1|0|0.7035|4.5000|0|0.0000|0.0000|0.0000|1893.0000|68.0000|60.0000|65.1944|223.2376|201.5504|67.5583|59.1674|772.9924|31.3720|44.6722|39.0442|42.6985|40.9321|157.0477|138.6250|93.3698|37.5013|176749.0000|1.2851|1.2123|1.1329|96.2746|113.4530|0.7425|0.6198|0.9744|0.0000|3145.0000|3086.0000|1315.8831|-70.0000|0.0000|97.6566|97.1368|84.3740|4.6694|80.0000|6.2893|4.9526|80.0000|6.5561|0.0000|0.0000|0.0000|2017-08-24T06:59:33.550|Freshwater Lake - North America_images_000001.tif|48F6F8EA-D165-42FF-B055-9E11F6CE50C6
226|552|1219|36|174|379|1596|354|1|1|0|0.7035|4.5000|0|0.0000|0.0000|0.0000|668.0000|166.0000|12.0000|106.9167|368.2670|332.7349|191.7445|7.3645|236.4483|17.3509|113.6153|5.2763|72.0501|17.3509|259.0758|230.9133|149.2350|18.1545|99689.0000|16.1562|48.7357|1.1220|37.1574|113.6250|0.0000|0.2844|0.0462|0.0000|1049.0000|668.0000|236.4483|-85.0000|5.0000|155.4581|159.1272|127.4281|3.9704|103.0000|5.7969|4.3710|103.0000|6.0742|0.0000|0.0000|0.0000|2017-08-24T06:59:33.740|Freshwater Lake - North America_images_000001.tif|61225493-9170-4C2C-9698-930EDCBABC82
227|590|1219|16|91|417|1481|355|1|1|0|0.7035|4.5000|0|0.0000|0.0000|0.0000|293.0000|81.0000|6.0000|52.6111|165.5563|162.0330|88.3497|4.8231|85.3112|10.4222|53.8178|2.1105|33.8462|10.4222|116.4689|110.8245|130.0614|16.1409|38108.0000|7.4441|21.3396|1.0509|99.5714|113.6880|0.0000|0.3583|0.0953|0.0000|293.5000|293.0000|85.3112|-90.0000|0.0000|135.0512|138.6382|111.4573|3.9756|51.0000|5.5655|4.2694|51.0000|5.8403|0.0000|0.0000|0.0000|2017-08-24T06:59:33.783|Freshwater Lake - North America_images_000001.tif|6210B9F6-69A1-4E67-8DF0-C0B0E938C37C
228|608|1219|19|70|523|1726|356|1|1|0|0.7035|4.5000|0|0.0000|0.0000|0.0000|406.0000|60.0000|9.0000|41.1389|128.7279|126.4326|67.2761|7.9665|129.2669|12.8292|39.0442|3.1658|25.7755|12.8292|90.5601|85.7796|153.9015|28.8901|62484.0000|3.2480|8.0800|1.0557|50.8960|113.8130|0.0000|0.8502|0.2253|0.0000|385.0000|406.0000|129.2669|-90.0000|0.0000|157.9015|157.5049|145.2956|3.9771|40.0000|5.4095|4.2092|40.0000|5.5378|0.0000|0.0000|0.0000|2017-08-24T06:59:33.932|Freshwater Lake - North America_images_000001.tif|136A115A-04D7-4878-826E-B2011621F59B
229|629|1219|43|47|187|647|356|1|1|0|0.7035|4.5000|0|0.0000|0.0000|0.0000|777.0000|38.0000|31.0000|33.8333|111.9828|103.1805|33.4914|30.5084|282.3842|18.9616|23.5673|18.6427|20.6360|18.9616|78.7799|69.4217|117.4839|24.9491|91285.0000|1.2843|1.2047|1.1348|65.9789|113.8130|0.7950|0.8254|0.9640|0.0000|794.5000|777.0000|282.3842|-85.0000|35.0000|123.5972|121.3269|107.5804|3.9771|40.0000|5.4095|4.2092|40.0000|5.5378|0.0000|0.0000|0.0000|2017-08-24T06:59:33.932|Freshwater Lake - North America_images_000001.tif|BB120495-4C6E-42B7-A8E4-D4E524DE92DF
230|674|1219|91|83|410|1486|358|1|1|0|0.7035|4.5000|0|0.0000|0.0000|0.0000|3208.0000|87.0000|57.0000|74.6944|270.3087|231.4603|82.1308|53.4078|1371.9698|41.7953|58.0388|36.9338|49.3818|41.7953|190.1622|159.6666|112.8840|28.8044|362132.0000|1.8125|3.4000|1.1910|69.6807|114.6560|0.4492|0.5215|0.8511|0.0000|3587.5000|3208.0000|1371.9698|-30.0000|45.0000|118.9161|116.3694|103.7615|3.5368|42.0000|4.4481|4.2093|42.0000|5.6665|0.0000|0.0000|0.0000|2017-08-24T06:59:34.751|Freshwater Lake - North America_images_000001.tif|AE083345-4516-4F01-B375-539700085E33
231|767|1219|53|45|185|1479|359|1|1|0|0.7035|4.5000|0|0.0000|0.0000|0.0000|756.0000|44.0000|33.0000|39.4722|175.2965|120.9064|40.6116|30.6424|273.4882|18.6605|27.7883|20.0497|24.6029|18.6605|123.3211|81.8919|136.9153|28.6502|103508.0000|3.2346|8.0372|1.5059|80.9548|114.8910|0.3968|0.3281|0.7438|0.0000|1014.5000|756.0000|273.4882|5.0000|65.0000|142.3532|142.5529|123.7817|4.0031|32.0000|5.3992|3.5874|32.0000|4.6068|0.0000|0.0000|0.0000|2017-08-24T06:59:34.994|Freshwater Lake - North America_images_000001.tif|5C2E561C-ACFA-4D25-ACFA-005ACE1DA647
232|822|1219|23|108|511|1389|360|1|1|0|0.7035|4.5000|0|0.0000|0.0000|0.0000|696.0000|98.0000|12.0000|65.3056|220.8701|201.7943|103.3104|9.8321|248.1895|17.7765|65.7772|5.2763|42.7767|17.7765|155.3821|138.7965|160.4066|23.6844|111643.0000|5.5777|15.4582|1.1195|36.6338|115.1250|0.0000|0.4527|0.1646|0.0000|793.5000|696.0000|248.1895|-90.0000|-5.0000|162.2787|163.0603|154.5144|3.7564|81.0000|5.5345|4.2394|81.0000|5.8220|0.0000|0.0000|0.0000|2017-08-24T06:59:35.240|Freshwater Lake - North America_images_000001.tif|728C51AB-126E-4338-8D62-57839872014B
233|847|1219|78|144|180|1215|362|1|1|0|0.7035|4.5000|0|0.0000|0.0000|0.0000|5405.0000|134.0000|68.0000|105.0556|371.5219|326.4952|140.7361|54.1290|2392.6612|55.1945|91.1033|44.6722|70.7409|55.1945|261.3657|226.5236|99.9177|33.3638|540055.0000|2.0322|4.1429|1.1538|88.0060|115.8280|0.0546|0.5146|0.6054|0.0000|6468.0000|5405.0000|2392.6612|-90.0000|0.0000|106.5106|103.8642|89.6309|3.1538|106.0000|4.1105|4.3603|106.0000|6.0017|0.0000|0.0000|0.0000|2017-08-24T06:59:35.933|Freshwater Lake - North America_images_000001.tif|0D77AEEE-6C36-4444-AF63-661880F09C62
234|927|1219|32|32|996|939|363|1|1|0|0.7035|4.5000|0|0.0000|0.0000|0.0000|364.0000|23.0000|22.0000|22.4722|71.1127|67.3422|22.4617|20.7142|112.7069|11.9793|13.0147|12.3113|12.6434|11.9793|50.0278|44.2095|130.4725|54.0896|47492.0000|1.1056|1.0000|1.1316|49.2742|116.2500|0.9095|0.8680|0.9928|0.0000|350.5000|364.0000|112.7069|-85.0000|0.0000|137.9753|136.8462|115.0907|4.4571|44.0000|5.8518|3.7783|44.0000|5.0704|0.0000|0.0000|0.0000|2017-08-24T06:59:36.356|Freshwater Lake - North America_images_000001.tif|9FA4D4C6-34F5-4C75-84FC-B7D289085F4B
235|961|1219|33|39|835|1274|366|1|1|0|0.7035|4.5000|0|0.0000|0.0000|0.0000|511.0000|31.0000|23.0000|27.0556|86.1838|81.6119|30.2143|21.6624|171.5383|14.7787|18.6427|13.0147|15.8679|14.7787|60.6303|54.2482|94.4031|50.3747|48240.0000|1.1567|1.0000|1.1176|134.6400|117.5780|0.7622|0.8932|0.9415|0.0000|496.5000|511.0000|171.5383|50.0000|0.0000|101.3346|100.7045|79.3620|4.7482|40.0000|6.0548|4.0982|40.0000|5.2156|0.0000|0.0000|0.0000|2017-08-24T06:59:37.670|Freshwater Lake - North America_images_000001.tif|DE1B258B-75C3-4694-8FFA-9DC489E45F3E
236|996|1219|25|113|701|1235|367|1|1|0|0.7035|4.5000|0|0.0000|0.0000|0.0000|469.0000|104.0000|10.0000|68.0833|226.4264|211.0306|119.0507|7.0947|154.4977|14.0254|69.9982|3.8693|44.7309|14.0254|159.2910|145.2943|162.6183|20.2566|76268.0000|8.6990|25.2893|1.0963|40.3271|117.8130|0.0000|0.1892|0.0840|0.0000|719.5000|469.0000|154.4977|75.0000|-5.0000|165.2281|165.5885|155.7932|3.7834|110.0000|5.6027|4.1804|110.0000|5.9668|0.0000|0.0000|0.0000|2017-08-24T06:59:37.903|Freshwater Lake - North America_images_000001.tif|0080286C-E86E-4555-A89E-B8B784DD9B22
237|1023|1219|86|65|492|1571|368|1|1|0|0.7035|4.5000|0|0.0000|0.0000|0.0000|2667.0000|76.0000|53.0000|67.8056|261.9239|209.6653|72.4634|50.6675|1123.9445|37.8292|50.3002|34.1198|44.5355|37.8292|184.2635|144.3338|92.4916|32.8697|246675.0000|2.0470|4.1923|1.2766|88.0255|118.0780|0.5203|0.5577|0.8687|0.0000|3078.0000|2667.0000|1123.9445|0.0000|80.0000|100.1642|96.7840|81.1560|3.3698|43.0000|4.5025|4.2965|43.0000|5.6922|0.0000|0.0000|0.0000|2017-08-24T06:59:38.170|Freshwater Lake - North America_images_000001.tif|78833E50-BA88-4F80-AF59-54049D3FF7E2
238|1111|1219|27|47|620|426|368|1|1|0|0.7035|4.5000|0|0.0000|0.0000|0.0000|392.0000|37.0000|16.0000|28.0278|91.3553|84.8225|35.9007|14.6117|123.7215|12.5510|22.8637|8.0903|16.5518|12.5510|64.2685|56.5069|152.3724|25.7177|59730.0000|1.6942|2.9879|1.1374|54.6420|118.0780|0.4178|0.6871|0.6644|0.0000|412.0000|392.0000|123.7215|-90.0000|-15.0000|156.3699|154.8010|146.0918|3.3698|43.0000|4.5025|4.2965|43.0000|5.6922|0.0000|0.0000|0.0000|2017-08-24T06:59:38.170|Freshwater Lake - North America_images_000001.tif|1DFBB973-2237-4889-A0B6-FC5C2360869A
239|1140|1219|36|48|697|1536|373|1|1|0|0.7035|4.5000|0|0.0000|0.0000|0.0000|596.0000|38.0000|26.0000|31.8333|112.4264|97.1317|33.3810|24.5994|206.4696|16.2137|23.5673|15.1253|19.2290|16.2137|79.0920|65.1664|130.9312|28.4686|78035.0000|1.6876|2.9646|1.2137|80.2200|119.6720|0.6218|0.6123|0.8827|0.0000|641.5000|596.0000|206.4696|-90.0000|0.0000|134.9983|136.7097|118.0151|4.5792|47.0000|5.9930|4.9587|47.0000|6.3821|0.0000|0.0000|0.0000|2017-08-24T06:59:39.792|Freshwater Lake - North America_images_000001.tif|36C59299-54A7-4250-907A-3071DBA6C0D1
240|1178|1219|64|116|194|1496|374|1|1|0|0.7035|4.5000|0|0.0000|0.0000|0.0000|2515.0000|106.0000|54.0000|82.5000|339.9655|256.1643|83.8387|55.1002|1054.6123|36.6439|71.4052|34.8233|54.8730|36.6439|239.1657|177.0458|111.8270|39.9020|281245.0000|3.6570|9.3821|1.3509|66.5294|120.2810|0.0938|0.2052|0.6363|0.0000|3761.0000|2515.0000|1054.6123|-90.0000|0.0000|115.8680|115.0990|103.8521|3.0212|37.0000|3.3870|4.1708|37.0000|5.5788|0.0000|0.0000|0.0000|2017-08-24T06:59:40.379|Freshwater Lake - North America_images_000001.tif|8D1981F0-EA15-4D7F-BD22-873A74DA416A
241|1244|1219|47|86|941|1489|375|1|1|0|0.7035|4.5000|0|0.0000|0.0000|0.0000|1382.0000|76.0000|32.0000|57.1111|226.9949|176.2953|77.8202|27.6059|545.0928|26.3445|50.3002|19.3463|37.0119|26.3445|159.6909|120.8580|110.3531|42.0895|152508.0000|2.9670|7.1818|1.3213|83.4899|121.2660|0.1131|0.5082|0.5162|0.0000|1804.0000|1382.0000|545.0928|-90.0000|-15.0000|116.7142|114.0485|100.6896|0.0000|1.0000|0.0000|3.8684|1.0000|3.8684|0.0000|0.0000|0.0000|2017-08-24T06:59:41.354|Freshwater Lake - North America_images_000001.tif|DBE6CA86-8489-48CA-8BD1-012ADB5A2A6C
242|1293|1219|49|80|730|1604|377|1|1|0|0.7035|4.5000|0|0.0000|0.0000|0.0000|1662.0000|72.0000|37.0000|56.5833|214.9533|174.8497|70.3449|33.0686|669.4876|29.1962|47.4862|22.8637|36.6406|29.1962|151.2196|119.8410|107.4898|36.9200|178648.0000|2.2123|4.7392|1.2618|92.1244|122.1720|0.3114|0.4597|0.7005|0.0000|1968.0000|1662.0000|669.4876|-75.0000|10.0000|113.1949|110.8947|98.6324|3.5682|32.0000|4.3196|4.5698|32.0000|5.5195|0.0000|0.0000|0.0000|2017-08-24T06:59:42.271|Freshwater Lake - North America_images_000001.tif|D9DE17D1-582C-4049-B888-A4C667FFB708
243|1344|1219|43|105|914|1400|378|1|1|0|0.7035|4.5000|0|0.0000|0.0000|0.0000|570.0000|100.0000|18.0000|66.6111|228.6102|205.6783|113.9384|14.5842|195.7274|15.7863|67.1843|9.4973|43.6952|15.7863|160.8273|141.5289|149.1825|30.1782|85034.0000|7.2964|20.8743|1.1364|80.6537|122.2810|0.0000|0.5109|0.1100|0.0000|1095.0000|570.0000|195.7274|70.0000|-20.0000|153.2000|154.1807|137.8474|4.3811|73.0000|5.9657|4.5523|73.0000|6.2233|0.0000|0.0000|0.0000|2017-08-24T06:59:42.386|Freshwater Lake - North America_images_000001.tif|9C4C4554-0BA0-48E1-8FA7-AB60E361C628
244|1389|1219|85|69|660|833|378|1|3|0|0.7035|4.5000|0|0.0000|0.0000|0.0000|696.0000|78.0000|52.0000|64.4722|198.6102|199.5615|74.8517|45.2270|248.1895|17.7765|51.7073|33.4162|42.1904|17.7765|139.7223|137.2258|107.2787|43.5333|74666.0000|4.5101|12.0861|1.0182|87.4457|122.2810|0.1271|0.3638|0.2317|0.0000|2663.5000|696.0000|248.1895|15.0000|-50.0000|111.0776|110.2945|99.8649|4.3811|73.0000|5.9657|4.5523|73.0000|6.2233|0.0000|0.0000|0.0000|2017-08-24T06:59:42.386|Freshwater Lake - North America_images_000001.tif|A241CFD0-B170-4F20-A903-621DAA0E1BFF
245|1476|1219|25|82|590|1352|381|1|1|0|0.7035|4.5000|0|0.0000|0.0000|0.0000|515.0000|72.0000|11.0000|49.2778|196.1838|151.9825|82.8583|10.2081|173.1694|14.8488|47.4862|4.5728|31.5012|14.8488|138.0153|103.7539|162.8019|19.3086|83843.0000|5.9472|16.6234|1.3302|35.7730|123.9220|0.0000|0.5808|0.1882|0.0000|632.0000|515.0000|173.1694|-90.0000|-5.0000|163.9359|165.2893|157.5689|3.9027|61.0000|5.4479|4.3164|61.0000|5.7981|0.0000|0.0000|0.0000|2017-08-24T06:59:44.042|Freshwater Lake - North America_images_000001.tif|CED8A29A-92CA-45D8-919E-84254E84FB41
246|1503|1219|39|37|375|983|382|1|1|0|0.7035|4.5000|0|0.0000|0.0000|0.0000|596.0000|30.0000|27.0000|28.2778|89.2548|85.4497|28.8463|26.3076|206.4696|16.2137|17.9393|15.8287|16.7277|16.2137|62.7908|56.9481|95.8909|27.7943|57151.0000|1.0637|1.0000|1.1026|98.0526|124.2340|0.9234|0.9387|0.9957|0.0000|572.0000|596.0000|206.4696|-35.0000|-90.0000|102.8809|103.0453|79.1577|4.3598|33.0000|5.4902|4.7550|33.0000|5.9250|0.0000|0.0000|0.0000|2017-08-24T06:59:44.350|Freshwater Lake - North America_images_000001.tif|3F9057B6-7137-4CD2-8652-0806FF743704
247|1544|1219|41|42|578|1322|384|1|1|0|0.7035|4.5000|0|0.0000|0.0000|0.0000|722.0000|33.0000|30.0000|31.4722|102.0833|95.9930|30.8370|29.9302|259.1299|18.1641|20.0497|17.9393|18.9749|18.1641|71.8156|64.3653|101.8726|58.3965|73552.0000|1.1486|1.0000|1.1157|99.5000|126.1410|0.9188|0.8891|0.9956|0.0000|710.5000|722.0000|259.1299|10.0000|45.0000|109.1496|108.8878|85.3296|4.7670|48.0000|6.1178|4.0796|48.0000|5.3901|0.0000|0.0000|0.0000|2017-08-24T06:59:46.267|Freshwater Lake - North America_images_000001.tif|28D1090B-9554-48B3-9172-4EC614A30798
248|1587|1219|36|43|261|1554|386|1|1|0|0.7035|4.5000|0|0.0000|0.0000|0.0000|476.0000|35.0000|24.0000|29.6389|111.3553|89.5217|31.2431|22.6671|157.3265|14.1532|21.4567|13.7183|17.6852|14.1532|78.3385|59.8128|138.5567|20.6693|65953.0000|2.0730|4.2789|1.3097|61.2871|127.4220|0.5478|0.3635|0.8135|0.0000|548.0000|476.0000|157.3265|-80.0000|15.0000|141.2290|144.4937|125.9307|4.4245|36.0000|5.6602|4.8445|36.0000|6.1337|0.0000|0.0000|0.0000|2017-08-24T06:59:47.532|Freshwater Lake - North America_images_000001.tif|5D6D88A7-38E0-4720-AF7F-9233905B641E
249|1625|1219|81|76|770|1385|388|1|1|0|0.7035|4.5000|0|0.0000|0.0000|0.0000|2367.0000|71.0000|66.0000|68.6111|231.3381|212.4925|69.5393|64.8675|987.2783|35.4548|46.7828|43.2653|45.1022|44.0512|162.7464|146.3227|86.8458|38.3144|205564.0000|1.2037|1.0000|1.1122|136.2892|127.7500|0.9065|0.9115|0.9962|0.0000|3550.5000|3538.0000|1524.0727|0.0000|-90.0000|93.2767|91.7866|74.7055|5.1074|75.0000|6.7509|5.3371|75.0000|6.9726|0.0000|0.0000|0.0000|2017-08-24T06:59:47.847|Freshwater Lake - North America_images_000001.tif|6912C7EB-6E58-4A72-B784-A1E09BE0BBD3
250|1708|1219|18|87|1026|1082|390|1|1|0|0.7035|4.5000|0|0.0000|0.0000|0.0000|407.0000|77.0000|8.0000|50.9167|161.7990|156.7072|85.6827|6.3062|129.6639|12.8489|51.0038|2.8140|32.6541|12.8489|113.8256|107.0778|163.3145|29.0254|66469.0000|5.1186|14.0090|1.0630|65.0962|128.0780|0.0000|0.6074|0.1404|0.0000|407.0000|407.0000|129.6639|-90.0000|0.0000|165.1204|166.8600|155.6953|4.1340|107.0000|5.9544|4.3980|107.0000|6.2026|0.0000|0.0000|0.0000|2017-08-24T06:59:48.196|Freshwater Lake - North America_images_000001.tif|8EB1EE1D-1793-4C35-86A7-9AD60EA03D22
251|1728|1219|37|37|789|1523|391|1|1|0|0.7035|4.5000|0|0.0000|0.0000|0.0000|564.0000|29.0000|27.0000|27.5833|88.7696|83.6708|27.5953|26.0826|193.2552|15.6863|17.2357|15.8287|16.2391|15.6863|62.4494|55.6967|70.2766|48.1872|39636.0000|1.1118|1.0000|1.1212|126.1154|128.5310|0.9222|0.8737|0.9961|0.0000|546.0000|564.0000|193.2552|-65.0000|0.0000|73.5887|73.2252|63.2039|5.0049|38.0000|6.2626|4.2588|38.0000|5.4917|0.0000|0.0000|0.0000|2017-08-24T06:59:48.632|Freshwater Lake - North America_images_000001.tif|B86BBCC9-85A4-4666-82BD-9FC54D13AF2C
252|1767|1219|33|57|604|1565|392|1|2|0|0.7035|4.5000|0|0.0000|0.0000|0.0000|518.0000|46.0000|22.0000|34.9167|93.9411|106.7435|32.6396|22.3264|174.3936|14.9012|29.1953|12.3113|21.3981|14.9012|66.0876|71.9283|93.9710|45.4443|48677.0000|1.3557|1.6549|0.9188|111.7381|128.9840|0.3197|0.5566|0.8435|0.0000|637.5000|518.0000|174.3936|-90.0000|0.0000|101.8571|100.8958|77.3456|4.5806|36.0000|5.8375|3.9949|36.0000|5.2267|0.0000|0.0000|0.0000|2017-08-24T06:59:49.075|Freshwater Lake - North America_images_000001.tif|69B2D8E8-3346-4A70-A3D4-91C1012605E6
253|1802|1219|22|171|180|1350|395|1|1|0|0.7035|4.5000|0|0.0000|0.0000|0.0000|1119.0000|161.0000|12.0000|103.6944|332.5269|322.3867|167.8424|8.9305|429.6304|23.3885|110.0978|5.2763|69.7833|23.3885|233.9327|223.6333|146.7748|18.0777|164241.0000|7.8635|22.6597|1.0461|41.1796|129.9530|0.0000|0.6237|0.1009|0.0000|1162.0000|1119.0000|429.6304|-90.0000|0.0000|148.9643|150.0706|139.4549|3.8399|121.0000|5.6535|4.2178|121.0000|5.9851|0.0000|0.0000|0.0000|2017-08-24T06:59:50.066|Freshwater Lake - North America_images_000001.tif|2FE5A988-163D-4A7C-8B85-7C70CAA0A755
254|1826|1219|41|95|537|1524|397|1|1|0|0.7035|4.5000|0|0.0000|0.0000|0.0000|564.0000|87.0000|24.0000|60.1667|217.6396|185.5221|96.3115|19.9943|193.2552|15.6863|58.0388|13.7183|39.1615|15.6863|153.1095|127.3490|149.2110|21.7895|84155.0000|6.6832|18.9432|1.2023|53.2864|131.1250|0.0000|0.1876|0.1484|0.0000|1166.0000|564.0000|193.2552|75.0000|-15.0000|152.9096|157.2926|131.9184|4.2903|77.0000|5.8866|4.4120|77.0000|6.0764|0.0000|0.0000|0.0000|2017-08-24T06:59:51.247|Freshwater Lake - North America_images_000001.tif|76CE9047-57D5-4C34-A7FB-F174FC9347EE
255|1869|1219|117|141|745|1495|398|1|1|0|0.7035|4.5000|0|0.0000|0.0000|0.0000|2340.0000|161.0000|29.0000|109.9722|368.9432|342.3040|177.9177|19.5592|975.0142|35.2339|110.0978|17.2357|74.1997|35.2339|259.5515|237.6451|107.6590|28.5089|251922.0000|4.6291|12.4624|1.0922|148.7059|131.2190|0.0000|0.3925|0.1860|0.0000|3380.0000|2340.0000|975.0142|-50.0000|40.0000|122.4949|116.2051|85.2171|4.6345|105.0000|6.5130|3.9838|105.0000|5.3522|0.0000|0.0000|0.0000|2017-08-24T06:59:51.334|Freshwater Lake - North America_images_000001.tif|15235194-A2AD-4202-A10B-FF935752B4D2
256|1988|1219|39|38|535|946|401|1|1|0|0.7035|4.5000|0|0.0000|0.0000|0.0000|581.0000|32.0000|26.0000|28.8611|93.0122|87.5484|30.1001|24.9462|200.2664|15.9683|19.3463|15.1253|17.1380|15.9683|65.4341|58.4245|135.9690|26.0606|78998.0000|1.1849|1.0000|1.1200|57.1605|131.6880|0.8061|0.8115|0.9681|0.0000|578.5000|581.0000|200.2664|25.0000|-20.0000|141.7177|139.3098|127.2306|3.8819|40.0000|5.3370|4.2569|40.0000|5.5810|0.0000|0.0000|0.0000|2017-08-24T06:59:51.804|Freshwater Lake - North America_images_000001.tif|9F167080-E237-4993-ADE3-B5901DE40A0B
257|2029|1219|17|106|443|1597|403|1|1|0|0.7035|4.5000|0|0.0000|0.0000|0.0000|522.0000|96.0000|7.0000|63.0000|198.1421|194.9627|107.4133|6.6186|176.0270|14.9708|64.3702|2.4623|41.1547|14.9708|139.3930|133.9905|155.1705|17.0198|80999.0000|5.9851|16.7431|1.0403|28.1701|132.7340|0.0000|0.5797|0.1148|0.0000|482.5000|522.0000|176.0270|-90.0000|0.0000|159.9387|163.5000|136.9847|3.8582|70.0000|5.5338|4.3001|70.0000|5.7792|0.0000|0.0000|0.0000|2017-08-24T06:59:52.854|Freshwater Lake - North America_images_000001.tif|3CC34540-616B-4ECB-95DD-726DE65F175B
258|2|1395|32|376|385|644|403|1|1|0|0.7035|4.5000|0|0.0000|0.0000|0.0000|2806.0000|366.0000|22.0000|235.9167|753.8822|737.9498|415.6031|9.8689|1187.4924|38.8840|254.3152|12.3113|162.8016|39.2941|530.3561|515.9819|151.6575|20.7063|425551.0000|15.8081|47.6416|1.0279|48.9796|132.7340|0.0000|0.5162|0.0422|0.0000|3534.5000|2861.0000|1212.6732|-90.0000|0.0000|158.6155|157.3974|137.7619|3.8582|70.0000|5.5338|4.3001|70.0000|5.7792|0.0000|0.0000|0.0000|2017-08-24T06:59:52.854|Freshwater Lake - North America_images_000001.tif|18CA5EDF-4384-4FBE-AC67-0ACBB8DCA96C
259|36|1395|45|98|446|1395|404|1|1|0|0.7035|4.5000|0|0.0000|0.0000|0.0000|836.0000|92.0000|12.0000|62.0278|206.2670|191.9217|101.8801|10.8717|307.4829|19.7863|61.5562|5.2763|40.4708|19.7863|145.1088|131.8512|159.2321|21.5812|133118.0000|4.0499|10.6290|1.1006|38.8066|133.2660|0.0000|0.7837|0.2028|0.0000|839.0000|836.0000|307.4829|-70.0000|20.0000|160.1053|161.8278|153.8421|3.9398|66.0000|5.6262|4.2012|66.0000|5.8234|0.0000|0.0000|0.0000|2017-08-24T06:59:53.377|Freshwater Lake - North America_images_000001.tif|0FB65E5F-482E-4264-BD30-0FCBA985ADBF
260|83|1395|32|40|601|836|404|1|1|0|0.7035|4.5000|0|0.0000|0.0000|0.0000|279.0000|35.0000|12.0000|25.0833|81.2548|75.9210|35.0292|10.6621|80.0165|10.0936|21.4567|5.2763|14.4804|10.0936|57.1628|50.2447|98.2079|30.5514|27400.0000|1.8831|3.6415|1.1377|148.6765|133.2660|0.3379|0.6933|0.5299|0.0000|281.5000|279.0000|80.0165|-65.0000|30.0000|99.9498|100.0215|93.9964|3.9398|66.0000|5.6262|4.2012|66.0000|5.8234|0.0000|0.0000|0.0000|2017-08-24T06:59:53.377|Freshwater Lake - North America_images_000001.tif|B722366A-7C4C-470B-89C3-029B0E567ECA
261|117|1395|29|31|1034|1047|405|1|1|0|0.7035|4.5000|0|0.0000|0.0000|0.0000|287.0000|23.0000|18.0000|21.2222|67.4558|63.4599|21.2486|18.2966|83.0372|10.2823|13.0147|9.4973|11.7641|10.2823|47.4552|41.4783|144.6899|35.2092|41526.0000|1.2617|1.0000|1.1441|78.6500|133.6410|0.7611|0.6664|0.9295|0.0000|289.0000|287.0000|83.0372|25.0000|-10.0000|152.2787|150.9512|129.4321|4.1829|34.0000|5.4935|3.8065|34.0000|4.9348|0.0000|0.0000|0.0000|2017-08-24T06:59:53.762|Freshwater Lake - North America_images_000001.tif|902EE975-4C68-4E41-8D8E-92DDCD94D05B
262|148|1395|62|74|137|1146|407|1|1|0|0.7035|4.5000|0|0.0000|0.0000|0.0000|2233.0000|70.0000|49.0000|59.9444|197.7817|185.2253|65.8354|47.8408|926.4754|34.3457|46.0793|31.3057|39.0051|35.7474|139.1394|127.1402|90.1330|36.1494|201267.0000|1.2954|1.3011|1.0944|75.5486|134.5780|0.6422|0.7727|0.9239|0.0000|2468.5000|2403.0000|1003.6402|-65.0000|15.0000|93.5889|94.1017|81.0179|5.0891|74.0000|6.5762|5.2975|74.0000|6.7955|0.0000|0.0000|0.0000|2017-08-24T06:59:54.680|Freshwater Lake - North America_images_000001.tif|11D80DE1-FF7B-4C01-B4F5-BF5CD2D055B5
263|212|1395|62|24|540|1446|408|1|1|0|0.7035|4.5000|0|0.0000|0.0000|0.0000|378.0000|52.0000|14.0000|36.6389|119.6985|112.2347|50.7612|11.4171|118.2010|12.2678|33.4162|6.6833|22.6097|12.2678|84.2079|75.7914|138.8757|25.3969|52495.0000|3.0163|7.3398|1.1110|79.6036|134.6560|0.0441|0.4594|0.3556|0.0000|418.0000|378.0000|118.2010|0.0000|-90.0000|142.8968|143.8333|127.6138|4.2409|48.0000|5.5398|4.5549|48.0000|5.9165|0.0000|0.0000|0.0000|2017-08-24T06:59:54.761|Freshwater Lake - North America_images_000001.tif|E9E1E01B-87AD-4206-AEFD-C1205F495A97
264|276|1395|43|51|776|1356|409|1|1|0|0.7035|4.5000|0|0.0000|0.0000|0.0000|344.0000|51.0000|10.0000|34.7778|114.1249|106.3108|54.4327|8.6921|104.9069|11.5573|32.7127|3.8693|21.3004|11.5573|80.2869|71.6239|147.1919|31.6798|50634.0000|3.0130|7.3290|1.1210|82.1075|135.0940|0.0418|0.5447|0.2883|0.0000|371.5000|344.0000|104.9069|45.0000|-35.0000|150.4302|152.0116|136.5988|4.1943|53.0000|5.7613|4.3896|53.0000|5.9018|0.0000|0.0000|0.0000|2017-08-24T06:59:55.197|Freshwater Lake - North America_images_000001.tif|B5D7411F-01AF-4203-8E94-29E2C95DC989
265|321|1395|25|124|664|1480|410|1|1|0|0.7035|4.5000|0|0.0000|0.0000|0.0000|405.0000|114.0000|9.0000|73.8889|242.6690|229.3487|124.8058|7.3372|128.8700|12.8095|77.0332|3.1658|48.8151|12.8095|170.7176|158.1811|145.4099|8.5672|58891.0000|11.5708|34.3216|1.0793|36.2402|135.7500|0.0000|0.5435|0.0660|0.0000|637.5000|405.0000|128.8700|-90.0000|5.0000|153.6173|157.7654|117.9605|4.0349|91.0000|5.8089|4.2342|91.0000|6.0390|0.0000|0.0000|0.0000|2017-08-24T06:59:55.846|Freshwater Lake - North America_images_000001.tif|011C5BD7-FBDE-4FF1-BBD5-48D126A1E2EF
266|348|1395|38|79|632|1607|411|1|1|0|0.7035|4.5000|0|0.0000|0.0000|0.0000|442.0000|74.0000|9.0000|49.1111|164.4680|151.2857|76.8930|7.9067|143.6323|13.5232|48.8933|3.1658|31.3839|13.5232|115.7032|103.2637|157.5747|30.1775|69648.0000|4.8700|13.2240|1.1205|69.0000|136.5780|0.0000|0.5049|0.1884|0.0000|473.5000|442.0000|143.6323|65.0000|-20.0000|161.3756|162.6855|146.1222|4.0410|53.0000|5.5207|4.3908|53.0000|5.8287|0.0000|0.0000|0.0000|2017-08-24T06:59:56.680|Freshwater Lake - North America_images_000001.tif|6262A134-EEFC-4F3B-81FB-A1CA1426279D
267|388|1395|33|28|522|1437|413|1|1|0|0.7035|4.5000|0|0.0000|0.0000|0.0000|311.0000|25.0000|18.0000|21.0000|65.1127|62.7627|23.4814|16.9663|92.1751|10.8333|14.4217|9.4973|11.6077|10.8333|45.8068|40.9878|142.8071|23.4854|44413.0000|1.0848|1.0000|1.1176|60.3750|136.9530|0.7874|0.8939|0.9437|0.0000|293.0000|311.0000|92.1751|-20.0000|-90.0000|145.3923|147.4759|132.6238|4.2795|40.0000|5.4669|4.7163|40.0000|5.9064|0.0000|0.0000|0.0000|2017-08-24T06:59:57.061|Freshwater Lake - North America_images_000001.tif|AC0C768A-1207-426B-A398-15ED2D238A95
268|423|1395|31|30|361|1522|415|1|1|0|0.7035|4.5000|0|0.0000|0.0000|0.0000|307.0000|26.0000|18.0000|22.2500|71.7990|67.1041|23.2808|17.7052|90.6445|10.7430|15.1253|9.4973|12.4871|10.7430|50.5106|44.0420|139.8143|24.7414|42923.0000|1.3363|1.5548|1.1469|75.4242|138.0780|0.7467|0.7409|0.9139|0.0000|308.5000|307.0000|90.6445|-50.0000|75.0000|142.3062|145.3518|128.0879|4.1010|37.0000|5.3626|4.5458|37.0000|5.8032|0.0000|0.0000|0.0000|2017-08-24T06:59:58.174|Freshwater Lake - North America_images_000001.tif|6F741985-D64F-4E95-9ECB-329D103ACE88
269|456|1395|92|59|792|1553|416|1|1|0|0.7035|4.5000|0|0.0000|0.0000|0.0000|1401.0000|93.0000|21.0000|63.5278|208.2082|196.8174|94.7383|19.2172|553.4908|26.5467|62.2598|11.6077|41.5261|26.5467|146.4745|135.2953|116.8815|25.6227|163751.0000|2.4623|5.5557|1.0826|115.6416|138.2340|0.0000|0.9110|0.3818|0.0000|1449.5000|1401.0000|553.4908|-25.0000|55.0000|128.9272|122.6902|100.9086|4.6024|66.0000|6.2355|4.1188|66.0000|5.5369|0.0000|0.0000|0.0000|2017-08-24T06:59:58.356|Freshwater Lake - North America_images_000001.tif|C3D1C05F-A359-415B-BA39-F7F480567B03
270|550|1395|40|47|892|1298|416|1|1|0|0.7035|4.5000|0|0.0000|0.0000|0.0000|640.0000|37.0000|28.0000|32.0833|110.6690|97.6844|31.8275|26.9858|224.7518|16.9164|22.8637|16.5323|19.4049|16.9164|77.8556|65.5552|133.6547|26.1539|85539.0000|1.5229|2.3606|1.1876|87.2474|138.2340|0.7307|0.6834|0.9360|0.0000|685.0000|640.0000|224.7518|-90.0000|-35.0000|139.6922|136.6312|125.5250|4.6024|66.0000|6.2355|4.1188|66.0000|5.5369|0.0000|0.0000|0.0000|2017-08-24T06:59:58.356|Freshwater Lake - North America_images_000001.tif|93EC74CE-A15C-4AE1-8DD4-5B7CD82FF964
271|592|1395|31|36|556|1117|417|1|1|0|0.7035|4.5000|0|0.0000|0.0000|0.0000|289.0000|31.0000|12.0000|23.2500|73.0122|70.0673|31.5359|11.8173|83.7944|10.3291|18.6427|5.2763|13.1906|10.3291|51.3641|46.1266|150.3183|44.8651|43442.0000|1.4679|2.1453|1.1135|70.2131|138.3750|0.4539|0.7470|0.6489|0.0000|277.0000|289.0000|83.7944|-65.0000|35.0000|152.7093|154.0484|142.0900|3.9726|46.0000|5.2869|4.3531|46.0000|5.7243|0.0000|0.0000|0.0000|2017-08-24T06:59:58.479|Freshwater Lake - North America_images_000001.tif|9E7B7890-7E74-42C4-AF3E-4158B831E33C
272|625|1395|34|31|760|1390|421|1|1|0|0.7035|4.5000|0|0.0000|0.0000|0.0000|336.0000|26.0000|17.0000|22.1389|69.5980|66.0150|25.7289|16.7003|101.8040|11.3851|15.1253|8.7937|12.4090|11.3851|48.9622|43.2758|136.9494|33.3714|46015.0000|1.1472|1.0000|1.1314|65.3621|139.2340|0.7242|0.8725|0.9094|0.0000|318.0000|336.0000|101.8040|15.0000|-65.0000|142.8363|142.8839|123.0595|3.8060|120.0000|5.6009|4.2477|120.0000|6.0692|0.0000|0.0000|0.0000|2017-08-24T06:59:59.350|Freshwater Lake - North America_images_000001.tif|F08A16A8-E156-4CE7-9EDA-AB8E7E17ED04
273|661|1395|35|31|896|1455|422|1|1|0|0.7035|4.5000|0|0.0000|0.0000|0.0000|342.0000|26.0000|21.0000|23.8333|79.1127|71.6385|23.7511|20.2068|104.1302|11.5145|15.1253|11.6077|13.6010|11.5145|55.6558|47.2319|114.7222|45.8696|39235.0000|1.4563|2.0987|1.1784|98.7000|140.3750|0.7100|0.5807|0.8956|0.0000|367.0000|342.0000|104.1302|10.0000|-90.0000|118.3480|117.2924|108.3158|0.0000|1.0000|0.0000|3.7677|1.0000|3.7677|0.0000|0.0000|0.0000|2017-08-24T07:00:00.468|Freshwater Lake - North America_images_000001.tif|E9CFE229-D08D-4EBC-90C0-213BC8D5292B
274|698|1395|22|69|332|1252|425|1|1|0|0.7035|4.5000|0|0.0000|0.0000|0.0000|299.0000|59.0000|10.0000|40.0000|149.2132|122.7653|58.3205|10.3671|87.5924|10.5606|38.3407|3.8693|24.9743|13.4854|104.9715|83.1996|161.2609|17.2130|48217.0000|4.0267|10.5556|1.2617|25.1888|141.0470|0.0350|0.6046|0.3193|0.0000|467.0000|440.0000|142.8304|-90.0000|5.0000|160.7191|162.5652|158.8662|4.0029|42.0000|5.2568|4.1103|42.0000|5.3593|0.0000|0.0000|0.0000|2017-08-24T07:00:01.152|Freshwater Lake - North America_images_000001.tif|D017BBB0-22ED-4F67-ACB3-24094C78E94E
275|722|1395|20|85|814|1414|427|1|1|0|0.7035|4.5000|0|0.0000|0.0000|0.0000|398.0000|75.0000|10.0000|49.9444|160.0416|153.7661|83.1872|6.6551|126.0951|12.6708|49.5968|3.8693|31.9701|12.6708|112.5893|105.0087|145.6281|15.9436|57960.0000|5.1212|14.0174|1.0722|52.0850|141.6560|0.0000|0.5927|0.1455|0.0000|433.0000|398.0000|126.0951|-90.0000|0.0000|151.5628|154.7085|125.4950|4.0969|76.0000|5.8440|4.4148|76.0000|6.1175|0.0000|0.0000|0.0000|2017-08-24T07:00:01.745|Freshwater Lake - North America_images_000001.tif|D3DBDCA6-63BD-4E85-8D11-3B6EFCDB5A51
276|744|1395|27|49|278|1561|428|1|1|0|0.7035|4.5000|0|0.0000|0.0000|0.0000|349.0000|39.0000|17.0000|29.6111|100.3259|89.7543|42.8071|14.5126|106.8513|11.6639|24.2707|8.7937|17.6657|11.6639|70.5793|59.9764|107.3123|22.5755|37452.0000|2.2950|5.0105|1.1768|97.0235|142.3280|0.2080|0.2195|0.4350|0.0000|458.5000|349.0000|106.8513|-90.0000|0.0000|110.7908|111.5501|97.6619|4.2101|41.0000|5.6133|4.4584|41.0000|5.8644|0.0000|0.0000|0.0000|2017-08-24T07:00:02.449|Freshwater Lake - North America_images_000001.tif|94150FAE-863A-4C1B-9DE2-574B03BF368F
277|773|1395|28|76|874|1564|429|1|1|0|0.7035|4.5000|0|0.0000|0.0000|0.0000|541.0000|67.0000|11.0000|45.8056|147.5980|140.6361|73.1798|9.8612|183.8036|15.2979|43.9688|4.5728|29.0585|15.2979|103.8352|95.7717|119.6673|27.5194|64740.0000|3.2045|7.9412|1.0842|84.4412|142.6090|0.0000|0.7532|0.2527|0.0000|548.5000|541.0000|183.8036|-85.0000|10.0000|128.3420|126.6710|102.6673|4.4068|58.0000|5.9551|4.6289|58.0000|6.1679|0.0000|0.0000|0.0000|2017-08-24T07:00:02.723|Freshwater Lake - North America_images_000001.tif|4D5D6A02-B99A-48A9-A8DC-140B4FF06282
278|803|1395|35|32|719|1248|431|1|1|0|0.7035|4.5000|0|0.0000|0.0000|0.0000|426.0000|25.0000|22.0000|24.1389|75.9411|72.5379|24.5185|22.1783|137.2296|13.2184|14.4217|12.3113|13.8160|13.2184|53.4246|47.8647|122.1667|58.1963|52043.0000|1.0773|1.0000|1.1162|56.8485|143.8910|0.9066|0.8572|0.9925|0.0000|408.0000|426.0000|137.2296|0.0000|-90.0000|129.6596|127.9085|108.0469|4.3491|34.0000|5.6344|4.0195|34.0000|5.2052|0.0000|0.0000|0.0000|2017-08-24T07:00:04.000|Freshwater Lake - North America_images_000001.tif|3910F180-415B-4467-94E2-6F6D16D78394
279|840|1395|51|32|694|1173|431|1|1|0|0.7035|4.5000|0|0.0000|0.0000|0.0000|627.0000|41.0000|22.0000|33.6389|110.3259|102.4919|44.0195|19.6984|219.3374|16.7113|25.6777|12.3113|20.4992|16.7113|77.6143|68.9373|131.2360|24.7961|82285.0000|1.5448|2.4440|1.1259|59.4842|143.8910|0.3623|0.5652|0.6865|0.0000|680.0000|627.0000|219.3374|0.0000|-90.0000|138.3030|134.9553|121.1818|4.3491|34.0000|5.6344|4.0195|34.0000|5.2052|0.0000|0.0000|0.0000|2017-08-24T07:00:04.000|Freshwater Lake - North America_images_000001.tif|2BB7DF4B-652F-4A86-AC4A-E64B3D8A5F04
280|893|1395|58|54|534|1588|432|1|1|0|0.7035|4.5000|0|0.0000|0.0000|0.0000|1233.0000|51.0000|38.0000|46.3333|197.7817|142.5036|53.2888|36.7526|479.4872|24.7083|32.7127|23.5673|29.4297|24.7083|139.1394|97.0855|97.6610|32.4383|120416.0000|2.5246|5.7577|1.4332|84.0514|144.0780|0.2797|0.2982|0.7493|0.0000|1501.0000|1233.0000|479.4872|-70.0000|70.0000|103.1176|102.4517|86.1768|4.9523|53.0000|6.2937|5.1975|53.0000|6.5380|0.0000|0.0000|0.0000|2017-08-24T07:00:04.191|Freshwater Lake - North America_images_000001.tif|6679F9AA-A9F2-4684-9D7B-7245CC973E1E
281|953|1395|22|78|560|1419|434|1|1|0|0.7035|4.5000|0|0.0000|0.0000|0.0000|471.0000|69.0000|12.0000|46.5000|164.2843|142.7931|78.6178|10.4339|155.3054|14.0620|45.3758|5.2763|29.5470|14.0620|115.5740|97.2892|162.6837|19.7001|76624.0000|4.5600|12.2439|1.1879|35.5577|145.6720|0.0000|0.3764|0.1907|0.0000|574.0000|471.0000|155.3054|85.0000|0.0000|164.2739|165.1720|157.2017|3.6125|51.0000|5.1421|4.1368|51.0000|5.5828|0.0000|0.0000|0.0000|2017-08-24T07:00:05.761|Freshwater Lake - North America_images_000001.tif|AA96D079-B2A5-4398-B7CD-CD76493A4CB4
282|977|1395|42|44|771|1614|435|1|1|0|0.7035|4.5000|0|0.0000|0.0000|0.0000|823.0000|35.0000|32.0000|33.3333|106.9117|101.4546|33.3574|31.5312|301.9399|19.6072|21.4567|19.3463|20.2842|19.6072|75.2124|68.2076|95.2199|43.4875|78366.0000|1.1052|1.0000|1.1027|97.6957|145.8440|0.9116|0.8768|0.9947|0.0000|802.5000|823.0000|301.9399|-65.0000|0.0000|104.0267|99.9380|82.6112|4.7110|35.0000|5.9405|4.2044|35.0000|5.3626|0.0000|0.0000|0.0000|2017-08-24T07:00:05.953|Freshwater Lake - North America_images_000001.tif|F9C9EE61-6817-40FA-90A4-F1DF597FED42
283|1021|1395|33|30|779|985|437|1|1|0|0.7035|4.5000|0|0.0000|0.0000|0.0000|317.0000|25.0000|18.0000|21.4167|67.9411|64.1398|23.2349|17.6989|94.4762|10.9677|14.4217|9.4973|11.9009|10.9677|47.7966|41.9566|128.5899|29.9286|40763.0000|1.1588|1.0000|1.1392|82.6897|146.6090|0.7876|0.7924|0.9462|0.0000|305.0000|317.0000|94.4762|30.0000|-75.0000|134.0536|132.5457|118.8013|3.8224|40.0000|5.1850|4.1775|40.0000|5.5329|0.0000|0.0000|0.0000|2017-08-24T07:00:06.721|Freshwater Lake - North America_images_000001.tif|BC5AC1C2-4008-4786-BE8A-5616CC21B052
284|1056|1395|31|42|245|1562|439|1|1|0|0.7035|4.5000|0|0.0000|0.0000|0.0000|368.0000|33.0000|17.0000|26.3889|88.7696|79.9970|33.2034|15.4952|114.2739|12.0623|20.0497|8.7937|15.3988|12.0623|62.4494|53.1121|133.9266|22.8862|49285.0000|1.7040|3.0224|1.1758|70.8718|146.7810|0.4563|0.3995|0.6980|0.0000|401.5000|368.0000|114.2739|85.0000|-20.0000|139.4891|141.4918|116.8832|4.1250|53.0000|5.5245|4.4343|53.0000|5.8851|0.0000|0.0000|0.0000|2017-08-24T07:00:06.872|Freshwater Lake - North America_images_000001.tif|47CCA242-A69C-42C1-B283-C8261FB9B764
285|1089|1395|52|140|193|1215|440|1|1|0|0.7035|4.5000|0|0.0000|0.0000|0.0000|778.0000|136.0000|11.0000|88.3611|294.8944|274.2851|153.0689|6.8634|282.8084|18.9758|92.5102|4.5728|58.9963|18.9758|207.4582|189.7938|141.7648|28.3046|110293.0000|8.8950|25.9057|1.0931|78.5513|147.0000|0.0000|0.7149|0.0844|0.0000|851.5000|778.0000|282.8084|70.0000|-15.0000|142.3638|147.2699|130.7352|4.7766|46.0000|6.0969|4.9432|46.0000|6.2651|0.0000|0.0000|0.0000|2017-08-24T07:00:07.085|Freshwater Lake - North America_images_000001.tif|CC7DAE03-BE21-40E4-971B-58857082083A
286|1143|1395|25|139|682|1430|441|1|1|0|0.7035|4.5000|0|0.0000|0.0000|0.0000|655.0000|129.0000|8.0000|84.0000|275.8406|260.6163|143.5936|6.2633|231.0120|17.1503|87.5858|2.8140|55.9282|17.1503|194.0539|180.1778|146.4763|18.4788|95942.0000|9.2441|27.0042|1.0770|53.5247|147.2030|0.0000|0.4619|0.0807|0.0000|749.5000|655.0000|231.0120|-90.0000|-5.0000|151.5145|155.8382|126.1771|4.5107|62.0000|6.0375|4.7102|62.0000|6.2808|0.0000|0.0000|0.0000|2017-08-24T07:00:07.311|Freshwater Lake - North America_images_000001.tif|9D394F33-8580-4B32-8E61-519501F48AC5
287|1170|1395|44|64|529|1554|444|1|1|0|0.7035|4.5000|0|0.0000|0.0000|0.0000|859.0000|57.0000|34.0000|45.5556|199.8822|140.0744|51.9417|29.3356|317.3065|20.0999|36.9338|20.7533|28.8826|20.0999|140.6171|95.3766|109.5134|39.4285|94072.0000|3.7012|9.5227|1.4743|112.9000|148.2660|0.2828|0.2427|0.6147|0.0000|1179.5000|859.0000|317.3065|-80.0000|0.0000|114.2026|114.3003|98.3632|4.7787|38.0000|6.0587|4.9698|38.0000|6.2610|0.0000|0.0000|0.0000|2017-08-24T07:00:08.378|Freshwater Lake - North America_images_000001.tif|D774359D-EA38-4C9F-A894-997D2DAF9E5C
288|1216|1395|48|45|532|948|444|1|1|0|0.7035|4.5000|0|0.0000|0.0000|0.0000|889.0000|40.0000|33.0000|36.8889|128.6690|112.8181|36.6657|32.3078|330.1509|20.5027|24.9743|20.0497|22.7856|20.5027|90.5186|76.2018|113.0135|43.7166|100469.0000|1.4820|2.2015|1.1879|128.1217|148.2660|0.7226|0.5544|0.9479|0.0000|946.5000|889.0000|330.1509|-15.0000|75.0000|117.9505|117.0079|103.3318|4.7787|38.0000|6.0587|4.9698|38.0000|6.2610|0.0000|0.0000|0.0000|2017-08-24T07:00:08.378|Freshwater Lake - North America_images_000001.tif|A3093E37-3A52-493D-A2C0-77B90CF0F0B9
289|1266|1395|169|77|123|1067|446|1|1|0|0.7035|4.5000|0|0.0000|0.0000|0.0000|551.0000|172.0000|24.0000|112.1944|372.4335|348.7889|197.2982|21.1216|187.9081|15.4678|117.8363|13.7183|75.7630|15.4678|262.0070|242.2072|126.1071|11.9391|69485.0000|20.0325|60.9177|1.0817|118.1223|149.0310|0.0000|0.2708|0.0356|0.0000|2314.0000|551.0000|187.9081|-25.0000|70.0000|129.8475|127.6352|121.6461|4.2009|90.0000|5.7802|4.5760|90.0000|6.1141|0.0000|0.0000|0.0000|2017-08-24T07:00:09.123|Freshwater Lake - North America_images_000001.tif|A69DE36E-2F0F-4C03-90DC-690E12D59101
290|1437|1395|34|38|680|1278|449|1|1|0|0.7035|4.5000|0|0.0000|0.0000|0.0000|480.0000|30.0000|23.0000|26.5833|87.3553|80.5684|28.6700|21.5872|158.9450|14.2259|17.9393|13.0147|15.5356|14.2259|61.4545|53.5141|99.8354|52.1616|47921.0000|1.2651|1.0000|1.1484|120.9610|149.9380|0.7730|0.8089|0.9490|0.0000|488.0000|480.0000|158.9450|60.0000|-10.0000|106.2042|106.3812|84.5833|4.5846|43.0000|5.9403|3.9431|43.0000|5.2728|0.0000|0.0000|0.0000|2017-08-24T07:00:10.028|Freshwater Lake - North America_images_000001.tif|61A51E23-FDA0-4D4E-96D7-DB4AB2E94E77
291|1473|1395|138|420|129|861|452|1|1|0|0.7035|4.5000|0|0.0000|0.0000|0.0000|29354.0000|411.0000|119.0000|294.8611|1257.8793|922.8130|446.7009|96.2762|13859.2100|132.8386|285.9728|80.5508|204.2690|133.2711|884.9181|646.0332|116.0781|30.8747|3407356.0000|4.2623|11.3019|1.3698|51.0579|151.0000|0.0000|0.3773|0.3603|0.0000|39191.5000|29541.0000|13949.6078|-85.0000|5.0000|120.9936|119.1127|108.2418|3.1775|378.0000|4.7561|4.3625|378.0000|6.6496|0.0000|0.0000|0.0000|2017-08-24T07:00:11.106|Freshwater Lake - North America_images_000001.tif|39C3E6BF-B511-4ED5-9D54-36551ABB2AFA
292|1613|1395|44|46|984|1383|454|1|1|0|0.7035|4.5000|0|0.0000|0.0000|0.0000|722.0000|37.0000|32.0000|34.1111|119.0122|103.9941|32.9873|30.0217|259.1299|18.1641|22.8637|19.3463|20.8314|18.1641|83.7251|69.9941|93.6066|45.1142|67584.0000|1.5611|2.5052|1.1962|125.6916|152.1720|0.6892|0.5812|0.9241|0.0000|794.5000|722.0000|259.1299|85.0000|20.0000|98.7756|97.0374|84.9446|4.8425|46.0000|6.2013|5.1470|46.0000|6.4793|0.0000|0.0000|0.0000|2017-08-24T07:00:12.274|Freshwater Lake - North America_images_000001.tif|18605F13-A046-425F-AA78-FC7EE8DA587D
293|1659|1395|19|113|726|1564|455|1|1|0|0.7035|4.5000|0|0.0000|0.0000|0.0000|639.0000|103.0000|9.0000|66.8889|217.3553|206.9786|106.0676|7.9741|224.3350|16.9007|69.2948|3.1658|43.8906|16.9007|152.9095|142.4437|143.3067|24.1139|91573.0000|5.8834|16.4224|1.0735|53.6184|152.4380|0.0000|0.7384|0.1438|0.0000|656.5000|639.0000|224.3350|-90.0000|0.0000|150.8310|149.5790|128.1487|3.9481|70.0000|5.6139|4.3019|70.0000|5.8580|0.0000|0.0000|0.0000|2017-08-24T07:00:12.526|Freshwater Lake - North America_images_000001.tif|A0A6A44A-9E20-474C-AE0C-62F5394C1E19
294|1680|1395|20|115|960|1201|455|1|1|0|0.7035|4.5000|0|0.0000|0.0000|0.0000|940.0000|105.0000|10.0000|70.6111|222.9706|218.3585|112.8373|10.8302|352.0625|21.1721|70.7018|3.8693|46.5092|21.1721|156.8598|150.4495|159.3979|32.4136|149834.0000|4.2088|11.1325|1.0426|51.0413|152.4380|0.0000|0.8666|0.1863|0.0000|885.0000|940.0000|352.0625|-90.0000|0.0000|162.4181|162.3574|152.4394|3.9481|70.0000|5.6139|4.3019|70.0000|5.8580|0.0000|0.0000|0.0000|2017-08-24T07:00:12.526|Freshwater Lake - North America_images_000001.tif|D3615262-E2CD-4214-AEE0-8ABF23C31EC5
295|1702|1395|21|83|216|1579|456|1|1|0|0.7035|4.5000|0|0.0000|0.0000|0.0000|519.0000|73.0000|11.0000|49.2500|155.2132|151.5819|82.0682|8.4427|174.8018|14.9186|48.1898|4.5728|31.4816|14.9186|109.1925|103.4721|154.3333|27.2106|80099.0000|3.6939|9.4993|1.0553|49.5369|152.5310|0.0000|0.6360|0.1942|0.0000|520.5000|519.0000|174.8018|-90.0000|0.0000|155.5299|158.4644|145.7495|4.0105|45.0000|5.3669|4.2223|45.0000|5.5524|0.0000|0.0000|0.0000|2017-08-24T07:00:12.631|Freshwater Lake - North America_images_000001.tif|36ECBEC6-6644-44A7-B827-EF16474E002E
296|1725|1395|19|69|354|750|457|1|1|0|0.7035|4.5000|0|0.0000|0.0000|0.0000|352.0000|59.0000|9.0000|39.5000|132.3848|120.9837|62.3344|8.4684|108.0198|11.7275|38.3407|3.1658|24.6225|11.7275|93.1327|81.9463|167.4602|19.1326|58946.0000|3.9621|10.3506|1.1365|27.5433|152.6090|0.0000|0.4038|0.2265|0.0000|380.0000|352.0000|108.0198|-90.0000|0.0000|168.4744|169.9886|162.1392|3.2835|30.0000|4.4517|3.9817|30.0000|5.3160|0.0000|0.0000|0.0000|2017-08-24T07:00:12.729|Freshwater Lake - North America_images_000001.tif|BECED0B6-AD61-4499-8F30-0A7F4346F72A
297|1746|1395|42|34|530|1469|460|1|1|0|0.7035|4.5000|0|0.0000|0.0000|0.0000|516.0000|34.0000|21.0000|28.3056|91.8406|85.8563|34.0162|19.6551|173.5773|14.8663|20.7533|11.6077|16.7472|14.8663|64.6099|57.2342|107.6996|30.1978|55573.0000|1.3008|1.3407|1.1289|58.3671|152.8910|0.6136|0.7522|0.8513|0.0000|516.0000|516.0000|173.5773|-35.0000|65.0000|111.6298|111.0756|99.4826|4.2120|40.0000|5.6682|4.5133|40.0000|5.9752|0.0000|0.0000|0.0000|2017-08-24T07:00:13.010|Freshwater Lake - North America_images_000001.tif|D948C0B9-4B42-442A-B2C4-639639B656A0
298|1790|1395|91|210|901|1443|461|1|1|0|0.7035|4.5000|0|0.0000|0.0000|0.0000|2778.0000|212.0000|21.0000|138.6944|516.3747|432.5243|224.2694|17.2381|1174.6807|38.6736|145.9762|11.6077|94.4058|38.6736|363.2696|301.1151|127.8117|29.7329|355061.0000|7.6381|21.9504|1.2064|115.5629|153.0310|0.0000|0.6057|0.1398|0.0000|3367.0000|2778.0000|1174.6807|-70.0000|20.0000|138.1742|133.6929|112.3463|4.3869|125.0000|6.3044|4.3689|125.0000|5.5577|0.0000|0.0000|0.0000|2017-08-24T07:00:13.118|Freshwater Lake - North America_images_000001.tif|65CA6749-4FF2-4B0F-AE2B-C9A091490580
299|1883|1395|140|110|899|1380|462|1|1|0|0.7035|4.5000|0|0.0000|0.0000|0.0000|2209.0000|161.0000|22.0000|106.9444|361.8305|332.9997|178.4401|17.5651|915.6027|34.1435|110.0978|12.3113|72.0696|34.1435|254.5478|231.0995|127.7134|36.1407|282119.0000|4.7163|12.7383|1.1015|87.9175|153.3440|0.0000|0.2803|0.1750|0.0000|2661.0000|2209.0000|915.6027|35.0000|-50.0000|138.2780|133.6252|112.0869|4.6620|90.0000|6.3188|3.8746|90.0000|5.4360|0.0000|0.0000|0.0000|2017-08-24T07:00:13.437|Freshwater Lake - North America_images_000001.tif|DA38FE04-AB19-44DD-B751-83DEAA6B988F
300|2|1817|119|71|694|1455|463|1|1|0|0.7035|4.5000|0|0.0000|0.0000|0.0000|3747.0000|111.0000|58.0000|87.1389|337.3797|270.4824|104.2394|51.2174|1620.6737|45.4258|74.9228|37.6373|58.1365|45.6522|237.3466|187.1186|143.7139|18.7762|538496.0000|2.3950|5.3368|1.2684|46.1221|154.0160|0.2234|0.5171|0.7140|0.0000|4460.0000|3782.0000|1636.8698|-15.0000|85.0000|148.5647|146.3512|136.7043|3.5469|38.0000|4.3332|4.3381|38.0000|5.5287|0.0000|0.0000|0.0000|2017-08-24T07:00:14.112|Freshwater Lake - North America_images_000001.tif|D0525E77-632F-4952-9176-EE00BBE3DB27
301|123|1817|27|105|360|1586|464|1|1|0|0.7035|4.5000|0|0.0000|0.0000|0.0000|632.0000|96.0000|10.0000|63.4167|204.1838|196.2453|107.2507|8.0402|221.4187|16.7904|64.3702|3.8693|41.4479|16.7904|143.6433|134.8928|155.4604|27.3055|98251.0000|5.2495|14.4224|1.0649|47.5078|154.2500|0.0000|0.5555|0.1391|0.0000|671.5000|632.0000|221.4187|75.0000|-5.0000|158.9098|159.5997|146.0016|3.8631|34.0000|5.1677|4.0602|34.0000|5.4246|0.0000|0.0000|0.0000|2017-08-24T07:00:14.353|Freshwater Lake - North America_images_000001.tif|C41A8D8A-5401-4514-9210-9BED3617AE02
302|152|1817|20|86|688|1455|466|1|1|0|0.7035|4.5000|0|0.0000|0.0000|0.0000|339.0000|77.0000|7.0000|50.6389|162.0416|156.1030|85.9298|5.4098|102.9664|11.4499|51.0038|2.4623|32.4587|11.4499|113.9963|106.6527|163.8378|23.7903|55541.0000|6.1637|17.3061|1.0689|38.9355|155.1250|0.0000|0.5986|0.1164|0.0000|367.0000|339.0000|102.9664|85.0000|-5.0000|165.7817|167.4100|156.1209|3.7782|38.0000|5.0765|4.2224|38.0000|5.5448|0.0000|0.0000|0.0000|2017-08-24T07:00:15.226|Freshwater Lake - North America_images_000001.tif|A3BD9783-93E9-4D61-8213-1B7DC20473B4
303|174|1817|28|40|310|1552|467|1|1|0|0.7035|4.5000|0|0.0000|0.0000|0.0000|326.0000|32.0000|15.0000|24.7222|80.2843|74.7377|33.2972|13.4973|97.9397|11.1669|19.3463|7.3868|14.2263|11.1669|56.4800|49.4122|144.7883|22.8097|47201.0000|1.5734|2.5509|1.1430|64.7222|155.5000|0.4052|0.4339|0.6431|0.0000|340.0000|326.0000|97.9397|60.0000|-20.0000|146.9233|149.5583|134.6380|3.8444|35.0000|5.1804|4.2832|35.0000|5.6233|0.0000|0.0000|0.0000|2017-08-24T07:00:15.619|Freshwater Lake - North America_images_000001.tif|068F3314-7AE8-4301-AF88-FE0499CF3ADA
304|204|1817|21|158|666|1254|468|1|1|0|0.7035|4.5000|0|0.0000|0.0000|0.0000|852.0000|148.0000|11.0000|96.3889|306.8701|299.5778|164.8095|7.6427|314.3145|20.0049|100.9523|4.5728|64.6438|20.0049|215.8831|207.5872|163.3826|24.1012|139202.0000|8.7955|25.5928|1.0400|35.4348|155.9060|0.0000|0.4486|0.0797|0.0000|964.5000|852.0000|314.3145|-90.0000|0.0000|165.5352|166.6960|156.0974|4.0019|111.0000|5.7220|4.2588|111.0000|6.0096|0.0000|0.0000|0.0000|2017-08-24T07:00:16.015|Freshwater Lake - North America_images_000001.tif|CAC108E5-6A66-4635-80DD-8F54F9DAACF1
305|227|1817|26|40|723|980|468|1|1|0|0.7035|4.5000|0|0.0000|0.0000|0.0000|293.0000|33.0000|14.0000|24.8889|85.4558|75.1159|33.1743|12.1580|85.3112|10.4222|20.0497|6.6833|14.3436|10.4222|60.1182|49.6783|142.0887|17.2599|41632.0000|1.9834|3.9797|1.2101|41.2692|155.9060|0.3833|0.4363|0.5977|0.0000|318.5000|293.0000|85.3112|-65.0000|5.0000|151.3447|148.4403|126.0751|4.0019|111.0000|5.7220|4.2588|111.0000|6.0096|0.0000|0.0000|0.0000|2017-08-24T07:00:16.015|Freshwater Lake - North America_images_000001.tif|37CBAA12-0732-4C3C-A26D-B754020B135B
306|2|2|27|349|868|772|471|1|1|0|0.7035|4.5000|0|0.0000|0.0000|0.0000|3667.0000|339.0000|17.0000|219.9444|698.1838|687.7607|385.7981|13.1376|1583.6742|44.9043|235.3208|8.7937|151.5651|44.9043|491.1723|480.6739|151.3022|44.7045|554825.0000|10.5784|31.2009|1.0218|37.3333|157.4060|0.0000|0.6549|0.0627|0.0000|4239.5000|3667.0000|1583.6742|-90.0000|0.0000|154.7600|156.6111|139.5509|4.2871|400.0000|6.7639|4.5815|400.0000|7.0468|0.0000|0.0000|0.0000|2017-08-24T07:00:17.522|Freshwater Lake - North America_images_000002.tif|2C8B1B0E-051C-4272-8D38-0E92B7E61814
307|31|2|21|127|685|467|472|1|1|0|0.7035|4.5000|0|0.0000|0.0000|0.0000|681.0000|117.0000|11.0000|77.1944|249.9411|239.4374|132.8159|8.1958|241.8942|17.5496|79.1437|4.5728|51.1405|17.5496|175.8336|165.2785|157.3333|26.0621|107144.0000|7.2999|20.8855|1.0639|55.7667|158.2500|0.0000|0.3231|0.0979|0.0000|892.5000|681.0000|241.8942|-90.0000|0.0000|161.7841|163.2129|144.1557|3.4208|9.0000|3.4964|4.1800|9.0000|4.8691|0.0000|0.0000|0.0000|2017-08-24T07:00:18.341|Freshwater Lake - North America_images_000002.tif|FEC26A3B-473F-43EF-9F94-21B439B487D0
308|54|2|29|49|365|1460|473|1|1|0|0.7035|4.5000|0|0.0000|0.0000|0.0000|486.0000|39.0000|19.0000|30.6667|105.8406|93.1749|41.0835|17.7301|161.3756|14.3342|24.2707|10.2007|18.4083|14.3342|74.4589|62.3828|126.9321|16.5711|61689.0000|1.8342|3.4747|1.1936|57.1398|158.7030|0.2804|0.0757|0.6181|0.0000|538.0000|486.0000|161.3756|-90.0000|0.0000|129.7099|129.9815|119.8786|3.9525|36.0000|5.3301|4.2314|36.0000|5.5377|0.0000|0.0000|0.0000|2017-08-24T07:00:18.804|Freshwater Lake - North America_images_000002.tif|16833A2E-4646-4F51-A43E-C18472F40DCA
309|85|2|39|45|357|1584|475|1|1|0|0.7035|4.5000|0|0.0000|0.0000|0.0000|662.0000|36.0000|27.0000|32.1944|107.8406|98.0596|34.4495|25.7576|233.9380|17.2586|22.1603|15.8287|19.4830|17.2586|75.8659|65.8192|107.3218|26.5229|71047.0000|1.3980|1.8518|1.1526|74.4737|159.6720|0.6828|0.6421|0.9111|0.0000|691.0000|662.0000|233.9380|40.0000|-25.0000|111.2492|111.2160|98.2160|2.9773|2.0000|3.2512|3.7833|2.0000|3.9540|0.0000|0.0000|0.0000|2017-08-24T07:00:19.795|Freshwater Lake - North America_images_000002.tif|BE4685F3-0EBF-424E-B9D7-900284575F73
310|126|2|23|103|430|1312|478|1|1|0|0.7035|4.5000|0|0.0000|0.0000|0.0000|566.0000|93.0000|11.0000|61.1667|210.1838|189.1018|97.4002|8.3625|194.0790|15.7197|62.2598|4.5728|39.8650|15.7197|147.8643|129.8674|144.5389|32.1448|81809.0000|6.2112|17.4556|1.1386|68.0000|160.6720|0.0000|0.4124|0.1508|0.0000|690.0000|566.0000|194.0790|-90.0000|5.0000|146.9753|149.2792|134.3110|3.8285|81.0000|5.5915|4.2346|81.0000|5.8222|0.0000|0.0000|0.0000|2017-08-24T07:00:20.799|Freshwater Lake - North America_images_000002.tif|E5A2C6F1-A968-41A5-82FA-7C22F52C4752
311|151|2|37|39|865|1435|480|1|1|0|0.7035|4.5000|0|0.0000|0.0000|0.0000|611.0000|30.0000|27.0000|28.7222|90.4264|86.6984|28.9528|26.8923|212.6881|16.4561|17.9393|15.8287|17.0403|16.4561|63.6150|57.8266|128.4403|25.8619|78477.0000|1.0650|1.0000|1.1001|55.1154|160.9220|0.9284|0.9202|0.9964|0.0000|587.0000|611.0000|212.6881|25.0000|0.0000|135.9149|135.9313|110.8592|4.7350|40.0000|5.9984|4.0989|40.0000|5.4231|0.0000|0.0000|0.0000|2017-08-24T07:00:21.023|Freshwater Lake - North America_images_000002.tif|76A830C5-3A59-4214-BC52-87CC691BE649
312|190|2|20|95|864|1380|482|1|1|0|0.7035|4.5000|0|0.0000|0.0000|0.0000|417.0000|85.0000|10.0000|56.0278|184.5269|172.9336|96.5476|6.0599|133.6406|13.0444|56.6318|3.8693|36.2498|13.0444|129.8147|118.4930|147.2926|6.2541|61421.0000|6.4979|18.3593|1.0955|34.1771|161.4220|0.0000|0.6125|0.1135|0.0000|537.0000|417.0000|133.6406|-90.0000|0.0000|154.6283|156.6235|126.2206|3.9287|63.0000|5.5821|4.2160|63.0000|5.8439|0.0000|0.0000|0.0000|2017-08-24T07:00:21.519|Freshwater Lake - North America_images_000002.tif|27AAB12C-B4EF-43E7-9C98-B30A30E0A86A
313|212|2|32|42|767|549|483|1|1|0|0.7035|4.5000|0|0.0000|0.0000|0.0000|434.0000|33.0000|22.0000|27.0000|91.1127|81.8007|30.3582|19.0952|140.4274|13.3715|20.0497|12.3113|15.8287|13.3715|64.0978|54.3810|118.6498|32.7439|51494.0000|1.5222|2.3579|1.1787|81.0244|161.5160|0.6256|0.6345|0.8592|0.0000|459.0000|434.0000|140.4274|60.0000|0.0000|126.9608|124.2074|104.5507|3.7208|31.0000|5.0204|4.1842|31.0000|5.4121|0.0000|0.0000|0.0000|2017-08-24T07:00:21.603|Freshwater Lake - North America_images_000002.tif|D5043E43-783A-4F5B-9C44-F1A179C14C2C
314|246|2|37|31|987|1452|484|1|1|0|0.7035|4.5000|0|0.0000|0.0000|0.0000|416.0000|29.0000|21.0000|25.3333|82.2843|76.3139|27.5710|19.5595|133.2424|13.0250|17.2357|11.6077|14.6562|13.0250|57.8870|50.5211|147.8918|24.3924|61523.0000|1.2952|1.2993|1.1458|59.1081|161.8910|0.7465|0.7327|0.9270|0.0000|419.5000|416.0000|133.2424|45.0000|-90.0000|152.0216|152.5577|137.2091|4.3466|38.0000|5.6366|4.7503|38.0000|6.0865|0.0000|0.0000|0.0000|2017-08-24T07:00:21.984|Freshwater Lake - North America_images_000002.tif|1A39B035-5931-416B-AD35-AF28FAE53E51
315|285|2|43|287|895|1374|485|1|1|0|0.7035|4.5000|0|0.0000|0.0000|0.0000|1990.0000|278.0000|18.0000|179.8056|590.5097|562.0527|320.0680|13.2395|816.6536|32.2459|192.4073|9.4973|123.3275|32.2459|415.4236|392.2383|153.9322|35.0838|306325.0000|13.9441|41.7828|1.0591|72.6879|162.3910|0.0000|0.0129|0.0494|0.0000|3240.0000|1990.0000|816.6536|85.0000|-5.0000|158.7724|160.0030|140.1693|4.2510|217.0000|6.4668|4.5869|217.0000|6.7770|0.0000|0.0000|0.0000|2017-08-24T07:00:22.489|Freshwater Lake - North America_images_000002.tif|2625F6AE-25E7-489E-89C6-068F819D7DD9
316|330|2|21|77|273|1399|489|1|1|0|0.7035|4.5000|0|0.0000|0.0000|0.0000|365.0000|67.0000|8.0000|44.8889|144.0416|138.2408|75.4511|6.8099|113.0985|12.0001|43.9688|2.8140|28.4136|12.0001|101.3333|94.0867|143.6356|24.3457|52427.0000|4.5235|12.1285|1.0770|62.6788|163.8280|0.0000|0.4537|0.1619|0.0000|391.5000|365.0000|113.0985|-90.0000|5.0000|144.0822|149.3562|132.2137|3.9146|60.0000|5.5193|4.2922|60.0000|5.8618|0.0000|0.0000|0.0000|2017-08-24T07:00:23.949|Freshwater Lake - North America_images_000002.tif|57758F96-7DD6-4C3C-A476-6FB31ABAF182
317|353|2|56|50|620|1512|491|1|1|0|0.7035|4.5000|0|0.0000|0.0000|0.0000|1165.0000|47.0000|40.0000|44.3056|143.6396|136.0617|45.7766|40.7212|449.7096|23.9288|29.8987|24.9743|28.0032|27.1659|101.0505|92.5537|148.9082|30.5824|173478.0000|1.1246|1.0000|1.0918|79.2880|164.7190|0.8791|0.8739|0.9904|0.0000|1437.5000|1460.0000|579.6116|5.0000|-90.0000|151.8755|154.0052|137.7966|4.7046|50.0000|6.1510|4.8809|50.0000|6.3378|0.0000|0.0000|0.0000|2017-08-24T07:00:24.814|Freshwater Lake - North America_images_000002.tif|822B346C-CDFD-4E78-B26E-4675CA8F3A4C
318|411|2|34|32|1016|935|494|1|1|0|0.7035|4.5000|0|0.0000|0.0000|0.0000|378.0000|28.0000|22.0000|24.2222|82.2843|72.7649|24.6402|20.0755|118.2010|12.2678|16.5323|12.3113|13.8746|12.2678|57.8870|48.0244|151.7963|15.2120|57379.0000|1.4254|1.9705|1.2054|28.8919|165.5940|0.7425|0.6358|0.9529|0.0000|393.0000|378.0000|118.2010|-45.0000|-90.0000|160.6825|156.3624|139.4947|4.0437|33.0000|5.4248|4.0138|33.0000|4.6895|0.0000|0.0000|0.0000|2017-08-24T07:00:25.695|Freshwater Lake - North America_images_000002.tif|0A516F82-E97D-47EC-B6A5-249612F3B034
319|447|2|44|75|142|1272|495|1|1|0|0.7035|4.5000|0|0.0000|0.0000|0.0000|891.0000|68.0000|17.0000|48.6944|164.3675|150.0692|73.9999|15.9984|331.0084|20.5293|44.6722|8.7937|31.0908|20.5293|115.6325|102.4079|113.2952|31.6906|100946.0000|2.4129|5.3951|1.1291|140.5493|165.7030|0.0000|0.5312|0.3958|0.0000|945.5000|891.0000|331.0084|60.0000|-20.0000|122.5297|119.8215|96.9596|4.1177|62.0000|5.7778|3.9664|62.0000|5.1055|0.0000|0.0000|0.0000|2017-08-24T07:00:25.791|Freshwater Lake - North America_images_000002.tif|64D40E78-3199-48E0-9C60-3C8005871CB4
320|493|2|31|39|215|696|495|1|1|0|0.7035|4.5000|0|0.0000|0.0000|0.0000|408.0000|32.0000|19.0000|25.7500|81.3553|77.7158|30.3772|17.9140|130.0610|12.8685|19.3463|10.2007|14.9494|12.8685|57.2335|51.5073|141.5074|18.6170|57735.0000|1.2909|1.2651|1.1112|44.3239|165.7030|0.6113|0.6812|0.8354|0.0000|389.5000|408.0000|130.0610|-60.0000|35.0000|144.9069|144.5098|134.3480|4.1177|62.0000|5.7778|3.9664|62.0000|5.1055|0.0000|0.0000|0.0000|2017-08-24T07:00:25.791|Freshwater Lake - North America_images_000002.tif|A21AF416-D495-497A-89C7-0B9F622DB48A
321|526|2|30|71|190|1342|496|1|1|0|0.7035|4.5000|0|0.0000|0.0000|0.0000|348.0000|63.0000|9.0000|42.4167|142.0833|130.1173|69.5843|6.9419|106.4621|11.6427|41.1547|3.1658|26.6744|11.6427|99.9556|88.3718|143.0287|22.4903|49774.0000|4.6163|12.4221|1.1311|65.2656|166.0310|0.0000|0.5484|0.1812|0.0000|384.0000|348.0000|106.4621|-80.0000|15.0000|141.9167|148.2040|133.1753|3.9074|59.0000|5.5359|4.2333|59.0000|5.8553|0.0000|0.0000|0.0000|2017-08-24T07:00:26.150|Freshwater Lake - North America_images_000002.tif|0FB08899-45BC-45D8-9BF3-5835D5E0142B
322|558|2|48|41|615|1468|497|1|1|0|0.7035|4.5000|0|0.0000|0.0000|0.0000|748.0000|39.0000|30.0000|34.6111|122.6690|105.8285|36.2386|28.1791|270.1047|18.5448|24.2707|17.9393|21.1832|18.5448|86.2976|71.2846|120.2206|31.5371|89925.0000|1.6009|2.6523|1.2106|70.9633|166.6560|0.6580|0.5620|0.9039|0.0000|811.5000|748.0000|270.1047|5.0000|-75.0000|126.5789|124.0468|110.3275|4.8518|37.0000|6.0946|4.1284|37.0000|5.2426|0.0000|0.0000|0.0000|2017-08-24T07:00:26.750|Freshwater Lake - North America_images_000002.tif|C6D1E4AA-7045-47AE-A0BF-DDC9735BEEC5
323|608|2|40|39|735|1457|497|1|1|0|0.7035|4.5000|0|0.0000|0.0000|0.0000|635.0000|31.0000|28.0000|29.5556|96.4264|89.6776|29.7809|27.3357|222.6681|16.8378|18.6427|16.5323|17.6266|16.8378|67.8360|59.9224|96.7811|41.1597|61456.0000|1.1652|1.0000|1.1321|98.9524|166.6560|0.8679|0.7619|0.9895|0.0000|625.0000|635.0000|222.6681|-55.0000|55.0000|107.2236|105.8252|75.0189|4.8518|37.0000|6.0946|4.1284|37.0000|5.2426|0.0000|0.0000|0.0000|2017-08-24T07:00:26.750|Freshwater Lake - North America_images_000002.tif|5E19FB16-96FD-4042-9BB5-8DB372D4C22B
324|650|2|17|119|968|1642|498|1|1|0|0.7035|4.5000|0|0.0000|0.0000|0.0000|335.0000|109.0000|7.0000|70.2500|238.6274|217.7012|114.2276|4.7314|101.4168|11.3634|73.5157|2.4623|46.2551|11.3634|167.8744|149.9870|173.2328|17.5550|58033.0000|13.5265|40.4701|1.1193|25.3362|166.8130|0.0000|0.5474|0.0653|0.0000|405.0000|335.0000|101.4168|-90.0000|0.0000|174.9343|176.0507|167.0627|3.3047|2.0000|3.3047|3.9984|2.0000|4.1932|0.0000|0.0000|0.0000|2017-08-24T07:00:26.919|Freshwater Lake - North America_images_000002.tif|8F2E9EDE-6E5D-4CA7-8D47-627477B5E4CE
325|669|2|71|91|605|1412|498|1|1|0|0.7035|4.5000|0|0.0000|0.0000|0.0000|2655.0000|88.0000|50.0000|70.0278|269.5807|216.7438|83.2575|44.7956|1118.4647|37.7369|58.7422|32.0093|46.0988|37.7369|189.6500|149.3135|107.3582|40.9945|285036.0000|2.1782|4.6270|1.2701|69.7842|166.8130|0.2516|0.4106|0.7564|0.0000|3062.0000|2655.0000|1118.4647|60.0000|-30.0000|112.1318|110.2821|99.8294|3.3047|2.0000|3.3047|3.9984|2.0000|4.1932|0.0000|0.0000|0.0000|2017-08-24T07:00:26.919|Freshwater Lake - North America_images_000002.tif|07D6F5E3-D468-4745-9FC6-27471C0E1514
326|742|2|36|54|406|1525|499|1|1|0|0.7035|4.5000|0|0.0000|0.0000|0.0000|866.0000|44.0000|26.0000|36.9444|126.7696|112.8204|44.2791|25.1430|320.3004|20.1945|27.7883|15.1253|22.8246|20.1945|89.1824|76.2034|141.3406|30.3200|122401.0000|1.4767|2.1807|1.1703|61.3103|167.2190|0.5738|0.7853|0.8505|0.0000|887.0000|866.0000|320.3004|-90.0000|0.0000|146.1559|147.2402|127.9088|3.9944|35.0000|5.4001|3.6629|35.0000|4.6203|0.0000|0.0000|0.0000|2017-08-24T07:00:27.329|Freshwater Lake - North America_images_000002.tif|BA4F7FCD-A559-4AB3-A22E-8CED551D8892
327|780|2|91|111|181|1264|500|1|1|0|0.7035|4.5000|0|0.0000|0.0000|0.0000|5590.0000|112.0000|75.0000|94.9167|354.8356|295.3548|106.3425|69.3374|2479.2951|56.1848|75.6262|49.5968|63.6081|56.1848|249.6268|204.6164|81.4324|40.6584|455207.0000|1.7924|3.3307|1.2200|72.2748|167.3590|0.5148|0.7311|0.8833|0.0000|6190.0000|5590.0000|2479.2951|-60.0000|15.0000|87.1855|85.0674|72.1236|3.2749|87.0000|4.6282|4.5340|87.0000|6.2705|0.0000|0.0000|0.0000|2017-08-24T07:00:27.456|Freshwater Lake - North America_images_000002.tif|D9202424-27CF-4CD7-A4AD-F75A9BBDCFC5
328|873|2|71|90|833|1422|501|1|1|0|0.7035|4.5000|0|0.0000|0.0000|0.0000|462.0000|99.0000|17.0000|65.6667|222.5929|203.2172|124.1998|15.6180|151.6737|13.8967|66.4808|8.7937|43.0308|13.8967|156.5941|139.7976|147.5758|28.0127|68180.0000|8.5344|24.7711|1.1201|81.2747|167.9060|0.0000|0.3086|0.0751|0.0000|1090.5000|462.0000|151.6737|-55.0000|40.0000|152.5519|152.7597|135.5779|3.9132|93.0000|5.7103|4.2450|93.0000|5.9926|0.0000|0.0000|0.0000|2017-08-24T07:00:28.007|Freshwater Lake - North America_images_000002.tif|FFC6ABCC-3B3D-467B-B6B2-AF8EA2224B3D
329|946|2|46|47|479|1540|503|1|1|0|0.7035|4.5000|0|0.0000|0.0000|0.0000|824.0000|46.0000|31.0000|38.0556|139.8406|116.6732|42.0397|27.7594|302.3661|19.6210|29.1953|18.6427|23.6064|19.6210|98.3779|78.9138|108.8738|37.4416|89712.0000|1.8886|3.6598|1.2466|128.5748|168.7970|0.5308|0.5711|0.8268|0.0000|936.5000|824.0000|302.3661|-50.0000|60.0000|113.3350|111.8083|101.3750|4.3965|50.0000|5.7413|4.6547|50.0000|6.0001|0.0000|0.0000|0.0000|2017-08-24T07:00:28.902|Freshwater Lake - North America_images_000002.tif|E297E548-B16A-4EDE-9D10-A459968A4D3E
330|994|2|41|37|565|1332|504|1|1|0|0.7035|4.5000|0|0.0000|0.0000|0.0000|470.0000|33.0000|23.0000|28.8056|99.0122|87.4111|31.4037|21.5828|154.9015|14.0437|20.0497|13.0147|17.0990|14.0437|69.6551|58.3280|119.0745|26.1707|55965.0000|1.6599|2.8656|1.1942|78.5632|168.9840|0.5627|0.4512|0.8243|0.0000|523.5000|470.0000|154.9015|35.0000|-70.0000|127.7830|124.9404|104.3000|3.8850|69.0000|5.3124|4.2550|69.0000|5.8607|0.0000|0.0000|0.0000|2017-08-24T07:00:29.103|Freshwater Lake - North America_images_000002.tif|6912641E-F8DD-40E4-B1F3-D61045D49BC5
331|1037|2|36|31|548|1404|506|1|1|0|0.7035|4.5000|0|0.0000|0.0000|0.0000|356.0000|26.0000|20.0000|23.6667|78.8701|71.1502|24.6609|18.8451|109.5798|11.8119|15.1253|10.9043|13.4838|11.8119|55.4851|46.8884|117.7781|37.0655|41929.0000|1.3905|1.8184|1.1833|95.9014|169.4530|0.7762|0.7234|0.9411|0.0000|367.0000|356.0000|109.5798|0.0000|80.0000|124.2921|122.4298|106.1404|3.4237|48.0000|4.1977|4.3989|48.0000|5.5753|0.0000|0.0000|0.0000|2017-08-24T07:00:29.567|Freshwater Lake - North America_images_000002.tif|2761EE31-88E3-4DA0-A09A-EE87D98840E0
332|1075|2|36|38|141|524|506|1|1|0|0.7035|4.5000|0|0.0000|0.0000|0.0000|540.0000|31.0000|26.0000|28.1111|89.9411|85.3939|28.5215|25.2054|183.3936|15.2808|18.6427|15.1253|16.6104|15.2808|63.2736|56.9089|132.3852|23.0000|71488.0000|1.1921|1.0000|1.1118|63.8625|169.4530|0.7772|0.7086|0.9491|0.0000|528.0000|540.0000|183.3936|35.0000|0.0000|134.8870|134.5833|127.1889|3.4237|48.0000|4.1977|4.3989|48.0000|5.5753|0.0000|0.0000|0.0000|2017-08-24T07:00:29.567|Freshwater Lake - North America_images_000002.tif|40B01877-FA6C-4128-A956-CAE43AE7637F
333|1113|2|24|196|201|1373|510|1|1|0|0.7035|4.5000|0|0.0000|0.0000|0.0000|998.0000|186.0000|13.0000|119.7778|384.4264|372.9327|198.3009|6.7818|377.0895|21.9118|127.6852|5.9798|81.0979|21.9118|270.4440|259.1924|118.3888|19.9787|118152.0000|11.7838|34.9914|1.0434|95.2608|170.9840|0.0000|0.6802|0.0646|0.0000|1114.0000|998.0000|377.0895|-90.0000|5.0000|124.3727|124.6473|103.8236|3.9447|139.0000|5.9296|4.3220|139.0000|6.2270|0.0000|0.0000|0.0000|2017-08-24T07:00:31.085|Freshwater Lake - North America_images_000002.tif|CD6CF448-0843-48DC-BB04-DB2F2CA16C44
334|1139|2|34|48|706|1553|511|1|1|0|0.7035|4.5000|0|0.0000|0.0000|0.0000|673.0000|39.0000|24.0000|32.9444|110.1838|100.3104|38.8793|22.6303|238.5417|17.4276|24.2707|13.7183|20.0106|17.4276|77.5143|67.4026|103.2452|31.4374|69484.0000|1.4355|2.0131|1.1500|108.9697|171.1410|0.5757|0.6149|0.8468|0.0000|706.5000|673.0000|238.5417|-80.0000|0.0000|115.4428|112.2972|80.7905|4.4689|41.0000|5.8743|3.8272|41.0000|5.2310|0.0000|0.0000|0.0000|2017-08-24T07:00:31.245|Freshwater Lake - North America_images_000002.tif|896BD12B-55DA-4E5D-B453-F62E95ADEFC6
335|1175|2|21|74|955|1577|512|1|1|0|0.7035|4.5000|0|0.0000|0.0000|0.0000|514.0000|64.0000|11.0000|43.7500|137.2132|134.1557|70.4849|9.5637|172.7615|14.8313|41.8582|4.5728|27.6124|14.8313|96.5295|91.2128|161.1751|30.2248|82844.0000|2.9149|7.0148|1.0583|47.7939|171.2030|0.0000|0.8303|0.2587|0.0000|491.5000|514.0000|172.7615|-90.0000|0.0000|164.0253|164.1089|154.4008|4.0008|46.0000|5.5163|4.2490|46.0000|5.7371|0.0000|0.0000|0.0000|2017-08-24T07:00:31.321|Freshwater Lake - North America_images_000002.tif|E5AE1F10-CBD2-4A0C-9A13-99C2C7D78743
336|1198|2|43|46|969|1364|514|1|1|0|0.7035|4.5000|0|0.0000|0.0000|0.0000|857.0000|43.0000|29.0000|36.5000|121.0122|111.5302|40.0800|28.0251|316.4514|20.0728|27.0847|17.2357|22.5120|20.0728|85.1321|75.2957|90.5111|35.9274|77568.0000|1.3598|1.6748|1.1306|140.3394|171.7660|0.6785|0.8454|0.9124|0.0000|884.5000|857.0000|316.4514|-50.0000|10.0000|97.1319|94.4761|80.1960|4.7697|53.0000|6.2443|5.0945|53.0000|6.5266|0.0000|0.0000|0.0000|2017-08-24T07:00:31.895|Freshwater Lake - North America_images_000002.tif|45ABE8BB-D58E-498C-9730-59B89FAC8775
337|1243|2|26|64|802|1703|516|1|1|0|0.7035|4.5000|0|0.0000|0.0000|0.0000|400.0000|55.0000|9.0000|37.5278|121.3553|114.9541|60.0617|8.7508|126.8873|12.7105|35.5267|3.1658|23.2351|12.7105|85.3735|77.7045|157.9500|32.2050|63180.0000|2.9299|7.0629|1.0987|56.5135|173.0940|0.0000|0.7952|0.2765|0.0000|392.0000|400.0000|126.8873|80.0000|-10.0000|160.4175|161.1325|150.7250|3.9921|51.0000|5.4582|4.2722|51.0000|5.7785|0.0000|0.0000|0.0000|2017-08-24T07:00:33.203|Freshwater Lake - North America_images_000002.tif|10A935FA-278F-44AD-812D-84497A4B3512
338|1271|2|234|293|702|1086|518|1|1|0|0.7035|4.5000|0|0.0000|0.0000|0.0000|3138.0000|358.0000|20.0000|231.3611|805.5605|723.3585|404.1492|12.1708|1339.7787|41.3020|248.6873|10.9043|159.5968|41.3020|566.7118|505.7170|104.6609|38.4023|328426.0000|16.4564|49.6790|1.1206|140.5885|174.0000|0.0000|0.7046|0.0489|0.0000|4543.5000|3138.0000|1339.7787|50.0000|-40.0000|111.3078|109.5927|92.4414|4.5416|291.0000|6.8983|4.6846|291.0000|7.0182|0.0000|0.0000|0.0000|2017-08-24T07:00:34.104|Freshwater Lake - North America_images_000002.tif|FDC17C6A-6522-4E32-8EDF-0FC82A1518E6
339|1507|2|44|71|184|1447|519|1|1|0|0.7035|4.5000|0|0.0000|0.0000|0.0000|1242.0000|61.0000|33.0000|49.4444|170.4680|152.2578|56.2110|31.4683|483.4365|24.8099|39.7478|20.0497|31.6184|24.8099|119.9242|103.9476|116.0056|35.4786|144079.0000|1.8619|3.5691|1.1537|55.4570|174.3590|0.4067|0.5578|0.7621|0.0000|1376.5000|1242.0000|483.4365|-90.0000|-10.0000|120.8671|119.2432|107.7625|3.0853|34.0000|3.8585|4.1146|34.0000|5.4422|0.0000|0.0000|0.0000|2017-08-24T07:00:34.461|Freshwater Lake - North America_images_000002.tif|4616A9B7-0A1F-401C-B51C-2644074919A4
340|1553|2|36|110|743|1542|520|1|1|0|0.7035|4.5000|0|0.0000|0.0000|0.0000|549.0000|103.0000|10.0000|67.4444|226.4680|208.6753|114.0883|7.1283|187.0866|15.4339|69.2948|3.8693|44.2814|15.4339|159.3202|143.6373|154.8215|30.9822|84997.0000|7.4342|21.3081|1.1092|70.6522|176.5310|0.0000|0.2221|0.1070|0.0000|650.0000|549.0000|187.0866|75.0000|-10.0000|160.5137|161.6138|139.2823|4.2923|63.0000|5.8589|4.5220|63.0000|6.0868|0.0000|0.0000|0.0000|2017-08-24T07:00:36.629|Freshwater Lake - North America_images_000002.tif|1B08B2A8-47DD-4C8B-86FC-CD1908042E26
341|1591|2|37|34|536|1323|522|1|1|0|0.7035|4.5000|0|0.0000|0.0000|0.0000|455.0000|28.0000|22.0000|25.3611|81.0122|76.3439|27.2398|21.4682|148.8545|13.7669|16.5323|12.3113|14.6758|13.7669|56.9921|50.5422|101.2396|45.2484|46064.0000|1.1478|1.0000|1.1276|125.8261|178.2810|0.8209|0.8524|0.9632|0.0000|440.0000|455.0000|148.8545|10.0000|-55.0000|108.1099|108.0637|85.2242|4.4743|37.0000|5.8039|3.9652|37.0000|5.2107|0.0000|0.0000|0.0000|2017-08-24T07:00:38.397|Freshwater Lake - North America_images_000002.tif|0D230A51-4C5D-4760-89E9-004F867CBFE4
342|1630|2|41|50|409|1533|523|1|1|0|0.7035|4.5000|0|0.0000|0.0000|0.0000|804.0000|43.0000|27.0000|36.0000|123.2548|110.2678|41.3046|26.0607|293.8514|19.3428|27.0847|15.8287|22.1603|19.3428|86.7098|74.4076|89.9664|42.1825|72333.0000|1.5036|2.2864|1.1653|130.4909|178.9840|0.5900|0.6421|0.8584|0.0000|848.0000|804.0000|293.8514|-75.0000|20.0000|93.4129|92.9751|82.7463|4.5937|50.0000|5.9914|4.9279|50.0000|6.2881|0.0000|0.0000|0.0000|2017-08-24T07:00:39.086|Freshwater Lake - North America_images_000002.tif|4701DA42-E17F-4170-8681-E809EDA4F598
343|1673|2|53|48|482|1538|525|1|1|0|0.7035|4.5000|0|0.0000|0.0000|0.0000|1151.0000|47.0000|37.0000|41.8333|140.5685|128.1635|44.3978|34.2925|443.5928|23.7655|29.8987|22.8637|26.2640|23.7655|98.8899|86.9973|113.5769|33.5397|130727.0000|1.3661|1.7055|1.1367|66.5726|179.6090|0.6864|0.5983|0.9313|0.0000|1194.5000|1151.0000|443.5928|35.0000|-75.0000|118.6342|116.8897|105.1703|3.5982|34.0000|4.2909|4.0282|34.0000|5.3714|0.0000|0.0000|0.0000|2017-08-24T07:00:39.713|Freshwater Lake - North America_images_000002.tif|A070A53D-8A89-4206-A6FB-7150C6D85172
344|1728|2|20|90|1043|963|526|1|1|0|0.7035|4.5000|0|0.0000|0.0000|0.0000|454.0000|80.0000|10.0000|53.4444|175.2132|164.8588|91.2563|7.2094|148.4522|13.7483|53.1142|3.8693|34.4324|13.7483|123.2625|112.8124|162.5220|27.8873|73785.0000|5.3811|14.8377|1.0926|56.8817|180.1880|0.0000|0.5947|0.1380|0.0000|526.5000|454.0000|148.4522|-90.0000|0.0000|165.4251|166.1278|154.3965|3.8965|102.0000|5.7845|4.3240|102.0000|6.0739|0.0000|0.0000|0.0000|2017-08-24T07:00:40.296|Freshwater Lake - North America_images_000002.tif|8CA1485E-F898-424E-96A3-B83498D8A8D6
345|1750|2|72|69|268|1253|527|1|1|0|0.7035|4.5000|0|0.0000|0.0000|0.0000|466.0000|84.0000|19.0000|57.2778|206.6518|176.5880|78.5099|13.2766|153.2868|13.9704|55.9282|10.2007|37.1292|13.9704|145.3795|121.0639|156.9871|26.5162|73156.0000|7.2926|20.8625|1.2008|53.4261|180.4840|0.0000|0.4227|0.1872|0.0000|1048.5000|466.0000|153.2868|-45.0000|50.0000|158.4785|161.4657|147.6609|3.8524|88.0000|5.6561|4.0713|88.0000|5.8475|0.0000|0.0000|0.0000|2017-08-24T07:00:40.590|Freshwater Lake - North America_images_000002.tif|4D6C4696-58AC-40F5-86EA-2F3C5FAE7FC7
346|1824|2|18|77|587|1602|528|1|1|0|0.7035|4.5000|0|0.0000|0.0000|0.0000|453.0000|67.0000|8.0000|45.2500|141.3137|139.3950|74.8456|7.9151|148.0500|13.7296|43.9688|2.8140|28.6676|13.7296|99.4142|94.8986|159.4327|30.3600|72223.0000|3.5080|8.9085|1.0476|40.9420|181.0160|0.0000|0.9311|0.2036|0.0000|417.5000|453.0000|148.0500|-90.0000|0.0000|161.4018|162.4879|152.6865|3.9801|44.0000|5.3039|4.3722|44.0000|5.6460|0.0000|0.0000|0.0000|2017-08-24T07:00:41.125|Freshwater Lake - North America_images_000002.tif|A0459B1B-C74D-4B93-965E-E644A83EB6AB
347|1844|2|35|32|965|1231|530|1|1|0|0.7035|4.5000|0|0.0000|0.0000|0.0000|401.0000|25.0000|22.0000|23.5000|74.1838|70.5352|24.2351|21.1924|127.2836|12.7304|14.4217|12.3113|13.3665|12.7304|52.1883|46.4558|149.4140|31.7347|59915.0000|1.0921|1.0000|1.1234|60.7778|181.9060|0.8785|0.8428|0.9852|0.0000|385.5000|401.0000|127.2836|0.0000|-90.0000|153.4190|151.4514|143.8229|4.3158|36.0000|5.4891|4.7113|36.0000|5.9335|0.0000|0.0000|0.0000|2017-08-24T07:00:42.022|Freshwater Lake - North America_images_000002.tif|33ABB719-ED9B-4E05-B5DE-48068C668ABD
348|1881|2|40|47|384|1096|530|1|1|0|0.7035|4.5000|0|0.0000|0.0000|0.0000|572.0000|38.0000|28.0000|33.1389|144.5685|101.0665|37.0861|26.2848|196.5520|15.8195|23.5673|16.5323|20.1475|15.8195|101.7039|67.9345|155.7308|26.3708|89078.0000|2.9076|6.9916|1.4971|59.6641|181.9060|0.3515|0.1102|0.7049|0.0000|721.0000|572.0000|196.5520|-75.0000|30.0000|157.2465|158.5962|149.5035|4.3158|36.0000|5.4891|4.7113|36.0000|5.9335|0.0000|0.0000|0.0000|2017-08-24T07:00:42.022|Freshwater Lake - North America_images_000002.tif|AA98A122-FC86-4655-9E9B-92F78E87017D
349|1923|2|46|56|159|1129|532|1|1|0|0.7035|4.5000|0|0.0000|0.0000|0.0000|750.0000|50.0000|27.0000|41.0556|161.6396|125.7086|51.3636|21.2715|270.9503|18.5738|32.0093|15.8287|25.7169|18.5738|113.7135|85.2703|127.9360|35.0740|95952.0000|2.7722|6.5566|1.3336|74.7552|182.2340|0.2657|0.3851|0.6179|0.0000|1027.5000|750.0000|270.9503|55.0000|-25.0000|132.2600|132.6853|116.9480|3.8369|1.0000|3.8369|3.8611|1.0000|3.8611|0.0000|0.0000|0.0000|2017-08-24T07:00:42.341|Freshwater Lake - North America_images_000002.tif|E245BB9C-87C2-4B18-9ABF-EF1E6ABE8BCF
350|1971|2|68|58|658|1563|533|1|3|0|0.7035|4.5000|0|0.0000|0.0000|0.0000|789.0000|60.0000|47.0000|56.1111|267.9239|172.8850|55.5984|43.1180|287.4768|19.1318|39.0442|29.8987|36.3084|21.8740|188.4845|118.4588|159.2015|27.4115|125610.0000|5.7410|15.9734|1.5911|69.5560|182.3280|0.0835|0.1306|0.5118|0.0000|2004.0000|995.0000|375.7923|50.0000|-85.0000|161.7288|163.5387|149.7693|4.2034|46.0000|5.6715|4.6294|46.0000|6.0702|0.0000|0.0000|0.0000|2017-08-24T07:00:42.424|Freshwater Lake - North America_images_000002.tif|D9AE2AA3-3CB1-406D-8797-E6243DF8BD73
351|2|353|24|97|388|1235|533|1|1|0|0.7035|4.5000|0|0.0000|0.0000|0.0000|746.0000|87.0000|13.0000|58.9167|186.2843|181.7131|97.2336|10.6430|269.2593|18.5157|58.0388|5.9798|38.2821|18.5157|131.0510|124.6694|161.5684|19.5584|120530.0000|3.7017|9.5243|1.0512|26.3371|182.3280|0.0000|0.4850|0.1986|0.0000|799.5000|746.0000|269.2593|-90.0000|-5.0000|161.7011|164.3217|156.1220|4.2034|46.0000|5.6715|4.6294|46.0000|6.0702|0.0000|0.0000|0.0000|2017-08-24T07:00:42.424|Freshwater Lake - North America_images_000002.tif|BA538925-4737-450C-B564-4CAAF834E5D5
352|28|353|39|42|859|652|535|1|1|0|0.7035|4.5000|0|0.0000|0.0000|0.0000|573.0000|34.0000|25.0000|30.8333|105.0122|93.8707|32.9080|24.8664|196.9644|15.8361|20.7533|14.4217|18.5255|15.8361|73.8761|62.8723|132.0942|27.1023|75690.0000|1.5315|2.3935|1.1750|84.2151|182.7030|0.6108|0.4982|0.8577|0.0000|634.0000|573.0000|196.9644|45.0000|-30.0000|138.7714|135.6876|122.5620|3.2302|39.0000|4.2351|3.9168|39.0000|5.2779|0.0000|0.0000|0.0000|2017-08-24T07:00:42.813|Freshwater Lake - North America_images_000002.tif|19DA0DA6-8E3E-415E-A2C4-EE1F1A0460A2
353|69|353|29|124|882|1169|537|1|1|0|0.7035|4.5000|0|0.0000|0.0000|0.0000|502.0000|115.0000|9.0000|74.8889|245.4975|232.0339|127.3566|5.5783|167.8734|14.6200|77.7368|3.1658|49.5186|14.6200|172.7075|160.0701|163.7032|21.1898|82179.0000|9.5539|27.9787|1.0789|35.1818|183.3280|0.0000|0.4347|0.0787|0.0000|613.0000|502.0000|167.8734|85.0000|-5.0000|165.7191|166.6096|157.1932|3.7586|116.0000|5.6608|4.3141|116.0000|6.0570|0.0000|0.0000|0.0000|2017-08-24T07:00:43.423|Freshwater Lake - North America_images_000002.tif|FCFE9D18-5677-4A22-AAC1-A79B0ABBC9FD
354|100|353|38|76|958|1444|539|1|1|0|0.7035|4.5000|0|0.0000|0.0000|0.0000|926.0000|69.0000|21.0000|47.4722|156.7107|145.5993|63.0679|19.1619|346.0384|20.9902|45.3758|11.6077|30.2309|20.9902|110.2460|99.2634|115.4881|43.5995|106942.0000|2.1105|4.4031|1.1106|103.2132|183.5940|0.1311|0.7216|0.5427|0.0000|956.5000|926.0000|346.0384|-75.0000|20.0000|125.8629|124.7365|93.3499|4.6810|54.0000|6.1474|4.1098|54.0000|5.4490|0.0000|0.0000|0.0000|2017-08-24T07:00:43.702|Freshwater Lake - North America_images_000002.tif|70B4BA11-1492-4053-82AE-E9C71C3DAEBD
355|140|353|42|54|861|953|540|1|1|0|0.7035|4.5000|0|0.0000|0.0000|0.0000|775.0000|44.0000|30.0000|36.8889|133.2548|113.0985|40.4491|27.2468|281.5361|18.9331|27.7883|17.9393|22.7856|18.9331|93.7448|76.3990|144.1071|23.3288|111683.0000|1.8233|3.4371|1.2270|50.7750|183.7190|0.5604|0.5700|0.8297|0.0000|888.5000|775.0000|281.5361|-90.0000|25.0000|149.5406|146.6968|136.9329|4.1313|31.0000|5.2971|4.4628|31.0000|5.6348|0.0000|0.0000|0.0000|2017-08-24T07:00:43.817|Freshwater Lake - North America_images_000002.tif|C90FA774-4F99-4D17-9813-E0C8D67293F9
356|184|353|40|32|626|1372|541|1|1|0|0.7035|4.5000|0|0.0000|0.0000|0.0000|425.0000|31.0000|22.0000|26.6944|89.4558|80.7975|28.6565|20.8297|136.8304|13.1992|18.6427|12.3113|15.6138|13.1992|62.9322|53.6753|106.7529|36.7435|45370.0000|1.4984|2.2659|1.1725|140.0000|183.7810|0.6537|0.5743|0.8623|0.0000|445.5000|425.0000|136.8304|10.0000|-90.0000|112.3412|109.5765|99.0659|4.4608|43.0000|5.7551|4.7644|43.0000|6.0268|0.0000|0.0000|0.0000|2017-08-24T07:00:43.900|Freshwater Lake - North America_images_000002.tif|BEC45768-CEE4-4C69-860D-80E832995176
357|226|353|34|30|575|1060|541|1|1|0|0.7035|4.5000|0|0.0000|0.0000|0.0000|292.0000|24.0000|19.0000|21.2778|71.1127|63.7990|21.7754|17.6405|84.9317|10.3990|13.7183|10.2007|11.8032|10.3990|50.0278|41.7168|100.3082|45.7678|29290.0000|1.3782|1.7621|1.1992|141.5806|183.7810|0.7994|0.7508|0.9468|0.0000|297.0000|292.0000|84.9317|0.0000|-85.0000|107.8425|105.2329|87.7637|4.4608|43.0000|5.7551|4.7644|43.0000|6.0268|0.0000|0.0000|0.0000|2017-08-24T07:00:43.900|Freshwater Lake - North America_images_000002.tif|B01024B1-3FB4-49CE-844A-91D67E52ADCC
358|262|353|46|57|159|1398|542|1|1|0|0.7035|4.5000|0|0.0000|0.0000|0.0000|688.0000|50.0000|20.0000|39.5000|135.2965|120.8346|55.3541|18.0147|244.8305|17.6558|32.0093|10.9043|24.6225|17.6558|95.1811|81.8414|143.3067|28.3047|98595.0000|2.1173|4.4256|1.1630|64.2522|184.1720|0.1813|0.4468|0.5170|0.0000|825.0000|688.0000|244.8305|70.0000|-30.0000|144.9578|147.6032|134.3096|4.1671|52.0000|5.6783|4.5722|52.0000|6.0036|0.0000|0.0000|0.0000|2017-08-24T07:00:44.284|Freshwater Lake - North America_images_000002.tif|93D2FFDB-1748-419E-86EB-37D1E2B38750
359|310|353|27|56|473|1471|543|1|1|0|0.7035|4.5000|0|0.0000|0.0000|0.0000|352.0000|48.0000|11.0000|33.6111|108.5269|102.1937|52.7584|9.6232|108.0198|11.7275|30.6023|4.5728|20.4797|11.7275|76.3487|68.7275|141.6847|35.7316|49873.0000|2.6627|6.2039|1.1109|74.0303|184.2970|0.0440|0.3676|0.3117|0.0000|378.0000|352.0000|108.0198|-80.0000|10.0000|146.5114|149.7386|124.0426|4.0421|71.0000|5.5916|4.3761|71.0000|5.9785|0.0000|0.0000|0.0000|2017-08-24T07:00:44.400|Freshwater Lake - North America_images_000002.tif|FBCBA596-09E0-4363-B6E6-74560804F70B
360|339|353|141|72|696|1441|544|1|1|0|0.7035|4.5000|0|0.0000|0.0000|0.0000|5141.0000|134.0000|62.0000|104.0000|374.0660|323.7579|134.2735|56.0460|2269.1806|53.7514|91.1033|40.4513|69.9982|53.7514|263.1554|224.5979|103.3468|33.0125|531306.0000|2.1659|4.5863|1.1717|90.0087|184.5000|0.0426|0.4845|0.6184|0.0000|6064.5000|5141.0000|2269.1806|-15.0000|-90.0000|110.8251|107.1661|93.0097|3.4069|85.0000|4.8719|4.5539|85.0000|6.1937|0.0000|0.0000|0.0000|2017-08-24T07:00:44.610|Freshwater Lake - North America_images_000002.tif|4F999D90-F50A-4F4F-8C21-290D93EED245
361|482|353|20|92|834|1434|545|1|1|0|0.7035|4.5000|0|0.0000|0.0000|0.0000|532.0000|82.0000|10.0000|54.9167|176.2843|169.0522|88.6902|8.3836|180.1163|15.1437|54.5213|3.8693|35.4681|15.1437|124.0160|115.7625|160.8553|29.1325|85575.0000|4.6484|12.5236|1.0713|55.6369|186.0780|0.0000|0.4807|0.1707|0.0000|583.0000|532.0000|180.1163|-90.0000|0.0000|164.7914|164.0338|153.0658|3.9792|76.0000|5.6194|4.2504|76.0000|5.8975|0.0000|0.0000|0.0000|2017-08-24T07:00:46.182|Freshwater Lake - North America_images_000002.tif|B422C2C3-85CE-47DA-8F07-3E9D357AF8EC
362|504|353|56|59|473|1530|547|1|1|0|0.7035|4.5000|0|0.0000|0.0000|0.0000|1517.0000|52.0000|45.0000|48.5000|177.8822|149.4194|47.3630|43.5848|604.9055|27.7523|33.4162|28.4917|30.9540|28.1975|125.1401|101.9508|145.7937|30.9165|221169.0000|1.6131|2.6968|1.2275|73.2911|186.6410|0.7477|0.6393|0.9595|0.0000|1690.5000|1561.0000|624.4679|55.0000|-15.0000|146.6473|148.9110|139.3883|4.5346|68.0000|6.0220|5.0096|68.0000|6.4823|0.0000|0.0000|0.0000|2017-08-24T07:00:46.766|Freshwater Lake - North America_images_000002.tif|F06E78BE-133F-4505-B38C-080E7BDE0B3C
363|562|353|63|58|987|1358|548|1|1|0|0.7035|4.5000|0|0.0000|0.0000|0.0000|1424.0000|60.0000|37.0000|50.0556|183.1960|154.1196|58.2247|33.4362|563.6659|26.7896|39.0442|22.8637|32.0484|26.7896|128.8784|105.2574|124.0190|29.6097|176603.0000|1.8755|3.6154|1.2244|72.8563|186.8440|0.4830|0.6081|0.8044|0.0000|1615.5000|1424.0000|563.6659|-35.0000|45.0000|130.9607|127.2844|114.9831|3.1048|41.0000|4.2630|4.1177|41.0000|5.5496|0.0000|0.0000|0.0000|2017-08-24T07:00:46.948|Freshwater Lake - North America_images_000002.tif|BB9BCE98-9F20-4F96-9A84-4A878F523728
364|627|353|93|42|581|1598|549|1|1|0|0.7035|4.5000|0|0.0000|0.0000|0.0000|632.0000|87.0000|21.0000|59.7778|238.5513|184.6065|89.3192|17.5457|221.4187|16.7904|58.0388|11.6077|38.8879|16.7904|167.8208|126.7049|156.0823|30.2239|98644.0000|7.1653|20.4617|1.3245|66.5707|187.1410|0.0000|0.1241|0.1942|0.0000|1325.0000|632.0000|221.4187|15.0000|-75.0000|159.2563|160.2547|146.6440|4.1461|54.0000|5.7034|4.3749|54.0000|5.8913|0.0000|0.0000|0.0000|2017-08-24T07:00:47.233|Freshwater Lake - North America_images_000002.tif|D4838C7B-4A4C-4C74-83F5-1FBAC0CD2A6F
365|722|353|57|62|962|1497|550|1|1|0|0.7035|4.5000|0|0.0000|0.0000|0.0000|1463.0000|53.0000|45.0000|48.8889|179.0538|150.1198|46.5861|42.4474|580.9415|27.1970|34.1198|28.4917|31.2276|27.1970|125.9643|102.4435|149.5441|30.6041|218783.0000|1.7439|3.1623|1.2296|72.2062|187.1880|0.7129|0.6741|0.9379|0.0000|1620.0000|1463.0000|580.9415|65.0000|-60.0000|151.3876|152.4921|142.9911|4.6909|54.0000|6.1562|5.0708|54.0000|6.5818|0.0000|0.0000|0.0000|2017-08-24T07:00:47.307|Freshwater Lake - North America_images_000002.tif|D501CB5B-49A6-4542-99A7-E8DEB0F95D74
366|781|353|52|52|284|1532|552|1|1|0|0.7035|4.5000|0|0.0000|0.0000|0.0000|1355.0000|46.0000|41.0000|43.3056|144.6690|133.0282|43.0297|40.3547|533.1708|26.0548|29.1953|25.6777|27.2997|26.0548|101.7746|90.4196|123.8022|28.2241|167752.0000|1.2291|1.0000|1.1256|82.0916|187.8130|0.8727|0.8306|0.9915|0.0000|1358.5000|1355.0000|533.1708|-55.0000|30.0000|125.4982|129.6708|111.6384|4.8106|58.0000|6.1642|5.1699|58.0000|6.5551|0.0000|0.0000|0.0000|2017-08-24T07:00:47.916|Freshwater Lake - North America_images_000002.tif|4158810C-0128-4B93-971D-34FA263547E6
367|835|353|101|110|663|1396|553|1|1|0|0.7035|4.5000|0|0.0000|0.0000|0.0000|1595.0000|102.0000|73.0000|89.8889|401.9066|279.4609|86.3120|68.5750|639.6055|28.5372|68.5913|48.1898|60.0711|28.5372|282.7413|193.4350|145.6050|31.9350|232240.0000|8.0590|23.2750|1.4617|73.7039|188.2970|0.0000|0.1018|0.3342|0.0000|4720.5000|1595.0000|639.6055|-75.0000|45.0000|153.7918|150.7216|132.4370|4.1398|63.0000|5.7483|3.8923|63.0000|5.1500|0.0000|0.0000|0.0000|2017-08-24T07:00:48.407|Freshwater Lake - North America_images_000002.tif|8625826E-B1D4-40EC-9C37-3F0CD0D01405
368|938|353|23|58|1029|1276|558|1|1|0|0.7035|4.5000|0|0.0000|0.0000|0.0000|326.0000|48.0000|10.0000|33.7500|108.0416|102.9702|52.5147|8.2068|97.9397|11.1669|30.6023|3.8693|20.5774|11.1669|76.0073|69.2738|163.6534|30.4369|53351.0000|2.8494|6.8047|1.0972|53.5842|190.7810|0.0505|0.7080|0.2938|0.0000|324.5000|326.0000|97.9397|-90.0000|5.0000|167.3650|165.9141|157.8252|1.3979|2.0000|1.3979|3.8334|2.0000|4.0744|0.0000|0.0000|0.0000|2017-08-24T07:00:50.883|Freshwater Lake - North America_images_000002.tif|3E2510B2-226D-4905-89C3-661F9E1429C4
369|963|353|21|80|430|1326|559|1|2|0|0.7035|4.5000|0|0.0000|0.0000|0.0000|309.0000|69.0000|10.0000|46.8056|158.6274|144.2422|63.5057|9.3408|91.4094|10.7882|45.3758|3.8693|29.7620|12.1036|111.5944|98.3086|160.6893|17.1132|49653.0000|5.4118|14.9348|1.1351|26.9868|190.9690|0.0000|0.3528|0.2287|0.0000|511.5000|370.0000|115.0582|-90.0000|0.0000|161.9223|162.2589|157.1812|3.7550|44.0000|5.2487|4.0076|44.0000|5.1314|0.0000|0.0000|0.0000|2017-08-24T07:00:51.082|Freshwater Lake - North America_images_000002.tif|9029BEF7-051C-4CAA-8347-B54987B6266E
370|986|353|68|48|614|1598|560|1|4|0|0.7035|4.5000|0|0.0000|0.0000|0.0000|303.0000|57.0000|32.0000|44.3056|132.5685|135.6226|63.4999|34.0352|89.1170|10.6521|36.9338|19.3463|28.0032|10.6521|93.2619|92.2447|154.7921|33.4296|46902.0000|4.6156|12.4198|1.0110|73.6552|191.4060|0.0083|0.1805|0.1486|0.0000|1146.0000|303.0000|89.1170|0.0000|-65.0000|157.4587|158.5182|146.4422|4.1955|38.0000|5.4935|4.6511|38.0000|5.9598|0.0000|0.0000|0.0000|2017-08-24T07:00:51.494|Freshwater Lake - North America_images_000002.tif|6C9E0E3E-60B3-4F57-9CFA-9A1A5DC02655
371|1056|353|42|39|277|1558|562|1|1|0|0.7035|4.5000|0|0.0000|0.0000|0.0000|572.0000|33.0000|27.0000|30.0833|102.4264|91.2751|31.2452|25.0182|196.5520|15.8195|20.0497|15.8287|17.9979|15.8195|72.0570|61.0463|127.4353|29.9622|72893.0000|1.4595|2.1118|1.1804|67.8444|192.6250|0.6911|0.6449|0.9091|0.0000|610.0000|572.0000|196.5520|-5.0000|60.0000|132.5175|131.2920|117.9213|3.9371|63.0000|5.3819|4.1480|63.0000|5.7557|0.0000|0.0000|0.0000|2017-08-24T07:00:52.730|Freshwater Lake - North America_images_000002.tif|2661E3ED-0DF7-4324-9292-9AD0F8372E8A
372|1100|353|25|42|119|919|563|1|1|0|0.7035|4.5000|0|0.0000|0.0000|0.0000|324.0000|33.0000|12.0000|25.1944|79.4558|76.1073|35.5700|12.0324|97.1689|11.1229|20.0497|5.2763|14.5585|11.1229|55.8972|50.3757|131.1451|27.0402|42491.0000|1.5506|2.4658|1.1096|78.2222|192.7190|0.3620|0.7919|0.5851|0.0000|320.5000|324.0000|97.1689|70.0000|-10.0000|135.2253|135.5772|120.8025|4.1569|34.0000|5.4869|4.5383|34.0000|5.8087|0.0000|0.0000|0.0000|2017-08-24T07:00:52.817|Freshwater Lake - North America_images_000002.tif|58C18FEA-FEC2-4F48-B37D-15893C75D901
373|1127|353|36|33|222|1458|564|1|1|0|0.7035|4.5000|0|0.0000|0.0000|0.0000|314.0000|30.0000|18.0000|24.5000|91.1127|73.5710|29.1881|15.8073|93.3249|10.9007|17.9393|9.4973|14.0700|10.9007|64.0978|48.5914|131.4586|14.9873|41278.0000|2.1039|4.3812|1.3191|52.3659|192.7810|0.5138|0.4444|0.7257|0.0000|365.0000|314.0000|93.3249|-55.0000|55.0000|140.8662|139.4873|112.1210|4.0032|40.0000|5.4531|3.5127|40.0000|4.4674|0.0000|0.0000|0.0000|2017-08-24T07:00:52.880|Freshwater Lake - North America_images_000002.tif|49A8095E-C011-4335-8782-18D0B0FD5568
374|1165|353|40|45|1000|1269|565|1|1|0|0.7035|4.5000|0|0.0000|0.0000|0.0000|626.0000|36.0000|28.0000|31.3889|107.2548|95.5631|30.8904|27.6070|218.9214|16.6955|22.1603|16.5323|18.9163|16.6955|75.4538|64.0629|130.8195|32.2141|81893.0000|1.4623|2.1231|1.1778|62.9468|192.8910|0.7095|0.5700|0.9288|0.0000|651.5000|626.0000|218.9214|-85.0000|35.0000|139.0863|135.1022|119.3323|3.1945|31.0000|4.2225|4.2380|31.0000|5.3143|0.0000|0.0000|0.0000|2017-08-24T07:00:53.010|Freshwater Lake - North America_images_000002.tif|93F83557-75A8-43D4-9BD7-8E1D0F9AF609
375|1207|353|39|38|928|1410|566|1|1|0|0.7035|4.5000|0|0.0000|0.0000|0.0000|604.0000|31.0000|27.0000|29.2500|95.8406|88.3998|29.1295|26.7081|209.7843|16.3434|18.6427|15.8287|17.4116|16.3434|67.4239|59.0235|101.3609|48.1692|61222.0000|1.2102|1.0000|1.1423|88.3494|193.5000|0.8562|0.8045|0.9848|0.0000|603.5000|604.0000|209.7843|-60.0000|15.0000|109.6192|108.2070|84.7235|4.7089|34.0000|5.9796|3.9787|34.0000|5.2293|0.0000|0.0000|0.0000|2017-08-24T07:00:53.616|Freshwater Lake - North America_images_000002.tif|83EA6926-4C20-4B64-885A-2DC9ED32BBED
376|1248|353|66|66|821|1465|567|1|1|0|0.7035|4.5000|0|0.0000|0.0000|0.0000|1999.0000|57.0000|50.0000|54.8889|193.6812|169.2186|54.9988|47.7596|820.7100|32.3258|36.9338|32.0093|35.4486|32.3258|136.2547|115.8795|106.5918|37.7378|213077.0000|1.4933|2.2462|1.1758|60.1071|194.9060|0.7303|0.6707|0.9594|0.0000|2141.0000|1999.0000|820.7100|5.0000|40.0000|114.2951|110.5013|95.9950|3.2307|34.0000|4.3718|4.4310|34.0000|5.7459|0.0000|0.0000|0.0000|2017-08-24T07:00:55.027|Freshwater Lake - North America_images_000002.tif|AF1C9C3D-5211-4408-9B34-31E436B3EEF2
377|1316|353|39|32|207|631|567|1|1|0|0.7035|4.5000|0|0.0000|0.0000|0.0000|452.0000|32.0000|21.0000|27.2222|88.0416|82.3551|29.9913|20.6880|147.6478|13.7110|19.3463|11.6077|15.9851|13.7110|61.9373|54.7711|132.9956|21.5135|60114.0000|1.3647|1.6985|1.1308|56.5309|194.9060|0.6259|0.5622|0.8671|0.0000|474.0000|452.0000|147.6478|-20.0000|-80.0000|136.8695|136.1106|125.3805|3.2307|34.0000|4.3718|4.4310|34.0000|5.7459|0.0000|0.0000|0.0000|2017-08-24T07:00:55.027|Freshwater Lake - North America_images_000002.tif|E52EF76A-6E6B-4590-B75F-295D0D29FA50
378|1357|353|43|43|958|1300|568|1|1|0|0.7035|4.5000|0|0.0000|0.0000|0.0000|815.0000|35.0000|32.0000|33.3333|106.9117|100.9919|33.3238|31.1767|298.5324|19.4962|21.4567|19.3463|20.2842|19.4962|75.2124|67.8821|92.2319|28.5827|75169.0000|1.1160|1.0000|1.1080|105.4674|195.1250|0.9298|0.9084|0.9966|0.0000|796.5000|815.0000|298.5324|-70.0000|20.0000|101.5607|99.2417|74.9779|4.9482|49.0000|6.2596|4.3687|49.0000|5.6073|0.0000|0.0000|0.0000|2017-08-24T07:00:55.218|Freshwater Lake - North America_images_000002.tif|3C22A490-E0E3-4EEA-96AD-3BD307C8BCA6
379|1402|353|24|130|1029|1086|570|1|1|0|0.7035|4.5000|0|0.0000|0.0000|0.0000|739.0000|120.0000|13.0000|79.5000|265.0122|246.9012|138.1661|8.5679|266.3020|18.4138|81.2542|5.9798|52.7625|18.4138|186.4361|170.5292|161.8660|29.3248|119619.0000|7.5627|21.7129|1.0933|54.6838|195.3750|0.0000|0.4079|0.0982|0.0000|1003.0000|739.0000|266.3020|-90.0000|-5.0000|165.5751|164.8728|154.5034|4.0464|135.0000|6.0184|4.2764|135.0000|6.1859|0.0000|0.0000|0.0000|2017-08-24T07:00:55.476|Freshwater Lake - North America_images_000002.tif|F52F1AD1-476B-4C5F-B875-A54193ACB276
380|1428|353|37|65|465|1467|572|1|1|0|0.7035|4.5000|0|0.0000|0.0000|0.0000|1106.0000|55.0000|27.0000|43.1389|139.1543|132.0603|54.9494|26.4358|423.9658|23.2338|35.5267|15.8287|27.1825|23.5305|97.8951|89.7387|95.6510|39.0247|105790.0000|1.3625|1.6878|1.0909|101.4146|195.7340|0.4282|0.8217|0.7746|0.0000|1120.5000|1131.0000|434.8632|-90.0000|0.0000|99.4620|99.2640|87.1429|4.6533|62.0000|6.2047|4.8592|62.0000|6.4130|0.0000|0.0000|0.0000|2017-08-24T07:00:55.836|Freshwater Lake - North America_images_000002.tif|D17F9320-F5C1-4F2C-9D0A-2FAD4B4393C4
381|1467|353|27|187|245|1350|573|1|1|0|0.7035|4.5000|0|0.0000|0.0000|0.0000|1801.0000|177.0000|17.0000|117.0278|376.0833|364.8767|199.1472|12.6340|731.6859|30.5223|121.3538|8.7937|79.1633|30.5223|264.5746|253.5250|107.0627|35.4613|192820.0000|6.2495|17.5765|1.0436|99.4116|196.5940|0.0000|0.6197|0.1152|0.0000|2035.5000|1801.0000|731.6859|-90.0000|0.0000|112.2399|112.3232|94.7690|4.3191|157.0000|6.3320|4.6103|157.0000|6.5638|0.0000|0.0000|0.0000|2017-08-24T07:00:56.697|Freshwater Lake - North America_images_000002.tif|C1EC429F-AEB4-4A78-9587-4D2C5F09E490
382|1496|353|51|57|649|1480|574|1|1|0|0.7035|4.5000|0|0.0000|0.0000|0.0000|1270.0000|49.0000|36.0000|44.1111|151.6396|135.2603|47.0923|35.6783|495.7346|25.1235|31.3057|22.1603|27.8664|25.1235|106.6785|91.9899|90.7882|38.6542|115301.0000|1.4408|2.0351|1.1597|118.7444|196.7500|0.6686|0.7091|0.9265|0.0000|1356.0000|1270.0000|495.7346|25.0000|-15.0000|95.6937|94.0740|82.4488|4.7278|50.0000|6.1567|4.9860|50.0000|6.4159|0.0000|0.0000|0.0000|2017-08-24T07:00:56.849|Freshwater Lake - North America_images_000002.tif|89C1660C-E5C2-43F7-9E9A-C7D05822820E
383|1549|353|31|30|707|1416|576|1|1|0|0.7035|4.5000|0|0.0000|0.0000|0.0000|293.0000|22.0000|19.0000|20.3056|63.3553|60.3564|20.3138|18.4763|85.3112|10.4222|12.3113|10.2007|11.1192|10.4222|44.5705|39.2950|110.6348|19.1359|32416.0000|1.0902|1.0000|1.1343|125.1509|197.2810|0.9005|0.9214|0.9895|0.0000|281.5000|293.0000|85.3112|5.0000|40.0000|120.4266|118.3379|91.8157|4.5678|42.0000|5.7795|4.8847|42.0000|6.1226|0.0000|0.0000|0.0000|2017-08-24T07:00:57.383|Freshwater Lake - North America_images_000002.tif|FEE03885-1D3A-4B14-8425-290F971F8DD7
384|1582|353|36|37|616|1797|577|1|1|0|0.7035|4.5000|0|0.0000|0.0000|0.0000|369.0000|29.0000|25.0000|26.9444|134.4264|81.3574|27.2264|22.7014|114.6660|12.0829|17.2357|14.4217|15.7896|12.0829|94.5690|54.0692|147.7425|15.7984|54517.0000|3.8970|10.1443|1.7490|44.7377|197.7030|0.4682|0.4286|0.7478|0.0000|488.0000|369.0000|114.6660|-60.0000|-35.0000|150.2114|149.9241|142.4905|3.8371|187.0000|5.9217|4.3158|187.0000|6.2987|0.0000|0.0000|0.0000|2017-08-24T07:00:57.807|Freshwater Lake - North America_images_000002.tif|4A3EE0FD-13E1-419E-99BE-CA175BC90099
385|1620|353|25|208|1024|1088|577|1|1|0|0.7035|4.5000|0|0.0000|0.0000|0.0000|786.0000|198.0000|15.0000|127.9444|420.7107|398.9564|228.8303|11.9573|286.2030|19.0894|136.1273|7.3868|86.8431|19.0894|295.9700|277.5001|153.9300|24.4243|120989.0000|17.9199|54.2785|1.0666|62.1525|197.7030|0.0000|0.3367|0.0381|0.0000|1768.5000|786.0000|286.2030|-90.0000|0.0000|161.8537|161.8842|135.2290|3.8371|187.0000|5.9217|4.3158|187.0000|6.2987|0.0000|0.0000|0.0000|2017-08-24T07:00:57.807|Freshwater Lake - North America_images_000002.tif|33A366B7-1A01-4104-AB7A-3271BE905D98
386|1647|353|39|61|872|1542|578|1|2|0|0.7035|4.5000|0|0.0000|0.0000|0.0000|567.0000|51.0000|28.0000|40.3889|141.3970|123.8196|58.3501|21.9819|194.4910|15.7364|32.7127|16.5323|25.2478|15.7364|99.4728|83.9413|110.0088|34.2280|62375.0000|2.8060|6.6653|1.1850|101.8871|197.8750|0.1054|0.1975|0.3714|0.0000|907.0000|567.0000|194.4910|-85.0000|0.0000|116.6508|115.2169|97.1693|4.4667|49.0000|5.8226|4.7764|49.0000|6.0934|0.0000|0.0000|0.0000|2017-08-24T07:00:57.964|Freshwater Lake - North America_images_000002.tif|D2DAE4B0-B550-4BB7-A403-F2204FEEAF51
387|1688|353|47|62|197|1396|581|1|1|0|0.7035|4.5000|0|0.0000|0.0000|0.0000|1307.0000|55.0000|37.0000|46.7778|179.3970|143.6273|48.1577|36.7721|512.0119|25.5326|35.5267|22.8637|29.7424|25.5326|126.2058|97.8761|115.3902|34.4287|150815.0000|1.9595|3.8995|1.2894|123.2531|198.8280|0.5898|0.3981|0.9065|0.0000|1463.5000|1307.0000|512.0119|-75.0000|0.0000|118.3298|118.1324|108.8730|4.6157|50.0000|6.0442|4.9085|50.0000|6.3625|0.0000|0.0000|0.0000|2017-08-24T07:00:58.924|Freshwater Lake - North America_images_000002.tif|3EA3FCAB-65FD-49DC-A998-D66A3797E8E8
388|1737|353|40|108|994|1411|583|1|1|0|0.7035|4.5000|0|0.0000|0.0000|0.0000|1096.0000|101.0000|18.0000|67.0278|234.7107|207.3457|95.6873|15.3436|419.6115|23.1142|67.8877|9.4973|43.9883|23.1142|165.1190|142.7019|120.3522|33.5707|131906.0000|3.9999|10.4704|1.1571|119.2664|199.5470|0.0000|0.7577|0.2972|0.0000|1253.0000|1096.0000|419.6115|-80.0000|15.0000|133.6642|127.6569|100.9380|4.3252|72.0000|6.0372|4.2934|72.0000|5.8088|0.0000|0.0000|0.0000|2017-08-24T07:00:59.650|Freshwater Lake - North America_images_000002.tif|1ADC31EF-662E-4279-B660-ABFC1B09EFDD
389|1779|353|34|37|482|1405|584|1|1|0|0.7035|4.5000|0|0.0000|0.0000|0.0000|507.0000|28.0000|24.0000|26.3889|83.9411|79.6710|27.4984|23.5918|169.9086|14.7083|16.5323|13.7183|15.3988|14.7083|59.0526|52.8828|92.4596|51.4906|46877.0000|1.1059|1.0000|1.1167|129.2703|199.8280|0.8657|0.8593|0.9835|0.0000|490.0000|507.0000|169.9086|-70.0000|0.0000|97.4477|98.3077|79.0611|4.5991|38.0000|5.8883|3.9017|38.0000|5.0793|0.0000|0.0000|0.0000|2017-08-24T07:00:59.959|Freshwater Lake - North America_images_000002.tif|BA515873-D3F1-44F8-9DC4-08DD41D8DC0E
390|1815|353|39|45|678|1518|586|1|1|0|0.7035|4.5000|0|0.0000|0.0000|0.0000|590.0000|37.0000|25.0000|30.9167|105.8406|93.8369|33.6855|23.4443|203.9865|16.1159|22.8637|14.4217|18.5841|16.1159|74.4589|62.8485|89.7542|47.9231|52955.0000|1.5109|2.3147|1.1847|99.8172|201.0310|0.6469|0.6294|0.8920|0.0000|625.5000|590.0000|203.9865|70.0000|-35.0000|96.5458|94.1305|78.5559|2.7536|33.0000|3.5691|4.1756|33.0000|5.4460|0.0000|0.0000|0.0000|2017-08-24T07:01:01.154|Freshwater Lake - North America_images_000002.tif|3645CC80-C7E3-494A-9818-B604E77E9542
391|1856|353|27|59|529|1407|587|1|1|0|0.7035|4.5000|0|0.0000|0.0000|0.0000|623.0000|49.0000|16.0000|36.7500|117.5980|111.9884|53.2448|15.5530|217.6736|16.6478|31.3057|8.0903|22.6879|16.6478|82.7302|75.6181|109.0128|33.8558|67915.0000|1.7665|3.2409|1.0941|50.1604|201.8130|0.1825|0.6426|0.5156|0.0000|639.0000|623.0000|217.6736|-90.0000|5.0000|112.7753|112.6437|100.4125|4.5631|54.0000|5.9187|4.7634|54.0000|6.1311|0.0000|0.0000|0.0000|2017-08-24T07:01:01.926|Freshwater Lake - North America_images_000002.tif|21B1200D-7285-4500-81DF-A4A79FB0D925
392|1885|353|33|123|566|1343|593|1|1|0|0.7035|4.5000|0|0.0000|0.0000|0.0000|729.0000|114.0000|11.0000|75.0833|256.2254|232.8611|123.8812|8.0446|262.0814|18.2672|77.0332|4.5728|49.6554|18.2672|180.2546|160.6520|144.9150|30.7840|105643.0000|7.1665|20.4654|1.1220|64.9790|203.7500|0.0000|0.6540|0.1205|0.0000|840.0000|729.0000|262.0814|-85.0000|10.0000|148.6872|151.9163|129.6790|4.2164|93.0000|6.0021|4.5006|93.0000|6.2608|0.0000|0.0000|0.0000|2017-08-24T07:01:03.871|Freshwater Lake - North America_images_000002.tif|24D02994-C919-4AF4-8263-7E72645D8092
393|1920|353|41|52|192|1517|594|1|1|0|0.7035|4.5000|0|0.0000|0.0000|0.0000|709.0000|42.0000|28.0000|35.1944|123.1543|107.2892|37.1202|26.2020|253.6553|17.9712|26.3813|16.5323|21.5935|17.9712|86.6391|72.3122|103.4725|37.5933|73362.0000|1.7023|3.0165|1.1981|87.8224|203.9690|0.5997|0.5144|0.8745|0.0000|786.5000|709.0000|253.6553|-90.0000|-20.0000|107.4147|107.2722|94.5303|3.2315|39.0000|4.3889|4.1360|39.0000|5.5037|0.0000|0.0000|0.0000|2017-08-24T07:01:04.071|Freshwater Lake - North America_images_000002.tif|29E569F1-22B5-4D54-BE70-BC8B97A90386
394|1963|353|44|40|1012|1157|595|1|1|0|0.7035|4.5000|0|0.0000|0.0000|0.0000|713.0000|36.0000|29.0000|32.9722|111.3553|100.5984|33.1306|28.4295|255.3389|18.0307|22.1603|17.2357|20.0302|18.0307|78.3385|67.6052|98.2987|39.3516|70087.0000|1.3840|1.7888|1.1588|102.8020|204.7030|0.7656|0.7121|0.9527|0.0000|740.5000|713.0000|255.3389|30.0000|75.0000|104.6101|102.0589|88.5147|3.5517|47.0000|4.9458|4.1881|47.0000|5.6029|0.0000|0.0000|0.0000|2017-08-24T07:01:04.798|Freshwater Lake - North America_images_000002.tif|E5671914-8915-452F-9C1E-754FB019CBC1
395|2|563|52|52|334|1562|597|1|1|0|0.7035|4.5000|0|0.0000|0.0000|0.0000|997.0000|43.0000|36.0000|40.1944|148.2254|123.0097|41.3590|33.0667|376.6571|21.8992|27.0847|22.1603|25.1110|21.8992|104.2766|83.3716|114.2919|32.2718|113949.0000|1.7536|3.1964|1.2507|68.1538|205.4690|0.6375|0.5115|0.9054|0.0000|1121.5000|997.0000|376.6571|-20.0000|40.0000|120.4604|118.7161|103.3079|4.0186|63.0000|5.5886|4.2590|63.0000|5.9035|0.0000|0.0000|0.0000|2017-08-24T07:01:05.581|Freshwater Lake - North America_images_000002.tif|83B55793-56A6-4303-920F-0A5C0DBC98EC
396|56|563|18|79|984|1383|597|1|1|0|0.7035|4.5000|0|0.0000|0.0000|0.0000|332.0000|69.0000|8.0000|46.1111|144.9706|141.7671|78.2742|6.0678|100.2563|11.2982|45.3758|2.8140|29.2734|11.2982|101.9868|96.5674|163.9127|25.5042|54419.0000|5.0375|13.7529|1.0561|52.7071|205.4690|0.0000|0.5652|0.1372|0.0000|376.0000|332.0000|100.2563|-90.0000|0.0000|166.3584|167.2771|156.3042|4.0186|63.0000|5.5886|4.2590|63.0000|5.9035|0.0000|0.0000|0.0000|2017-08-24T07:01:05.581|Freshwater Lake - North America_images_000002.tif|F99CB1FF-A0B0-4409-9683-67B0FC4A9929
397|76|563|37|51|1009|1293|599|1|1|0|0.7035|4.5000|0|0.0000|0.0000|0.0000|449.0000|42.0000|27.0000|33.9444|138.4680|103.8044|46.0504|22.3731|146.4421|13.6549|26.3813|15.8287|20.7141|13.6549|97.4122|69.8606|147.4655|31.6312|66212.0000|3.3982|8.5588|1.3944|90.8908|205.9220|0.3009|0.2461|0.4362|0.0000|737.0000|449.0000|146.4421|-85.0000|0.0000|154.5078|153.0022|133.8775|4.4577|44.0000|5.8196|4.7130|44.0000|6.0041|0.0000|0.0000|0.0000|2017-08-24T07:01:06.020|Freshwater Lake - North America_images_000002.tif|C492F567-18AF-4DE3-9461-4AB63BCA3FA7
398|115|563|23|102|668|1123|600|1|1|0|0.7035|4.5000|0|0.0000|0.0000|0.0000|527.0000|92.0000|10.0000|60.7222|204.1838|187.9504|99.3412|7.7399|178.0706|15.0574|61.5562|3.8693|39.5523|15.0574|143.6433|129.0574|142.4972|31.2605|75096.0000|6.2954|17.7211|1.1130|81.9793|205.9840|0.0000|0.4834|0.1352|0.0000|648.5000|527.0000|178.0706|-90.0000|5.0000|146.2163|146.0778|134.1120|3.8470|2.0000|4.0402|3.9586|2.0000|4.1795|0.0000|0.0000|0.0000|2017-08-24T07:01:06.085|Freshwater Lake - North America_images_000002.tif|907BF25C-A342-4853-8158-7E1FEA076BA9
399|140|563|33|122|563|1190|602|1|1|0|0.7035|4.5000|0|0.0000|0.0000|0.0000|511.0000|113.0000|11.0000|74.8333|249.9828|231.5621|137.7232|7.0990|171.5383|14.7787|76.3298|4.5728|49.4795|14.7787|175.8629|159.7382|147.5577|21.4166|75402.0000|9.7317|28.5381|1.1009|57.1502|206.4380|0.0000|0.1177|0.0684|0.0000|829.0000|511.0000|171.5383|-85.0000|10.0000|152.9980|157.1115|126.7632|4.0032|38.0000|5.4466|4.2091|38.0000|5.5061|0.0000|0.0000|0.0000|2017-08-24T07:01:06.546|Freshwater Lake - North America_images_000002.tif|B3FB8809-D808-494C-B526-A00BE6D8C324
400|175|563|27|40|970|1179|602|1|1|0|0.7035|4.5000|0|0.0000|0.0000|0.0000|309.0000|31.0000|13.0000|23.7222|75.9411|71.3154|31.6506|12.5632|91.4094|10.7882|18.6427|5.9798|13.5228|10.7882|53.4246|47.0046|143.8058|22.6660|44436.0000|1.4852|2.2143|1.1366|48.7879|206.4380|0.4645|0.8030|0.6786|0.0000|295.5000|309.0000|91.4094|55.0000|-20.0000|149.3366|147.1392|135.1424|4.0032|38.0000|5.4466|4.2091|38.0000|5.5061|0.0000|0.0000|0.0000|2017-08-24T07:01:06.546|Freshwater Lake - North America_images_000002.tif|DE5E8352-4B00-4D5B-8125-3DB2A854DE71
401|204|563|33|376|993|681|603|1|1|0|0.7035|4.5000|0|0.0000|0.0000|0.0000|2898.0000|366.0000|23.0000|234.5278|838.2498|733.6149|378.5764|15.3091|1229.6240|39.5677|254.3152|13.0147|161.8246|39.5677|589.7087|512.9323|145.0393|10.0361|420324.0000|19.2947|58.5991|1.1497|32.5817|206.5940|0.0000|0.0991|0.0514|0.0000|4951.5000|2898.0000|1229.6240|-90.0000|0.0000|149.9151|148.0376|137.2557|4.2131|488.0000|6.6809|4.4456|488.0000|6.9402|0.0000|0.0000|0.0000|2017-08-24T07:01:06.682|Freshwater Lake - North America_images_000002.tif|C88785D3-3459-472D-AA1E-420CA4A28666
402|239|563|75|74|918|1507|604|1|1|0|0.7035|4.5000|0|0.0000|0.0000|0.0000|2789.0000|67.0000|61.0000|64.9167|224.1665|200.6404|65.1063|60.3500|1179.7133|38.7564|43.9688|39.7478|42.5031|40.6310|157.7011|137.9848|80.6777|37.1327|225010.0000|1.3137|1.4255|1.1429|133.0816|206.9060|0.8148|0.7543|0.9836|0.0000|3137.0000|3044.0000|1296.5941|-30.0000|-70.0000|86.3779|85.0488|69.9433|5.2895|75.0000|6.8536|5.4911|75.0000|7.0547|0.0000|0.0000|0.0000|2017-08-24T07:01:07.027|Freshwater Lake - North America_images_000002.tif|46E44AB0-8F2E-457F-A087-9D2CA08B07A2
403|316|563|119|119|816|1208|606|1|1|0|0.7035|4.5000|0|0.0000|0.0000|0.0000|6560.0000|134.0000|80.0000|108.2778|450.0488|337.2225|121.0053|72.7128|2934.7772|61.1283|91.1033|53.1142|73.0077|61.1283|316.6093|234.0703|77.3000|43.1224|507088.0000|2.4570|5.5383|1.3526|113.7313|207.4840|0.3772|0.6300|0.8382|0.0000|7805.0000|6560.0000|2934.7772|-45.0000|45.0000|81.2994|80.1703|70.1392|5.6022|130.0000|7.3833|5.8487|130.0000|7.6259|0.0000|0.0000|0.0000|2017-08-24T07:01:07.590|Freshwater Lake - North America_images_000002.tif|CF81E7DD-917C-4ECB-8DC1-6E1DFF66E042
404|437|563|32|40|407|1622|607|1|1|0|0.7035|4.5000|0|0.0000|0.0000|0.0000|496.0000|32.0000|22.0000|26.9722|85.5980|81.6332|29.8718|21.4085|165.4340|14.5133|19.3463|12.3113|15.8092|14.5133|60.2182|54.2632|134.7984|27.9920|66860.0000|1.1755|1.0000|1.1097|66.6081|207.5940|0.7422|0.7633|0.9351|0.0000|486.0000|496.0000|165.4340|-75.0000|0.0000|139.3629|140.5685|121.7641|4.3409|32.0000|5.5767|4.7365|32.0000|5.9801|0.0000|0.0000|0.0000|2017-08-24T07:01:07.707|Freshwater Lake - North America_images_000002.tif|372B9B0A-319A-4D6B-80F5-BF5BAA5B1017
405|471|563|79|70|173|1333|608|1|3|0|0.7035|4.5000|0|0.0000|0.0000|0.0000|1578.0000|68.0000|54.0000|62.1667|288.6934|192.4691|60.3682|58.4723|632.0344|28.3678|44.6722|34.8233|40.5685|28.3678|203.0958|132.2363|131.4810|31.3752|207477.0000|4.2030|11.1141|1.5359|83.0438|207.6880|0.0799|0.4613|0.5689|0.0000|2564.5000|1578.0000|632.0344|5.0000|60.0000|133.7763|136.9632|119.8638|4.7293|53.0000|6.2229|5.1001|53.0000|6.5888|0.0000|0.0000|0.0000|2017-08-24T07:01:07.793|Freshwater Lake - North America_images_000002.tif|B5917776-3646-4D32-AB22-48E403658396
406|552|563|66|290|586|1381|609|1|7|0|0.7035|4.5000|0|0.0000|0.0000|0.0000|933.0000|278.0000|10.0000|178.4722|572.2082|557.5264|325.9120|7.2591|349.0496|21.0814|192.4073|3.8693|122.3894|21.0814|402.5485|389.0541|154.8446|11.2204|144470.0000|27.9265|85.7220|1.0347|26.0819|208.1090|0.0000|0.5832|0.0224|0.0000|1763.5000|933.0000|349.0496|-80.0000|10.0000|160.4009|166.8435|129.1458|3.8885|212.0000|5.9850|4.2740|212.0000|6.3578|0.0000|0.0000|0.0000|2017-08-24T07:01:08.217|Freshwater Lake - North America_images_000002.tif|23834E40-1746-4627-BB9C-8C1C8844C986
407|620|563|41|41|597|1586|612|1|1|0|0.7035|4.5000|0|0.0000|0.0000|0.0000|339.0000|34.0000|24.0000|29.8333|105.9828|90.6377|36.7608|18.1750|102.9664|11.4499|20.7533|13.7183|17.8220|11.4499|74.5589|60.5979|161.1032|29.4673|54614.0000|2.6367|6.1200|1.2304|62.7528|208.8280|0.3265|0.2592|0.5133|0.0000|493.0000|339.0000|102.9664|-65.0000|30.0000|161.9971|164.4218|154.3569|3.8093|47.0000|5.2306|4.1025|47.0000|5.6018|0.0000|0.0000|0.0000|2017-08-24T07:01:08.921|Freshwater Lake - North America_images_000002.tif|2FA6E490-9EDD-42A8-BCB5-80D1B0D4C030
408|663|563|21|79|750|1346|614|1|1|0|0.7035|4.5000|0|0.0000|0.0000|0.0000|331.0000|69.0000|7.0000|46.1667|152.2843|142.3824|78.8705|5.7846|99.8698|11.2764|45.3758|2.4623|29.3125|11.2764|107.1320|97.0003|163.3958|22.9496|54084.0000|5.5754|15.4508|1.1045|47.3750|209.4840|0.0000|0.4109|0.1348|0.0000|377.0000|331.0000|99.8698|-90.0000|5.0000|165.7341|166.7674|155.8882|3.8779|60.0000|5.5304|4.0104|60.0000|5.4881|0.0000|0.0000|0.0000|2017-08-24T07:01:09.584|Freshwater Lake - North America_images_000002.tif|3A60DE61-7DB7-424D-84A0-302775DE5DE7
409|686|563|39|37|1012|1537|617|1|1|0|0.7035|4.5000|0|0.0000|0.0000|0.0000|460.0000|31.0000|25.0000|27.8611|99.0122|84.1974|28.6033|23.0062|150.8677|13.8597|18.6427|14.4217|16.4345|13.8597|69.6551|56.0671|140.4043|28.4824|64586.0000|1.6959|2.9939|1.2424|65.3103|210.2340|0.6184|0.3591|0.8693|0.0000|508.5000|460.0000|150.8677|20.0000|65.0000|146.7652|143.4283|132.0522|4.4434|40.0000|5.7949|3.9829|40.0000|4.9851|0.0000|0.0000|0.0000|2017-08-24T07:01:10.347|Freshwater Lake - North America_images_000002.tif|1C15E053-6076-4F7C-834B-8CBB35BCEEB5
410|727|563|33|28|1020|983|617|1|1|0|0.7035|4.5000|0|0.0000|0.0000|0.0000|307.0000|23.0000|18.0000|20.8611|66.2843|62.2584|22.4090|17.5384|90.6445|10.7430|13.0147|9.4973|11.5100|10.7430|46.6310|40.6330|133.5928|29.9453|41013.0000|1.1389|1.0000|1.1476|70.0172|210.2340|0.8234|0.8221|0.9654|0.0000|294.0000|307.0000|90.6445|0.0000|-90.0000|138.8860|139.0749|120.7752|4.4434|40.0000|5.7949|3.9829|40.0000|4.9851|0.0000|0.0000|0.0000|2017-08-24T07:01:10.347|Freshwater Lake - North America_images_000002.tif|C08FD81B-AB94-4E60-988C-BCC38341CB32
411|762|563|51|197|224|1268|619|1|1|0|0.7035|4.5000|0|0.0000|0.0000|0.0000|2799.0000|189.0000|20.0000|126.4722|417.9239|394.4299|211.2019|17.7184|1184.2890|38.8315|129.7957|10.9043|85.8074|38.8315|294.0095|274.3157|113.1901|41.6541|316819.0000|4.9657|13.5263|1.0718|125.3555|211.4380|0.0000|0.7411|0.1587|0.0000|3008.0000|2799.0000|1184.2890|-85.0000|10.0000|121.4716|119.1358|98.3569|4.2576|139.0000|6.2634|3.8640|139.0000|5.3071|0.0000|0.0000|0.0000|2017-08-24T07:01:11.540|Freshwater Lake - North America_images_000002.tif|BA482FA0-83E8-4526-BA87-BF76E4A05D76
412|815|563|34|32|294|782|619|1|1|0|0.7035|4.5000|0|0.0000|0.0000|0.0000|391.0000|27.0000|20.0000|23.8889|77.4558|71.8472|26.1669|19.3776|123.3263|12.5309|15.8287|10.9043|13.6401|12.5309|54.4902|47.3788|121.7391|28.0533|47600.0000|1.2210|1.0000|1.1501|77.2714|211.4380|0.7560|0.6929|0.9391|0.0000|382.5000|391.0000|123.3263|-60.0000|50.0000|128.2609|127.0153|108.9130|4.2576|139.0000|6.2634|3.8640|139.0000|5.3071|0.0000|0.0000|0.0000|2017-08-24T07:01:11.540|Freshwater Lake - North America_images_000002.tif|2D933F52-A6D4-461E-B960-D0D20B03C897
413|851|563|39|38|319|1312|620|1|1|0|0.7035|4.5000|0|0.0000|0.0000|0.0000|636.0000|31.0000|27.0000|29.2222|92.4264|88.5609|30.0771|26.9670|223.0848|16.8535|18.6427|15.8287|17.3921|16.8535|65.0220|59.1368|110.2783|24.4307|70137.0000|1.0689|1.0000|1.0995|91.3375|211.5940|0.9048|0.9299|0.9925|0.0000|611.0000|636.0000|223.0848|-60.0000|60.0000|118.2107|117.6038|92.8994|4.4055|34.0000|5.7209|3.9622|34.0000|4.9847|0.0000|0.0000|0.0000|2017-08-24T07:01:11.697|Freshwater Lake - North America_images_000002.tif|F304D8CF-66B9-4A5D-A04B-A39A75422B86
414|892|563|34|37|506|1488|621|1|1|0|0.7035|4.5000|0|0.0000|0.0000|0.0000|412.0000|31.0000|22.0000|26.7222|86.2843|80.8006|28.9883|20.6623|131.6508|12.9469|18.6427|12.3113|15.6333|12.9469|60.7010|53.6775|122.3058|29.7813|50390.0000|1.4380|2.0234|1.1308|96.0128|211.9220|0.6025|0.5308|0.8279|0.0000|436.5000|412.0000|131.6508|50.0000|-20.0000|132.9733|133.1456|96.9345|4.4107|34.0000|5.7101|3.7372|34.0000|4.8192|0.0000|0.0000|0.0000|2017-08-24T07:01:12.017|Freshwater Lake - North America_images_000002.tif|9DDF8801-BD9B-478F-B9C5-2C21D0EB2702
415|928|563|43|54|401|1486|622|1|1|0|0.7035|4.5000|0|0.0000|0.0000|0.0000|998.0000|48.0000|30.0000|40.1944|134.0833|122.8057|46.7453|28.4286|377.0895|21.9118|30.6023|17.9393|25.1110|21.9118|94.3276|83.2281|136.0381|27.7718|135766.0000|1.4335|2.0048|1.1334|66.6583|212.4220|0.5551|0.7032|0.8490|0.0000|1027.0000|998.0000|377.0895|-60.0000|20.0000|142.7084|141.5721|122.6683|3.9671|36.0000|5.3672|3.5936|36.0000|4.5104|0.0000|0.0000|0.0000|2017-08-24T07:01:12.541|Freshwater Lake - North America_images_000002.tif|AE58CF54-3CC1-48DE-98F1-42103053B494
416|973|563|40|27|901|1267|622|1|1|0|0.7035|4.5000|0|0.0000|0.0000|0.0000|292.0000|31.0000|17.0000|23.7222|83.1127|71.5013|27.9081|14.5995|84.9317|10.3990|18.6427|8.7937|13.5228|10.3990|58.4698|47.1354|133.2295|23.9411|38903.0000|1.8825|3.6394|1.2405|80.6486|212.4220|0.5186|0.4823|0.7496|0.0000|327.0000|292.0000|84.9317|-15.0000|-90.0000|141.9281|138.4692|119.7363|3.9671|36.0000|5.3672|3.5936|36.0000|4.5104|0.0000|0.0000|0.0000|2017-08-24T07:01:12.541|Freshwater Lake - North America_images_000002.tif|9D5875BD-3BCF-40F0-9931-41A8B35D02BC
417|1015|563|21|128|763|1403|623|1|1|0|0.7035|4.5000|0|0.0000|0.0000|0.0000|546.0000|118.0000|11.0000|77.3056|259.0122|239.4534|131.3720|6.3998|185.8549|15.3830|79.8473|4.5728|51.2187|15.3830|182.2151|165.2897|142.7161|18.2094|77923.0000|9.7777|28.6828|1.1024|60.4089|212.5630|0.0000|0.4193|0.0804|0.0000|685.5000|546.0000|185.8549|-90.0000|0.0000|147.9505|151.5458|123.3168|4.2905|85.0000|6.0057|4.5808|85.0000|6.2672|0.0000|0.0000|0.0000|2017-08-24T07:01:12.649|Freshwater Lake - North America_images_000002.tif|D0244915-6899-493B-95EB-21A75F69A72A
418|1038|563|30|49|478|523|624|1|1|0|0.7035|4.5000|0|0.0000|0.0000|0.0000|529.0000|40.0000|20.0000|31.5000|109.8406|96.1044|40.5797|17.9887|178.8887|15.0920|24.9743|10.9043|18.9945|15.0920|77.2729|64.4437|119.4896|27.7720|63210.0000|1.8149|3.4084|1.1991|107.2990|213.4530|0.3775|0.4346|0.6837|0.0000|574.0000|529.0000|178.8887|70.0000|0.0000|126.7675|123.8507|108.1796|2.9890|33.0000|3.7605|4.0311|33.0000|5.3561|0.0000|0.0000|0.0000|2017-08-24T07:01:13.562|Freshwater Lake - North America_images_000002.tif|D9B245A9-1309-41AD-81A5-05AA5732A1F3
419|1070|563|37|36|204|1457|625|1|1|0|0.7035|4.5000|0|0.0000|0.0000|0.0000|546.0000|32.0000|26.0000|28.0000|92.2843|84.7344|29.5713|23.8456|185.8549|15.3830|19.3463|15.1253|16.5323|15.3830|64.9220|56.4449|152.2637|25.9087|83136.0000|1.2412|1.0000|1.1502|53.3571|214.0780|0.8013|0.8039|0.9635|0.0000|541.0000|546.0000|185.8549|-45.0000|-90.0000|151.4231|154.9011|147.4249|4.0999|46.0000|5.3793|4.4820|46.0000|5.8491|0.0000|0.0000|0.0000|2017-08-24T07:01:14.201|Freshwater Lake - North America_images_000002.tif|A380530F-AA62-4218-B6D7-E1514D657A76
420|1109|563|29|70|606|1620|627|1|1|0|0.7035|4.5000|0|0.0000|0.0000|0.0000|476.0000|61.0000|19.0000|42.8611|155.6812|131.6650|63.3059|17.9360|157.3265|14.1532|39.7478|10.2007|26.9870|14.1532|109.5217|89.4606|157.8950|32.3369|75158.0000|4.0519|10.6353|1.2242|79.8615|214.6410|0.0282|0.2185|0.2800|0.0000|802.5000|476.0000|157.3265|75.0000|0.0000|161.6702|162.1197|148.1765|3.8190|43.0000|5.2962|4.3560|43.0000|5.5960|0.0000|0.0000|0.0000|2017-08-24T07:01:14.729|Freshwater Lake - North America_images_000002.tif|5C3309D7-D60F-47CF-AA92-1A8DD4A65E3E
421|1140|563|32|36|493|756|627|1|1|0|0.7035|4.5000|0|0.0000|0.0000|0.0000|281.0000|27.0000|19.0000|23.5000|81.9411|70.4271|25.8360|16.1300|80.7704|10.1410|15.8287|10.2007|13.3665|10.1410|57.6456|46.3797|143.9822|22.0774|40459.0000|1.9015|3.7036|1.2429|47.0000|214.6410|0.5671|0.5896|0.7713|0.0000|324.0000|281.0000|80.7704|-80.0000|25.0000|148.0961|146.0747|138.2633|3.8190|43.0000|5.2962|4.3560|43.0000|5.5960|0.0000|0.0000|0.0000|2017-08-24T07:01:14.729|Freshwater Lake - North America_images_000002.tif|10950F20-B68A-4D5B-8663-6E9FFED87F51
422|1174|563|19|89|638|1338|629|1|1|0|0.7035|4.5000|0|0.0000|0.0000|0.0000|455.0000|79.0000|9.0000|52.7222|172.2843|162.4993|88.5965|7.2351|148.8545|13.7669|52.4108|3.1658|33.9243|13.7669|121.2020|111.1525|145.0044|29.6355|65977.0000|5.1912|14.2385|1.0904|71.8902|214.8910|0.0000|0.4405|0.1466|0.0000|511.0000|455.0000|148.8545|-90.0000|0.0000|148.2286|151.1429|131.6945|4.1580|74.0000|5.8619|4.4678|74.0000|6.1110|0.0000|0.0000|0.0000|2017-08-24T07:01:15.005|Freshwater Lake - North America_images_000002.tif|8553661F-E1C3-441F-B4BE-98E81D2880CA
423|1195|563|41|34|182|1201|631|1|1|0|0.7035|4.5000|0|0.0000|0.0000|0.0000|587.0000|32.0000|24.0000|28.7778|91.3553|86.9654|31.2323|24.0627|202.7458|16.0669|19.3463|13.7183|17.0794|16.0669|64.2685|58.0144|108.8637|48.1431|63903.0000|1.1314|1.0000|1.1078|100.4074|215.4380|0.7936|0.8420|0.9616|0.0000|571.0000|587.0000|202.7458|10.0000|-90.0000|114.1295|115.1499|94.5213|4.4960|36.0000|5.7830|3.8245|36.0000|4.8739|0.0000|0.0000|0.0000|2017-08-24T07:01:15.539|Freshwater Lake - North America_images_000002.tif|8A3E4EB1-7D77-41C8-9ADA-5ED62F4CBF8F
424|1238|563|116|57|932|1385|632|1|1|0|0.7035|4.5000|0|0.0000|0.0000|0.0000|539.0000|115.0000|15.0000|75.4167|261.3797|233.8011|135.5030|10.2288|182.9837|15.2637|77.7368|7.3868|49.8899|15.2637|183.8806|161.3133|152.6883|28.1632|82299.0000|10.0866|29.6543|1.1399|71.8678|216.1720|0.0000|0.3695|0.0743|0.0000|1059.0000|539.0000|182.9837|25.0000|-70.0000|159.9647|159.8776|135.8163|4.3985|52.0000|5.8865|4.4839|52.0000|6.0595|0.0000|0.0000|0.0000|2017-08-24T07:01:16.262|Freshwater Lake - North America_images_000002.tif|B8241067-3D47-43DD-BCE7-7F7B33608F8F
425|1356|563|26|91|503|1372|633|1|1|0|0.7035|4.5000|0|0.0000|0.0000|0.0000|501.0000|82.0000|10.0000|53.6389|175.5980|165.6478|82.9778|8.3967|167.4666|14.6022|54.5213|3.8693|34.5692|14.6022|123.5332|113.3675|146.8842|31.6250|73589.0000|4.8977|13.3114|1.0897|51.4024|216.8130|0.0000|0.4212|0.1834|0.0000|527.0000|501.0000|167.4666|75.0000|-10.0000|150.6866|153.4731|132.4651|3.7807|62.0000|5.2971|4.1323|62.0000|5.7368|0.0000|0.0000|0.0000|2017-08-24T07:01:16.928|Freshwater Lake - North America_images_000002.tif|14D3E204-1C72-4C5F-A9B5-BA8A2CAF5708
426|1384|563|77|85|478|1472|635|1|1|0|0.7035|4.5000|0|0.0000|0.0000|0.0000|2301.0000|79.0000|62.0000|72.0556|344.9361|223.3790|77.9604|58.7078|957.3106|34.9125|52.4108|40.4513|47.5254|34.9125|242.6625|153.9814|116.5093|35.2757|268088.0000|4.1148|10.8348|1.5759|79.1503|217.7500|0.0912|0.5275|0.6152|0.0000|3442.0000|2301.0000|957.3106|-65.0000|10.0000|121.7323|119.7319|108.1986|3.0741|42.0000|4.3070|4.2112|42.0000|5.5480|0.0000|0.0000|0.0000|2017-08-24T07:01:17.871|Freshwater Lake - North America_images_000002.tif|6837E72D-5D72-4336-B812-5E7FE8107594
427|1463|563|61|33|878|1532|636|1|1|0|0.7035|4.5000|0|0.0000|0.0000|0.0000|685.0000|54.0000|17.0000|38.4722|124.0833|117.9569|54.9943|15.9524|243.5717|17.6104|34.8233|8.7937|23.8994|17.6104|87.2926|79.8169|126.7752|29.7129|86841.0000|1.7887|3.3178|1.0937|106.2818|217.8590|0.1914|0.8781|0.5320|0.0000|670.5000|685.0000|243.5717|-20.0000|75.0000|140.8307|134.6263|105.9781|4.5085|44.0000|5.9156|3.6350|44.0000|5.0167|0.0000|0.0000|0.0000|2017-08-24T07:01:17.947|Freshwater Lake - North America_images_000002.tif|DB26E3CB-3148-4954-B377-FD04235B88AA
428|1526|563|89|56|187|1338|637|1|1|0|0.7035|4.5000|0|0.0000|0.0000|0.0000|2154.0000|79.0000|45.0000|62.4444|241.6812|193.2273|75.5012|39.1326|890.7067|33.6761|52.4108|28.4917|40.7639|33.6761|170.0227|132.7697|140.1662|20.5071|301918.0000|2.1579|4.5599|1.2806|72.4861|217.8910|0.3403|0.5135|0.7585|0.0000|2466.0000|2154.0000|890.7067|0.0000|70.0000|140.7029|143.2711|133.8315|4.7435|55.0000|6.1559|5.1958|55.0000|6.5939|0.0000|0.0000|0.0000|2017-08-24T07:01:18.021|Freshwater Lake - North America_images_000002.tif|B60FDA55-A338-4ACD-86EC-0DDF1993B81D
429|1617|563|26|39|223|889|638|1|1|0|0.7035|4.5000|0|0.0000|0.0000|0.0000|283.0000|30.0000|14.0000|23.3889|80.8701|70.2649|28.2159|14.0022|81.5252|10.1883|17.9393|6.6833|13.2883|10.1883|56.8921|46.2656|142.9081|23.6437|40443.0000|1.8390|3.4909|1.2297|66.3014|218.1090|0.4748|0.4762|0.7263|0.0000|308.5000|283.0000|81.5252|75.0000|-10.0000|146.5018|146.0459|135.5477|4.2592|52.0000|5.7844|3.6135|52.0000|4.7949|0.0000|0.0000|0.0000|2017-08-24T07:01:18.204|Freshwater Lake - North America_images_000002.tif|ABAD2370-97E5-48F8-94B5-AAF637745A90
430|1645|563|32|34|116|810|638|1|1|0|0.7035|4.5000|0|0.0000|0.0000|0.0000|388.0000|26.0000|20.0000|23.3889|74.5269|70.2457|25.2875|19.7706|122.1416|12.4706|15.1253|10.9043|13.2883|12.4706|52.4297|46.2521|107.5670|52.2843|41736.0000|1.1392|1.0000|1.1336|98.8154|218.1090|0.7956|0.6700|0.9589|0.0000|375.5000|388.0000|122.1416|-75.0000|30.0000|112.0515|113.4768|94.2526|4.2592|52.0000|5.7844|3.6135|52.0000|4.7949|0.0000|0.0000|0.0000|2017-08-24T07:01:18.204|Freshwater Lake - North America_images_000002.tif|61DDFE0D-DE1D-4A53-B361-A6843F3B9DB2
431|1679|563|31|41|371|1408|639|1|1|0|0.7035|4.5000|0|0.0000|0.0000|0.0000|421.0000|32.0000|18.0000|25.7778|83.0122|77.9199|31.3029|17.5205|135.2346|13.1220|19.3463|9.4973|14.9689|13.1220|58.3991|51.6509|140.8860|20.2527|59313.0000|1.3025|1.3529|1.1306|58.7887|218.5630|0.5948|0.6972|0.8331|0.0000|417.0000|421.0000|135.2346|-75.0000|30.0000|145.0641|143.9192|133.3468|3.8262|52.0000|5.2651|4.0533|52.0000|5.5574|0.0000|0.0000|0.0000|2017-08-24T07:01:18.656|Freshwater Lake - North America_images_000002.tif|ED6275E1-C1E7-471D-92E4-10BFDD4BD0ED
432|1712|563|96|21|173|1247|639|1|1|0|0.7035|4.5000|0|0.0000|0.0000|0.0000|315.0000|86.0000|8.0000|56.8611|185.1127|175.4016|96.4259|5.1124|93.7085|10.9231|57.3353|2.8140|36.8360|10.9231|130.2268|120.2293|158.7683|19.8887|50012.0000|8.6567|25.1561|1.0832|37.4489|218.5630|0.0000|0.3526|0.0860|0.0000|425.0000|315.0000|93.7085|0.0000|85.0000|156.2190|162.5016|152.4413|3.8262|52.0000|5.2651|4.0533|52.0000|5.5574|0.0000|0.0000|0.0000|2017-08-24T07:01:18.656|Freshwater Lake - North America_images_000002.tif|7B41082B-5AE1-4D20-A626-BAB6065F6516
433|1810|563|44|42|644|1524|643|1|1|0|0.7035|4.5000|0|0.0000|0.0000|0.0000|654.0000|35.0000|30.0000|32.5000|112.4264|98.9150|32.9168|27.8999|230.5943|17.1348|21.4567|17.9393|19.6980|17.9861|79.0920|66.4210|156.2951|26.8037|102217.0000|1.4167|1.9334|1.1908|75.5300|219.8590|0.8150|0.7890|0.9710|0.0000|740.0000|710.0000|254.0761|-40.0000|-75.0000|157.7294|159.0015|150.4251|4.1017|33.0000|5.4094|4.5323|33.0000|5.8663|0.0000|0.0000|0.0000|2017-08-24T07:01:19.954|Freshwater Lake - North America_images_000002.tif|7E0033B9-8C4A-4A6B-80FE-D6D1D8CA77E7
434|1856|563|30|41|753|1619|646|1|1|0|0.7035|4.5000|0|0.0000|0.0000|0.0000|336.0000|32.0000|16.0000|25.2500|86.1838|75.9656|32.3432|14.4885|101.8040|11.3851|19.3463|8.0903|14.5976|11.3851|60.6303|50.2760|113.7024|24.1017|38204.0000|1.7591|3.2155|1.2059|100.7867|220.9380|0.4406|0.3508|0.6812|0.0000|364.5000|336.0000|101.8040|70.0000|-25.0000|119.7708|117.8899|103.1190|4.2470|44.0000|5.5486|4.5687|44.0000|5.9425|0.0000|0.0000|0.0000|2017-08-24T07:01:21.046|Freshwater Lake - North America_images_000002.tif|BF7230D3-B595-440F-AE83-DDBDD8180A57
435|1888|563|59|59|910|1421|651|1|1|0|0.7035|4.5000|0|0.0000|0.0000|0.0000|1703.0000|50.0000|47.0000|48.7778|167.2965|149.7787|47.3829|46.2878|687.8061|29.5929|32.0093|29.8987|31.1494|29.5929|117.6931|102.2036|124.7264|35.9412|212409.0000|1.3078|1.3884|1.1516|101.7755|223.6250|0.8484|0.8218|0.9884|0.0000|1735.5000|1703.0000|687.8061|-85.0000|45.0000|127.8849|130.6964|111.8080|5.2126|76.0000|6.6784|5.5878|76.0000|7.0514|0.0000|0.0000|0.0000|2017-08-24T07:01:23.721|Freshwater Lake - North America_images_000002.tif|76B9B38C-A81F-420A-AE5E-CE88A35B43AE
436|2|941|104|162|676|1377|655|1|1|0|0.7035|4.5000|0|0.0000|0.0000|0.0000|7133.0000|153.0000|87.0000|125.0833|452.8600|389.7700|145.5919|75.5895|3204.6909|63.8775|104.4698|58.0388|84.8304|63.8775|318.5870|271.0374|112.2386|38.2073|800598.0000|2.2879|4.9873|1.1754|109.5840|225.3590|0.0831|0.2454|0.6750|0.0000|9765.0000|7133.0000|3204.6909|-85.0000|-10.0000|121.4384|115.8601|101.6104|3.4506|87.0000|4.6779|4.3113|87.0000|6.0312|0.0000|0.0000|0.0000|2017-08-24T07:01:25.487|Freshwater Lake - North America_images_000002.tif|4618F0DB-E77B-4944-BF87-516DE46AC3B0
437|108|941|37|53|885|1672|657|1|1|0|0.7035|4.5000|0|0.0000|0.0000|0.0000|786.0000|45.0000|27.0000|37.2778|128.9117|114.2883|45.2907|24.1772|286.2030|19.0894|28.4917|15.8287|23.0592|19.0894|90.6894|77.2361|119.1616|31.4491|93661.0000|1.6825|2.9463|1.1742|60.1404|225.9220|0.4440|0.5946|0.7594|0.0000|861.5000|786.0000|286.2030|65.0000|0.0000|126.6590|122.8410|109.1387|4.2731|33.0000|5.5691|3.7781|33.0000|4.7767|0.0000|0.0000|0.0000|2017-08-24T07:01:26.048|Freshwater Lake - North America_images_000002.tif|3E32FAAC-8052-444A-B011-87E3AF99D859
438|147|941|39|36|964|1316|657|1|1|0|0.7035|4.5000|0|0.0000|0.0000|0.0000|525.0000|31.0000|24.0000|27.8889|93.9411|84.3127|31.6649|21.8589|177.2529|15.0228|18.6427|13.7183|16.4541|15.0228|66.0876|56.1482|145.6610|21.5620|76472.0000|1.3376|1.5622|1.1770|39.5952|225.9220|0.6487|0.4824|0.9030|0.0000|533.0000|525.0000|177.2529|-60.0000|35.0000|154.4610|150.6248|132.4648|4.2731|33.0000|5.5691|3.7781|33.0000|4.7767|0.0000|0.0000|0.0000|2017-08-24T07:01:26.048|Freshwater Lake - North America_images_000002.tif|5EEFFB89-6068-4FC4-BA16-8218E9431D49
439|188|941|108|105|885|1103|658|1|2|0|0.7035|4.5000|0|0.0000|0.0000|0.0000|966.0000|133.0000|12.0000|86.9444|309.6051|269.8605|138.7068|10.2184|363.2679|21.5064|90.3997|5.2763|57.9996|21.5064|217.8072|186.6811|149.6346|9.9376|144547.0000|7.8964|22.7633|1.1667|29.0389|226.6720|0.0000|0.5377|0.1272|0.0000|1181.5000|966.0000|363.2679|-45.0000|45.0000|154.2816|152.9741|141.3447|3.9243|166.0000|5.9515|4.2072|166.0000|6.2254|0.0000|0.0000|0.0000|2017-08-24T07:01:26.765|Freshwater Lake - North America_images_000002.tif|CA98B784-1BCB-4D8A-91A6-8BA6BE9C4DC9
440|298|941|87|95|632|1466|659|1|1|0|0.7035|4.5000|0|0.0000|0.0000|0.0000|3699.0000|89.0000|76.0000|81.0278|360.2082|251.3779|76.4869|71.6316|1598.4706|45.1136|59.4458|50.3002|53.8373|45.9867|253.4065|173.6786|122.9259|35.2417|454703.0000|2.6931|6.3018|1.4591|68.9446|226.7340|0.4454|0.3084|0.8891|0.0000|4585.0000|3834.0000|1660.9420|70.0000|-65.0000|127.5499|125.6864|115.7518|3.2945|38.0000|3.6076|4.5587|38.0000|5.8313|0.0000|0.0000|0.0000|2017-08-24T07:01:26.839|Freshwater Lake - North America_images_000002.tif|BAC1A901-7A5E-4CD1-976A-E90C29F64440
441|387|941|120|155|457|1551|660|1|1|0|0.7035|4.5000|0|0.0000|0.0000|0.0000|1590.0000|176.0000|60.0000|126.4722|453.8650|394.2236|204.1883|55.9753|637.3783|28.4875|120.6502|39.0442|85.8074|28.4875|319.2940|274.1706|138.7566|21.1272|220623.0000|10.3097|30.3560|1.1646|60.2086|226.8130|0.0000|0.2668|0.0903|0.0000|5907.5000|1590.0000|637.3783|-55.0000|35.0000|143.3503|142.9566|128.7855|4.2608|108.0000|5.8965|4.5319|108.0000|6.1047|0.0000|0.0000|0.0000|2017-08-24T07:01:26.912|Freshwater Lake - North America_images_000002.tif|BBC26ABC-786A-464E-9056-D48973C4B792
442|509|941|68|55|965|736|662|1|1|0|0.7035|4.5000|0|0.0000|0.0000|0.0000|1426.0000|63.0000|32.0000|50.3056|174.4680|154.8422|64.5183|28.7659|564.5512|26.8106|41.1547|19.3463|32.2242|26.8106|122.7382|105.7657|111.1655|31.7565|158522.0000|1.6986|3.0035|1.1605|108.1677|227.1090|0.3470|0.7149|0.7277|0.0000|1507.0000|1426.0000|564.5512|-50.0000|50.0000|119.1157|115.3310|99.9628|4.2815|40.0000|5.6821|4.4163|40.0000|5.7902|0.0000|0.0000|0.0000|2017-08-24T07:01:27.219|Freshwater Lake - North America_images_000002.tif|D6B445D6-EC66-458C-8493-942A82C893FF
443|579|941|36|35|749|1291|664|1|1|0|0.7035|4.5000|0|0.0000|0.0000|0.0000|500.0000|28.0000|25.0000|25.9444|82.7696|78.5576|26.4113|24.1580|167.0599|14.5845|16.5323|14.4217|15.0861|14.5845|58.2284|52.0995|125.8240|58.5499|62912.0000|1.0903|1.0000|1.1176|55.6806|227.4690|0.9112|0.8462|0.9938|0.0000|480.5000|500.0000|167.0599|55.0000|-90.0000|134.8180|134.1300|106.1120|4.5654|41.0000|5.8799|3.9187|41.0000|5.1019|0.0000|0.0000|0.0000|2017-08-24T07:01:27.585|Freshwater Lake - North America_images_000002.tif|A09B1CB6-6C5C-4375-8BC2-B8B5B7279E80
444|617|941|24|88|362|1297|666|1|1|0|0.7035|4.5000|0|0.0000|0.0000|0.0000|398.0000|79.0000|8.0000|51.8611|169.1127|159.8833|84.4372|6.3158|126.0951|12.6708|52.4108|2.8140|33.3185|12.6708|118.9708|109.3122|140.8040|28.4771|56040.0000|5.7182|15.9014|1.0884|82.2625|228.4530|0.0000|0.6806|0.1414|0.0000|431.5000|398.0000|126.0951|-85.0000|5.0000|142.5628|146.2739|129.3744|2.2900|3.0000|2.2900|3.8460|3.0000|4.1875|0.0000|0.0000|0.0000|2017-08-24T07:01:28.578|Freshwater Lake - North America_images_000002.tif|8631454E-E17A-4B69-8890-B8EE89B8D9B0
445|643|941|35|35|713|1567|667|1|1|0|0.7035|4.5000|0|0.0000|0.0000|0.0000|420.0000|27.0000|24.0000|25.5833|84.5269|77.4998|24.7216|23.8993|134.8359|13.1026|15.8287|13.7183|14.8321|13.1026|59.4647|51.3554|116.7071|25.7580|49017.0000|1.3537|1.6449|1.1579|75.7867|229.1720|0.6947|0.4895|0.9046|0.0000|433.5000|420.0000|134.8359|60.0000|-85.0000|121.3143|120.3714|107.7190|4.5468|54.0000|5.7294|4.7278|54.0000|6.0185|0.0000|0.0000|0.0000|2017-08-24T07:01:29.282|Freshwater Lake - North America_images_000002.tif|FBEE95EA-DA89-4B3C-9A83-D78624BC384E
446|680|941|37|33|591|1676|668|1|1|0|0.7035|4.5000|0|0.0000|0.0000|0.0000|291.0000|29.0000|20.0000|24.7778|99.4558|74.9095|27.6285|17.0043|84.5524|10.3757|17.2357|10.9043|14.2654|10.3757|69.9672|49.5331|154.7938|15.2921|45045.0000|2.7049|6.3401|1.4125|37.8913|229.3130|0.5320|0.4350|0.7041|0.0000|394.5000|291.0000|84.5524|15.0000|-65.0000|157.2027|157.3780|148.8110|3.7866|33.0000|5.0468|4.1550|33.0000|5.4594|0.0000|0.0000|0.0000|2017-08-24T07:01:29.432|Freshwater Lake - North America_images_000002.tif|9CD63AB4-81F4-4ED3-807B-A259B806BE1F
447|719|941|30|52|305|1642|669|1|1|0|0.7035|4.5000|0|0.0000|0.0000|0.0000|455.0000|42.0000|17.0000|31.1389|106.4264|94.7851|42.7319|14.1357|148.8545|13.7669|26.3813|8.7937|18.7405|13.7669|74.8710|63.5156|149.2484|28.8724|67908.0000|1.9810|3.9716|1.1788|77.3298|229.6410|0.3008|0.6486|0.5719|0.0000|499.5000|455.0000|148.8545|-90.0000|10.0000|150.4132|152.8176|141.7407|4.0371|38.0000|5.3688|4.3787|38.0000|5.8257|0.0000|0.0000|0.0000|2017-08-24T07:01:29.762|Freshwater Lake - North America_images_000002.tif|6E1EBEA7-408E-4A12-B5CE-1734C0B3D0C2
448|751|941|48|43|635|1469|671|1|1|0|0.7035|4.5000|0|0.0000|0.0000|0.0000|726.0000|42.0000|31.0000|36.2222|125.2548|110.8398|37.2407|29.2302|260.8162|18.2231|26.3813|18.6427|22.3166|19.0894|88.1168|74.8100|111.2686|36.9273|80781.0000|1.5884|2.6064|1.1779|135.5714|229.8440|0.6519|0.4882|0.8930|0.0000|861.5000|786.0000|286.2030|-30.0000|60.0000|116.0785|114.5028|103.1198|4.5369|39.0000|5.8609|4.8053|39.0000|6.1097|0.0000|0.0000|0.0000|2017-08-24T07:01:29.943|Freshwater Lake - North America_images_000002.tif|E2D3A72C-DFCF-46E8-9897-904CC967DC16
449|801|941|21|89|504|1380|672|1|1|0|0.7035|4.5000|0|0.0000|0.0000|0.0000|681.0000|79.0000|11.0000|53.8333|171.2132|166.4178|86.0136|11.5269|241.8942|17.5496|52.4108|4.5728|34.7060|18.6027|120.4485|113.9092|157.6417|21.3318|107354.0000|3.1020|7.6140|1.0574|39.3939|231.2660|0.0000|0.8361|0.2543|0.0000|723.5000|752.0000|271.7961|-90.0000|0.0000|159.1131|159.7357|152.9897|2.7292|2.0000|2.7292|3.8015|2.0000|3.9957|0.0000|0.0000|0.0000|2017-08-24T07:01:31.372|Freshwater Lake - North America_images_000002.tif|F95473B5-D340-4517-86BE-7408ADD5D0E3
450|824|941|79|91|302|1514|673|1|1|0|0.7035|4.5000|0|0.0000|0.0000|0.0000|3194.0000|82.0000|58.0000|73.0278|271.3381|226.4214|82.8993|52.1219|1365.5294|41.6971|54.5213|37.6373|48.2093|41.6971|190.8864|156.1217|133.6468|22.4669|426868.0000|1.8343|3.4749|1.2227|50.8033|231.3440|0.4754|0.5758|0.8482|0.0000|3575.0000|3194.0000|1365.5294|60.0000|-20.0000|137.6462|136.3525|126.8090|3.5776|39.0000|4.1312|3.9769|39.0000|5.3654|0.0000|0.0000|0.0000|2017-08-24T07:01:31.445|Freshwater Lake - North America_images_000002.tif|7F052E78-AA12-49E4-AC2E-383D4DA25C3B
451|905|941|101|95|825|1530|677|1|2|0|0.7035|4.5000|0|0.0000|0.0000|0.0000|4087.0000|93.0000|83.0000|88.9444|341.3797|276.2000|83.9795|73.3823|1778.2191|47.5825|62.2598|55.2248|59.4066|48.1690|240.1606|191.1410|147.8331|19.1177|604194.0000|2.2176|4.7565|1.2565|53.4202|232.4530|0.4478|0.4199|0.8562|0.0000|5485.5000|4182.0000|1822.3196|60.0000|-85.0000|152.0874|150.0683|141.8207|3.0394|48.0000|4.0129|4.1913|48.0000|5.5232|0.0000|0.0000|0.0000|2017-08-24T07:01:32.551|Freshwater Lake - North America_images_000002.tif|508E9C6F-9BC3-4BB0-8C1F-3C3D4C27815E
452|1008|941|24|109|425|1403|678|1|1|0|0.7035|4.5000|0|0.0000|0.0000|0.0000|831.0000|100.0000|13.0000|66.8056|212.2843|206.5753|111.9601|9.8949|305.3502|19.7176|67.1843|5.9798|43.8320|19.7176|149.3420|142.1600|160.5969|22.4894|133456.0000|4.3154|11.4702|1.0505|30.5784|232.6880|0.0000|0.8512|0.1675|0.0000|847.5000|831.0000|305.3502|85.0000|-5.0000|161.6426|163.3550|154.7834|3.9294|72.0000|5.6077|4.1807|72.0000|5.9017|0.0000|0.0000|0.0000|2017-08-24T07:01:32.794|Freshwater Lake - North America_images_000002.tif|0DA76453-8392-4C6B-9F72-E340D76A17EB
453|1034|941|19|94|999|1260|679|1|1|0|0.7035|4.5000|0|0.0000|0.0000|0.0000|395.0000|84.0000|9.0000|55.5833|180.8701|171.6047|95.7274|6.3426|124.9077|12.6110|55.9282|3.1658|35.9371|12.6110|127.2421|117.5582|162.1747|24.3332|64059.0000|6.5906|18.6514|1.0824|47.3179|232.8440|0.0000|0.3691|0.1093|0.0000|496.5000|395.0000|124.9077|-90.0000|0.0000|165.3873|165.9089|153.6101|4.1106|83.0000|5.7954|4.2870|83.0000|5.9743|0.0000|0.0000|0.0000|2017-08-24T07:01:32.953|Freshwater Lake - North America_images_000002.tif|E33D30C4-7F92-4BF7-93CC-58329966D83D
454|1055|941|57|62|574|863|679|1|8|0|0.7035|4.5000|0|0.0000|0.0000|0.0000|457.0000|56.0000|37.0000|47.6944|281.6812|147.1507|54.9621|38.3090|149.6595|13.8041|36.2302|22.8637|30.3873|13.8041|198.1627|100.3548|148.5514|16.3104|67888.0000|13.8162|41.3808|1.9746|48.2656|232.8440|0.2371|0.3298|0.2593|0.0000|1487.5000|457.0000|149.6595|45.0000|-10.0000|151.7002|150.5602|143.4573|4.1106|83.0000|5.7954|4.2870|83.0000|5.9743|0.0000|0.0000|0.0000|2017-08-24T07:01:32.953|Freshwater Lake - North America_images_000002.tif|8F95405A-10DF-4F40-A374-50DFA5BCDAAB
455|1114|941|54|49|473|1411|682|1|1|0|0.7035|4.5000|0|0.0000|0.0000|0.0000|1181.0000|45.0000|35.0000|41.0556|140.3259|126.1501|44.0330|34.7262|456.7061|24.1142|28.4917|21.4567|25.7169|24.1142|98.7193|85.5808|140.4005|19.1599|165813.0000|1.3268|1.5031|1.1535|37.4720|234.1250|0.7486|0.7610|0.9563|0.0000|1198.5000|1181.0000|456.7061|15.0000|-50.0000|147.4539|145.7798|127.0771|4.3780|35.0000|5.7184|4.0496|35.0000|5.2874|0.0000|0.0000|0.0000|2017-08-24T07:01:34.228|Freshwater Lake - North America_images_000002.tif|0ADF3B79-9257-4AFC-9E44-55F710968440
456|1170|941|28|34|900|604|682|1|1|0|0.7035|4.5000|0|0.0000|0.0000|0.0000|334.0000|25.0000|18.0000|22.0000|68.8701|65.8238|24.7101|17.4094|101.0298|11.3417|14.4217|9.4973|12.3113|11.3417|48.4501|43.1413|117.0599|29.3842|39098.0000|1.1301|1.0000|1.1231|77.2623|234.1250|0.7513|0.8585|0.9309|0.0000|318.5000|334.0000|101.0298|75.0000|0.0000|120.4880|119.0359|111.9012|4.3780|35.0000|5.7184|4.0496|35.0000|5.2874|0.0000|0.0000|0.0000|2017-08-24T07:01:34.228|Freshwater Lake - North America_images_000002.tif|1AF17536-1A7B-4151-A290-5566D31C2EE9
457|1200|941|19|97|827|1629|683|1|1|0|0.7035|4.5000|0|0.0000|0.0000|0.0000|614.0000|87.0000|9.0000|58.3611|182.9706|179.9546|97.4417|8.3256|213.9336|16.5042|58.0388|3.1658|37.8913|16.5042|128.7198|123.4323|158.0700|32.5749|97055.0000|4.3389|11.5446|1.0428|56.9719|235.2190|0.0000|0.9126|0.1635|0.0000|608.0000|614.0000|213.9336|-90.0000|0.0000|161.9544|161.7573|149.3844|4.0962|80.0000|5.7228|4.3681|80.0000|6.0803|0.0000|0.0000|0.0000|2017-08-24T07:01:35.321|Freshwater Lake - North America_images_000002.tif|76467B74-0EED-4E4F-A6EB-56F683B18439
458|1221|941|55|29|772|1342|684|1|1|0|0.7035|4.5000|0|0.0000|0.0000|0.0000|305.0000|48.0000|9.0000|32.7778|108.7696|100.3283|52.0230|7.9517|89.8804|10.6976|30.6023|3.1658|19.8934|10.6976|76.5194|67.4152|136.4918|27.6918|41630.0000|3.0868|7.5652|1.1350|88.8163|235.4220|0.0431|0.6140|0.2804|0.0000|316.5000|305.0000|89.8804|15.0000|-70.0000|140.4820|139.9410|128.2689|4.2322|33.0000|5.5475|4.4976|33.0000|5.7964|0.0000|0.0000|0.0000|2017-08-24T07:01:35.520|Freshwater Lake - North America_images_000002.tif|7F185126-1385-4254-91C5-3E0667C1AC04
459|1278|941|20|136|942|1540|685|1|1|0|0.7035|4.5000|0|0.0000|0.0000|0.0000|876.0000|126.0000|10.0000|82.6389|261.7990|256.3959|140.0839|8.4743|324.5808|20.3290|85.4753|3.8693|54.9707|20.3290|184.1756|177.2088|161.8242|28.2102|141758.0000|6.2262|17.5030|1.0393|43.8359|235.8130|0.0000|0.4729|0.1133|0.0000|911.5000|876.0000|324.5808|-90.0000|0.0000|165.1438|164.7797|154.7534|3.9228|40.0000|5.2955|4.0436|40.0000|5.4118|0.0000|0.0000|0.0000|2017-08-24T07:01:35.921|Freshwater Lake - North America_images_000002.tif|52AA0E5A-87F3-4399-BDA9-E02A56F0EEC1
460|1300|941|38|36|821|427|685|1|1|0|0.7035|4.5000|0|0.0000|0.0000|0.0000|474.0000|29.0000|23.0000|26.4444|88.1838|80.1003|26.0774|23.5137|156.5178|14.1168|17.2357|13.0147|15.4379|14.1168|62.0373|53.1848|136.0506|35.1505|64488.0000|1.3055|1.3733|1.1664|76.8831|235.8130|0.8014|0.6958|0.9790|0.0000|482.5000|474.0000|156.5178|10.0000|-45.0000|141.1414|141.8544|122.7384|3.9228|40.0000|5.2955|4.0436|40.0000|5.4118|0.0000|0.0000|0.0000|2017-08-24T07:01:35.921|Freshwater Lake - North America_images_000002.tif|E3FC14ED-DDBC-4054-AD09-0277C8F31B60
461|1340|941|51|54|549|1464|687|1|1|0|0.7035|4.5000|0|0.0000|0.0000|0.0000|605.0000|46.0000|39.0000|42.7778|201.1960|131.0658|37.6379|30.6508|210.1989|16.3595|29.1953|24.2707|26.9284|16.3595|141.5414|89.0390|142.2298|28.7520|86049.0000|5.3244|14.6590|1.5897|71.8764|236.6720|0.3223|0.1614|0.6539|0.0000|1181.0000|605.0000|210.1989|70.0000|15.0000|147.4413|148.4661|127.9636|4.1242|36.0000|5.4822|3.9042|36.0000|5.0374|0.0000|0.0000|0.0000|2017-08-24T07:01:36.784|Freshwater Lake - North America_images_000002.tif|37121337-D552-40F7-81AB-28F0F8CAD7AC
462|1393|941|29|31|997|514|687|1|1|0|0.7035|4.5000|0|0.0000|0.0000|0.0000|313.0000|24.0000|18.0000|21.0000|64.8701|63.1157|22.6687|17.9224|92.9414|10.8783|13.7183|9.4973|11.6077|10.8783|45.6361|41.2361|136.1757|21.9750|42623.0000|1.0699|1.0000|1.1067|52.6316|236.6720|0.8100|0.7522|0.9545|0.0000|295.0000|313.0000|92.9414|-50.0000|30.0000|142.5783|138.8786|128.4665|4.1242|36.0000|5.4822|3.9042|36.0000|5.0374|0.0000|0.0000|0.0000|2017-08-24T07:01:36.784|Freshwater Lake - North America_images_000002.tif|E6BA95FA-20D6-498A-B9E7-396B3B787C50
463|1424|941|40|27|924|1218|688|1|1|0|0.7035|4.5000|0|0.0000|0.0000|0.0000|353.0000|31.0000|17.0000|24.7222|80.2843|74.8073|30.8544|15.4025|108.4096|11.7487|18.6427|8.7937|14.2263|11.7487|56.4800|49.4612|125.6771|18.0377|44364.0000|1.4530|2.0853|1.1419|51.5694|237.2660|0.5251|0.7728|0.7559|0.0000|366.0000|353.0000|108.4096|10.0000|-90.0000|130.4929|128.6884|117.9065|4.3825|45.0000|5.6050|4.6983|45.0000|5.9942|0.0000|0.0000|0.0000|2017-08-24T07:01:37.370|Freshwater Lake - North America_images_000002.tif|CA2D3188-C58F-49AE-BD0D-B4C58CD9DCB6
464|1466|941|55|37|369|1365|692|1|3|0|0.7035|4.5000|0|0.0000|0.0000|0.0000|284.0000|49.0000|16.0000|34.1111|115.3553|103.6020|42.2772|12.8130|81.9029|10.2119|31.3057|8.0903|20.8314|10.2119|81.1525|69.7183|155.6585|26.3754|44207.0000|3.7286|9.6097|1.1640|60.9619|238.3280|0.0774|0.2630|0.3706|0.0000|463.5000|284.0000|81.9029|-35.0000|65.0000|156.9754|159.5634|147.4965|3.7784|62.0000|5.4132|4.0442|62.0000|5.5435|0.0000|0.0000|0.0000|2017-08-24T07:01:38.436|Freshwater Lake - North America_images_000002.tif|8A70D047-D283-4674-B102-AF11F6767E71
465|1523|941|31|46|1019|1324|693|1|1|0|0.7035|4.5000|0|0.0000|0.0000|0.0000|611.0000|37.0000|21.0000|31.3333|105.5980|95.2482|38.3632|21.1631|212.6881|16.4561|22.8637|11.6077|18.8772|16.4561|74.2882|63.8414|149.0360|23.0750|91061.0000|1.4523|2.0824|1.1636|58.1702|238.4690|0.5156|0.6222|0.8105|0.0000|621.0000|611.0000|212.6881|-80.0000|0.0000|157.0229|153.5090|137.2390|4.1340|33.0000|5.4568|3.8734|33.0000|4.9895|0.0000|0.0000|0.0000|2017-08-24T07:01:38.561|Freshwater Lake - North America_images_000002.tif|FB7C5778-D141-4037-8599-BEB44127CB84
466|1556|941|39|80|894|1581|694|1|1|0|0.7035|4.5000|0|0.0000|0.0000|0.0000|715.0000|71.0000|25.0000|51.0278|185.4975|157.1966|74.0540|19.3710|256.1810|18.0604|46.7828|14.4217|32.7323|18.0604|130.4975|107.4221|159.8028|28.8035|114259.0000|3.8297|9.9305|1.2148|60.8187|238.8910|0.0000|0.2108|0.3107|0.0000|1037.5000|715.0000|256.1810|85.0000|-10.0000|162.8965|163.5147|151.3063|4.4073|58.0000|5.8971|4.5895|58.0000|6.1167|0.0000|0.0000|0.0000|2017-08-24T07:01:39.016|Freshwater Lake - North America_images_000002.tif|92803897-0D7C-4865-A47A-C0497618CBF7
467|1597|941|29|30|859|1493|695|1|1|0|0.7035|4.5000|0|0.0000|0.0000|0.0000|280.0000|21.0000|19.0000|19.5556|61.1127|58.6183|19.5333|18.4292|80.3933|10.1173|11.6077|10.2007|10.5916|10.1173|42.9928|38.0722|141.9750|18.0785|39753.0000|1.0614|1.0000|1.1292|52.0962|239.2030|0.8931|0.8535|0.9887|0.0000|262.5000|280.0000|80.3933|-85.0000|0.0000|147.0714|145.9821|132.2393|4.1874|37.0000|5.3705|4.6416|37.0000|5.8457|0.0000|0.0000|0.0000|2017-08-24T07:01:39.314|Freshwater Lake - North America_images_000002.tif|FFE62ACC-3C06-4F2F-919E-C7E04C124BDB
468|1628|941|22|75|926|1598|698|1|1|0|0.7035|4.5000|0|0.0000|0.0000|0.0000|471.0000|65.0000|10.0000|44.1389|140.2843|135.3546|71.6750|8.7047|155.3054|14.0620|42.5618|3.8693|27.8860|14.0620|98.6900|92.0562|163.1720|26.4342|76854.0000|3.3250|8.3256|1.0721|40.2652|240.1560|0.0000|0.7195|0.2301|0.0000|483.0000|471.0000|155.3054|-90.0000|5.0000|165.7219|166.1720|156.3418|3.8303|48.0000|5.3482|4.3100|48.0000|5.6316|0.0000|0.0000|0.0000|2017-08-24T07:01:40.259|Freshwater Lake - North America_images_000002.tif|5399D8BF-92CC-42B8-87C9-343564312498
469|1652|941|46|37|746|1587|699|1|1|0|0.7035|4.5000|0|0.0000|0.0000|0.0000|609.0000|38.0000|24.0000|31.5000|110.4264|95.7070|37.5805|22.1964|211.8581|16.4240|23.5673|13.7183|18.9945|16.4240|77.6850|64.1641|138.5928|20.5273|84403.0000|1.5934|2.6248|1.2107|54.8980|240.3440|0.4814|0.3231|0.8141|0.0000|639.0000|609.0000|211.8581|25.0000|-70.0000|145.8506|142.4663|128.2545|4.3990|44.0000|5.8224|4.6782|44.0000|6.1061|0.0000|0.0000|0.0000|2017-08-24T07:01:40.437|Freshwater Lake - North America_images_000002.tif|09B9E736-FBD1-44F1-AB2B-FF7D72C858D4
470|1700|941|25|95|813|1214|699|1|1|0|0.7035|4.5000|0|0.0000|0.0000|0.0000|576.0000|85.0000|10.0000|57.2778|190.7696|176.7157|97.9593|8.5851|198.2021|15.8858|56.6318|3.8693|37.1292|15.8858|134.2064|121.1537|152.2240|30.2300|87681.0000|5.0279|13.7227|1.1077|59.7611|240.3440|0.0000|0.6239|0.1517|0.0000|707.0000|576.0000|198.2021|-90.0000|5.0000|157.2517|157.2604|140.5122|4.3990|44.0000|5.8224|4.6782|44.0000|6.1061|0.0000|0.0000|0.0000|2017-08-24T07:01:40.437|Freshwater Lake - North America_images_000002.tif|09C85F36-2B10-4B81-8F2B-74393E0899F8
471|1727|941|48|32|913|1586|702|1|1|0|0.7035|4.5000|0|0.0000|0.0000|0.0000|427.0000|40.0000|17.0000|30.5278|104.4264|92.7965|44.2823|15.4026|137.6289|13.2376|24.9743|8.7937|18.3106|13.2376|73.4640|62.1166|107.7400|43.7533|46005.0000|2.0323|4.1432|1.1827|117.1196|241.1250|0.2180|0.1628|0.4947|0.0000|504.5000|427.0000|137.6289|10.0000|-75.0000|113.6511|111.5340|98.0047|4.4962|40.0000|5.9066|4.7152|40.0000|6.1488|0.0000|0.0000|0.0000|2017-08-24T07:01:41.248|Freshwater Lake - North America_images_000002.tif|BE8F1CA8-9EA7-4218-A651-A52EC4C5B7C2
472|1777|941|17|74|419|1637|703|1|1|0|0.7035|4.5000|0|0.0000|0.0000|0.0000|322.0000|64.0000|7.0000|42.7500|140.6274|131.2129|72.4216|6.2975|96.3987|11.0787|41.8582|2.4623|26.9089|11.0787|98.9314|89.1425|156.7360|16.4128|50469.0000|4.8874|13.2788|1.1098|33.9403|241.3910|0.0000|0.6136|0.1552|0.0000|334.5000|322.0000|96.3987|-90.0000|0.0000|159.7888|164.4565|140.3261|3.7434|39.0000|5.2347|4.2859|39.0000|5.5965|0.0000|0.0000|0.0000|2017-08-24T07:01:41.500|Freshwater Lake - North America_images_000002.tif|8C026339-4296-4131-8A33-463D58FC87CE
473|1796|941|36|27|920|1125|703|1|1|0|0.7035|4.5000|0|0.0000|0.0000|0.0000|281.0000|27.0000|17.0000|21.6389|72.2843|65.1536|23.7847|15.5785|80.7704|10.1410|15.8287|8.7937|12.0572|10.1410|50.8520|42.6698|151.2028|15.0836|42488.0000|1.4797|2.1925|1.1918|35.7500|241.3910|0.6598|0.6036|0.8852|0.0000|292.5000|281.0000|80.7704|10.0000|-90.0000|156.2954|153.5587|144.6548|3.7434|39.0000|5.2347|4.2859|39.0000|5.5965|0.0000|0.0000|0.0000|2017-08-24T07:01:41.500|Freshwater Lake - North America_images_000002.tif|A9C9239A-616A-461B-912A-6CD6AABA4209
474|1834|941|17|114|287|1514|704|1|1|0|0.7035|4.5000|0|0.0000|0.0000|0.0000|359.0000|104.0000|7.0000|67.0278|217.1127|207.3103|100.8436|4.8822|110.7514|11.8749|69.9982|2.4623|43.9883|11.8749|152.7388|142.6770|137.5738|12.1685|49389.0000|10.4488|30.7934|1.0705|49.8413|241.7190|0.0000|0.5710|0.0897|0.0000|382.5000|359.0000|110.7514|-90.0000|0.0000|144.0752|144.9554|120.6240|3.4997|3.0000|3.9539|4.1397|3.0000|4.4057|0.0000|0.0000|0.0000|2017-08-24T07:01:41.815|Freshwater Lake - North America_images_000002.tif|EA397DE2-1803-472E-B366-DFE89EF0EF1E
475|1853|941|106|44|969|1229|705|1|1|0|0.7035|4.5000|0|0.0000|0.0000|0.0000|514.0000|101.0000|13.0000|66.4722|229.6812|206.1619|115.9021|9.1504|172.7615|14.8313|67.8877|5.9798|43.5974|14.8313|161.5807|141.8691|164.8016|24.6318|84708.0000|8.1673|23.6160|1.1389|51.2255|241.7970|0.0000|0.4392|0.0968|0.0000|853.0000|514.0000|172.7615|15.0000|-75.0000|167.2257|168.8016|156.0817|3.9794|96.0000|5.7831|4.3080|96.0000|6.1050|0.0000|0.0000|0.0000|2017-08-24T07:01:41.921|Freshwater Lake - North America_images_000002.tif|21583FFA-1461-4D07-9DDE-0E058E34BEAF
476|1961|941|62|90|184|1641|706|1|1|0|0.7035|4.5000|0|0.0000|0.0000|0.0000|2457.0000|82.0000|52.0000|66.8056|233.0955|207.0341|68.0678|50.8577|1028.2033|36.1822|54.5213|33.4162|43.8320|36.5012|163.9827|142.4827|122.4949|27.3261|300970.0000|1.7316|3.1193|1.1509|57.1063|242.2970|0.5031|0.5913|0.8807|0.0000|2710.0000|2497.0000|1046.4135|-85.0000|0.0000|125.3582|125.3297|115.8514|3.7194|34.0000|5.0852|4.0868|34.0000|5.4177|0.0000|0.0000|0.0000|2017-08-24T07:01:42.397|Freshwater Lake - North America_images_000002.tif|CEA672E5-B96C-4D45-AA91-A2120B61FFB7
477|2|1105|56|128|768|1418|707|1|2|0|0.7035|4.5000|0|0.0000|0.0000|0.0000|947.0000|118.0000|46.0000|84.0000|363.6224|260.8435|101.9106|54.8190|355.0771|21.2626|79.8473|29.1953|55.9282|21.2626|255.8084|180.3377|132.0275|31.4389|125030.0000|11.1107|32.8749|1.4185|71.8872|242.6410|0.0000|0.4306|0.1801|0.0000|3072.5000|947.0000|355.0771|-90.0000|0.0000|136.9514|137.9768|118.5016|4.2877|122.0000|6.1622|4.4137|122.0000|6.3409|0.0000|0.0000|0.0000|2017-08-24T07:01:42.735|Freshwater Lake - North America_images_000002.tif|BCD28B95-654C-47C2-AD81-B8B92440F0BD
478|60|1105|41|40|455|1358|707|1|1|0|0.7035|4.5000|0|0.0000|0.0000|0.0000|581.0000|37.0000|24.0000|30.7500|107.2548|93.1632|36.7142|20.7495|200.2664|15.9683|22.8637|13.7183|18.4669|15.9683|75.4538|62.3746|136.8503|25.7388|79510.0000|1.5756|2.5592|1.2097|54.3085|242.6410|0.5573|0.5834|0.8319|0.0000|609.0000|581.0000|200.2664|40.0000|-40.0000|142.1773|140.0637|128.5164|4.2877|122.0000|6.1622|4.4137|122.0000|6.3409|0.0000|0.0000|0.0000|2017-08-24T07:01:42.735|Freshwater Lake - North America_images_000002.tif|41C49576-732D-4A79-B742-788ACB3C4E1E
479|103|1105|34|29|587|682|707|1|1|0|0.7035|4.5000|0|0.0000|0.0000|0.0000|288.0000|25.0000|17.0000|21.1389|67.3553|63.2720|23.1260|16.6434|83.4157|10.3057|14.4217|8.7937|11.7055|10.3057|47.3845|41.3461|124.2743|25.5773|35791.0000|1.2535|1.0000|1.1460|129.7018|242.6410|0.7311|0.6625|0.9034|0.0000|282.0000|288.0000|83.4157|-25.0000|65.0000|136.6563|134.1806|100.0938|4.2877|122.0000|6.1622|4.4137|122.0000|6.3409|0.0000|0.0000|0.0000|2017-08-24T07:01:42.735|Freshwater Lake - North America_images_000002.tif|D2276C2A-9677-437D-8254-2980ADF4F45E
480|139|1105|19|90|852|1275|711|1|1|0|0.7035|4.5000|0|0.0000|0.0000|0.0000|314.0000|81.0000|7.0000|52.8056|176.2843|162.5753|89.3608|5.4300|93.3249|10.9007|53.8178|2.4623|33.9830|10.9007|124.0160|111.2060|142.6624|20.2475|44796.0000|7.8757|22.6981|1.1152|77.8512|244.1560|0.0000|0.5209|0.0998|0.0000|373.5000|314.0000|93.3249|-80.0000|5.0000|145.9777|146.5669|133.7006|3.8278|42.0000|5.2599|4.2040|42.0000|5.5637|0.0000|0.0000|0.0000|2017-08-24T07:01:44.255|Freshwater Lake - North America_images_000002.tif|474A8D36-5608-4D28-9991-C0E309D41CB0
481|160|1105|42|40|287|1542|712|1|1|0|0.7035|4.5000|0|0.0000|0.0000|0.0000|737.0000|38.0000|28.0000|33.1667|107.3553|100.8833|34.5676|27.6744|265.4574|18.3845|23.5673|16.5323|20.1670|18.3845|75.5245|67.8057|138.0502|30.4216|101743.0000|1.2444|1.0000|1.1138|78.1134|244.3280|0.7809|0.8341|0.9571|0.0000|738.0000|737.0000|265.4574|35.0000|-80.0000|140.1832|142.9959|127.5767|4.4512|45.0000|5.8394|4.8255|45.0000|6.2339|0.0000|0.0000|0.0000|2017-08-24T07:01:44.436|Freshwater Lake - North America_images_000002.tif|DA269779-118A-4C2A-87F1-B6FBCEF12D43
482|204|1105|33|55|485|1588|713|1|1|0|0.7035|4.5000|0|0.0000|0.0000|0.0000|442.0000|47.0000|22.0000|35.6667|150.4264|108.8079|47.6887|19.1130|143.6323|13.5232|29.8987|12.3113|21.9258|13.5232|105.8250|73.3806|158.8982|26.9405|70233.0000|4.0740|10.7053|1.4421|45.7174|245.0630|0.1734|0.1545|0.4264|0.0000|635.0000|442.0000|143.6323|-80.0000|5.0000|161.4389|162.5090|150.9095|3.9852|48.0000|5.3772|4.1695|48.0000|5.6680|0.0000|0.0000|0.0000|2017-08-24T07:01:45.164|Freshwater Lake - North America_images_000002.tif|880D9160-BB08-47E5-AAAA-3AF49ED71419
483|239|1105|73|78|498|1545|714|1|1|0|0.7035|4.5000|0|0.0000|0.0000|0.0000|2393.0000|72.0000|52.0000|65.0833|250.9949|201.3351|68.5985|48.3093|999.0942|35.6663|47.4862|33.4162|42.6204|35.6663|176.5749|138.4735|106.7242|37.0853|255391.0000|2.0950|4.3517|1.2752|77.4505|246.7190|0.5150|0.4782|0.8656|0.0000|2878.5000|2393.0000|999.0942|-40.0000|25.0000|113.0610|110.2507|97.3498|3.5049|45.0000|4.5095|4.4020|45.0000|5.8226|0.0000|0.0000|0.0000|2017-08-24T07:01:46.822|Freshwater Lake - North America_images_000002.tif|8DA106BF-D002-418C-A2DC-4FFA012E73CA
484|314|1105|30|36|434|1073|714|1|1|0|0.7035|4.5000|0|0.0000|0.0000|0.0000|329.0000|28.0000|18.0000|23.6389|78.2843|71.5008|27.9436|16.4388|99.0973|11.2327|16.5323|9.4973|13.4642|11.2327|55.0730|47.1351|109.7994|39.4986|36124.0000|1.4823|2.2029|1.1684|165.3571|246.7190|0.5870|0.4918|0.7971|0.0000|342.0000|329.0000|99.0973|-75.0000|10.0000|114.5866|112.6930|102.2705|3.5049|45.0000|4.5095|4.4020|45.0000|5.8226|0.0000|0.0000|0.0000|2017-08-24T07:01:46.822|Freshwater Lake - North America_images_000002.tif|323F2737-D55D-4BD9-88C3-DAFC0D21F6DE
485|346|1105|27|88|154|1063|715|1|1|0|0.7035|4.5000|0|0.0000|0.0000|0.0000|486.0000|80.0000|10.0000|53.0000|171.3553|163.3132|89.3103|7.5994|161.3756|14.3342|53.1142|3.8693|34.1198|14.3342|120.5485|111.7251|142.7634|33.5182|69383.0000|4.8078|13.0275|1.0790|77.2857|247.2030|0.0000|0.4872|0.1540|0.0000|527.5000|486.0000|161.3756|-80.0000|10.0000|141.3210|145.7366|137.4403|4.0286|96.0000|5.8413|4.3396|96.0000|6.1129|0.0000|0.0000|0.0000|2017-08-24T07:01:47.301|Freshwater Lake - North America_images_000002.tif|DBFAD569-846D-4469-B8AD-32F52FE111F2
486|375|1105|40|41|945|1484|716|1|1|0|0.7035|4.5000|0|0.0000|0.0000|0.0000|609.0000|32.0000|27.0000|29.8056|100.4264|90.7564|29.7268|26.8503|211.8581|16.4240|19.3463|15.8287|17.8025|16.4240|70.6500|60.6814|109.2135|27.2779|66511.0000|1.3179|1.4510|1.1643|77.4432|247.3750|0.8143|0.7106|0.9665|0.0000|619.0000|609.0000|211.8581|-75.0000|40.0000|114.5698|112.9803|99.8194|4.7629|41.0000|6.0507|5.0058|41.0000|6.3054|0.0000|0.0000|0.0000|2017-08-24T07:01:47.476|Freshwater Lake - North America_images_000002.tif|E98CAD69-C562-4E0C-8006-16E62761BD92
487|417|1105|33|41|219|542|716|1|1|0|0.7035|4.5000|0|0.0000|0.0000|0.0000|437.0000|31.0000|22.0000|26.8333|88.6690|81.0465|30.0892|20.2790|141.6284|13.4286|18.6427|12.3113|15.7115|13.4286|62.3786|53.8505|143.8696|30.2154|62871.0000|1.4317|1.9971|1.1584|81.4000|247.3750|0.5803|0.3844|0.8452|0.0000|461.0000|437.0000|141.6284|-90.0000|-10.0000|144.7460|147.6224|136.1373|4.7629|41.0000|6.0507|5.0058|41.0000|6.3054|0.0000|0.0000|0.0000|2017-08-24T07:01:47.476|Freshwater Lake - North America_images_000002.tif|4A913C30-35CD-4257-92B2-0E433BF92B3F
488|452|1105|30|79|506|1583|717|1|1|0|0.7035|4.5000|0|0.0000|0.0000|0.0000|349.0000|69.0000|18.0000|47.3889|171.1960|145.3410|76.2922|17.0185|106.8513|11.6639|45.3758|9.4973|30.1723|11.6639|120.4364|99.0816|152.8424|20.9534|53342.0000|6.6827|18.9415|1.2155|47.2770|247.4530|0.0000|0.4351|0.1455|0.0000|824.0000|349.0000|106.8513|-90.0000|-10.0000|158.2607|160.3181|136.1146|3.7875|45.0000|5.2481|4.1116|45.0000|5.5112|0.0000|0.0000|0.0000|2017-08-24T07:01:47.561|Freshwater Lake - North America_images_000002.tif|13A159A8-3923-4FA3-BC40-FFAE97699798
489|484|1105|55|54|175|1073|719|1|1|0|0.7035|4.5000|0|0.0000|0.0000|0.0000|440.0000|61.0000|10.0000|41.1389|135.3381|126.3096|64.0177|9.1189|142.8304|13.4854|39.7478|3.8693|25.7755|13.4854|95.2104|85.6931|144.5568|35.8423|63605.0000|3.3127|8.2864|1.1111|70.6667|247.9530|0.0000|0.7024|0.2680|0.0000|463.0000|440.0000|142.8304|40.0000|-45.0000|144.9409|148.8795|135.9568|4.1368|75.0000|5.8002|4.3764|75.0000|6.0522|0.0000|0.0000|0.0000|2017-08-24T07:01:48.048|Freshwater Lake - North America_images_000002.tif|37F23D00-0923-488C-922E-4447CBD30394
490|541|1105|65|158|564|1265|721|1|1|0|0.7035|4.5000|0|0.0000|0.0000|0.0000|1264.0000|157.0000|17.0000|103.0833|345.7645|320.3783|176.8438|11.3389|493.0978|25.0566|107.2837|8.7937|69.3534|26.1517|243.2453|222.2204|163.6804|15.4168|206892.0000|6.9749|19.8619|1.0946|23.2647|251.4060|0.0000|0.3242|0.1106|0.0000|1636.0000|1364.0000|537.1432|-70.0000|15.0000|164.9193|165.7413|159.1891|3.7776|39.0000|5.1910|4.0250|39.0000|5.3513|0.0000|0.0000|0.0000|2017-08-24T07:01:51.494|Freshwater Lake - North America_images_000002.tif|9C20EDE6-06BB-4A55-A72B-B5E252A0FC8B
491|608|1105|787|608|260|1024|722|1|1|0|0.7035|4.5000|0|0.0000|0.0000|0.0000|12479.0000|976.0000|224.0000|654.2778|2302.2165|2051.8592|1153.0439|239.8650|5742.9148|85.5109|683.4502|154.4183|457.1187|85.5109|1619.6093|1440.3172|92.6240|32.8391|1155855.0000|33.7989|104.1728|1.1245|104.5053|252.0780|0.0000|0.3774|0.0229|0.0000|129377.0000|12479.0000|5742.9148|35.0000|-50.0000|99.1505|97.1417|81.2656|5.0961|553.0000|7.4019|5.2311|553.0000|7.5919|0.0000|0.0000|0.0000|2017-08-24T07:01:52.179|Freshwater Lake - North America_images_000002.tif|4E2E47B6-430B-4A2A-8DA6-26A525F7A91F
492|1397|1105|17|95|799|1567|723|1|1|0|0.7035|4.5000|0|0.0000|0.0000|0.0000|361.0000|85.0000|7.0000|55.4444|180.8701|171.1330|87.0846|5.6854|111.5332|11.9167|56.6318|2.4623|35.8394|11.9167|127.2421|117.2263|135.5762|18.2192|48943.0000|7.2113|20.6066|1.0854|66.1214|252.1880|0.0000|0.8052|0.1207|0.0000|390.0000|361.0000|111.5332|-90.0000|0.0000|142.8393|142.0305|120.1828|3.9297|72.0000|5.5706|4.2559|72.0000|5.8746|0.0000|0.0000|0.0000|2017-08-24T07:01:52.295|Freshwater Lake - North America_images_000002.tif|1509C9A5-13D0-45EC-A585-DE5DA5CE406A
493|1416|1105|35|25|186|634|725|1|1|0|0.7035|4.5000|0|0.0000|0.0000|0.0000|278.0000|25.0000|15.0000|21.2778|69.5563|63.6375|24.1382|15.5250|79.6398|10.0698|14.4217|7.3868|11.8032|10.0698|48.9329|41.6032|149.4317|12.5804|41542.0000|1.3849|1.7931|1.1762|34.8615|253.1560|0.6816|0.6110|0.8595|0.0000|273.5000|278.0000|79.6398|0.0000|-90.0000|151.1799|151.7842|144.1079|3.0955|30.0000|4.0156|4.1093|30.0000|5.2949|0.0000|0.0000|0.0000|2017-08-24T07:01:53.273|Freshwater Lake - North America_images_000002.tif|F5330F51-12B2-4826-81C8-F23A47D0E097
494|1453|1105|21|95|1020|1199|726|1|1|0|0.7035|4.5000|0|0.0000|0.0000|0.0000|392.0000|86.0000|8.0000|56.7778|180.6274|175.1648|97.9074|6.0993|123.7215|12.5510|57.3353|2.8140|36.7774|12.5510|127.0714|120.0627|164.5000|25.5378|64484.0000|6.6233|18.7542|1.0584|46.6264|253.2810|0.0000|0.3426|0.1037|0.0000|454.5000|392.0000|123.7215|85.0000|-5.0000|168.0791|168.0944|156.1505|3.9748|92.0000|5.7007|4.3808|92.0000|6.0188|0.0000|0.0000|0.0000|2017-08-24T07:01:53.381|Freshwater Lake - North America_images_000002.tif|72BF0040-ADEB-4326-A922-024074DD848B
495|1476|1105|37|38|357|1438|727|1|1|0|0.7035|4.5000|0|0.0000|0.0000|0.0000|472.0000|31.0000|24.0000|27.3611|95.1127|83.1540|28.2864|22.1818|155.7094|14.0803|18.6427|13.7183|16.0828|14.0803|66.9118|55.3331|137.8517|24.6255|65066.0000|1.5252|2.3695|1.2093|43.1744|253.4220|0.7413|0.6407|0.9302|0.0000|505.0000|472.0000|155.7094|50.0000|-20.0000|142.6144|141.2309|129.5000|4.1500|53.0000|5.6154|4.5333|53.0000|6.0439|0.0000|0.0000|0.0000|2017-08-24T07:01:53.518|Freshwater Lake - North America_images_000002.tif|DCB4EAAF-A3E0-4B14-A1AE-04046A3A5EDD
496|1515|1105|43|60|192|1423|728|1|1|0|0.7035|4.5000|0|0.0000|0.0000|0.0000|770.0000|51.0000|31.0000|40.5556|146.8112|124.2090|49.5686|24.0037|279.4166|18.8617|32.7127|18.6427|25.3651|18.8617|103.2817|84.2153|128.5091|29.0726|98952.0000|2.2275|4.7891|1.2264|70.7829|253.5310|0.3239|0.4501|0.6464|0.0000|977.5000|770.0000|279.4166|80.0000|10.0000|132.0545|132.1052|120.0247|4.2862|33.0000|5.5746|4.5253|33.0000|5.7442|0.0000|0.0000|0.0000|2017-08-24T07:01:53.656|Freshwater Lake - North America_images_000002.tif|CE0AA341-01C9-4B3E-8EE8-5E62799F301B
497|1560|1105|48|34|187|555|728|1|2|0|0.7035|4.5000|0|0.0000|0.0000|0.0000|441.0000|38.0000|23.0000|30.2778|116.4264|92.4451|33.9066|19.4043|143.2313|13.5044|23.5673|13.0147|18.1347|13.5044|81.9060|61.8694|128.9070|25.6025|56848.0000|2.4460|5.5026|1.3239|72.3942|253.5310|0.4825|0.5120|0.7358|0.0000|560.5000|441.0000|143.2313|0.0000|70.0000|134.4354|133.3447|118.1474|4.2862|33.0000|5.5746|4.5253|33.0000|5.7442|0.0000|0.0000|0.0000|2017-08-24T07:01:53.656|Freshwater Lake - North America_images_000002.tif|456626E2-073C-4701-BF8C-14E365E8655B
498|1610|1105|73|92|475|1523|729|1|1|0|0.7035|4.5000|0|0.0000|0.0000|0.0000|3040.0000|83.0000|58.0000|73.6111|296.5513|228.2802|77.6583|53.3930|1294.7576|40.6022|55.2248|37.6373|48.6197|40.6022|208.6238|157.4294|109.4730|40.0596|332798.0000|2.3021|5.0335|1.3252|78.4867|253.7970|0.4885|0.5043|0.8716|0.0000|3614.0000|3040.0000|1294.7576|-80.0000|15.0000|115.2822|112.8039|100.7036|3.7213|46.0000|4.3152|4.2961|46.0000|5.7802|0.0000|0.0000|0.0000|2017-08-24T07:01:53.905|Freshwater Lake - North America_images_000002.tif|67D9FE92-B7C1-4E5D-BBA8-53327D4B5D7C
499|1685|1105|30|90|680|1442|730|1|1|0|0.7035|4.5000|0|0.0000|0.0000|0.0000|359.0000|81.0000|8.0000|53.7222|177.2548|165.6068|92.9805|5.5405|110.7514|11.8749|53.8178|2.8140|34.6278|11.8749|124.6988|113.3386|163.4680|23.4965|58685.0000|6.9645|19.8293|1.1002|44.7317|253.9840|0.0000|0.4463|0.1054|0.0000|431.0000|359.0000|110.7514|75.0000|-10.0000|165.3621|167.3538|155.1086|3.6521|64.0000|5.3262|4.2517|64.0000|5.7174|0.0000|0.0000|0.0000|2017-08-24T07:01:54.107|Freshwater Lake - North America_images_000002.tif|8EA1937C-8EAE-4384-81EF-B4CFA1D24728
500|1717|1105|40|34|601|1321|730|1|1|0|0.7035|4.5000|0|0.0000|0.0000|0.0000|368.0000|32.0000|21.0000|27.2222|94.5269|82.4322|33.3332|17.3399|114.2739|12.0623|19.3463|11.6077|15.9851|12.0623|66.4997|54.8253|148.9402|26.2409|54810.0000|1.9322|3.8076|1.2129|54.3176|253.9840|0.4211|0.2095|0.6638|0.0000|442.5000|368.0000|114.2739|35.0000|-80.0000|153.5217|151.9565|141.2201|3.6521|64.0000|5.3262|4.2517|64.0000|5.7174|0.0000|0.0000|0.0000|2017-08-24T07:01:54.107|Freshwater Lake - North America_images_000002.tif|607A75E4-5FF5-4FB7-ADE4-43B4B597F789
501|1759|1105|58|100|177|1427|731|1|1|0|0.7035|4.5000|0|0.0000|0.0000|0.0000|2377.0000|91.0000|40.0000|68.4722|246.4092|211.7599|86.3130|36.6417|991.8222|35.5363|60.8528|24.9743|45.0044|35.5363|173.3489|145.8073|110.2882|30.2837|262155.0000|2.0327|4.1447|1.1889|84.5300|254.2500|0.2366|0.6723|0.6884|0.0000|2657.0000|2377.0000|991.8222|-85.0000|20.0000|114.8212|113.8717|101.5217|3.7856|45.0000|4.2052|4.4441|45.0000|5.6840|0.0000|0.0000|0.0000|2017-08-24T07:01:54.351|Freshwater Lake - North America_images_000002.tif|69760079-A127-4313-889F-71541C2399A2
502|1819|1105|48|46|949|1465|733|1|1|0|0.7035|4.5000|0|0.0000|0.0000|0.0000|925.0000|41.0000|33.0000|36.5000|123.4975|111.7975|36.9316|32.4084|345.6083|20.9772|25.6777|20.0497|22.5120|20.9772|86.8805|75.4838|114.2541|32.0964|105685.0000|1.3121|1.4157|1.1510|59.6606|254.7810|0.8191|0.7599|0.9757|0.0000|945.5000|925.0000|345.6083|-20.0000|45.0000|120.8335|117.5989|105.1730|3.4280|31.0000|4.4805|4.2581|31.0000|5.5734|0.0000|0.0000|0.0000|2017-08-24T07:01:54.904|Freshwater Lake - North America_images_000002.tif|E7713AA5-DC42-481A-95D3-E39D42EFAB7D
503|1869|1105|46|41|932|1095|733|1|1|0|0.7035|4.5000|0|0.0000|0.0000|0.0000|773.0000|38.0000|31.0000|34.5278|122.9117|105.2361|36.4766|28.8241|280.6882|18.9046|23.5673|18.6427|21.1246|18.9046|86.4684|70.8678|136.2885|24.5645|105351.0000|1.5552|2.4832|1.2201|51.3889|254.7810|0.6698|0.5543|0.9107|0.0000|820.0000|773.0000|280.6882|25.0000|-90.0000|142.0776|138.8396|129.0194|3.4280|31.0000|4.4805|4.2581|31.0000|5.5734|0.0000|0.0000|0.0000|2017-08-24T07:01:54.904|Freshwater Lake - North America_images_000002.tif|D497E7DD-B1D5-48F8-B710-84E34C298C2B
504|1917|1105|31|63|220|1368|735|1|1|0|0.7035|4.5000|0|0.0000|0.0000|0.0000|408.0000|56.0000|11.0000|37.7222|125.2548|115.1661|56.6783|9.6272|130.0610|12.8685|36.2302|4.5728|23.3718|12.8685|88.1168|77.8536|160.9240|19.4818|65657.0000|3.0600|7.4795|1.1318|37.5714|255.0000|0.0036|0.6622|0.3144|0.0000|415.0000|408.0000|130.0610|-75.0000|15.0000|160.6324|163.5564|155.9167|3.8748|38.0000|5.3246|4.1791|38.0000|5.5013|0.0000|0.0000|0.0000|2017-08-24T07:01:55.098|Freshwater Lake - North America_images_000002.tif|03A56A01-1351-4ECF-AA8D-68ADC131EDDD
505|1950|1105|27|78|423|833|735|1|1|0|0.7035|4.5000|0|0.0000|0.0000|0.0000|611.0000|69.0000|12.0000|47.0278|151.9411|144.5251|75.2764|10.6721|212.6881|16.4561|45.3758|5.2763|29.9183|16.4561|106.8906|98.5077|153.4926|36.7445|93784.0000|3.0068|7.3092|1.0851|33.7465|255.0000|0.0000|0.8289|0.2692|0.0000|609.0000|611.0000|212.6881|-85.0000|5.0000|155.1195|157.3191|145.3699|3.8748|38.0000|5.3246|4.1791|38.0000|5.5013|0.0000|0.0000|0.0000|2017-08-24T07:01:55.098|Freshwater Lake - North America_images_000002.tif|AB9E4A85-656E-4F89-98C2-3CA15B086B01
506|1979|1105|22|151|697|1571|736|1|1|0|0.7035|4.5000|0|0.0000|0.0000|0.0000|920.0000|141.0000|12.0000|91.8611|295.5980|285.2977|157.7497|8.6459|343.4587|20.9118|96.0277|5.2763|61.4585|20.9118|207.9532|197.5412|163.8783|23.8192|150768.0000|7.5580|21.6980|1.0527|32.1549|255.0630|0.0000|0.2824|0.0939|0.0000|1071.5000|920.0000|343.4587|-90.0000|0.0000|166.3543|167.2109|156.4109|3.3426|37.0000|4.6276|3.9430|37.0000|5.3105|0.0000|0.0000|0.0000|2017-08-24T07:01:55.171|Freshwater Lake - North America_images_000002.tif|FC962914-5EAB-40C9-875D-44CC72159B26
507|2|1715|77|73|452|1438|738|1|6|0|0.7035|4.5000|0|0.0000|0.0000|0.0000|1265.0000|71.0000|59.0000|64.5278|336.3919|199.6595|69.0379|58.5143|493.5372|25.0677|46.7828|38.3407|42.2296|25.0677|236.6517|137.2947|105.6126|39.7299|133600.0000|7.1185|20.3143|1.7237|107.0448|255.7190|0.1636|0.1225|0.3933|0.0000|2775.0000|1265.0000|493.5372|-55.0000|-90.0000|109.4569|109.0451|97.3921|4.5987|62.0000|6.1372|4.8563|62.0000|6.4168|0.0000|0.0000|0.0000|2017-08-24T07:01:55.823|Freshwater Lake - North America_images_000002.tif|054B6689-E140-40BA-8633-FAC235F98588
508|81|1715|31|36|967|1474|740|1|1|0|0.7035|4.5000|0|0.0000|0.0000|0.0000|432.0000|27.0000|21.0000|24.3056|77.1127|73.4928|25.9917|21.2487|139.6273|13.3334|15.8287|11.6077|13.9332|13.3334|54.2488|48.5364|98.6458|36.7121|42615.0000|1.0954|1.0000|1.1177|113.7500|255.9220|0.8475|0.8559|0.9760|0.0000|412.0000|432.0000|139.6273|80.0000|0.0000|108.9931|106.2778|79.7361|4.5953|37.0000|5.8718|3.8559|37.0000|4.7508|0.0000|0.0000|0.0000|2017-08-24T07:01:56.025|Freshwater Lake - North America_images_000002.tif|0E9F084A-FD85-413F-9D0A-4D99A1AFE985
509|114|1715|26|134|1024|1202|744|1|1|0|0.7035|4.5000|0|0.0000|0.0000|0.0000|1136.0000|124.0000|16.0000|82.9444|271.4975|257.7809|138.6089|11.5263|437.0446|23.5895|84.0683|8.0903|55.1856|23.5895|190.9985|178.1831|121.0986|28.9809|137568.0000|5.1635|14.1509|1.0719|79.2218|256.8130|0.0000|0.3719|0.1495|0.0000|1340.5000|1136.0000|437.0446|-90.0000|0.0000|128.2245|126.0977|108.5423|4.2889|132.0000|6.2543|4.6192|132.0000|6.4876|0.0000|0.0000|0.0000|2017-08-24T07:01:56.910|Freshwater Lake - North America_images_000002.tif|E3EEEF70-CF62-48BE-BD64-3F101B908AC9
510|142|1715|89|56|585|1554|745|1|1|0|0.7035|4.5000|0|0.0000|0.0000|0.0000|2244.0000|82.0000|44.0000|66.4167|238.7107|205.6845|76.4370|41.6457|931.4606|34.4380|54.5213|27.7883|43.5584|34.4380|167.9330|141.5333|109.9528|34.3156|246734.0000|2.0207|4.1047|1.1865|86.6560|257.2500|0.3537|0.5920|0.7542|0.0000|2582.0000|2244.0000|931.4606|15.0000|85.0000|116.8066|113.9742|99.4795|3.1440|33.0000|4.0111|4.1284|33.0000|5.4925|0.0000|0.0000|0.0000|2017-08-24T07:01:57.356|Freshwater Lake - North America_images_000002.tif|A1DF9F24-E885-4A30-A10A-72184FA5926F
511|233|1715|124|150|200|1202|746|1|1|0|0.7035|4.5000|0|0.0000|0.0000|0.0000|9308.0000|141.0000|113.0000|130.2778|495.4457|406.2804|144.8328|104.1161|4233.6733|73.4199|96.0277|76.3298|88.4847|79.6425|348.5460|282.6525|86.9291|44.4408|809136.0000|1.7950|3.3399|1.2331|91.0488|257.3590|0.3992|0.5445|0.8710|0.0000|12304.5000|10882.0000|4981.7218|85.0000|-10.0000|89.8876|90.6202|78.5338|5.3676|149.0000|7.2222|5.5838|149.0000|7.4323|0.0000|0.0000|0.0000|2017-08-24T07:01:57.452|Freshwater Lake - North America_images_000002.tif|23A35E54-D5AC-4AA1-943F-CE23A2420648
512|359|1715|90|48|949|1407|747|1|1|0|0.7035|4.5000|0|0.0000|0.0000|0.0000|617.0000|85.0000|20.0000|58.1389|225.4386|179.3924|100.8899|13.2600|215.1797|16.5522|56.6318|10.9043|37.7350|16.5522|158.5961|123.0368|161.5559|25.5932|99680.0000|6.5548|18.5387|1.2890|57.1343|257.6250|0.0000|0.1034|0.1517|0.0000|1075.0000|617.0000|215.1797|15.0000|-70.0000|164.2869|165.1750|153.4619|4.6720|46.0000|6.0824|4.8064|46.0000|6.2452|0.0000|0.0000|0.0000|2017-08-24T07:01:57.720|Freshwater Lake - North America_images_000002.tif|4403ABD3-F1B8-49C3-9868-C9A410DC83E2
513|451|1715|49|103|833|1617|748|1|1|0|0.7035|4.5000|0|0.0000|0.0000|0.0000|610.0000|100.0000|21.0000|66.8611|221.5807|206.9308|113.7847|19.2498|212.2731|16.4400|67.1843|11.6077|43.8710|16.4400|155.8820|142.4101|162.4033|25.8695|99066.0000|6.4051|18.0668|1.0946|46.5233|258.1720|0.0000|0.3361|0.1166|0.0000|1262.5000|610.0000|212.2731|-70.0000|20.0000|166.1541|166.8213|152.2885|3.9013|63.0000|5.4988|4.1933|63.0000|5.6966|0.0000|0.0000|0.0000|2017-08-24T07:01:58.291|Freshwater Lake - North America_images_000002.tif|F9831D33-70C7-4E7F-AFBE-6B1196EEB88E
514|502|1715|27|80|191|1460|752|1|1|0|0.7035|4.5000|0|0.0000|0.0000|0.0000|921.0000|70.0000|16.0000|50.3611|160.8701|155.2991|77.6780|15.5455|343.8886|20.9249|46.0793|8.0903|32.2633|20.9249|113.1721|106.0872|126.6797|25.9304|116672.0000|2.2360|4.8172|1.0668|96.4183|258.9380|0.0000|0.8972|0.3737|0.0000|924.5000|921.0000|343.8886|-90.0000|5.0000|133.9989|131.4712|114.5223|3.9028|52.0000|5.5153|3.9381|52.0000|5.2097|0.0000|0.0000|0.0000|2017-08-24T07:01:59.052|Freshwater Lake - North America_images_000002.tif|B23E5E27-0052-4668-8B5B-7876E58B4F08
515|531|1715|50|51|641|1507|753|1|1|0|0.7035|4.5000|0|0.0000|0.0000|0.0000|1157.0000|43.0000|39.0000|41.0278|131.6396|126.0028|41.6454|39.0796|446.2137|23.8356|27.0847|24.2707|25.6973|25.1902|92.6085|85.4772|134.6871|20.5998|155833.0000|1.0807|1.0000|1.0834|56.8761|260.0000|0.9233|0.8881|0.9962|0.0000|1243.5000|1276.0000|498.3722|35.0000|-30.0000|138.8245|138.1547|126.3068|4.4752|44.0000|5.8550|4.7068|44.0000|6.0527|0.0000|0.0000|0.0000|2017-08-24T07:02:00.108|Freshwater Lake - North America_images_000002.tif|938CAD6D-3C2E-4604-AE14-69DFC9281288
516|583|1715|73|94|964|1362|756|1|1|0|0.7035|4.5000|0|0.0000|0.0000|0.0000|3298.0000|85.0000|63.0000|74.5000|293.3797|230.9074|82.7854|56.0242|1413.3973|42.4216|56.6318|41.1547|49.2450|42.4216|206.3926|159.2776|114.2505|36.0680|376798.0000|2.0768|4.2915|1.2958|71.9344|260.6410|0.4435|0.5783|0.8405|0.0000|3734.0000|3298.0000|1413.3973|80.0000|0.0000|120.4833|117.3062|105.8927|3.6571|52.0000|4.7830|4.5496|52.0000|5.9563|0.0000|0.0000|0.0000|2017-08-24T07:02:00.754|Freshwater Lake - North America_images_000002.tif|EB63A99F-B344-4B3C-8FA0-E239D4FB2DB4
517|658|1715|41|29|163|1411|760|1|1|0|0.7035|4.5000|0|0.0000|0.0000|0.0000|350.0000|32.0000|16.0000|25.7778|83.3553|77.6209|34.7880|14.4399|107.2407|11.6852|19.3463|8.0903|14.9689|11.6852|58.6405|51.4406|123.7571|22.3665|43315.0000|1.5798|2.5745|1.1400|70.6849|261.8910|0.3741|0.3278|0.6282|0.0000|374.5000|350.0000|107.2407|10.0000|-75.0000|127.3229|127.9514|114.1543|4.1574|32.0000|5.4768|4.4475|32.0000|5.7764|0.0000|0.0000|0.0000|2017-08-24T07:02:02.004|Freshwater Lake - North America_images_000002.tif|F517A44A-C45D-4281-A43A-4BA50BE7753B
518|701|1715|64|70|158|1371|762|1|1|0|0.7035|4.5000|0|0.0000|0.0000|0.0000|1804.0000|63.0000|49.0000|57.4722|204.2670|177.3050|58.5433|48.2240|733.0312|30.5504|41.1547|31.3057|37.2659|33.7018|143.7018|121.5683|125.3198|29.6626|226077.0000|1.5393|2.4233|1.1821|72.6760|262.5940|0.7375|0.7878|0.9548|0.0000|2327.0000|2157.0000|892.0639|-45.0000|15.0000|129.1497|128.7921|117.0188|3.4631|46.0000|4.7608|4.0769|46.0000|5.4627|0.0000|0.0000|0.0000|2017-08-24T07:02:02.693|Freshwater Lake - North America_images_000002.tif|64789382-2563-46AB-8017-D3F13DC5C8E6
519|767|1715|47|46|733|1601|764|1|1|0|0.7035|4.5000|0|0.0000|0.0000|0.0000|671.0000|42.0000|25.0000|35.1111|124.3259|107.5371|43.5974|22.5588|237.7042|17.3970|26.3813|14.4217|21.5349|17.3970|87.4633|72.4866|141.6930|32.9006|95076.0000|1.8331|3.4708|1.2066|76.4037|262.8590|0.3489|0.4951|0.7091|0.0000|769.5000|671.0000|237.7042|-60.0000|45.0000|145.8539|146.3383|131.0268|4.5537|40.0000|5.8533|4.8022|40.0000|6.1288|0.0000|0.0000|0.0000|2017-08-24T07:02:02.959|Freshwater Lake - North America_images_000002.tif|33FA68E4-DC07-425F-A9EC-C1C278FA4865
520|816|1715|21|165|223|1258|765|1|1|0|0.7035|4.5000|0|0.0000|0.0000|0.0000|702.0000|155.0000|11.0000|99.9722|321.6985|310.5497|162.9340|6.3487|250.7111|17.8666|105.8768|4.5728|67.1647|17.8666|226.3149|215.3060|118.7080|21.7371|83333.0000|11.7314|34.8267|1.0511|110.5431|262.9840|0.0000|0.1881|0.0672|0.0000|824.0000|702.0000|250.7111|-90.0000|0.0000|123.0157|121.5313|111.5199|3.8686|144.0000|5.7893|4.2998|144.0000|6.1997|0.0000|0.0000|0.0000|2017-08-24T07:02:03.083|Freshwater Lake - North America_images_000002.tif|5994BF3B-3355-48C7-ABE9-90737816153C
521|839|1715|19|58|773|1656|767|1|1|0|0.7035|4.5000|0|0.0000|0.0000|0.0000|301.0000|48.0000|8.0000|33.2778|104.1421|101.5488|53.3291|7.4708|88.3543|10.6064|30.6023|2.8140|20.2452|10.6064|73.2640|68.2738|159.5714|28.6008|48031.0000|2.8673|6.8622|1.0731|49.1200|263.6090|0.0303|0.6485|0.2643|0.0000|286.0000|301.0000|88.3543|-90.0000|5.0000|165.0731|164.3023|148.2990|3.3438|2.0000|3.5080|4.0830|2.0000|4.1692|0.0000|0.0000|0.0000|2017-08-24T07:02:03.716|Freshwater Lake - North America_images_000002.tif|33ED2719-82E3-4C95-A53E-8BB5694F507A
522|860|1715|40|37|524|1434|768|1|1|0|0.7035|4.5000|0|0.0000|0.0000|0.0000|595.0000|31.0000|26.0000|28.5278|91.8406|86.7474|29.4565|25.8738|206.0556|16.1975|18.6427|15.1253|16.9036|16.1975|64.6099|57.8610|90.4202|48.2918|53800.0000|1.1281|1.0000|1.1166|134.8354|263.8590|0.8747|0.8506|0.9857|0.0000|579.5000|595.0000|206.0556|5.0000|-45.0000|97.1580|96.7529|75.3983|4.6452|40.0000|5.9401|4.0775|40.0000|5.2017|0.0000|0.0000|0.0000|2017-08-24T07:02:03.962|Freshwater Lake - North America_images_000002.tif|07E2FB62-D07E-43A6-B803-277B30B7D284
523|902|1715|76|74|755|1345|769|1|1|0|0.7035|4.5000|0|0.0000|0.0000|0.0000|543.0000|74.0000|49.0000|64.3889|263.4802|199.1224|85.8462|51.3762|184.6239|15.3320|48.8933|31.3057|42.1318|15.3320|185.3583|136.9169|148.1271|25.6889|80433.0000|10.1739|29.9287|1.3538|65.6552|264.3280|0.2155|0.4042|0.1381|0.0000|2443.0000|543.0000|184.6239|-30.0000|55.0000|150.7256|150.8232|141.8195|3.8547|128.0000|5.7777|4.1435|128.0000|5.9549|0.0000|0.0000|0.0000|2017-08-24T07:02:04.435|Freshwater Lake - North America_images_000002.tif|4DC7C99E-4C47-4148-8B5A-F71F0764A7FB
524|980|1715|31|37|334|1337|769|1|1|0|0.7035|4.5000|0|0.0000|0.0000|0.0000|439.0000|30.0000|20.0000|25.5556|80.8701|77.0602|28.6252|19.8131|142.4296|13.4665|17.9393|10.9043|14.8126|13.4665|56.8921|51.0461|144.1708|19.9825|63291.0000|1.1855|1.0000|1.1145|60.6438|264.3280|0.7345|0.7720|0.9224|0.0000|429.0000|439.0000|142.4296|60.0000|-10.0000|148.3759|148.1708|134.7289|3.8547|128.0000|5.7777|4.1435|128.0000|5.9549|0.0000|0.0000|0.0000|2017-08-24T07:02:04.435|Freshwater Lake - North America_images_000002.tif|1CBC4404-2DE0-49AD-B895-464293DE7172
525|1013|1715|31|68|177|1287|770|1|1|0|0.7035|4.5000|0|0.0000|0.0000|0.0000|856.0000|58.0000|21.0000|44.0278|149.3970|135.0124|63.1593|18.7766|316.0240|20.0593|37.6373|11.6077|27.8078|20.0593|105.1008|91.8155|146.8318|34.1684|125688.0000|2.0749|4.2852|1.1447|70.7652|264.9690|0.1359|0.5669|0.5021|0.0000|976.5000|856.0000|316.0240|-90.0000|0.0000|151.7769|151.7126|135.3867|4.3275|37.0000|5.7524|3.5604|37.0000|4.4779|0.0000|0.0000|0.0000|2017-08-24T07:02:05.077|Freshwater Lake - North America_images_000002.tif|35085FBE-055A-4382-B3AC-91F8A2D1A293
526|1046|1715|36|35|562|1588|773|1|1|0|0.7035|4.5000|0|0.0000|0.0000|0.0000|491.0000|27.0000|25.0000|25.9722|83.9411|78.5959|25.7557|24.3469|163.4037|14.4240|15.8287|14.4217|15.1057|14.4240|59.0526|52.1265|148.9409|37.2957|73130.0000|1.1420|1.0000|1.1329|101.7027|265.9060|0.9072|0.8158|0.9954|0.0000|476.5000|491.0000|163.4037|10.0000|-90.0000|152.6253|151.6578|142.2200|4.3683|39.0000|5.4876|4.6529|39.0000|5.8362|0.0000|0.0000|0.0000|2017-08-24T07:02:06.033|Freshwater Lake - North America_images_000002.tif|601BFD65-DE83-4C9E-9107-F884022B5113
527|1084|1715|28|33|865|1466|774|1|1|0|0.7035|4.5000|0|0.0000|0.0000|0.0000|285.0000|24.0000|18.0000|20.8333|66.2843|61.9014|23.2248|15.9107|82.2808|10.2354|13.7183|9.4973|11.4905|10.2354|46.6310|40.3819|116.0491|29.9463|33074.0000|1.2268|1.0000|1.1548|92.5690|266.0160|0.7309|0.6644|0.9157|0.0000|280.0000|285.0000|82.2808|-85.0000|0.0000|123.0947|120.6211|104.3614|3.2545|45.0000|4.3542|4.2130|45.0000|5.5515|0.0000|0.0000|0.0000|2017-08-24T07:02:06.125|Freshwater Lake - North America_images_000002.tif|F3F65EEC-A657-4957-8E15-170B9BC6569A
528|1114|1715|52|45|796|1596|775|1|1|0|0.7035|4.5000|0|0.0000|0.0000|0.0000|777.0000|50.0000|25.0000|38.1111|133.8406|116.3969|46.3972|21.9961|282.3842|18.9616|32.0093|14.4217|23.6454|18.9616|94.1569|78.7195|127.3230|25.3267|98930.0000|1.8346|3.4759|1.1961|69.4380|266.1560|0.4174|0.5283|0.7505|0.0000|848.0000|777.0000|282.3842|35.0000|-60.0000|134.7709|131.5341|116.2175|3.2521|33.0000|4.3090|4.1582|33.0000|5.3657|0.0000|0.0000|0.0000|2017-08-24T07:02:06.285|Freshwater Lake - North America_images_000002.tif|F76E61A1-B8E1-4B9F-A8F1-69CB12D65296
529|1168|1715|38|39|478|1213|777|1|1|0|0.7035|4.5000|0|0.0000|0.0000|0.0000|604.0000|31.0000|26.0000|28.9167|93.5980|87.8037|29.9094|25.9797|209.7843|16.3434|18.6427|15.1253|17.1771|16.3434|65.8462|58.6042|110.5182|52.1043|66753.0000|1.1542|1.0000|1.1236|65.0000|268.5940|0.8518|0.7569|0.9800|0.0000|592.5000|604.0000|209.7843|20.0000|-45.0000|119.0530|118.4354|91.7599|4.4535|38.0000|5.8027|4.1456|38.0000|5.4165|0.0000|0.0000|0.0000|2017-08-24T07:02:08.692|Freshwater Lake - North America_images_000002.tif|D36C8303-632D-43A8-9D03-79FE080F0977
530|1208|1715|73|104|834|1426|778|1|1|0|0.7035|4.5000|0|0.0000|0.0000|0.0000|3401.0000|102.0000|59.0000|81.5000|332.0660|253.0483|95.9837|52.4070|1460.8606|43.1280|68.5913|38.3407|54.1695|44.1512|233.6084|174.8537|118.8001|36.4623|404039.0000|2.4697|5.5796|1.3360|65.7309|269.0310|0.3062|0.4146|0.7565|0.0000|4263.5000|3553.0000|1530.9992|65.0000|-25.0000|125.0532|121.9485|110.2476|2.9425|95.0000|3.8899|4.4248|95.0000|6.0059|0.0000|0.0000|0.0000|2017-08-24T07:02:09.129|Freshwater Lake - North America_images_000002.tif|BFA4D6AA-1CE4-499D-BA0C-B080CC498A23
531|1283|1715|36|45|272|1568|779|1|1|0|0.7035|4.5000|0|0.0000|0.0000|0.0000|576.0000|36.0000|23.0000|31.0000|105.5980|93.8592|34.9633|22.3274|198.2021|15.8858|22.1603|13.0147|18.6427|15.8858|74.2882|62.8642|115.4896|23.8720|66522.0000|1.5406|2.4279|1.1817|77.5957|269.9220|0.6019|0.6603|0.8523|0.0000|609.0000|576.0000|198.2021|-55.0000|15.0000|119.8559|120.4983|103.9531|4.4034|41.0000|5.7465|4.6414|41.0000|6.0031|0.0000|0.0000|0.0000|2017-08-24T07:02:10.021|Freshwater Lake - North America_images_000002.tif|3E6C64CD-DAB7-4A52-8738-85D512F2B3B3
532|1321|1715|34|32|1032|1612|782|1|1|0|0.7035|4.5000|0|0.0000|0.0000|0.0000|361.0000|26.0000|19.0000|23.1667|75.1127|69.7017|25.2009|18.6387|111.5332|11.9167|15.1253|10.2007|13.1320|11.9167|52.8418|45.8694|143.2715|19.3865|51721.0000|1.2437|1.0000|1.1520|37.6970|270.3130|0.7671|0.7867|0.9357|0.0000|360.0000|361.0000|111.5332|30.0000|-75.0000|149.6537|145.9834|135.5291|3.7982|35.0000|4.9404|4.1409|35.0000|5.4129|0.0000|0.0000|0.0000|2017-08-24T07:02:10.430|Freshwater Lake - North America_images_000002.tif|B15BBA10-6A5F-4891-9221-398E4E88B985
533|1357|1715|18|109|813|1529|783|1|1|0|0.7035|4.5000|0|0.0000|0.0000|0.0000|328.0000|99.0000|8.0000|64.8889|221.9411|200.7746|114.3706|4.8465|98.7113|11.2108|66.4808|2.8140|42.4836|11.2108|156.1356|138.0792|146.3415|13.1037|48000.0000|11.9507|35.5159|1.1308|55.2972|271.1720|0.0000|0.4395|0.0637|0.0000|465.0000|328.0000|98.7113|-90.0000|0.0000|155.5823|153.0854|129.5762|4.0397|80.0000|5.7639|4.3036|80.0000|5.9288|0.0000|0.0000|0.0000|2017-08-24T07:02:11.282|Freshwater Lake - North America_images_000002.tif|606A844F-9342-43A0-919F-B74B59ADD39C
534|1377|1715|42|41|622|1400|784|1|1|0|0.7035|4.5000|0|0.0000|0.0000|0.0000|785.0000|33.0000|31.0000|32.2778|102.0833|98.1233|31.8104|31.4270|285.7785|19.0752|20.0497|18.6427|19.5417|19.0752|71.8156|65.8640|88.8573|30.2624|69753.0000|1.0564|1.0000|1.0904|122.6023|271.5780|0.9570|0.9288|0.9997|0.0000|755.5000|785.0000|285.7785|-60.0000|-90.0000|96.6624|95.9898|71.9197|4.6070|37.0000|5.9049|4.0567|37.0000|5.2719|0.0000|0.0000|0.0000|2017-08-24T07:02:11.693|Freshwater Lake - North America_images_000002.tif|A8F8E426-4325-494E-93B8-5F089A0B6342
535|1421|1715|29|126|993|1396|787|1|1|0|0.7035|4.5000|0|0.0000|0.0000|0.0000|1069.0000|117.0000|13.0000|77.8056|251.0122|241.3445|127.2473|11.3013|407.8686|22.7885|79.1437|5.9798|51.5705|22.7885|176.5871|166.6201|149.6137|38.6271|159937.0000|4.6903|12.6560|1.0598|79.7322|273.0160|0.0000|0.5088|0.1668|0.0000|1148.0000|1069.0000|407.8686|80.0000|-5.0000|155.3050|154.7558|137.3667|4.3129|94.0000|6.1468|4.5828|94.0000|6.3291|0.0000|0.0000|0.0000|2017-08-24T07:02:13.109|Freshwater Lake - North America_images_000002.tif|B6A8F5BE-7147-4BF5-B0AF-095A82DB03E6
536|1452|1715|27|103|996|1181|788|1|1|0|0.7035|4.5000|0|0.0000|0.0000|0.0000|473.0000|94.0000|11.0000|62.3056|211.2548|192.6476|107.0583|6.2480|156.1136|14.0986|62.9633|4.5728|40.6662|14.0986|148.6178|132.3618|162.9112|24.8704|77057.0000|7.5083|21.5416|1.1228|52.5556|273.7970|0.0000|0.3184|0.1047|0.0000|625.0000|473.0000|156.1136|85.0000|-5.0000|165.2220|166.4841|155.1036|4.0967|106.0000|5.9391|4.3974|106.0000|6.2354|0.0000|0.0000|0.0000|2017-08-24T07:02:13.886|Freshwater Lake - North America_images_000002.tif|B2B7E8B9-AC97-4532-AD68-5BA931D87A03
537|1481|1715|35|48|1025|1818|789|1|1|0|0.7035|4.5000|0|0.0000|0.0000|0.0000|624.0000|41.0000|24.0000|33.1111|114.1838|100.7359|37.9748|22.4739|218.0894|16.6637|25.6777|13.7183|20.1279|16.6637|80.3283|67.7020|133.4455|22.2370|83270.0000|1.6627|2.8758|1.1865|45.9029|274.2340|0.5184|0.5907|0.8161|0.0000|676.0000|624.0000|218.0894|55.0000|-10.0000|138.6875|135.8173|126.7837|4.7394|35.0000|6.0044|5.0043|35.0000|6.2609|0.0000|0.0000|0.0000|2017-08-24T07:02:14.344|Freshwater Lake - North America_images_000002.tif|80CB9BBB-C196-4A7F-BD31-DBF6749755C3
538|1518|1715|43|36|368|1571|789|1|1|0|0.7035|4.5000|0|0.0000|0.0000|0.0000|645.0000|34.0000|26.0000|31.0278|101.8406|94.3965|33.5186|25.3133|226.8371|16.9946|20.7533|15.1253|18.6623|16.9946|71.6449|63.2422|78.6031|39.0218|50699.0000|1.2796|1.1516|1.1329|133.6517|274.2340|0.7095|0.6932|0.9310|0.0000|655.0000|645.0000|226.8371|15.0000|-90.0000|82.0729|81.8016|71.0465|4.7394|35.0000|6.0044|5.0043|35.0000|6.2609|0.0000|0.0000|0.0000|2017-08-24T07:02:14.344|Freshwater Lake - North America_images_000002.tif|C8AF84D3-5D8D-4299-B90F-3F7D8A075434
539|1563|1715|223|114|118|1201|791|1|1|0|0.7035|4.5000|0|0.0000|0.0000|0.0000|1612.0000|237.0000|28.0000|153.4167|552.2153|478.7515|238.8660|23.6246|647.1811|28.7057|163.5637|16.5323|104.7629|28.7057|388.4835|333.6359|139.7134|18.0474|225218.0000|15.0537|45.2704|1.1644|54.3845|274.5630|0.0000|0.3049|0.0712|0.0000|4000.5000|1612.0000|647.1811|-25.0000|65.0000|142.9522|143.6706|130.7339|4.0060|143.0000|5.9675|4.2701|143.0000|6.2350|0.0000|0.0000|0.0000|2017-08-24T07:02:14.662|Freshwater Lake - North America_images_000002.tif|98B729CC-E0D3-4B74-A619-514229F4E6B4
540|1788|1715|34|37|328|1197|791|1|1|0|0.7035|4.5000|0|0.0000|0.0000|0.0000|407.0000|28.0000|24.0000|25.7222|85.6985|77.2186|24.2024|22.8126|129.6639|12.8489|16.5323|13.7183|14.9298|12.8489|60.2889|51.1575|109.1499|33.5233|44424.0000|1.4360|2.0149|1.1785|132.8052|274.5630|0.7464|0.6046|0.9369|0.0000|425.5000|407.0000|129.6639|-65.0000|0.0000|116.0713|114.0270|96.8059|4.0060|143.0000|5.9675|4.2701|143.0000|6.2350|0.0000|0.0000|0.0000|2017-08-24T07:02:14.662|Freshwater Lake - North America_images_000002.tif|A94934CD-A883-4A23-9674-997EF0FF6372
541|1824|1715|108|206|169|1264|793|1|1|0|0.7035|4.5000|0|0.0000|0.0000|0.0000|910.0000|218.0000|15.0000|140.6111|486.6589|438.6679|231.5565|10.3040|339.1621|20.7806|150.1972|7.3868|95.7542|20.7806|342.3645|305.4371|141.8901|16.9650|129120.0000|20.7109|63.0492|1.1209|68.8554|275.1410|0.0000|0.3408|0.0431|0.0000|1860.0000|910.0000|339.1621|-65.0000|25.0000|142.1747|146.7319|132.2824|4.4991|70.0000|5.9187|4.7962|70.0000|6.2312|0.0000|0.0000|0.0000|2017-08-24T07:02:15.261|Freshwater Lake - North America_images_000002.tif|9C7A542B-030B-4EE6-86D7-C32F7550A188
542|1934|1715|55|56|143|1145|794|1|1|0|0.7035|4.5000|0|0.0000|0.0000|0.0000|1356.0000|55.0000|33.0000|44.9722|146.9533|138.2759|54.2735|32.2414|533.6121|26.0656|35.5267|20.0497|28.4722|26.0656|103.3816|94.1113|55.3621|37.1629|75071.0000|1.2673|1.0000|1.0985|188.9280|275.2500|0.5712|0.7707|0.8665|0.0000|1340.0000|1356.0000|533.6121|-45.0000|45.0000|61.2271|58.2471|47.5029|5.0725|73.0000|6.5966|4.3239|73.0000|5.8076|0.0000|0.0000|0.0000|2017-08-24T07:02:15.345|Freshwater Lake - North America_images_000002.tif|39843820-F3AC-4522-927C-7CCCC1406721
543|1991|1715|49|34|992|1355|796|1|2|0|0.7035|4.5000|0|0.0000|0.0000|0.0000|388.0000|42.0000|24.0000|33.5556|125.9411|102.3803|33.0870|21.8128|122.1416|12.4706|26.3813|13.7183|20.4406|12.4706|88.5996|68.8588|159.7964|19.8579|62001.0000|3.2531|8.0963|1.2867|49.2672|275.5940|0.3523|0.3449|0.6291|0.0000|615.5000|388.0000|122.1416|25.0000|-90.0000|163.7474|162.2887|153.3892|3.9933|67.0000|5.2658|4.4081|67.0000|5.7593|0.0000|0.0000|0.0000|2017-08-24T07:02:15.705|Freshwater Lake - North America_images_000002.tif|DDB735D3-B131-42E5-A380-17F47800196D
544|2|1923|30|35|617|1784|798|1|1|0|0.7035|4.5000|0|0.0000|0.0000|0.0000|300.0000|28.0000|15.0000|22.6389|76.2843|67.9672|27.5101|14.3023|87.9732|10.5835|16.5323|7.3868|12.7607|10.5835|53.6660|44.6492|115.4933|26.9708|34648.0000|1.5436|2.4395|1.2019|96.5000|277.6250|0.5818|0.6947|0.7946|0.0000|310.0000|300.0000|87.9732|-70.0000|25.0000|124.6167|124.6033|94.1367|0.0000|1.0000|0.0000|3.4190|1.0000|3.4190|0.0000|0.0000|0.0000|2017-08-24T07:02:17.749|Freshwater Lake - North America_images_000002.tif|64B77680-241C-4458-A778-4A7893E3AB2E
545|34|1923|69|78|354|1524|798|1|1|0|0.7035|4.5000|0|0.0000|0.0000|0.0000|2150.0000|74.0000|46.0000|61.8611|242.7523|191.2302|73.2111|41.0772|888.8973|33.6419|48.8933|29.1953|40.3535|33.6419|170.7762|131.3647|108.5344|30.8806|233349.0000|2.1811|4.6365|1.3000|77.8419|277.6250|0.3625|0.4899|0.7769|0.0000|2516.5000|2150.0000|888.8973|40.0000|-25.0000|115.1828|112.7209|97.7935|0.0000|1.0000|0.0000|3.4190|1.0000|3.4190|0.0000|0.0000|0.0000|2017-08-24T07:02:17.749|Freshwater Lake - North America_images_000002.tif|DD87255E-0846-4421-907D-052891147A4B
546|105|1923|38|38|297|1315|800|1|1|0|0.7035|4.5000|0|0.0000|0.0000|0.0000|634.0000|31.0000|27.0000|29.0556|91.5980|88.1358|29.4975|27.3765|222.2516|16.8220|18.6427|15.8287|17.2749|16.8220|64.4392|58.8378|88.8486|27.5183|56330.0000|1.0531|1.0000|1.0952|114.7125|278.5310|0.9318|0.9455|0.9968|0.0000|604.5000|634.0000|222.2516|45.0000|-45.0000|95.9479|95.7066|72.6782|4.5522|39.0000|5.8851|3.9838|39.0000|5.2458|0.0000|0.0000|0.0000|2017-08-24T07:02:18.633|Freshwater Lake - North America_images_000002.tif|287331C7-18A3-49D9-BBE2-F1FFBB09C22F
547|145|1923|30|53|818|1568|801|1|2|0|0.7035|4.5000|0|0.0000|0.0000|0.0000|462.0000|42.0000|19.0000|32.9167|125.8406|100.1908|39.4243|17.9004|151.6737|13.8967|26.3813|10.2007|19.9911|13.8967|88.5289|67.3185|151.3658|26.4843|69931.0000|2.7277|6.4133|1.3151|73.6726|278.8590|0.2619|0.3838|0.6276|0.0000|594.0000|462.0000|151.6737|-90.0000|0.0000|154.7251|156.1710|140.6515|4.3441|50.0000|5.7577|4.6993|50.0000|6.1192|0.0000|0.0000|0.0000|2017-08-24T07:02:18.961|Freshwater Lake - North America_images_000002.tif|63F11263-A0E3-4A1C-A6DB-6695395ADBC4
548|177|1923|40|34|962|1131|806|1|1|0|0.7035|4.5000|0|0.0000|0.0000|0.0000|483.0000|33.0000|23.0000|28.0000|95.3553|85.1071|32.5207|20.7206|160.1599|14.2801|20.0497|13.0147|16.5323|14.2801|67.0825|56.7071|104.1408|47.1380|50300.0000|1.4981|2.2648|1.1830|103.1765|279.9380|0.5422|0.4794|0.8272|0.0000|513.5000|483.0000|160.1599|40.0000|-75.0000|112.7308|108.8178|91.6749|3.8275|38.0000|5.0677|4.4426|38.0000|5.7170|0.0000|0.0000|0.0000|2017-08-24T07:02:20.044|Freshwater Lake - North America_images_000002.tif|37BE4161-4677-412E-B0E7-5212F5AB96CA
549|219|1923|40|37|794|1541|807|1|1|0|0.7035|4.5000|0|0.0000|0.0000|0.0000|518.0000|31.0000|21.0000|27.4444|88.9117|83.0852|31.2321|21.4559|174.3936|14.9012|18.6427|11.6077|16.1414|14.9012|62.5494|55.2847|106.1583|34.3333|54990.0000|1.2144|1.0000|1.1314|58.0946|280.2030|0.7014|0.7435|0.9187|0.0000|502.5000|518.0000|174.3936|10.0000|-50.0000|114.2510|110.3436|94.8822|4.3106|41.0000|5.5430|4.1453|41.0000|5.3738|0.0000|0.0000|0.0000|2017-08-24T07:02:20.317|Freshwater Lake - North America_images_000002.tif|A8679009-58DB-4E01-BC4F-CE9266B272F0
550|261|1923|47|46|327|1726|808|1|1|0|0.7035|4.5000|0|0.0000|0.0000|0.0000|697.0000|39.0000|32.0000|35.9167|132.0833|109.7499|35.0218|29.7744|248.6096|17.7916|24.2707|19.3463|22.1016|17.7916|92.9206|74.0433|101.5997|29.8723|70815.0000|1.9918|4.0080|1.2549|107.2458|280.3590|0.5329|0.3820|0.8400|0.0000|832.0000|697.0000|248.6096|55.0000|-55.0000|107.9340|105.8135|90.9024|4.9265|94.0000|6.5495|4.1653|94.0000|5.8569|0.0000|0.0000|0.0000|2017-08-24T07:02:20.478|Freshwater Lake - North America_images_000002.tif|BA919C50-A659-47CF-ACFE-A324F8537AB4
551|310|1923|52|98|958|1302|808|1|1|0|0.7035|4.5000|0|0.0000|0.0000|0.0000|2031.0000|89.0000|40.0000|67.9167|240.6102|209.8959|91.4038|32.8753|835.1402|32.6088|59.4458|24.9743|44.6136|32.6088|169.2693|144.4960|113.0670|39.9801|229639.0000|2.2683|4.9231|1.1714|116.2857|280.3590|0.0000|0.3321|0.5481|0.0000|2506.0000|2031.0000|835.1402|80.0000|-15.0000|123.8439|119.1590|97.0167|4.9265|94.0000|6.5495|4.1653|94.0000|5.8569|0.0000|0.0000|0.0000|2017-08-24T07:02:20.478|Freshwater Lake - North America_images_000002.tif|191395CC-D3F1-4EB6-99DD-EAA2328528FF
552|364|1923|46|60|967|1409|809|1|1|0|0.7035|4.5000|0|0.0000|0.0000|0.0000|1128.0000|52.0000|36.0000|44.9444|166.0833|138.2129|46.7445|34.2498|433.5546|23.4951|33.4162|22.1603|28.4526|23.4951|116.8396|94.0670|147.3254|29.8607|166183.0000|1.9460|3.8539|1.2421|84.2961|280.5310|0.4615|0.4380|0.8554|0.0000|1286.5000|1128.0000|433.5546|-75.0000|0.0000|150.4902|151.2287|138.4051|4.5902|55.0000|6.0730|4.9538|55.0000|6.4295|0.0000|0.0000|0.0000|2017-08-24T07:02:20.642|Freshwater Lake - North America_images_000002.tif|6BA9F0F9-4C76-47F9-95B6-87D6D093918B
553|412|1923|34|37|761|1440|810|1|1|0|0.7035|4.5000|0|0.0000|0.0000|0.0000|402.0000|30.0000|18.0000|25.3056|82.7696|76.3005|30.3929|17.4509|127.6800|12.7502|17.9393|9.4973|14.6367|12.7502|58.2284|50.5117|117.5572|44.0983|47258.0000|1.3561|1.6569|1.1528|89.9028|280.6250|0.5778|0.5460|0.8334|0.0000|408.5000|402.0000|127.6800|50.0000|-40.0000|126.7836|123.0373|103.2587|3.9097|33.0000|5.3176|3.6746|33.0000|4.8095|0.0000|0.0000|0.0000|2017-08-24T07:02:20.727|Freshwater Lake - North America_images_000002.tif|DCBD2F69-4233-46D4-8485-883DDBB3705B
554|448|1923|35|31|724|988|811|1|1|0|0.7035|4.5000|0|0.0000|0.0000|0.0000|343.0000|26.0000|18.0000|22.8333|75.6985|68.3031|24.8024|17.9072|104.5185|11.5359|15.1253|9.4973|12.8975|11.5359|53.2539|44.8855|147.8542|35.4147|50714.0000|1.3294|1.5177|1.1864|57.3881|281.2340|0.7387|0.6988|0.9333|0.0000|339.5000|343.0000|104.5185|-55.0000|50.0000|149.8921|149.7026|143.5015|4.3243|51.0000|5.7487|4.5744|51.0000|6.0043|0.0000|0.0000|0.0000|2017-08-24T07:02:21.337|Freshwater Lake - North America_images_000002.tif|375F9B2A-968A-46AA-A692-1C5EC330B632
555|485|1923|34|37|899|913|811|1|1|0|0.7035|4.5000|0|0.0000|0.0000|0.0000|329.0000|28.0000|22.0000|24.9167|88.7696|75.1225|24.7418|21.2793|99.0973|11.2327|16.5323|12.3113|14.3631|11.2327|62.4494|49.6829|153.9635|27.2561|50654.0000|1.9060|3.7190|1.2570|63.9487|281.2340|0.5711|0.2462|0.7867|0.0000|399.5000|329.0000|99.0973|75.0000|20.0000|158.0304|158.0912|144.2918|4.3243|51.0000|5.7487|4.5744|51.0000|6.0043|0.0000|0.0000|0.0000|2017-08-24T07:02:21.337|Freshwater Lake - North America_images_000002.tif|D37B3348-B040-40DA-A7EC-EBB3FBD86DEE
556|521|1923|68|40|856|1441|812|1|1|0|0.7035|4.5000|0|0.0000|0.0000|0.0000|285.0000|63.0000|7.0000|42.3611|142.1249|129.8592|71.0511|5.6741|82.2808|10.2354|41.1547|2.4623|26.6353|10.2354|99.9849|88.1902|163.1719|23.8477|46504.0000|5.6401|15.6550|1.1337|51.1653|282.3750|0.0000|0.6279|0.1429|0.0000|322.5000|285.0000|82.2808|15.0000|-65.0000|165.0526|166.7930|155.3474|3.6858|2.0000|3.9801|3.6240|2.0000|3.8439|0.0000|0.0000|0.0000|2017-08-24T07:02:22.476|Freshwater Lake - North America_images_000002.tif|4D708013-2A86-424B-AE8D-A707A9BA514B
557|591|1923|35|103|276|1258|813|1|4|0|0.7035|4.5000|0|0.0000|0.0000|0.0000|382.0000|92.0000|12.0000|61.4722|241.6396|190.1723|90.6497|10.6228|119.7757|12.3492|61.5562|5.2763|40.0799|14.1896|169.9935|130.6205|160.5707|15.3653|61338.0000|9.7207|28.5035|1.3014|26.9462|282.6090|0.0000|0.5683|0.1461|0.0000|770.0000|478.0000|158.1356|75.0000|-10.0000|159.7513|162.4948|157.1440|3.7257|35.0000|5.1854|4.2108|35.0000|5.5051|0.0000|0.0000|0.0000|2017-08-24T07:02:22.715|Freshwater Lake - North America_images_000002.tif|5764A128-6C57-4A40-A9AD-8EE1EDFB59EA
558|628|1923|32|33|213|1139|813|1|1|0|0.7035|4.5000|0|0.0000|0.0000|0.0000|324.0000|26.0000|20.0000|22.9167|78.5269|69.0386|25.7093|17.0462|97.1689|11.1229|15.1253|10.9043|12.9561|11.1229|55.2437|45.4029|136.9969|22.8136|44387.0000|1.5145|2.3286|1.2167|56.3478|282.6090|0.6599|0.6113|0.8671|0.0000|344.0000|324.0000|97.1689|25.0000|-65.0000|140.4475|140.0216|129.6728|3.7257|35.0000|5.1854|4.2108|35.0000|5.5051|0.0000|0.0000|0.0000|2017-08-24T07:02:22.715|Freshwater Lake - North America_images_000002.tif|2C3A1EB3-9598-4CDE-BC82-710511725688
559|662|1923|30|34|447|615|816|1|1|0|0.7035|4.5000|0|0.0000|0.0000|0.0000|287.0000|25.0000|16.0000|21.4167|69.9411|64.2476|25.8901|14.9068|83.0372|10.2823|14.4217|8.0903|11.9009|10.2823|49.2036|42.0324|95.2718|39.8087|27343.0000|1.3564|1.6580|1.1706|120.3333|284.8130|0.5810|0.4885|0.8189|0.0000|292.5000|287.0000|83.0372|-85.0000|30.0000|99.8746|99.1812|85.7909|3.9588|35.0000|4.7345|4.0831|35.0000|5.3348|0.0000|0.0000|0.0000|2017-08-24T07:02:24.936|Freshwater Lake - North America_images_000002.tif|1446B4C4-FDC5-49E5-BA7E-C24F678D8D68
560|694|1923|38|36|999|1408|817|1|1|0|0.7035|4.5000|0|0.0000|0.0000|0.0000|477.0000|31.0000|24.0000|27.3611|92.1838|82.9988|29.1714|22.2535|157.7310|14.1714|18.6427|13.7183|16.0828|14.1714|64.8513|55.2239|95.2138|35.2781|45417.0000|1.4177|1.9377|1.1743|103.2469|284.8910|0.6887|0.5989|0.9023|0.0000|497.5000|477.0000|157.7310|15.0000|-45.0000|100.4423|98.8553|86.0440|4.7119|47.0000|6.0271|4.9893|47.0000|6.3338|0.0000|0.0000|0.0000|2017-08-24T07:02:25.000|Freshwater Lake - North America_images_000002.tif|16752E79-B1D6-4504-BC02-C099CB56EDC4
561|734|1923|25|80|155|1164|821|1|1|0|0.7035|4.5000|0|0.0000|0.0000|0.0000|573.0000|71.0000|11.0000|48.2778|163.6985|148.5006|76.2502|10.1823|196.9644|15.8361|46.7828|4.5728|30.7977|15.8361|115.1619|101.3044|159.3508|22.6860|91308.0000|3.7216|9.5873|1.1368|39.5161|287.2190|0.0000|0.6629|0.2466|0.0000|591.0000|573.0000|196.9644|-85.0000|5.0000|158.7260|162.2914|153.7993|4.0786|64.0000|5.7334|4.3870|64.0000|5.9728|0.0000|0.0000|0.0000|2017-08-24T07:02:27.325|Freshwater Lake - North America_images_000002.tif|ED5954DC-4A09-4EA3-A00E-8F31D8BD773D
562|761|1923|37|38|699|1317|822|1|1|0|0.7035|4.5000|0|0.0000|0.0000|0.0000|599.0000|31.0000|25.0000|28.2778|89.0122|85.9263|30.2122|25.2659|207.7121|16.2625|18.6427|14.4217|16.7277|16.2625|62.6201|57.2834|118.5142|28.5425|70990.0000|1.0526|1.0000|1.0932|91.7403|287.4060|0.8692|0.9155|0.9834|0.0000|570.0000|599.0000|207.7121|-65.0000|45.0000|129.5576|126.9833|97.7346|4.4013|35.0000|5.7089|3.9894|35.0000|5.1287|0.0000|0.0000|0.0000|2017-08-24T07:02:27.513|Freshwater Lake - North America_images_000002.tif|AC756437-EEB9-466F-82F5-B0F5EA7E8771
563|800|1923|66|86|249|1524|823|1|1|0|0.7035|4.5000|0|0.0000|0.0000|0.0000|1899.0000|79.0000|39.0000|62.6944|230.5097|193.6603|75.6325|35.7471|775.6899|31.4267|52.4108|24.2707|40.9398|31.4267|162.1636|133.0743|114.7235|30.1823|217860.0000|2.2266|4.7862|1.2186|70.7843|287.5630|0.2380|0.4980|0.6910|0.0000|2227.0000|1899.0000|775.6899|-80.0000|30.0000|119.5140|118.2975|105.9157|3.5790|51.0000|4.4917|4.1634|51.0000|5.5893|0.0000|0.0000|0.0000|2017-08-24T07:02:27.685|Freshwater Lake - North America_images_000002.tif|756D14BC-095A-4AAC-B335-D0C61E305DA4
564|2|2|27|164|932|1124|824|1|1|0|0.7035|4.5000|0|0.0000|0.0000|0.0000|467.0000|154.0000|14.0000|100.0000|352.7107|311.0034|170.3861|10.8071|153.6903|13.9887|105.1732|6.6833|67.1843|13.9887|248.1320|215.6251|163.3105|17.6242|76266.0000|21.1988|64.5824|1.1508|32.6747|287.8910|0.0000|0.3368|0.0408|0.0000|1215.5000|467.0000|153.6903|-90.0000|-5.0000|165.0214|166.2120|156.9893|3.7113|100.0000|5.5169|4.1835|100.0000|5.9115|0.0000|0.0000|0.0000|2017-08-24T07:02:28.010|Freshwater Lake - North America_images_000003.tif|C03492F4-567D-4EC2-B842-0570A243B77B
565|31|2|76|94|156|1263|830|1|1|0|0.7035|4.5000|0|0.0000|0.0000|0.0000|3069.0000|84.0000|58.0000|72.0000|262.9361|222.9093|74.4818|57.5762|1308.0744|40.8104|55.9282|37.6373|47.4862|41.4082|184.9755|153.6509|120.9286|38.4284|371130.0000|1.7449|3.1658|1.2039|124.3705|290.3590|0.5746|0.7280|0.9060|0.0000|3402.0000|3153.0000|1346.6745|-90.0000|30.0000|125.5552|123.9410|113.2405|4.2738|58.0000|5.8634|4.0660|58.0000|5.1580|0.0000|0.0000|0.0000|2017-08-24T07:02:30.467|Freshwater Lake - North America_images_000003.tif|D11330F6-B904-414B-903A-B71B592A9355
566|109|2|31|36|832|1856|832|1|1|0|0.7035|4.5000|0|0.0000|0.0000|0.0000|342.0000|28.0000|20.0000|23.4167|78.2843|70.4559|23.1203|19.8166|104.1302|11.5145|16.5323|10.9043|13.3079|11.5145|55.0730|46.4000|118.4269|28.1243|40502.0000|1.4260|1.9730|1.1869|82.9000|291.2970|0.7600|0.6810|0.9392|0.0000|355.0000|342.0000|104.1302|-70.0000|-20.0000|126.5877|123.0058|106.3333|4.3415|37.0000|5.6751|4.6953|37.0000|6.0675|0.0000|0.0000|0.0000|2017-08-24T07:02:31.403|Freshwater Lake - North America_images_000003.tif|EFFD7410-57EE-463A-99FF-696A5A125201
567|142|2|48|51|405|1554|832|1|1|0|0.7035|4.5000|0|0.0000|0.0000|0.0000|688.0000|41.0000|34.0000|38.2500|160.3259|117.3153|35.3428|31.8746|244.8305|17.6558|25.6777|20.7533|23.7431|18.1049|112.7893|79.3656|153.1250|23.4874|105350.0000|2.8489|6.8030|1.4211|60.2552|291.2970|0.5233|0.4632|0.8072|0.0000|963.5000|718.0000|257.4445|-90.0000|60.0000|154.1395|156.7544|145.5959|4.3415|37.0000|5.6751|4.6953|37.0000|6.0675|0.0000|0.0000|0.0000|2017-08-24T07:02:31.403|Freshwater Lake - North America_images_000003.tif|5A43FE3E-18B9-4F76-BABD-7DC8225057FE
568|192|2|45|57|929|1406|833|1|1|0|0.7035|4.5000|0|0.0000|0.0000|0.0000|1028.0000|47.0000|34.0000|40.5833|142.5685|124.2485|43.3169|31.8850|390.0764|22.2859|29.8987|20.7533|25.3846|22.2859|100.2969|84.2431|98.0195|39.9292|100764.0000|1.5734|2.5510|1.1906|98.4444|291.4690|0.6409|0.6431|0.9049|0.0000|1113.0000|1028.0000|390.0764|-90.0000|-10.0000|102.7033|101.3366|89.6877|4.9657|55.0000|6.4353|5.2041|55.0000|6.6868|0.0000|0.0000|0.0000|2017-08-24T07:02:31.576|Freshwater Lake - North America_images_000003.tif|4EF3393C-C4CF-444E-82CE-81844B8A5C82
569|239|2|51|50|268|1485|837|1|1|0|0.7035|4.5000|0|0.0000|0.0000|0.0000|1134.0000|46.0000|35.0000|40.9722|139.7401|125.5559|43.4922|34.1193|436.1720|23.5659|29.1953|21.4567|25.6582|23.5659|98.3072|85.1628|89.8898|41.7624|101935.0000|1.3703|1.7254|1.1543|95.5323|292.3440|0.7269|0.6717|0.9450|0.0000|1171.0000|1134.0000|436.1720|30.0000|-35.0000|96.1887|95.1623|77.1490|4.3214|38.0000|5.6854|4.1181|38.0000|5.3678|0.0000|0.0000|0.0000|2017-08-24T07:02:32.456|Freshwater Lake - North America_images_000003.tif|33CE6369-C02F-46E2-8A94-58C72DD25551
570|292|2|35|38|652|1333|838|1|1|0|0.7035|4.5000|0|0.0000|0.0000|0.0000|560.0000|29.0000|25.0000|27.2500|85.5980|82.7539|28.3137|25.2078|191.6086|15.6193|17.2357|14.4217|16.0046|15.6193|60.2182|55.0516|114.9679|31.2139|64382.0000|1.0412|1.0000|1.0938|94.1216|292.5160|0.9028|0.8828|0.9923|0.0000|532.0000|560.0000|191.6086|50.0000|0.0000|124.8696|122.7750|95.9054|4.3710|33.0000|5.6416|4.0384|33.0000|5.0677|0.0000|0.0000|0.0000|2017-08-24T07:02:32.615|Freshwater Lake - North America_images_000003.tif|C926E864-79ED-4FA0-8975-7A803D71F317
571|329|2|27|110|509|1276|840|1|1|0|0.7035|4.5000|0|0.0000|0.0000|0.0000|768.0000|101.0000|13.0000|67.5000|218.1838|208.6919|115.6985|10.4205|278.5692|18.8331|67.8877|5.9798|44.3205|18.8331|153.4923|143.6490|151.1029|32.7529|116047.0000|4.9326|13.4216|1.0685|44.9082|294.8280|0.0000|0.3860|0.1449|0.0000|975.5000|768.0000|278.5692|-85.0000|5.0000|154.2474|156.7240|138.8607|3.8779|108.0000|5.7794|4.2097|108.0000|6.0823|0.0000|0.0000|0.0000|2017-08-24T07:02:34.928|Freshwater Lake - North America_images_000003.tif|F46A6309-CB8E-4AAE-AB5D-9C23E19D970E
572|358|2|36|34|362|1095|842|1|1|0|0.7035|4.5000|0|0.0000|0.0000|0.0000|423.0000|29.0000|21.0000|25.2222|80.7696|76.2959|27.1912|20.5789|136.0322|13.1606|17.2357|11.6077|14.5781|13.1606|56.8214|50.5084|115.3262|29.3339|48783.0000|1.2273|1.0000|1.1250|88.5857|295.6090|0.7428|0.6876|0.9263|0.0000|414.5000|423.0000|136.0322|-40.0000|45.0000|122.5816|119.9385|103.4823|3.8540|45.0000|5.3740|4.2279|45.0000|5.6525|0.0000|0.0000|0.0000|2017-08-24T07:02:35.705|Freshwater Lake - North America_images_000003.tif|EAC628B4-C839-43F8-A5EF-CEF1B801B018
573|396|2|36|30|1017|1125|844|1|1|0|0.7035|4.5000|0|0.0000|0.0000|0.0000|391.0000|27.0000|20.0000|23.7222|76.2843|71.3026|26.0933|19.2040|123.3263|12.5309|15.8287|10.9043|13.5228|12.5309|53.6660|46.9956|98.6189|37.4338|38560.0000|1.1844|1.0000|1.1419|105.9853|297.0780|0.7827|0.8134|0.9486|0.0000|379.0000|391.0000|123.3263|-35.0000|-90.0000|106.8772|102.9744|86.8645|3.5193|31.0000|4.0610|4.3086|31.0000|5.3524|0.0000|0.0000|0.0000|2017-08-24T07:02:37.194|Freshwater Lake - North America_images_000003.tif|C8F266AB-03C5-488F-9705-7C5215C5FAB0
574|434|2|52|40|621|1529|846|1|2|0|0.7035|4.5000|0|0.0000|0.0000|0.0000|449.0000|41.0000|23.0000|34.6667|147.7401|105.9514|44.2617|21.4454|146.4421|13.6549|25.6777|13.0147|21.2223|13.6549|103.9352|71.3711|142.0802|26.5483|63794.0000|3.8685|10.0537|1.4563|81.7197|298.1090|0.2085|0.3641|0.4727|0.0000|723.5000|449.0000|146.4421|0.0000|-55.0000|145.1938|148.2004|128.8352|4.2921|45.0000|5.6839|4.7212|45.0000|6.1125|0.0000|0.0000|0.0000|2017-08-24T07:02:38.236|Freshwater Lake - North America_images_000003.tif|296DF91C-8BBF-4DD7-A817-008B379006E2
575|488|2|45|50|675|754|848|1|1|0|0.7035|4.5000|0|0.0000|0.0000|0.0000|536.0000|41.0000|35.0000|38.8611|201.9239|118.8121|50.5713|41.7080|181.7543|15.2124|25.6777|21.4567|24.1730|15.2124|142.0535|80.4186|107.2071|27.7132|57463.0000|6.0534|16.9584|1.7664|149.5714|298.4690|0.6597|0.6764|0.3176|0.0000|1086.5000|536.0000|181.7543|55.0000|0.0000|116.5410|113.8265|90.7127|4.5685|35.0000|5.8600|3.5632|35.0000|4.5561|0.0000|0.0000|0.0000|2017-08-24T07:02:38.565|Freshwater Lake - North America_images_000003.tif|C20D3CCC-0CB3-4966-959F-D1CECB95B921
576|535|2|29|40|769|475|849|1|1|0|0.7035|4.5000|0|0.0000|0.0000|0.0000|324.0000|33.0000|16.0000|24.7778|80.1838|75.0221|31.8709|13.8975|97.1689|11.1229|20.0497|8.0903|14.2654|11.1229|56.4093|49.6123|147.0586|27.9386|47647.0000|1.5791|2.5722|1.1370|61.6522|298.7660|0.4485|0.5703|0.6825|0.0000|326.5000|324.0000|97.1689|65.0000|-35.0000|153.2222|150.0988|138.8333|2.7118|36.0000|3.4385|4.0502|36.0000|5.4402|0.0000|0.0000|0.0000|2017-08-24T07:02:38.872|Freshwater Lake - North America_images_000003.tif|B418B596-1731-40F4-B2D1-3D30DB7DACCA
577|566|2|68|59|370|1586|851|1|3|0|0.7035|4.5000|0|0.0000|0.0000|0.0000|813.0000|58.0000|45.0000|50.9444|298.1665|156.9077|57.3041|33.4261|297.6809|19.4684|37.6373|28.4917|32.6736|19.4684|209.7601|107.2188|153.1538|22.6052|124514.0000|8.7020|25.2985|1.9564|59.8593|299.5000|0.2108|0.1038|0.4704|0.0000|1768.0000|813.0000|297.6809|-25.0000|-80.0000|153.6630|156.4920|146.3444|4.1238|61.0000|5.5456|4.5083|61.0000|6.0423|0.0000|0.0000|0.0000|2017-08-24T07:02:39.599|Freshwater Lake - North America_images_000003.tif|6FC473EF-89C1-4525-A9DA-E94AF9F1FBDB
578|636|2|64|91|848|584|851|1|5|0|0.7035|4.5000|0|0.0000|0.0000|0.0000|1190.0000|80.0000|42.0000|61.9722|223.5807|191.7600|61.3590|33.9691|460.6444|24.2180|53.1142|26.3813|40.4317|24.2180|157.2890|131.7374|113.0471|39.7692|134526.0000|3.3428|8.3825|1.1940|74.2718|299.5000|0.0828|0.3815|0.6161|0.0000|2177.0000|1190.0000|460.6444|65.0000|-40.0000|119.0941|116.0168|104.8941|4.1238|61.0000|5.5456|4.5083|61.0000|6.0423|0.0000|0.0000|0.0000|2017-08-24T07:02:39.599|Freshwater Lake - North America_images_000003.tif|A1B2CD53-FFF1-497A-936F-701233B9E29F
579|702|2|106|50|750|481|851|1|3|0|0.7035|4.5000|0|0.0000|0.0000|0.0000|1004.0000|94.0000|40.0000|70.0000|294.5097|216.6550|95.7642|28.1297|379.6847|21.9870|62.9633|24.9743|46.0793|21.9870|207.1876|149.2510|133.4353|26.8277|133969.0000|6.8747|19.5464|1.3882|65.1642|299.5000|0.0000|0.0589|0.2566|0.0000|2395.5000|1004.0000|379.6847|0.0000|-90.0000|139.3715|136.7161|124.7440|4.1238|61.0000|5.5456|4.5083|61.0000|6.0423|0.0000|0.0000|0.0000|2017-08-24T07:02:39.599|Freshwater Lake - North America_images_000003.tif|89E08E06-9940-43AE-999E-AD73BA81A68C
580|810|2|46|54|372|481|851|1|2|0|0.7035|4.5000|0|0.0000|0.0000|0.0000|390.0000|44.0000|35.0000|38.3611|153.3553|117.2936|35.5788|29.6494|122.9313|12.5108|27.7883|21.4567|23.8213|12.5108|107.8855|79.3503|161.9744|22.7299|63170.0000|4.7987|12.9986|1.3596|69.4685|299.5000|0.2410|0.1925|0.4630|0.0000|879.5000|390.0000|122.9313|70.0000|5.0000|162.7744|165.3333|155.0923|4.1238|61.0000|5.5456|4.5083|61.0000|6.0423|0.0000|0.0000|0.0000|2017-08-24T07:02:39.599|Freshwater Lake - North America_images_000003.tif|99900DFD-FFE5-4EAA-AE9C-D69AAE2AF6EA
581|858|2|38|63|686|1375|852|1|1|0|0.7035|4.5000|0|0.0000|0.0000|0.0000|329.0000|58.0000|9.0000|39.1389|132.2254|119.9121|60.5473|7.7041|99.0973|11.2327|37.6373|3.1658|24.3685|11.2327|93.0206|81.1924|144.4316|28.3895|47518.0000|4.2289|11.1961|1.1457|79.8596|300.4380|0.0000|0.4488|0.2249|0.0000|359.5000|329.0000|99.0973|-75.0000|25.0000|148.7234|151.1094|129.6322|3.9590|58.0000|5.5543|4.2729|58.0000|5.7654|0.0000|0.0000|0.0000|2017-08-24T07:02:40.558|Freshwater Lake - North America_images_000003.tif|D9C25B37-B83E-4ECA-BA76-B9F7236A33E4
582|898|2|70|62|698|1596|853|1|1|0|0.7035|4.5000|0|0.0000|0.0000|0.0000|1722.0000|63.0000|40.0000|54.4167|196.8528|167.9402|62.6461|37.8466|696.3032|29.7752|41.1547|24.9743|35.1164|29.7752|138.4859|114.9802|104.0976|37.2881|179256.0000|1.7908|3.3251|1.2044|68.6047|300.9060|0.4748|0.5570|0.8186|0.0000|1947.5000|1722.0000|696.3032|10.0000|-55.0000|111.1835|107.9082|93.8839|2.7853|35.0000|3.4837|4.5372|35.0000|5.7969|0.0000|0.0000|0.0000|2017-08-24T07:02:41.002|Freshwater Lake - North America_images_000003.tif|955FB416-531A-4E89-A2ED-1961400FBF7C
583|970|2|59|82|193|639|853|1|1|0|0.7035|4.5000|0|0.0000|0.0000|0.0000|284.0000|86.0000|8.0000|56.1389|182.9361|173.3574|98.5965|5.3055|81.9029|10.2119|57.3353|2.8140|36.3280|10.2119|128.6955|118.7912|125.5211|11.8546|35648.0000|9.3771|27.4227|1.0834|132.0625|300.9060|0.0000|0.1508|0.0742|0.0000|401.5000|284.0000|81.9029|55.0000|-35.0000|128.4965|124.3521|126.6796|2.7853|35.0000|3.4837|4.5372|35.0000|5.7969|0.0000|0.0000|0.0000|2017-08-24T07:02:41.002|Freshwater Lake - North America_images_000003.tif|DBCFCFEA-157A-49CA-BC9B-2BA2B7298D59
584|1031|2|132|381|873|1194|856|1|1|0|0.7035|4.5000|0|0.0000|0.0000|0.0000|6225.0000|386.0000|33.0000|253.8056|902.6833|793.7629|441.1754|21.6714|2777.2521|59.4652|268.3852|20.0497|175.3865|59.8913|635.0377|555.2465|128.0641|34.0996|797199.0000|10.2762|30.2505|1.1437|99.1673|302.2500|0.0000|0.3458|0.0824|0.0000|8849.0000|6310.0000|2817.2005|70.0000|-15.0000|137.0916|133.1116|114.7287|4.4232|116.0000|6.3428|3.8780|116.0000|5.4811|0.0000|0.0000|0.0000|2017-08-24T07:02:42.348|Freshwater Lake - North America_images_000003.tif|93EBC8F7-81EF-4EEC-B9D9-19C8B89BE134
585|1165|2|58|83|852|1560|857|1|2|0|0.7035|4.5000|0|0.0000|0.0000|0.0000|1542.0000|73.0000|46.0000|57.6667|222.8528|178.5370|60.3135|42.6079|616.0166|28.0060|48.1898|29.1953|37.4028|28.0060|156.7769|122.4350|129.5921|28.7763|199831.0000|2.5630|5.8818|1.2805|60.0758|302.8440|0.2861|0.3781|0.7201|0.0000|2131.0000|1542.0000|616.0166|85.0000|-30.0000|134.5830|132.3398|122.3067|3.0538|45.0000|3.9368|4.4220|45.0000|5.7977|0.0000|0.0000|0.0000|2017-08-24T07:02:42.932|Freshwater Lake - North America_images_000003.tif|BA4B709A-2B55-472A-B1A5-F0F020C4FF49
586|1225|2|39|34|423|738|857|1|1|0|0.7035|4.5000|0|0.0000|0.0000|0.0000|431.0000|30.0000|22.0000|27.2222|99.3553|82.4185|28.2783|21.5022|139.2274|13.3143|17.9393|12.3113|15.9851|13.3143|69.8965|54.8157|142.7309|20.2414|61517.0000|1.8226|3.4348|1.2751|66.3596|302.8440|0.5525|0.3199|0.8697|0.0000|482.0000|431.0000|139.2274|30.0000|-75.0000|147.4733|146.3875|133.7425|3.0538|45.0000|3.9368|4.4220|45.0000|5.7977|0.0000|0.0000|0.0000|2017-08-24T07:02:42.932|Freshwater Lake - North America_images_000003.tif|E5496EA6-A7AB-42F9-8254-D4CEF4917701
587|1266|2|29|140|704|1459|859|1|1|0|0.7035|4.5000|0|0.0000|0.0000|0.0000|281.0000|131.0000|12.0000|84.6389|279.2965|262.7130|150.8266|8.7946|80.7704|10.1410|88.9928|5.2763|56.3777|10.1410|196.4851|181.6528|144.4306|3.6962|40585.0000|22.0910|67.3860|1.0817|24.6525|303.2340|0.0000|0.3382|0.0313|0.0000|783.5000|281.0000|80.7704|-85.0000|5.0000|150.3060|155.6940|120.0783|3.7825|74.0000|5.4949|4.3563|74.0000|5.9338|0.0000|0.0000|0.0000|2017-08-24T07:02:43.349|Freshwater Lake - North America_images_000003.tif|C885669A-1BAB-4199-BA1B-44F2E06652CD
588|1297|2|36|50|1025|1190|860|1|1|0|0.7035|4.5000|0|0.0000|0.0000|0.0000|668.0000|40.0000|26.0000|33.8611|120.0833|103.2401|39.3184|24.1902|236.4483|17.3509|24.9743|15.1253|20.6555|17.3509|84.4786|69.4637|117.0374|32.5904|78181.0000|1.7178|3.0711|1.2162|70.6132|305.2190|0.4356|0.2206|0.7982|0.0000|748.5000|668.0000|236.4483|-90.0000|0.0000|126.1377|122.3428|103.1781|3.5008|42.0000|4.1374|4.1385|42.0000|5.4456|0.0000|0.0000|0.0000|2017-08-24T07:02:45.348|Freshwater Lake - North America_images_000003.tif|5433D6D3-24F4-4F17-BC98-DC2B0922F21C
589|1335|2|32|29|736|1617|861|1|1|0|0.7035|4.5000|0|0.0000|0.0000|0.0000|276.0000|22.0000|18.0000|20.6944|69.4558|62.1113|20.4695|17.9993|78.8872|10.0221|12.3113|9.4973|11.3928|10.0221|48.8622|40.5295|118.5181|31.9438|32711.0000|1.3909|1.8203|1.2056|77.7097|305.3910|0.7789|0.5973|0.9460|0.0000|284.5000|276.0000|78.8872|0.0000|85.0000|126.1812|123.1232|106.5652|3.9088|44.0000|5.3486|3.8801|44.0000|4.8153|0.0000|0.0000|0.0000|2017-08-24T07:02:45.503|Freshwater Lake - North America_images_000003.tif|6965AA56-D704-428A-BA34-9C92B445ACDF
590|1369|2|73|68|962|1383|861|1|1|0|0.7035|4.5000|0|0.0000|0.0000|0.0000|596.0000|81.0000|27.0000|58.7222|212.8528|181.5712|78.4545|22.6012|206.4696|16.2137|53.8178|15.8287|38.1453|16.2137|149.7419|124.5696|161.7265|29.2849|96389.0000|6.0493|16.9453|1.2021|53.7394|305.3910|0.0000|0.3630|0.2277|0.0000|1458.5000|596.0000|206.4696|35.0000|-50.0000|166.7131|165.9597|151.4765|3.9088|44.0000|5.3486|3.8801|44.0000|4.8153|0.0000|0.0000|0.0000|2017-08-24T07:02:45.503|Freshwater Lake - North America_images_000003.tif|9E8525B9-4472-40D7-870C-70AF3672CA38
591|1444|2|45|47|452|731|861|1|2|0|0.7035|4.5000|0|0.0000|0.0000|0.0000|621.0000|44.0000|31.0000|36.7222|152.5685|112.3937|38.8461|29.5409|216.8420|16.6160|27.7883|18.6427|22.6683|16.6160|107.3319|75.9032|136.0419|34.2664|84482.0000|2.9828|7.2326|1.4141|116.0294|305.3910|0.3562|0.0777|0.6640|0.0000|886.0000|621.0000|216.8420|-55.0000|25.0000|142.6924|140.4219|124.8969|3.9088|44.0000|5.3486|3.8801|44.0000|4.8153|0.0000|0.0000|0.0000|2017-08-24T07:02:45.503|Freshwater Lake - North America_images_000003.tif|EEEF3022-6DD8-4C3A-B61B-58A1C8494F2F
592|1491|2|53|69|1006|1302|862|1|1|0|0.7035|4.5000|0|0.0000|0.0000|0.0000|1526.0000|63.0000|36.0000|52.0000|187.3970|160.2344|64.6296|32.2481|608.9043|27.8439|41.1547|22.1603|33.4162|27.8439|131.8338|109.5592|122.5229|31.9757|186970.0000|1.8313|3.4646|1.2033|81.5824|305.6560|0.3368|0.5474|0.7449|0.0000|1732.5000|1526.0000|608.9043|-70.0000|20.0000|127.7890|125.6468|114.3978|3.7573|1.0000|3.7573|3.7980|1.0000|3.7980|0.0000|0.0000|0.0000|2017-08-24T07:02:45.761|Freshwater Lake - North America_images_000003.tif|DF5E22DD-5D8A-4247-9002-CCF24D500C5B
593|1546|2|23|133|141|1174|863|1|1|0|0.7035|4.5000|0|0.0000|0.0000|0.0000|780.0000|123.0000|10.0000|80.3056|259.6985|249.3533|134.6722|7.9210|283.6568|19.0043|83.3648|3.8693|53.3292|19.0043|182.6979|172.2543|157.4949|24.5232|122846.0000|6.8807|19.5653|1.0606|39.5976|305.7030|0.0000|0.5424|0.1091|0.0000|826.0000|780.0000|283.6568|-90.0000|-5.0000|158.3833|161.4679|149.2885|3.8742|54.0000|5.3339|4.3555|54.0000|5.6626|0.0000|0.0000|0.0000|2017-08-24T07:02:45.804|Freshwater Lake - North America_images_000003.tif|19E62D46-4FC4-4D56-8862-5947AFC5E8CE
594|1571|2|33|113|237|1506|865|1|2|0|0.7035|4.5000|0|0.0000|0.0000|0.0000|722.0000|103.0000|22.0000|69.3611|223.2965|214.9398|113.6869|18.5240|259.1299|18.1641|69.2948|12.3113|45.6298|18.1641|157.0891|148.0444|156.5222|29.6156|113009.0000|5.4956|15.1992|1.0611|56.7931|306.0470|0.0000|0.4042|0.1386|0.0000|1303.0000|722.0000|259.1299|-85.0000|0.0000|157.6454|159.5886|150.0457|3.8992|66.0000|5.5529|4.2535|66.0000|5.7941|0.0000|0.0000|0.0000|2017-08-24T07:02:46.155|Freshwater Lake - North America_images_000003.tif|5D487699-7A45-413E-B50F-F22884ED66E3
595|1606|2|47|229|928|1334|868|1|1|0|0.7035|4.5000|0|0.0000|0.0000|0.0000|2587.0000|220.0000|20.0000|145.0556|473.6812|452.9066|247.3072|14.5458|1087.4323|37.2097|151.6043|10.9043|98.8809|37.2097|333.2347|315.4540|130.3390|21.3826|337187.0000|6.9019|19.6319|1.0564|59.9799|306.4220|0.0000|0.4875|0.1073|0.0000|2914.5000|2587.0000|1087.4323|80.0000|-5.0000|134.8319|134.0951|121.2555|4.5365|183.0000|6.6490|4.7307|183.0000|6.8450|0.0000|0.0000|0.0000|2017-08-24T07:02:46.546|Freshwater Lake - North America_images_000003.tif|1D9B5C09-E4D5-49B9-92D3-E265E82CF645
596|1655|2|34|28|139|1063|873|1|1|0|0.7035|4.5000|0|0.0000|0.0000|0.0000|301.0000|24.0000|18.0000|20.9444|68.2843|62.8994|22.2466|17.4355|88.3543|10.6064|13.7183|9.4973|11.5686|10.6064|48.0380|41.0840|114.4718|31.9445|34456.0000|1.2327|1.0000|1.1693|98.0333|307.5630|0.8038|0.7407|0.9594|0.0000|294.0000|301.0000|88.3543|0.0000|-90.0000|127.2757|128.0199|82.9867|4.1376|34.0000|5.4615|3.7813|34.0000|4.8530|0.0000|0.0000|0.0000|2017-08-24T07:02:47.677|Freshwater Lake - North America_images_000003.tif|3B75FA00-8613-4210-8C38-BB1A1C99A24D
597|1691|2|33|38|403|1014|873|1|1|0|0.7035|4.5000|0|0.0000|0.0000|0.0000|454.0000|30.0000|20.0000|25.3056|79.8406|76.5189|29.5612|19.5791|148.4522|13.7483|17.9393|10.9043|14.6367|13.7483|56.1679|50.6653|132.0044|22.0939|59930.0000|1.1173|1.0000|1.1086|62.2687|307.5630|0.7281|0.8925|0.9196|0.0000|431.5000|454.0000|148.4522|55.0000|-35.0000|136.9405|136.2115|121.8238|4.1376|34.0000|5.4615|3.7813|34.0000|4.8530|0.0000|0.0000|0.0000|2017-08-24T07:02:47.677|Freshwater Lake - North America_images_000003.tif|6D5E600D-9CC7-4F66-BA03-F9B7C2C27248
598|1726|2|24|84|712|1408|874|1|1|0|0.7035|4.5000|0|0.0000|0.0000|0.0000|308.0000|75.0000|8.0000|49.5000|159.1127|152.4228|84.9804|5.0979|91.0269|10.7656|49.5968|2.8140|31.6575|10.7656|111.9358|104.0637|163.4740|23.3058|50350.0000|6.5411|18.4953|1.0756|41.1800|307.8280|0.0000|0.4123|0.1082|0.0000|335.5000|308.0000|91.0269|80.0000|-10.0000|165.6006|167.4253|155.0584|3.9719|56.0000|5.4208|4.2150|56.0000|5.4790|0.0000|0.0000|0.0000|2017-08-24T07:02:47.961|Freshwater Lake - North America_images_000003.tif|A2FC4F27-50E6-443D-A38C-88CCBBF5C54C
599|1752|2|35|32|707|1328|875|1|1|0|0.7035|4.5000|0|0.0000|0.0000|0.0000|396.0000|27.0000|22.0000|24.6944|79.6985|74.6318|26.0139|20.4920|125.3034|12.6310|15.8287|12.3113|14.2068|12.6310|56.0679|49.3377|99.7727|37.2183|39510.0000|1.2764|1.1052|1.1364|152.5493|308.3280|0.7384|0.6586|0.9195|0.0000|397.0000|396.0000|125.3034|-60.0000|-90.0000|106.0354|102.8636|91.3384|4.5235|54.0000|5.8108|4.8084|54.0000|6.0747|0.0000|0.0000|0.0000|2017-08-24T07:02:48.435|Freshwater Lake - North America_images_000003.tif|AA96CD01-2D6D-4813-B3B3-EF118AAA1EF2
600|1789|2|36|33|1041|462|875|1|1|0|0.7035|4.5000|0|0.0000|0.0000|0.0000|461.0000|29.0000|23.0000|25.4722|79.9411|76.7125|27.5503|21.5777|151.2706|13.8782|17.2357|13.0147|14.7539|13.8782|56.2386|50.8015|126.3818|22.3972|58262.0000|1.1031|1.0000|1.1070|46.4143|308.3280|0.8020|0.7455|0.9586|0.0000|440.5000|461.0000|151.2706|20.0000|-90.0000|132.0781|128.7852|119.4772|4.5235|54.0000|5.8108|4.8084|54.0000|6.0747|0.0000|0.0000|0.0000|2017-08-24T07:02:48.435|Freshwater Lake - North America_images_000003.tif|8D620373-3B9D-4FAA-B613-85A4C308D075
601|1827|2|37|37|620|1566|878|1|1|0|0.7035|4.5000|0|0.0000|0.0000|0.0000|317.0000|33.0000|16.0000|26.3333|98.5269|79.3080|37.0479|14.3031|94.4762|10.9677|20.0497|8.0903|15.3597|10.9677|69.3137|52.6274|154.2744|21.5992|48905.0000|2.4369|5.4731|1.3171|44.3596|308.6880|0.2273|0.5838|0.5118|0.0000|398.5000|317.0000|94.4762|40.0000|-40.0000|159.0631|158.3975|144.3565|3.9926|31.0000|5.1532|4.3491|31.0000|5.6131|0.0000|0.0000|0.0000|2017-08-24T07:02:48.806|Freshwater Lake - North America_images_000003.tif|6A93A31B-11CC-4F66-91D1-6AA37AE11ED7
602|1866|2|26|49|209|1544|879|1|2|0|0.7035|4.5000|0|0.0000|0.0000|0.0000|312.0000|38.0000|16.0000|28.5278|94.5269|86.3710|36.7505|14.5540|92.5582|10.8558|23.5673|8.0903|16.9036|10.8558|66.4997|57.5962|153.0481|27.8650|47751.0000|2.2790|4.9580|1.1546|70.3412|308.8590|0.3151|0.4680|0.5085|0.0000|403.5000|312.0000|92.5582|-90.0000|0.0000|154.6699|157.2756|144.0962|3.9147|38.0000|5.2293|4.3019|38.0000|5.6770|0.0000|0.0000|0.0000|2017-08-24T07:02:48.972|Freshwater Lake - North America_images_000003.tif|603FEFBC-E3F5-4EF5-8795-5F60048B5D79
603|1894|2|35|34|283|553|880|1|1|0|0.7035|4.5000|0|0.0000|0.0000|0.0000|444.0000|27.0000|23.0000|25.4444|81.6985|77.2990|24.8999|23.7827|144.4345|13.5610|15.8287|13.0147|14.7344|13.5610|57.4749|51.2141|83.1937|54.1197|36938.0000|1.1963|1.0000|1.1222|140.4110|309.2190|0.7950|0.6876|0.9536|0.0000|433.0000|444.0000|144.4345|-55.0000|20.0000|83.9527|84.4572|80.4212|3.9589|35.0000|5.3982|3.7593|35.0000|4.8502|0.0000|0.0000|0.0000|2017-08-24T07:02:49.330|Freshwater Lake - North America_images_000003.tif|6492BA78-1C68-44D7-B530-007D6EC48C52
604|1931|2|114|86|810|1531|881|1|1|0|0.7035|4.5000|0|0.0000|0.0000|0.0000|4389.0000|104.0000|76.0000|91.5556|394.1076|284.4103|105.0225|63.1819|1918.5250|49.4241|69.9982|50.3002|61.2436|49.7704|277.2547|196.9169|139.4094|25.5031|611868.0000|2.7794|6.5798|1.4080|49.5225|309.5630|0.2888|0.3330|0.7539|0.0000|5620.5000|4447.0000|1945.5076|0.0000|-90.0000|144.2110|141.7387|133.0009|2.8627|33.0000|3.4922|4.3633|33.0000|5.5182|0.0000|0.0000|0.0000|2017-08-24T07:02:49.666|Freshwater Lake - North America_images_000003.tif|3A7612D7-23C0-452F-B033-AED01A77A26B
605|2|385|20|69|283|1349|882|1|1|0|0.7035|4.5000|0|0.0000|0.0000|0.0000|379.0000|60.0000|10.0000|40.3611|129.5563|123.7206|60.9619|9.8606|118.5945|12.2882|39.0442|3.8693|25.2283|13.6736|91.1429|83.8717|154.6174|23.4612|58600.0000|2.9682|7.1857|1.0867|34.4960|309.6880|0.0000|0.6388|0.3005|0.0000|450.5000|450.0000|146.8439|-80.0000|0.0000|155.5989|157.1240|149.3536|3.9194|68.0000|5.5828|4.2417|68.0000|5.8335|0.0000|0.0000|0.0000|2017-08-24T07:02:49.784|Freshwater Lake - North America_images_000003.tif|E2BC0189-0EA3-47B0-A127-5CBE159FEF00
606|24|385|33|46|934|499|882|1|1|0|0.7035|4.5000|0|0.0000|0.0000|0.0000|478.0000|36.0000|23.0000|30.3611|106.4264|92.6345|37.7959|18.9518|158.1356|14.1896|22.1603|13.0147|18.1933|14.1896|74.8710|62.0026|148.6632|20.2996|71061.0000|1.8856|3.6500|1.2075|39.0426|309.6880|0.3949|0.3813|0.6809|0.0000|542.0000|478.0000|158.1356|-90.0000|0.0000|153.9331|150.9895|142.1172|3.9194|68.0000|5.5828|4.2417|68.0000|5.8335|0.0000|0.0000|0.0000|2017-08-24T07:02:49.784|Freshwater Lake - North America_images_000003.tif|B5DC7799-FA88-49C7-A2C7-BF4CA9249107
607|59|385|31|42|429|644|886|1|1|0|0.7035|4.5000|0|0.0000|0.0000|0.0000|437.0000|32.0000|19.0000|27.1111|91.5980|82.0810|33.6610|17.8357|141.6284|13.4286|19.3463|10.2007|15.9069|13.4286|64.4392|54.5782|143.9451|21.2572|62904.0000|1.5278|2.3797|1.1807|45.5500|310.7340|0.5014|0.5092|0.7668|0.0000|466.5000|437.0000|141.6284|-90.0000|15.0000|147.2586|146.3524|138.0481|4.0882|32.0000|5.3865|4.4340|32.0000|5.7200|0.0000|0.0000|0.0000|2017-08-24T07:02:50.838|Freshwater Lake - North America_images_000003.tif|E178FC60-03D1-4547-9376-C922D0C215CD
608|92|385|34|38|146|1230|887|1|1|0|0.7035|4.5000|0|0.0000|0.0000|0.0000|518.0000|29.0000|23.0000|26.5278|84.1838|80.4874|28.6315|23.0659|174.3936|14.9012|17.2357|13.0147|15.4966|14.9012|59.2233|53.4571|95.5927|27.9258|49517.0000|1.0887|1.0000|1.1079|119.0685|310.8280|0.8385|0.9062|0.9758|0.0000|500.0000|518.0000|174.3936|-85.0000|5.0000|101.9633|101.3552|81.8822|4.4162|35.0000|5.6909|3.7514|35.0000|4.6630|0.0000|0.0000|0.0000|2017-08-24T07:02:50.956|Freshwater Lake - North America_images_000003.tif|F41DD840-FAAC-415D-B64C-50F29DF7A67C
609|128|385|59|45|463|1743|888|1|1|0|0.7035|4.5000|0|0.0000|0.0000|0.0000|1010.0000|49.0000|34.0000|40.9722|140.8112|125.4564|44.7351|30.6275|382.2810|22.0621|31.3057|20.7533|25.6582|22.0621|99.0607|85.0928|100.6010|40.0197|101607.0000|1.5622|2.5094|1.1641|82.2033|311.5630|0.6013|0.7105|0.8750|0.0000|1081.5000|1010.0000|382.2810|0.0000|75.0000|106.7515|104.6188|90.3218|4.2935|36.0000|5.5633|4.7160|36.0000|6.0114|0.0000|0.0000|0.0000|2017-08-24T07:02:51.663|Freshwater Lake - North America_images_000003.tif|E8A22875-0482-418B-A87B-394251768A63
610|189|385|41|68|671|1607|891|1|1|0|0.7035|4.5000|0|0.0000|0.0000|0.0000|742.0000|61.0000|25.0000|45.5278|167.3970|139.5978|65.1975|21.6862|267.5691|18.4575|39.7478|14.4217|28.8631|18.4575|117.7638|95.0413|156.0930|28.4813|115821.0000|3.0053|7.3044|1.2391|60.8400|312.1560|0.0346|0.0781|0.4002|0.0000|1092.5000|742.0000|267.5691|75.0000|-10.0000|157.3288|159.1671|149.6092|4.2050|43.0000|5.6560|4.5719|43.0000|6.0253|0.0000|0.0000|0.0000|2017-08-24T07:02:52.278|Freshwater Lake - North America_images_000003.tif|39C41537-BED5-4B36-A2D2-79A451C1F6B3
611|232|385|35|35|917|1526|894|1|1|0|0.7035|4.5000|0|0.0000|0.0000|0.0000|385.0000|28.0000|20.0000|24.7778|81.3553|74.8004|27.9654|18.4166|120.9581|12.4100|16.5323|10.9043|14.2654|12.4100|57.2335|49.4563|102.7714|31.6706|39567.0000|1.3680|1.7146|1.1573|124.8592|313.0630|0.6589|0.5473|0.8744|0.0000|402.5000|385.0000|120.9581|30.0000|-60.0000|109.5896|106.5117|92.8623|4.4385|36.0000|5.6631|4.8127|36.0000|6.0024|0.0000|0.0000|0.0000|2017-08-24T07:02:53.149|Freshwater Lake - North America_images_000003.tif|1289DAD3-2FE6-4AD0-B33A-A670D468FF58
612|269|385|42|56|547|1590|895|1|2|0|0.7035|4.5000|0|0.0000|0.0000|0.0000|687.0000|51.0000|29.0000|40.4167|148.2254|124.0800|45.9497|27.2065|244.4108|17.6407|32.7127|17.2357|25.2674|18.4721|104.2766|84.1245|144.6725|31.6107|99390.0000|2.3531|5.2003|1.2396|83.3308|313.7660|0.3032|0.2435|0.6635|0.0000|964.0000|743.0000|267.9916|55.0000|-15.0000|149.0699|149.2329|134.0713|3.9911|39.0000|5.4313|3.7062|39.0000|4.9653|0.0000|0.0000|0.0000|2017-08-24T07:02:53.870|Freshwater Lake - North America_images_000003.tif|4B92B9A0-43FD-48C5-9DF8-F8100BCF4588
613|313|385|41|45|667|1261|896|1|1|0|0.7035|4.5000|0|0.0000|0.0000|0.0000|761.0000|38.0000|31.0000|33.8889|118.0833|103.6194|32.8192|30.3497|275.6045|18.7326|23.5673|18.6427|20.6751|18.7326|83.0716|69.7305|107.2536|61.0762|81620.0000|1.4581|2.1058|1.1913|76.0673|314.7660|0.7397|0.6214|0.9698|0.0000|792.5000|761.0000|275.6045|-65.0000|0.0000|113.4862|113.2431|93.1156|4.7491|43.0000|6.1014|4.0682|43.0000|5.2753|0.0000|0.0000|0.0000|2017-08-24T07:02:54.856|Freshwater Lake - North America_images_000003.tif|6BD6AB5B-C5D7-4638-8C0C-F7C6E8C1C994
614|356|385|201|455|489|1043|897|1|1|0|0.7035|4.5000|0|0.0000|0.0000|0.0000|5762.0000|482.0000|33.0000|310.6667|1051.2590|973.0045|540.9131|18.9089|2559.9139|57.0910|335.9212|20.0497|215.3883|57.0910|739.5607|681.3429|127.9759|17.8374|737397.0000|15.2629|45.9280|1.0854|64.1715|315.4220|0.0000|0.1333|0.0501|0.0000|8416.5000|5762.0000|2559.9139|65.0000|-25.0000|131.7320|131.6689|119.3084|4.2724|379.0000|6.6633|4.5156|379.0000|6.8349|0.0000|0.0000|0.0000|2017-08-24T07:02:55.532|Freshwater Lake - North America_images_000003.tif|9A3C83EB-2054-41C6-996E-764ABD927EF7
615|559|385|53|56|816|669|898|1|2|0|0.7035|4.5000|0|0.0000|0.0000|0.0000|740.0000|56.0000|35.0000|45.5556|151.1543|139.8200|49.2804|34.6236|266.7243|18.4283|36.2302|21.4567|28.8826|18.4283|106.3371|95.1976|141.5743|25.8876|104765.0000|2.4570|5.5382|1.1170|50.2815|315.6410|0.1736|0.1620|0.5195|0.0000|1274.5000|740.0000|266.7243|45.0000|-40.0000|146.5068|144.6743|133.6243|4.2943|33.0000|5.5504|4.5190|33.0000|5.8164|0.0000|0.0000|0.0000|2017-08-24T07:02:55.751|Freshwater Lake - North America_images_000003.tif|851F0E82-D36E-4C32-AEB7-AD972C76B48F
616|614|385|31|36|654|1529|900|1|1|0|0.7035|4.5000|0|0.0000|0.0000|0.0000|279.0000|28.0000|15.0000|22.6111|75.9411|68.1289|28.8010|13.7970|80.0165|10.0936|16.5323|7.3868|12.7412|10.0936|53.4246|44.7629|126.7455|18.3632|35362.0000|1.6449|2.8120|1.1935|85.8485|315.8590|0.4739|0.6077|0.6966|0.0000|302.0000|279.0000|80.0165|55.0000|-40.0000|133.0143|135.6703|106.8746|4.4283|40.0000|5.7161|4.8381|40.0000|6.1143|0.0000|0.0000|0.0000|2017-08-24T07:02:55.976|Freshwater Lake - North America_images_000003.tif|92A74630-0779-46A9-974A-3593E0481C29
617|647|385|19|118|837|1184|902|1|1|0|0.7035|4.5000|0|0.0000|0.0000|0.0000|671.0000|108.0000|9.0000|70.9167|223.5563|219.8806|118.0829|7.6225|237.7042|17.3970|72.8123|3.1658|46.7241|17.3970|157.2719|151.5203|158.4784|33.2078|106339.0000|5.9271|16.5601|1.0380|70.0822|316.3750|0.0000|0.7127|0.1220|0.0000|660.0000|671.0000|237.7042|-90.0000|0.0000|164.8763|163.6498|145.9180|3.4975|33.0000|4.1339|4.0296|33.0000|5.3395|0.0000|0.0000|0.0000|2017-08-24T07:02:56.476|Freshwater Lake - North America_images_000003.tif|DB0A52AB-2698-43A6-95C8-280432DA5AE7
618|668|385|18|75|268|1419|903|1|1|0|0.7035|4.5000|0|0.0000|0.0000|0.0000|339.0000|65.0000|8.0000|43.5833|138.6274|133.7096|68.3358|6.6146|102.9664|11.4499|42.5618|2.8140|27.4951|11.4499|97.5244|90.8990|122.7906|17.1430|41626.0000|4.5112|12.0895|1.0729|94.6818|316.5780|0.0000|0.7282|0.1831|0.0000|350.0000|339.0000|102.9664|-90.0000|0.0000|130.8142|131.0295|103.5044|3.9961|55.0000|5.5246|4.2822|55.0000|5.6744|0.0000|0.0000|0.0000|2017-08-24T07:02:56.680|Freshwater Lake - North America_images_000003.tif|033D7116-908A-401C-8622-D739917EFB04
619|688|385|61|57|474|1530|906|1|1|0|0.7035|4.5000|0|0.0000|0.0000|0.0000|1667.0000|57.0000|46.0000|52.2222|194.9533|160.7245|49.8493|44.6527|671.7202|29.2448|36.9338|29.1953|33.5726|29.2448|137.1496|109.9039|87.5597|39.9104|145962.0000|1.8143|3.4063|1.2479|82.4509|317.7500|0.7015|0.6204|0.9478|0.0000|1911.5000|1667.0000|671.7202|55.0000|-85.0000|91.4943|91.1242|79.0804|4.9847|54.0000|6.4169|5.2698|54.0000|6.6725|0.0000|0.0000|0.0000|2017-08-24T07:02:57.862|Freshwater Lake - North America_images_000003.tif|BCC181D2-1864-41FD-9F2A-527347173D06
620|751|385|94|278|544|1474|908|1|1|0|0.7035|4.5000|0|0.0000|0.0000|0.0000|8528.0000|269.0000|67.0000|186.0278|642.1320|581.3227|224.3193|58.4973|3863.9479|70.1408|186.0757|43.9688|127.7048|70.1408|451.7399|405.7948|128.5076|35.9358|1095913.0000|3.8476|9.9875|1.1132|99.2069|318.1410|0.0000|0.3336|0.4041|0.0000|11261.0000|8528.0000|3863.9479|-85.0000|10.0000|133.4972|131.7493|120.2561|4.7265|59.0000|5.9911|5.1567|59.0000|6.4167|0.0000|0.0000|0.0000|2017-08-24T07:02:58.245|Freshwater Lake - North America_images_000003.tif|A9560322-7AD6-46D6-B113-D0123FF0B96E
621|847|385|51|32|858|1526|910|1|1|0|0.7035|4.5000|0|0.0000|0.0000|0.0000|583.0000|41.0000|22.0000|32.5833|110.7696|99.1293|40.0939|19.8570|201.0926|16.0012|25.6777|12.3113|19.7566|16.0012|77.9264|66.5717|122.6312|41.0961|71494.0000|1.6748|2.9189|1.1706|87.0700|318.4690|0.4654|0.5722|0.7416|0.0000|614.0000|583.0000|201.0926|0.0000|-90.0000|132.3894|131.0172|102.4237|4.4411|36.0000|5.7521|4.2370|36.0000|4.9933|0.0000|0.0000|0.0000|2017-08-24T07:02:58.573|Freshwater Lake - North America_images_000003.tif|28842958-2EFF-4FC0-A8D0-A2101FA2D91E
622|900|385|22|44|550|1402|911|1|1|0|0.7035|4.5000|0|0.0000|0.0000|0.0000|313.0000|35.0000|11.0000|25.4167|79.2132|76.5390|35.6616|11.3158|92.9414|10.8783|21.4567|4.5728|14.7149|10.8783|55.7265|50.6794|130.5112|15.0520|40850.0000|1.5953|2.6318|1.0996|51.9726|318.7340|0.3535|0.8149|0.5694|0.0000|296.5000|313.0000|92.9414|85.0000|-5.0000|134.2045|134.6230|121.0256|3.5525|4.0000|3.6324|4.1754|4.0000|4.5423|0.0000|0.0000|0.0000|2017-08-24T07:02:58.854|Freshwater Lake - North America_images_000003.tif|B2A07031-A962-49E4-AF01-8B457EC8E476
623|924|385|71|59|285|1472|913|1|1|0|0.7035|4.5000|0|0.0000|0.0000|0.0000|2247.0000|61.0000|49.0000|55.6667|183.1960|171.9077|61.0170|47.6092|932.8204|34.4631|39.7478|31.3057|35.9958|34.7134|128.8784|117.7713|75.5291|42.4786|169714.0000|1.1729|1.0000|1.0943|136.7125|319.1720|0.7742|0.9193|0.9680|0.0000|2265.5000|2277.0000|946.4228|0.0000|-90.0000|78.6262|79.1909|67.1535|5.1768|56.0000|6.5929|5.3851|56.0000|6.8150|0.0000|0.0000|0.0000|2017-08-24T07:02:59.268|Freshwater Lake - North America_images_000003.tif|8B875F1D-FDC2-4DD1-9E1B-A11BDE78150D
624|997|385|40|45|845|1511|916|1|1|0|0.7035|4.5000|0|0.0000|0.0000|0.0000|568.0000|36.0000|28.0000|32.0833|122.4264|97.3488|35.5951|24.6138|194.9030|15.7530|22.1603|16.5323|19.4049|16.1649|86.1270|65.3191|149.8116|29.4716|85093.0000|2.0113|4.0733|1.3186|77.0818|320.5780|0.4424|0.1738|0.8063|0.0000|692.5000|593.0000|205.2277|-85.0000|-35.0000|153.5827|153.4454|141.3063|4.3621|42.0000|5.6345|4.7500|42.0000|6.0180|0.0000|0.0000|0.0000|2017-08-24T07:03:00.680|Freshwater Lake - North America_images_000003.tif|44A2839D-22EA-4B14-92BD-E61EB456F2BA
625|1039|385|31|108|337|1468|917|1|3|0|0.7035|4.5000|0|0.0000|0.0000|0.0000|310.0000|98.0000|8.0000|63.8333|194.0833|197.5106|117.1596|5.6531|91.7922|10.8108|65.7772|2.8140|41.7410|10.8108|136.5376|135.7830|150.9387|17.9105|46791.0000|9.6695|28.3424|1.0056|35.2333|321.8910|0.0000|0.2388|0.0574|0.0000|443.5000|310.0000|91.7922|75.0000|-10.0000|156.0258|158.4032|134.2581|3.6638|33.0000|4.9890|4.1559|33.0000|5.4004|0.0000|0.0000|0.0000|2017-08-24T07:03:01.979|Freshwater Lake - North America_images_000003.tif|5D437864-1C29-4462-A97A-09BB41C80411
626|1072|385|44|55|876|1484|918|1|1|0|0.7035|4.5000|0|0.0000|0.0000|0.0000|855.0000|46.0000|34.0000|40.6389|189.3970|124.5791|41.3670|32.3388|315.5965|20.0457|29.1953|20.7533|25.4237|20.0457|133.2408|84.4756|147.3661|23.9724|125998.0000|3.3386|8.3692|1.5773|71.0000|322.3590|0.4063|0.2800|0.7897|0.0000|1150.5000|855.0000|315.5965|65.0000|0.0000|151.5216|152.2819|136.1462|4.7358|39.0000|5.9995|5.0858|39.0000|6.3375|0.0000|0.0000|0.0000|2017-08-24T07:03:02.488|Freshwater Lake - North America_images_000003.tif|35461F65-C798-4529-8642-7A23443C039A
627|1118|385|28|33|598|1578|920|1|1|0|0.7035|4.5000|0|0.0000|0.0000|0.0000|280.0000|24.0000|16.0000|20.7222|64.5269|61.6513|23.8758|15.2931|80.3933|10.1173|13.7183|8.0903|11.4123|10.1173|45.3947|40.2059|149.8321|26.3007|41953.0000|1.1834|1.0000|1.1291|59.0364|322.9220|0.7074|0.6702|0.8869|0.0000|267.0000|280.0000|80.3933|55.0000|-35.0000|152.4429|153.6571|141.3679|4.1964|37.0000|5.3164|4.5697|37.0000|5.8071|0.0000|0.0000|0.0000|2017-08-24T07:03:03.020|Freshwater Lake - North America_images_000003.tif|72E697F2-93D9-4547-933D-9F8EBDCEC72C
628|1148|385|34|29|870|1513|921|1|1|0|0.7035|4.5000|0|0.0000|0.0000|0.0000|334.0000|24.0000|19.0000|21.6667|69.1127|65.1462|23.4975|18.2018|101.0298|11.3417|13.7183|10.2007|12.0768|11.3417|48.6208|42.6646|118.5898|43.7247|39609.0000|1.1380|1.0000|1.1396|84.3000|323.1560|0.8220|0.8678|0.9627|0.0000|321.0000|334.0000|101.0298|0.0000|-90.0000|126.2156|124.4281|104.1677|4.2170|34.0000|5.3964|4.1657|34.0000|5.4270|0.0000|0.0000|0.0000|2017-08-24T07:03:03.277|Freshwater Lake - North America_images_000003.tif|63C76DCF-3592-4EFF-B81C-C6A0FC62BA11
629|1184|385|87|34|464|1520|922|1|1|0|0.7035|4.5000|0|0.0000|0.0000|0.0000|484.0000|78.0000|23.0000|54.0278|190.8528|166.5647|81.7992|19.8792|160.5651|14.2982|51.7073|13.0147|34.8428|14.2982|134.2649|114.0125|154.9731|28.5003|75007.0000|5.9888|16.7548|1.1776|63.1988|323.6560|0.0000|0.3198|0.1739|0.0000|1200.5000|484.0000|160.5651|-5.0000|85.0000|157.5372|160.2727|143.5826|4.5209|33.0000|5.8039|4.6679|33.0000|5.9427|0.0000|0.0000|0.0000|2017-08-24T07:03:03.756|Freshwater Lake - North America_images_000003.tif|3A87BCDD-A06E-4B4D-80FE-7AB567DCEA5F
630|1273|385|36|130|228|1385|923|1|1|0|0.7035|4.5000|0|0.0000|0.0000|0.0000|646.0000|122.0000|22.0000|81.1111|297.2965|251.9723|126.5270|18.9644|227.2543|17.0103|82.6612|12.3113|53.8959|17.0103|209.1481|174.0968|148.8313|23.0915|96145.0000|10.8877|32.1737|1.2013|52.8448|323.7660|0.0000|0.3506|0.1005|0.0000|1573.0000|646.0000|227.2543|-85.0000|5.0000|152.6440|157.0975|131.1718|4.0569|116.0000|5.8078|4.2646|116.0000|6.1242|0.0000|0.0000|0.0000|2017-08-24T07:03:03.864|Freshwater Lake - North America_images_000003.tif|3F116D32-CE56-4BB5-A4C4-2DEFD6505CDD
631|1311|385|42|55|145|1070|924|1|2|0|0.7035|4.5000|0|0.0000|0.0000|0.0000|453.0000|50.0000|19.0000|36.6389|125.5980|112.0803|42.5299|17.0206|148.0500|13.7296|32.0093|10.2007|22.6097|13.7296|88.3582|75.6827|154.5673|16.0681|70019.0000|2.7711|6.5532|1.1675|42.0965|324.9220|0.1809|0.5098|0.5497|0.0000|646.0000|453.0000|148.0500|60.0000|-30.0000|156.8565|157.4724|148.0000|3.7624|38.0000|4.9738|4.1879|38.0000|5.5934|0.0000|0.0000|0.0000|2017-08-24T07:03:05.017|Freshwater Lake - North America_images_000003.tif|BE88AB00-0145-47AA-A40B-68BA8FC5050C
632|1355|385|32|30|925|1615|925|1|1|0|0.7035|4.5000|0|0.0000|0.0000|0.0000|289.0000|24.0000|16.0000|20.6389|65.9411|61.9554|23.3678|16.0134|83.7944|10.3291|13.7183|8.0903|11.3537|10.3291|46.3896|40.4199|143.2976|39.7051|41413.0000|1.1973|1.0000|1.1477|104.5357|325.8130|0.7385|0.7307|0.9171|0.0000|278.0000|289.0000|83.7944|-50.0000|45.0000|145.1592|147.8097|133.6851|4.4454|43.0000|5.5661|4.8407|43.0000|6.0290|0.0000|0.0000|0.0000|2017-08-24T07:03:05.928|Freshwater Lake - North America_images_000003.tif|7B36DD84-B245-4E57-8EBC-94DCCFBB96DD
633|1389|385|41|91|655|1532|926|1|1|0|0.7035|4.5000|0|0.0000|0.0000|0.0000|937.0000|83.0000|15.0000|57.0000|192.7107|176.0674|86.3576|14.3015|350.7710|21.1333|55.2248|7.3868|36.9338|21.1333|135.5720|120.6977|137.7503|30.1024|129072.0000|3.1540|7.7801|1.1232|87.9360|325.9530|0.0000|0.6803|0.3114|0.0000|986.5000|937.0000|350.7710|70.0000|-15.0000|144.5197|142.6030|125.6105|3.6049|1.0000|3.6049|0.0000|1.0000|0.0000|0.0000|0.0000|0.0000|2017-08-24T07:03:06.077|Freshwater Lake - North America_images_000003.tif|6AF740C5-2450-48A2-88B1-18E710BE4872
634|1432|385|33|42|169|1437|927|1|1|0|0.7035|4.5000|0|0.0000|0.0000|0.0000|507.0000|33.0000|22.0000|28.0556|92.1838|85.2244|32.4568|20.5983|169.9086|14.7083|20.0497|12.3113|16.5714|14.7083|64.8513|56.7896|121.0454|29.7017|61370.0000|1.3338|1.5416|1.1420|96.7037|326.6880|0.6418|0.6645|0.8737|0.0000|519.0000|507.0000|169.9086|-85.0000|5.0000|124.8343|129.2899|103.4181|4.7255|39.0000|6.0195|4.9854|39.0000|6.2141|0.0000|0.0000|0.0000|2017-08-24T07:03:06.779|Freshwater Lake - North America_images_000003.tif|137D4040-F37F-4FA8-864A-1AAA0A1A65D3
635|1467|385|20|62|820|1222|933|1|1|0|0.7035|4.5000|0|0.0000|0.0000|0.0000|289.0000|52.0000|10.0000|36.4444|123.2132|111.4249|59.2707|7.3234|83.7944|10.3291|33.4162|3.8693|22.4729|10.3291|86.6805|75.2217|163.0173|26.8885|47112.0000|4.1803|11.0422|1.1523|48.3333|327.6410|0.0000|0.3744|0.2063|0.0000|382.5000|289.0000|83.7944|-90.0000|0.0000|165.6540|166.2491|155.6471|3.7203|1.0000|3.7203|3.5583|1.0000|3.5583|0.0000|0.0000|0.0000|2017-08-24T07:03:07.756|Freshwater Lake - North America_images_000003.tif|707B97F9-D038-4E91-9914-4344DA218879
636|1489|385|48|50|141|1231|936|1|1|0|0.7035|4.5000|0|0.0000|0.0000|0.0000|971.0000|45.0000|34.0000|39.8056|148.8112|122.2107|41.8436|32.1884|365.4253|21.5702|28.4917|20.7533|24.8375|21.5702|104.6887|82.8095|100.4912|38.1075|97577.0000|1.8149|3.4081|1.2642|135.5573|328.3590|0.5901|0.4594|0.8872|0.0000|1088.5000|971.0000|365.4253|30.0000|-15.0000|104.1555|104.2080|91.8157|4.3442|54.0000|5.8641|4.7847|54.0000|6.3172|0.0000|0.0000|0.0000|2017-08-24T07:03:08.487|Freshwater Lake - North America_images_000003.tif|D3E17A03-4808-47B1-AA23-D2071366A1B0
637|1539|385|31|31|842|1807|938|1|1|0|0.7035|4.5000|0|0.0000|0.0000|0.0000|339.0000|22.0000|20.0000|21.4444|66.5269|64.0904|21.6399|19.9876|102.9664|11.4499|12.3113|10.9043|11.9204|11.4499|46.8017|41.9218|143.0413|31.5231|48491.0000|1.0389|1.0000|1.1164|51.0877|329.5780|0.9154|0.8900|0.9948|0.0000|319.0000|339.0000|102.9664|10.0000|70.0000|148.0236|145.5929|136.1534|4.8499|39.0000|6.0878|4.1518|39.0000|5.2572|0.0000|0.0000|0.0000|2017-08-24T07:03:09.691|Freshwater Lake - North America_images_000003.tif|CD3E7DD9-5CF2-4931-A0A0-4FDA6D21CA25
638|1572|385|41|34|973|1520|938|1|1|0|0.7035|4.5000|0|0.0000|0.0000|0.0000|610.0000|32.0000|24.0000|29.0556|91.9411|88.2467|31.5580|24.7346|212.2731|16.4400|19.3463|13.7183|17.2749|16.4400|64.6806|58.9158|96.7721|27.3375|59031.0000|1.1028|1.0000|1.0978|128.3049|329.5780|0.8072|0.8806|0.9662|0.0000|584.5000|610.0000|212.2731|5.0000|-90.0000|108.6475|106.2689|73.5984|4.8499|39.0000|6.0878|4.1518|39.0000|5.2572|0.0000|0.0000|0.0000|2017-08-24T07:03:09.691|Freshwater Lake - North America_images_000003.tif|ABC49304-A260-4D8A-8936-EC3BBD33CDB6
639|1615|385|48|27|652|1337|939|1|1|0|0.7035|4.5000|0|0.0000|0.0000|0.0000|285.0000|41.0000|11.0000|28.2500|93.1127|85.7368|41.3906|9.7457|82.2808|10.2354|25.6777|4.5728|16.7081|10.2354|65.5048|57.1501|143.8070|37.3536|40985.0000|2.4208|5.4208|1.1462|76.7262|329.7030|0.1779|0.4476|0.4014|0.0000|307.0000|285.0000|82.2808|-30.0000|75.0000|146.4667|148.3368|133.9614|4.3446|44.0000|5.7889|4.4951|44.0000|5.9777|0.0000|0.0000|0.0000|2017-08-24T07:03:09.806|Freshwater Lake - North America_images_000003.tif|873FF7A4-DFFF-4A47-AB9F-27955EAAE18D
640|1665|385|55|57|459|1613|940|1|1|0|0.7035|4.5000|0|0.0000|0.0000|0.0000|857.0000|49.0000|43.0000|46.3333|154.8112|142.5798|48.4518|41.7016|316.4514|20.0728|31.3057|27.0847|29.4297|28.3478|108.9097|97.1391|132.7223|20.1337|113743.0000|1.2101|1.0000|1.1212|77.7956|330.2340|0.8078|0.7608|0.9821|0.0000|1581.5000|1576.0000|631.1440|25.0000|-35.0000|137.6429|137.6091|121.2625|4.2782|45.0000|5.7341|4.4919|45.0000|5.9742|0.0000|0.0000|0.0000|2017-08-24T07:03:10.332|Freshwater Lake - North America_images_000003.tif|934AFD9D-132B-49D9-B4EC-7F0DFC8C872F
641|1722|385|67|71|430|536|941|1|1|0|0.7035|4.5000|0|0.0000|0.0000|0.0000|1751.0000|69.0000|48.0000|58.1944|206.1249|179.8164|63.5088|39.9734|709.2821|30.0514|45.3758|30.6023|37.7740|30.0514|145.0089|123.3351|147.6682|21.6353|258567.0000|1.9309|3.8032|1.1757|42.4919|330.4840|0.4405|0.6214|0.7918|0.0000|2008.5000|1751.0000|709.2821|-65.0000|35.0000|150.7367|149.4432|143.0343|3.1901|35.0000|3.8250|4.3370|35.0000|5.3247|0.0000|0.0000|0.0000|2017-08-24T07:03:10.606|Freshwater Lake - North America_images_000003.tif|CD39EFE3-E7EC-4019-9B73-BF5657D893CC
642|1791|385|20|81|708|1611|942|1|1|0|0.7035|4.5000|0|0.0000|0.0000|0.0000|412.0000|71.0000|8.0000|47.5000|150.6274|146.1473|78.0723|6.9390|131.6508|12.9469|46.7828|2.8140|30.2505|12.9469|105.9664|99.6489|150.5728|30.7622|62036.0000|4.3823|11.6818|1.0634|82.1875|330.6410|0.0000|0.8126|0.1708|0.0000|401.5000|412.0000|131.6508|-90.0000|-5.0000|159.2427|160.0874|128.5971|3.9774|61.0000|5.6206|4.3446|61.0000|5.9484|0.0000|0.0000|0.0000|2017-08-24T07:03:10.733|Freshwater Lake - North America_images_000003.tif|76B2B8B2-7DE4-42F0-94F9-320F65B7840A
643|1813|385|35|29|323|1146|942|1|1|0|0.7035|4.5000|0|0.0000|0.0000|0.0000|289.0000|27.0000|15.0000|21.6667|70.5269|64.8894|26.0028|14.6292|83.7944|10.3291|15.8287|7.3868|12.0768|10.3291|49.6157|42.4839|147.0657|21.5265|42502.0000|1.3696|1.7221|1.1679|52.3279|330.6410|0.6250|0.7193|0.8267|0.0000|285.0000|289.0000|83.7944|-30.0000|60.0000|150.6747|149.7197|140.4879|3.9774|61.0000|5.6206|4.3446|61.0000|5.9484|0.0000|0.0000|0.0000|2017-08-24T07:03:10.733|Freshwater Lake - North America_images_000003.tif|8EAC16AE-687E-484B-A899-16996E1018BB
644|1850|385|52|33|841|1585|944|1|1|0|0.7035|4.5000|0|0.0000|0.0000|0.0000|639.0000|43.0000|23.0000|33.5833|112.6690|102.7554|42.1423|20.9078|224.3350|16.9007|27.0847|13.0147|20.4601|16.9007|79.2626|69.1227|140.0814|34.0577|89512.0000|1.5809|2.5787|1.1467|58.0202|331.4220|0.4335|0.4179|0.7353|0.0000|684.0000|639.0000|224.3350|-5.0000|-90.0000|142.8748|143.8967|131.5274|4.8012|43.0000|5.9789|5.1480|43.0000|6.3513|0.0000|0.0000|0.0000|2017-08-24T07:03:11.531|Freshwater Lake - North America_images_000003.tif|6B0C124E-1134-43AE-A9CA-DE6AACC07288
645|1904|385|22|225|578|1437|945|1|1|0|0.7035|4.5000|0|0.0000|0.0000|0.0000|1520.0000|215.0000|12.0000|138.6389|443.9411|432.3070|233.4240|8.9286|606.2383|27.7828|148.0867|5.2763|94.3667|27.7828|312.3126|300.9622|147.2303|17.9109|223790.0000|10.3180|30.3822|1.0377|38.8825|331.9220|0.0000|0.5853|0.0709|0.0000|1630.0000|1520.0000|606.2383|-90.0000|0.0000|151.3467|150.8158|138.6500|3.9395|153.0000|5.7954|4.3213|153.0000|6.1871|0.0000|0.0000|0.0000|2017-08-24T07:03:12.045|Freshwater Lake - North America_images_000003.tif|78EDC83D-F1F8-4F79-8A34-908C8D831789
646|1928|385|62|68|490|1514|946|1|1|0|0.7035|4.5000|0|0.0000|0.0000|0.0000|1872.0000|62.0000|41.0000|54.0000|190.7107|166.2916|60.4719|40.4823|763.5546|31.1799|40.4513|25.6777|34.8233|31.1799|134.1650|113.8204|69.7703|43.0412|130610.0000|1.5461|2.4488|1.1787|99.5588|333.0000|0.5808|0.6712|0.9002|0.0000|1981.0000|1872.0000|763.5546|40.0000|-45.0000|73.1132|72.4850|63.1453|3.5236|41.0000|4.2384|4.4181|41.0000|5.7749|0.0000|0.0000|0.0000|2017-08-24T07:03:13.112|Freshwater Lake - North America_images_000003.tif|D623E105-CECD-4B54-8858-BFD71815B731
647|1992|385|35|28|617|1086|946|1|1|0|0.7035|4.5000|0|0.0000|0.0000|0.0000|355.0000|26.0000|17.0000|22.6944|70.2843|67.7637|26.3709|17.2276|109.1896|11.7909|15.1253|8.7937|12.7998|11.7909|49.4450|44.5060|135.4676|40.3596|48091.0000|1.1073|1.0000|1.1110|87.6452|333.0000|0.7218|0.9175|0.9111|0.0000|335.0000|355.0000|109.1896|10.0000|-80.0000|141.5746|139.8394|124.5521|3.5236|41.0000|4.2384|4.4181|41.0000|5.7749|0.0000|0.0000|0.0000|2017-08-24T07:03:13.112|Freshwater Lake - North America_images_000003.tif|92CB7277-20A7-4C87-B70F-EFC5E7450989
648|2|842|23|100|251|1420|948|1|1|0|0.7035|4.5000|0|0.0000|0.0000|0.0000|720.0000|90.0000|11.0000|59.9722|192.6274|185.6022|97.8911|9.7782|258.2871|18.1345|60.1493|4.5728|39.0247|18.1345|135.5134|127.4054|160.5236|21.1358|115577.0000|4.1010|10.7911|1.0636|29.3172|334.2660|0.0000|0.7270|0.1894|0.0000|732.0000|720.0000|258.2871|-90.0000|-5.0000|160.5625|163.1236|155.4333|3.4161|3.0000|3.5483|3.7035|3.0000|4.0690|0.0000|0.0000|0.0000|2017-08-24T07:03:14.372|Freshwater Lake - North America_images_000003.tif|51866316-6854-4A6C-A6E1-65CDE4AA68C7
649|27|842|27|37|184|1346|950|1|1|0|0.7035|4.5000|0|0.0000|0.0000|0.0000|342.0000|28.0000|17.0000|23.1389|73.4558|69.7823|25.9957|17.3282|104.1302|11.5145|16.5323|8.7937|13.1125|11.5145|51.6762|45.9261|109.8596|41.8741|37572.0000|1.2555|1.0000|1.1252|109.8788|334.5310|0.7013|0.7804|0.8923|0.0000|328.5000|342.0000|104.1302|70.0000|0.0000|116.1199|114.7690|97.7953|3.2127|51.0000|4.0363|4.3070|51.0000|5.6144|0.0000|0.0000|0.0000|2017-08-24T07:03:14.629|Freshwater Lake - North America_images_000003.tif|2D6BD144-E4B1-4EC8-B867-D2B9BF02083F
650|56|842|65|65|823|1556|953|1|1|0|0.7035|4.5000|0|0.0000|0.0000|0.0000|1584.0000|66.0000|44.0000|55.2222|228.8528|170.3080|61.4485|39.2254|634.7061|28.4277|43.2653|27.7883|35.6831|28.4277|160.9979|116.6459|121.4400|30.3298|192361.0000|2.6312|6.1022|1.3802|83.1961|335.7810|0.2968|0.2964|0.7590|0.0000|2055.5000|1584.0000|634.7061|50.0000|-65.0000|128.2146|125.3630|111.1610|3.0048|49.0000|3.9054|4.0159|49.0000|5.4302|0.0000|0.0000|0.0000|2017-08-24T07:03:15.894|Freshwater Lake - North America_images_000003.tif|145BC386-A840-449F-95EF-7E1E42C18F4A
651|123|842|33|33|185|1508|954|1|1|0|0.7035|4.5000|0|0.0000|0.0000|0.0000|387.0000|26.0000|23.0000|24.1944|79.7990|72.7675|23.3657|21.8152|121.7470|12.4504|15.1253|13.0147|13.8550|12.4504|56.1386|48.0262|131.9121|16.2045|51050.0000|1.3094|1.3986|1.1689|63.6892|335.9220|0.8157|0.6148|0.9644|0.0000|388.5000|387.0000|121.7470|65.0000|0.0000|135.4134|136.8579|120.8941|4.1307|41.0000|5.3386|4.5168|41.0000|5.8152|0.0000|0.0000|0.0000|2017-08-24T07:03:16.009|Freshwater Lake - North America_images_000003.tif|2BB946C6-89F6-4AC8-8943-D1FD039ED8D0
652|158|842|32|30|408|1225|955|1|1|0|0.7035|4.5000|0|0.0000|0.0000|0.0000|311.0000|22.0000|19.0000|20.7222|65.9411|62.1428|20.8100|19.1894|92.1751|10.8333|12.3113|10.2007|11.4123|10.8333|46.3896|40.5517|82.7363|39.5911|25731.0000|1.1126|1.0000|1.1440|165.6964|336.0000|0.9013|0.8439|0.9884|0.0000|297.5000|311.0000|92.1751|0.0000|-60.0000|84.9293|86.2186|74.9550|4.4238|37.0000|5.7460|3.6413|37.0000|4.8054|0.0000|0.0000|0.0000|2017-08-24T07:03:16.125|Freshwater Lake - North America_images_000003.tif|BBE523AD-4EAC-4203-AF13-4FAC4ED6CDBC
653|192|842|45|56|895|1576|956|1|1|0|0.7035|4.5000|0|0.0000|0.0000|0.0000|338.0000|57.0000|9.0000|38.4722|129.8822|117.4083|62.5816|8.2563|102.5788|11.4284|36.9338|3.1658|23.8994|11.4284|91.3721|79.4310|156.8817|32.9211|53026.0000|3.9717|10.3810|1.1503|84.7909|336.0630|0.0000|0.2353|0.2160|0.0000|410.0000|338.0000|102.5788|55.0000|-35.0000|160.0237|161.0414|147.4911|3.9614|51.0000|5.4797|4.4406|51.0000|5.9949|0.0000|0.0000|0.0000|2017-08-24T07:03:16.169|Freshwater Lake - North America_images_000003.tif|5C8A3D3C-BA24-4232-B690-97FBDB434C23
654|239|842|40|39|725|1572|957|1|1|0|0.7035|4.5000|0|0.0000|0.0000|0.0000|568.0000|35.0000|27.0000|31.1944|109.5980|95.1794|30.6267|26.2539|194.9030|15.7530|21.4567|15.8287|18.7795|15.7530|77.1022|63.7930|150.8926|24.7981|85707.0000|1.6829|2.9476|1.2086|60.3163|336.1720|0.6412|0.4957|0.8889|0.0000|629.5000|568.0000|194.9030|25.0000|-75.0000|153.0687|154.6567|142.6866|4.3122|37.0000|5.6185|4.6472|37.0000|5.9469|0.0000|0.0000|0.0000|2017-08-24T07:03:16.268|Freshwater Lake - North America_images_000003.tif|A6664F3F-7216-442E-B59E-4A8DC05A0F0C
655|281|842|45|57|543|1318|958|1|1|0|0.7035|4.5000|0|0.0000|0.0000|0.0000|1169.0000|49.0000|31.0000|41.3333|133.6396|126.9101|49.5874|30.3228|451.4581|23.9753|31.3057|18.6427|25.9122|23.9753|94.0155|86.1155|129.6459|24.2266|151556.0000|1.2158|1.0000|1.0917|59.6261|336.5470|0.6040|0.7857|0.8811|0.0000|1159.5000|1169.0000|451.4581|-70.0000|15.0000|142.7519|138.1044|108.0479|4.5085|47.0000|5.9081|3.9346|47.0000|5.3395|0.0000|0.0000|0.0000|2017-08-24T07:03:16.636|Freshwater Lake - North America_images_000003.tif|5B1F43FC-D650-4902-8A80-817314871625
656|328|842|63|132|844|1474|961|1|1|0|0.7035|4.5000|0|0.0000|0.0000|0.0000|1212.0000|132.0000|17.0000|87.1667|292.6934|270.7172|142.9725|12.8030|470.2795|24.4700|89.6963|8.7937|58.1560|24.4700|205.9098|187.2838|137.8102|18.5637|167026.0000|5.6249|15.6070|1.0995|65.4353|337.2340|0.0000|0.3360|0.1498|0.0000|1470.5000|1212.0000|470.2795|-70.0000|20.0000|144.6518|143.7054|123.6163|4.2554|103.0000|6.1251|4.5006|103.0000|6.3339|0.0000|0.0000|0.0000|2017-08-24T07:03:17.325|Freshwater Lake - North America_images_000003.tif|606C351B-C965-4170-BA50-D826815569DF
657|393|842|28|33|1035|1181|962|1|1|0|0.7035|4.5000|0|0.0000|0.0000|0.0000|283.0000|23.0000|18.0000|20.9167|67.4558|62.7172|22.7806|16.2653|81.5252|10.1883|13.0147|9.4973|11.5491|10.1883|47.4552|40.9558|142.4629|18.7125|40317.0000|1.2795|1.1505|1.1587|51.5833|337.5160|0.7556|0.7287|0.9198|0.0000|279.5000|283.0000|81.5252|-90.0000|0.0000|151.5972|147.3569|129.4099|4.1486|72.0000|5.8308|4.3872|72.0000|6.0212|0.0000|0.0000|0.0000|2017-08-24T07:03:17.610|Freshwater Lake - North America_images_000003.tif|C7775D41-83B4-4016-9AD9-EBCFE4BEA726
658|423|842|21|60|1043|1058|962|1|1|0|0.7035|4.5000|0|0.0000|0.0000|0.0000|365.0000|50.0000|10.0000|34.5556|110.6274|105.4768|52.9735|9.1370|113.0985|12.0001|32.0093|3.8693|21.1441|12.0001|77.8264|71.0372|124.5753|26.7421|45470.0000|2.6682|6.2218|1.0956|92.9135|337.5160|0.0651|0.6471|0.3217|0.0000|367.5000|365.0000|113.0985|-90.0000|5.0000|131.9151|129.9233|111.3589|4.1486|72.0000|5.8308|4.3872|72.0000|6.0212|0.0000|0.0000|0.0000|2017-08-24T07:03:17.610|Freshwater Lake - North America_images_000003.tif|CD25E0C9-4E7F-4101-A351-99201E3F2AEE
659|446|842|20|111|261|1585|964|1|1|0|0.7035|4.5000|0|0.0000|0.0000|0.0000|827.0000|101.0000|10.0000|67.5556|212.6274|209.0651|114.6776|9.6507|303.6447|19.6625|67.8877|3.8693|44.3596|19.6625|149.5834|143.9115|150.1330|33.1907|124160.0000|4.3503|11.5806|1.0394|68.1117|338.1250|0.0000|0.7509|0.1590|0.0000|832.5000|827.0000|303.6447|-90.0000|0.0000|153.1862|153.9214|141.5671|3.8846|72.0000|5.6124|4.2666|72.0000|5.7819|0.0000|0.0000|0.0000|2017-08-24T07:03:18.230|Freshwater Lake - North America_images_000003.tif|8D836CB3-7DAC-4B8B-9944-4346794C02E3
660|468|842|45|107|129|1102|965|1|1|0|0.7035|4.5000|0|0.0000|0.0000|0.0000|867.0000|98.0000|33.0000|69.8333|245.6812|216.7351|113.9378|26.7103|320.7283|20.2080|65.7772|20.0497|45.9620|20.2080|172.8367|149.3074|159.5732|29.3360|138350.0000|5.5401|15.3394|1.1576|49.3045|338.6720|0.0000|0.2261|0.1612|0.0000|1829.0000|867.0000|320.7283|80.0000|-10.0000|159.9204|162.4833|153.7128|3.6865|51.0000|5.1432|4.1185|51.0000|5.5756|0.0000|0.0000|0.0000|2017-08-24T07:03:18.780|Freshwater Lake - North America_images_000003.tif|82FCB645-371F-42DE-801C-3C69740F27F5
661|515|842|33|38|140|1194|966|1|1|0|0.7035|4.5000|0|0.0000|0.0000|0.0000|439.0000|29.0000|21.0000|26.3056|85.3553|79.3939|28.7909|20.3777|142.4296|13.4665|17.2357|11.6077|15.3402|13.4665|60.0475|52.6879|109.6697|23.7595|48145.0000|1.3206|1.4675|1.1397|78.4933|338.8750|0.7004|0.6825|0.8985|0.0000|448.0000|439.0000|142.4296|-75.0000|10.0000|112.3622|113.6264|100.8884|3.1995|3.0000|3.2448|3.7899|3.0000|4.2425|0.0000|0.0000|0.0000|2017-08-24T07:03:18.973|Freshwater Lake - North America_images_000003.tif|22F283E1-BA61-4689-A440-CC83F030C541
662|550|842|34|35|731|748|967|1|1|0|0.7035|4.5000|0|0.0000|0.0000|0.0000|435.0000|26.0000|22.0000|24.6944|79.9411|74.6541|24.8417|22.5669|140.8277|13.3906|15.1253|12.3113|14.2068|13.3906|56.2386|49.3534|127.5103|35.3651|55467.0000|1.1691|1.0000|1.1395|77.7714|339.0000|0.8704|0.8356|0.9834|0.0000|425.0000|435.0000|140.8277|-65.0000|40.0000|133.0483|130.4943|119.5149|2.9117|32.0000|3.8590|4.2613|32.0000|5.3755|0.0000|0.0000|0.0000|2017-08-24T07:03:19.090|Freshwater Lake - North America_images_000003.tif|906EAE3B-D65F-4B48-BC32-728FD21BFF0E
663|586|842|32|31|1033|1465|968|1|1|0|0.7035|4.5000|0|0.0000|0.0000|0.0000|303.0000|23.0000|18.0000|21.5556|73.9411|65.0615|21.6577|18.7892|89.1170|10.6521|13.0147|9.4973|11.9986|10.6521|52.0176|42.6050|125.0792|27.9765|37899.0000|1.4359|2.0146|1.2209|73.1250|339.9220|0.7657|0.5774|0.9386|0.0000|314.5000|303.0000|89.1170|40.0000|-70.0000|134.1518|129.4158|113.1551|3.4639|34.0000|4.4409|3.9769|34.0000|5.3697|0.0000|0.0000|0.0000|2017-08-24T07:03:20.030|Freshwater Lake - North America_images_000003.tif|F30623DE-BE26-4E95-8878-09BBEA2B9E55
664|620|842|51|112|135|1205|970|1|1|0|0.7035|4.5000|0|0.0000|0.0000|0.0000|1096.0000|108.0000|15.0000|72.5278|244.7523|224.8201|119.5417|12.7181|419.6115|23.1142|72.8123|7.3868|47.8576|23.1142|172.1832|154.9952|130.2874|24.3726|142795.0000|4.3494|11.5778|1.1109|84.3456|340.5780|0.0000|0.6028|0.1931|0.0000|1228.0000|1096.0000|419.6115|65.0000|-20.0000|134.5484|135.8540|117.7345|4.0749|114.0000|5.9677|4.3677|114.0000|6.1349|0.0000|0.0000|0.0000|2017-08-24T07:03:20.697|Freshwater Lake - North America_images_000003.tif|D4E3E967-BEF4-48FD-ADDC-7C7C6B12CE3B
665|673|842|29|34|717|1789|972|1|1|0|0.7035|4.5000|0|0.0000|0.0000|0.0000|292.0000|27.0000|17.0000|22.1389|74.2843|66.4719|26.1652|15.4496|84.9317|10.3990|15.8287|8.7937|12.4090|10.3990|52.2590|43.5972|126.7329|21.1460|37006.0000|1.5038|2.2872|1.1987|82.1818|340.8440|0.5792|0.4764|0.8053|0.0000|300.5000|292.0000|84.9317|50.0000|-20.0000|133.5856|131.1815|115.3801|4.1119|1000.0000|6.9409|4.2297|1000.0000|6.9544|0.0000|0.0000|0.0000|2017-08-24T07:03:20.971|Freshwater Lake - North America_images_000003.tif|DD93E6AF-974C-4387-8B36-804160430ECF
666|704|842|35|80|642|1571|975|1|1|0|0.7035|4.5000|0|0.0000|0.0000|0.0000|548.0000|72.0000|16.0000|49.7500|168.6690|153.2269|82.0736|11.3804|186.6759|15.4170|47.4862|8.0903|31.8334|15.4170|118.6586|104.6294|157.6934|29.3653|86416.0000|4.1312|10.8868|1.1341|52.5226|343.3280|0.0000|0.4873|0.2033|0.0000|766.0000|548.0000|186.6759|-75.0000|10.0000|160.6168|161.3467|149.4434|4.2636|67.0000|5.7601|4.3379|67.0000|5.9203|0.0000|0.0000|0.0000|2017-08-24T07:03:23.443|Freshwater Lake - North America_images_000003.tif|BFE1254A-0DF7-411F-A64A-CACFB741B5B6
667|741|842|39|40|298|1304|976|1|1|0|0.7035|4.5000|0|0.0000|0.0000|0.0000|681.0000|32.0000|29.0000|30.0000|95.2548|91.2518|30.3779|28.5472|241.8942|17.5496|19.3463|17.2357|17.9393|17.5496|67.0118|61.0299|100.3363|29.1035|68329.0000|1.0603|1.0000|1.0980|107.0976|344.4530|0.9395|0.9330|0.9979|0.0000|655.0000|681.0000|241.8942|55.0000|0.0000|107.8135|107.2511|83.9706|4.3867|37.0000|5.6963|3.9182|37.0000|4.9337|0.0000|0.0000|0.0000|2017-08-24T07:03:24.547|Freshwater Lake - North America_images_000003.tif|EE4E21F3-223D-4E40-ACAF-596FAD16BC2D
668|782|842|32|34|875|425|976|1|1|0|0.7035|4.5000|0|0.0000|0.0000|0.0000|395.0000|28.0000|21.0000|24.3056|78.2843|73.3520|25.7019|20.1327|124.9077|12.6110|16.5323|11.6077|13.9332|12.6110|55.0730|48.4374|121.1418|48.6366|47851.0000|1.2346|1.0000|1.1370|104.8000|344.4530|0.7496|0.7024|0.9437|0.0000|382.5000|395.0000|124.9077|-60.0000|5.0000|129.0658|125.3367|109.8506|4.3867|37.0000|5.6963|3.9182|37.0000|4.9337|0.0000|0.0000|0.0000|2017-08-24T07:03:24.547|Freshwater Lake - North America_images_000003.tif|299A5F75-59FB-4628-B3CD-5157872A3FFD
669|816|842|20|95|990|1508|978|1|1|0|0.7035|4.5000|0|0.0000|0.0000|0.0000|596.0000|85.0000|10.0000|56.1389|181.2132|173.1283|89.2283|8.7727|206.4696|16.2137|56.6318|3.8693|36.3280|16.2137|127.4835|118.6300|149.3641|21.0938|89021.0000|4.3845|11.6889|1.0746|48.0971|346.6720|0.0000|0.7193|0.1888|0.0000|579.0000|596.0000|206.4696|-90.0000|0.0000|154.6158|152.6812|140.8977|3.8334|53.0000|5.4164|4.1189|53.0000|5.4719|0.0000|0.0000|0.0000|2017-08-24T07:03:26.788|Freshwater Lake - North America_images_000003.tif|1CA4222A-2436-4AA1-9048-580B1D827F5B
670|838|842|67|69|956|1393|980|1|1|0|0.7035|4.5000|0|0.0000|0.0000|0.0000|1563.0000|61.0000|55.0000|58.0000|192.8528|178.9898|59.2368|53.6777|625.3578|28.2176|39.7478|35.5267|37.6373|36.4535|135.6719|122.7536|89.4485|38.9532|139808.0000|1.1881|1.0000|1.1052|123.4286|347.6090|0.8907|0.9074|0.9926|0.0000|2509.0000|2491.0000|1043.6812|65.0000|-55.0000|95.8132|94.2732|77.5560|4.9309|69.0000|6.5750|5.1632|69.0000|6.7945|0.0000|0.0000|0.0000|2017-08-24T07:03:27.712|Freshwater Lake - North America_images_000003.tif|6C5318A0-1546-4724-93E0-93611FE3E75B
671|907|842|29|67|476|1188|984|1|1|0|0.7035|4.5000|0|0.0000|0.0000|0.0000|469.0000|59.0000|12.0000|39.9167|130.4264|122.1176|62.8835|9.8838|154.4977|14.0254|38.3407|5.2763|24.9156|14.0254|91.7550|82.7440|149.4435|36.7253|70089.0000|2.8863|6.9233|1.1089|41.3305|348.1410|0.0000|0.7825|0.2947|0.0000|466.0000|469.0000|154.4977|-75.0000|10.0000|151.6311|153.7420|140.2409|4.0154|64.0000|5.6663|4.2455|64.0000|5.7690|0.0000|0.0000|0.0000|2017-08-24T07:03:28.233|Freshwater Lake - North America_images_000003.tif|78AF4D2D-EA38-41F7-BB6F-52F75916EBCA
672|938|842|29|89|292|1377|988|1|1|0|0.7035|4.5000|0|0.0000|0.0000|0.0000|313.0000|81.0000|8.0000|53.2222|177.0122|163.8924|87.5124|6.0230|92.9414|10.8783|53.8178|2.8140|34.2761|10.8783|124.5281|112.1326|137.6645|23.8368|43089.0000|7.9662|22.9831|1.1105|78.8545|349.7810|0.0000|0.1584|0.1036|0.0000|416.0000|313.0000|92.9414|85.0000|-10.0000|140.0000|144.1853|123.9169|3.4074|2.0000|3.4592|4.0425|2.0000|4.2464|0.0000|0.0000|0.0000|2017-08-24T07:03:29.876|Freshwater Lake - North America_images_000003.tif|EF54B1C6-1E4B-4B0C-9DD2-3E15069D423B
673|969|842|84|63|780|1510|989|1|1|0|0.7035|4.5000|0|0.0000|0.0000|0.0000|2626.0000|76.0000|49.0000|63.2778|216.9949|195.6581|74.4689|46.1401|1105.2261|37.5129|50.3002|31.3057|41.3502|37.5129|152.6559|134.4797|85.2418|47.8048|223845.0000|1.4269|1.9769|1.1352|130.8830|351.4380|0.5335|0.6598|0.8713|0.0000|2746.5000|2626.0000|1105.2261|-15.0000|60.0000|89.6497|88.4417|77.2357|5.1805|86.0000|6.7668|5.3754|86.0000|6.9780|0.0000|0.0000|0.0000|2017-08-24T07:03:31.563|Freshwater Lake - North America_images_000003.tif|10124CC6-1FA3-4C3E-B837-19970FF7C98C
674|1055|842|39|26|419|1277|990|1|1|0|0.7035|4.5000|0|0.0000|0.0000|0.0000|306.0000|29.0000|16.0000|23.4167|81.1127|70.6091|27.7863|15.0728|90.2624|10.7203|17.2357|8.0903|13.3079|10.7203|57.0628|46.5078|124.0817|37.7920|37969.0000|1.7110|3.0470|1.2270|98.7500|351.5780|0.5608|0.6276|0.7798|0.0000|326.5000|306.0000|90.2624|0.0000|-90.0000|130.0817|128.5229|113.1242|3.0997|44.0000|4.2877|4.0937|44.0000|5.4267|0.0000|0.0000|0.0000|2017-08-24T07:03:31.689|Freshwater Lake - North America_images_000003.tif|C19C19E5-DA8A-4E02-8274-AE13690CEFC4
675|1096|842|36|39|1019|1265|993|1|1|0|0.7035|4.5000|0|0.0000|0.0000|0.0000|543.0000|33.0000|25.0000|28.5833|93.9411|86.7731|30.3132|23.3361|184.6239|15.3320|20.0497|14.4217|16.9426|15.3320|66.0876|57.8791|149.5285|23.7910|81194.0000|1.2933|1.2846|1.1418|43.7500|352.1090|0.7519|0.7678|0.9448|0.0000|546.5000|543.0000|184.6239|-65.0000|5.0000|158.1252|154.0700|137.2855|4.2359|33.0000|5.5594|3.6315|33.0000|4.5216|0.0000|0.0000|0.0000|2017-08-24T07:03:32.206|Freshwater Lake - North America_images_000003.tif|BB54F7C6-30A9-4048-A9ED-B236152C20C1
676|1134|842|27|38|896|1619|994|1|1|0|0.7035|4.5000|0|0.0000|0.0000|0.0000|367.0000|28.0000|17.0000|23.5000|73.6985|70.9426|28.4070|16.6204|113.8819|12.0416|16.5323|8.7937|13.3665|12.0416|51.8469|46.7424|147.6621|34.7476|54192.0000|1.1777|1.0000|1.1092|68.1231|352.5780|0.6460|0.8529|0.8628|0.0000|351.0000|367.0000|113.8819|-90.0000|0.0000|152.2398|151.4986|138.3569|4.4073|34.0000|5.6577|4.6948|34.0000|5.9575|0.0000|0.0000|0.0000|2017-08-24T07:03:32.685|Freshwater Lake - North America_images_000003.tif|9B2A128E-7A59-40AB-85FA-D3D92C98B0E9
677|1163|842|25|96|556|1368|998|1|1|0|0.7035|4.5000|0|0.0000|0.0000|0.0000|363.0000|86.0000|10.0000|57.1667|192.4264|176.5219|102.1089|6.4729|112.3155|11.9585|57.3353|3.8693|37.0510|11.9585|135.3720|121.0174|141.1019|22.8906|51220.0000|8.1173|23.4587|1.1186|70.4944|354.3130|0.0000|0.2114|0.0883|0.0000|530.5000|363.0000|112.3155|-90.0000|-5.0000|145.2837|149.8292|122.4132|4.2154|90.0000|5.9932|4.4910|90.0000|6.2561|0.0000|0.0000|0.0000|2017-08-24T07:03:34.407|Freshwater Lake - North America_images_000003.tif|8DD12937-1540-4B16-A09C-A59676CEE541
678|1190|842|53|51|843|1522|999|1|1|0|0.7035|4.5000|0|0.0000|0.0000|0.0000|1135.0000|45.0000|37.0000|40.8889|139.6396|125.4520|40.6383|36.6001|436.6083|23.5777|28.4917|22.8637|25.5996|23.5777|98.2365|85.0897|85.2211|37.3351|96726.0000|1.3671|1.7103|1.1545|112.9091|355.0310|0.7753|0.7185|0.9663|0.0000|1188.5000|1135.0000|436.6083|10.0000|-35.0000|90.3330|88.4943|76.8441|5.1068|48.0000|6.4655|5.3480|48.0000|6.7245|0.0000|0.0000|0.0000|2017-08-24T07:03:35.140|Freshwater Lake - North America_images_000003.tif|1556BCEB-C0D9-4C36-B3D3-5E1E7FC6306C
679|1245|842|123|137|717|1333|1001|1|3|0|0.7035|4.5000|0|0.0000|0.0000|0.0000|6424.0000|138.0000|113.0000|124.6389|999.4112|388.1090|136.0029|105.9136|2870.8007|60.4584|93.9172|76.3298|84.5177|60.8632|703.0858|269.8689|126.2498|36.2151|811029.0000|12.2170|36.3533|2.6053|75.6389|355.6250|0.0000|0.4200|0.5576|0.0000|10938.5000|6506.0000|2909.3706|-60.0000|0.0000|131.2584|129.0146|118.8809|3.2363|38.0000|3.5969|4.1357|38.0000|5.5799|0.0000|0.0000|0.0000|2017-08-24T07:03:35.726|Freshwater Lake - North America_images_000003.tif|AE098E22-AC90-43A0-A7E1-E7F0731F417A
680|1370|842|22|66|524|1168|1003|1|1|0|0.7035|4.5000|0|0.0000|0.0000|0.0000|361.0000|56.0000|9.0000|38.0833|127.7990|116.5864|59.0919|8.1635|111.5332|11.9167|36.2302|3.1658|23.6259|11.9167|89.9066|78.8528|146.5069|32.3089|52889.0000|3.6003|9.2020|1.1402|58.4016|356.0630|0.0000|0.7704|0.2583|0.0000|371.0000|361.0000|111.5332|-90.0000|-5.0000|148.4432|150.2715|138.2964|3.9244|60.0000|5.5708|4.2629|60.0000|5.7851|0.0000|0.0000|0.0000|2017-08-24T07:03:36.153|Freshwater Lake - North America_images_000003.tif|45DBAF28-BE2A-4B8A-8F7A-8E2E052C9FAF
681|1394|842|30|34|880|1494|1005|1|1|0|0.7035|4.5000|0|0.0000|0.0000|0.0000|339.0000|25.0000|20.0000|22.1667|71.9411|66.5119|23.1884|18.8517|102.9664|11.4499|14.4217|10.9043|12.4285|11.4499|50.6106|43.6254|146.1504|24.9631|49545.0000|1.2149|1.0000|1.1601|62.8387|356.9380|0.8218|0.8020|0.9666|0.0000|332.0000|339.0000|102.9664|60.0000|0.0000|154.0914|150.4189|134.7345|5.0388|74.0000|6.6241|5.3111|74.0000|6.9107|0.0000|0.0000|0.0000|2017-08-24T07:03:37.037|Freshwater Lake - North America_images_000003.tif|2E3719D4-07EC-4629-9CF6-5F5C0CA073B1
682|1426|842|61|63|582|1287|1005|1|1|0|0.7035|4.5000|0|0.0000|0.0000|0.0000|1924.0000|56.0000|50.0000|53.3889|182.4680|165.0578|53.1056|47.6232|786.9341|31.6537|36.2302|32.0093|34.3933|31.6537|128.3662|112.9524|89.7386|42.0711|172657.0000|1.3771|1.7571|1.1365|114.3252|356.9380|0.7675|0.7551|0.9629|0.0000|1993.5000|1924.0000|786.9341|-70.0000|15.0000|93.6159|92.9730|81.9350|5.0388|74.0000|6.6241|5.3111|74.0000|6.9107|0.0000|0.0000|0.0000|2017-08-24T07:03:37.037|Freshwater Lake - North America_images_000003.tif|66A70EA4-8440-43A9-9EA4-6125812E5326
683|1489|842|38|53|1030|1117|1006|1|1|0|0.7035|4.5000|0|0.0000|0.0000|0.0000|928.0000|44.0000|28.0000|36.8889|119.2548|112.7947|43.3139|27.4466|346.8985|21.0163|27.7883|16.5323|22.7856|21.0163|83.8958|76.1853|76.4935|39.0695|70986.0000|1.2195|1.0000|1.1012|96.2642|357.1720|0.6421|0.8192|0.8987|0.0000|916.5000|928.0000|346.8985|-75.0000|0.0000|86.9494|81.0485|63.5151|4.9286|60.0000|6.4202|4.1952|60.0000|5.6600|0.0000|0.0000|0.0000|2017-08-24T07:03:37.270|Freshwater Lake - North America_images_000003.tif|B524E4B4-1AD8-4B2E-AD40-41DCE52BFB60
684|1529|842|41|41|185|1216|1009|1|1|0|0.7035|4.5000|0|0.0000|0.0000|0.0000|783.0000|35.0000|31.0000|32.7500|104.7696|99.9357|31.7917|31.6042|284.9297|19.0469|21.4567|18.6427|19.8739|19.0469|73.7054|67.1390|89.7995|49.8406|70313.0000|1.1156|1.0000|1.0978|114.5957|358.7190|0.8992|0.8652|0.9922|0.0000|765.0000|783.0000|284.9297|40.0000|0.0000|95.8404|96.7126|73.8429|4.6647|44.0000|6.0322|4.0134|44.0000|5.2010|0.0000|0.0000|0.0000|2017-08-24T07:03:38.823|Freshwater Lake - North America_images_000003.tif|6C99CC11-56F7-4249-B9D7-EB83E78849DC
685|1572|842|38|39|855|1487|1013|1|1|0|0.7035|4.5000|0|0.0000|0.0000|0.0000|565.0000|30.0000|26.0000|28.4722|93.5980|86.5816|29.0855|25.7343|193.6671|15.7030|17.9393|15.1253|16.8644|15.7030|65.8462|57.7444|109.6673|50.4462|61962.0000|1.2339|1.0000|1.1403|66.1585|360.0160|0.7659|0.6079|0.9539|0.0000|561.0000|565.0000|193.6671|-85.0000|30.0000|118.4319|117.8513|90.2832|4.7648|37.0000|6.0142|4.0429|37.0000|5.1794|0.0000|0.0000|0.0000|2017-08-24T07:03:40.130|Freshwater Lake - North America_images_000003.tif|88641E79-19BB-47B6-864F-37053C9393B1
686|1612|842|38|43|730|1604|1014|1|1|0|0.7035|4.5000|0|0.0000|0.0000|0.0000|578.0000|39.0000|22.0000|31.1667|98.0833|94.6046|38.0157|21.8141|199.0276|15.9189|24.2707|12.3113|18.7600|17.0726|69.0016|63.3886|130.9204|23.2337|75672.0000|1.1778|1.0000|1.0885|95.1429|360.7970|0.6197|0.8609|0.8616|0.0000|625.0000|650.0000|228.9238|45.0000|-40.0000|136.0484|135.3080|120.3287|4.4268|35.0000|5.7869|4.5942|35.0000|5.9818|0.0000|0.0000|0.0000|2017-08-24T07:03:40.917|Freshwater Lake - North America_images_000003.tif|B8158492-AD43-4482-BE59-4604E77D78E6
687|1652|842|32|37|504|1435|1017|1|1|0|0.7035|4.5000|0|0.0000|0.0000|0.0000|316.0000|29.0000|20.0000|24.3333|87.3553|73.4869|27.1424|17.1473|94.0923|10.9454|17.2357|10.9043|13.9527|10.9454|61.4545|48.5323|116.8291|26.5808|36918.0000|1.9217|3.7720|1.2663|133.1818|361.0470|0.5564|0.4097|0.7807|0.0000|373.0000|316.0000|94.0923|-75.0000|10.0000|125.5981|121.3481|104.6013|4.1566|49.0000|5.5907|4.3875|49.0000|5.8600|0.0000|0.0000|0.0000|2017-08-24T07:03:41.142|Freshwater Lake - North America_images_000003.tif|1C4F6B55-3AAC-4126-A0C7-42AD182BEC7E
688|1686|842|27|79|693|1425|1018|1|1|0|0.7035|4.5000|0|0.0000|0.0000|0.0000|298.0000|69.0000|16.0000|47.0000|180.7523|144.3181|72.8140|14.8999|87.2117|10.5376|45.3758|8.0903|29.8987|10.5376|127.1592|98.3620|144.8087|14.4527|43153.0000|8.7245|25.3695|1.2928|46.2157|361.0940|0.0000|0.2173|0.1374|0.0000|763.0000|298.0000|87.2117|-90.0000|-5.0000|151.6376|152.9698|126.1544|4.0353|53.0000|5.5351|4.3679|53.0000|5.8296|0.0000|0.0000|0.0000|2017-08-24T07:03:41.194|Freshwater Lake - North America_images_000003.tif|5D50ED38-2896-4E93-95A5-CC7EE96891B4
689|1715|842|58|65|480|768|1018|1|1|0|0.7035|4.5000|0|0.0000|0.0000|0.0000|1211.0000|57.0000|46.0000|51.7500|173.7817|159.6963|55.7466|44.8914|469.8413|24.4585|36.9338|29.1953|33.2404|31.9510|122.2554|109.1806|88.7886|42.1092|107523.0000|1.2280|1.0000|1.1198|150.6159|361.0940|0.7954|0.8589|0.9728|0.0000|1975.0000|1957.0000|801.7876|55.0000|-15.0000|93.8092|93.8043|77.0363|4.0353|53.0000|5.5351|4.3679|53.0000|5.8296|0.0000|0.0000|0.0000|2017-08-24T07:03:41.194|Freshwater Lake - North America_images_000003.tif|786C7B22-546B-458F-A523-C55C6F679811
690|1775|842|34|96|301|1483|1021|1|1|0|0.7035|4.5000|0|0.0000|0.0000|0.0000|593.0000|87.0000|12.0000|58.6389|193.3970|181.1845|99.4124|8.5001|205.2277|16.1649|58.0388|5.2763|38.0867|16.1649|136.0548|124.2975|144.9157|26.6933|85935.0000|5.0192|13.6953|1.0946|74.7557|361.3750|0.0000|0.5588|0.1517|0.0000|662.5000|593.0000|205.2277|-85.0000|10.0000|149.2024|152.4283|128.5278|4.2199|68.0000|5.7943|4.4488|68.0000|6.1044|0.0000|0.0000|0.0000|2017-08-24T07:03:41.484|Freshwater Lake - North America_images_000003.tif|5863D83C-43EC-4410-952C-7F49449A8F76
691|1811|842|31|36|941|1369|1022|1|1|0|0.7035|4.5000|0|0.0000|0.0000|0.0000|287.0000|27.0000|16.0000|22.7500|79.1127|68.2147|27.7253|14.3843|83.0372|10.2823|15.8287|8.0903|12.8389|10.2823|55.6558|44.8233|160.0000|22.2962|45920.0000|1.7354|3.1327|1.2417|56.0143|361.4380|0.5434|0.6261|0.7491|0.0000|318.5000|287.0000|83.0372|-80.0000|25.0000|163.6620|161.8780|154.9233|3.3753|36.0000|4.2487|3.9659|36.0000|5.2781|0.0000|0.0000|0.0000|2017-08-24T07:03:41.526|Freshwater Lake - North America_images_000003.tif|09896A1E-59BA-4DCC-9353-4F3C44802D38
692|1844|842|46|42|461|1604|1024|1|1|0|0.7035|4.5000|0|0.0000|0.0000|0.0000|710.0000|40.0000|29.0000|34.6667|125.1543|105.7535|39.3788|25.9427|254.0761|17.9861|24.9743|17.2357|21.2223|17.9861|88.0461|71.2318|116.4197|37.7060|82658.0000|1.7556|3.2032|1.2360|98.6330|361.8750|0.4823|0.3039|0.8131|0.0000|805.5000|710.0000|254.0761|35.0000|-75.0000|123.9606|125.3296|95.9930|4.6056|44.0000|5.9581|3.8762|44.0000|4.9385|0.0000|0.0000|0.0000|2017-08-24T07:03:41.977|Freshwater Lake - North America_images_000003.tif|59810D6A-7AC3-4544-A36D-9FF793A704CF
693|1892|842|30|39|150|868|1025|1|1|0|0.7035|4.5000|0|0.0000|0.0000|0.0000|383.0000|30.0000|20.0000|25.2778|85.9411|75.9371|28.6047|18.1481|120.1697|12.3695|17.9393|10.9043|14.6172|12.3695|60.4596|50.2560|112.8616|29.1854|43226.0000|1.5346|2.4053|1.2030|95.9342|362.7660|0.6305|0.6357|0.8499|0.0000|414.0000|383.0000|120.1697|75.0000|0.0000|119.4413|117.6110|101.0000|3.8587|41.0000|5.3413|4.1773|41.0000|5.5998|0.0000|0.0000|0.0000|2017-08-24T07:03:42.867|Freshwater Lake - North America_images_000003.tif|4332F815-96A7-414D-AA95-F80243C53E77
694|1924|842|57|58|706|1504|1026|1|1|0|0.7035|4.5000|0|0.0000|0.0000|0.0000|1019.0000|50.0000|45.0000|48.1111|160.1249|147.8353|48.9831|44.4898|386.1775|22.1742|32.0093|28.4917|30.6804|29.5448|112.6479|100.8364|149.6820|22.6332|152526.0000|1.2016|1.0000|1.1171|61.7842|363.2190|0.8486|0.7804|0.9875|0.0000|1709.5000|1698.0000|685.5708|-75.0000|-15.0000|154.7841|156.3925|134.6143|4.5781|46.0000|5.9894|4.8492|46.0000|6.1999|0.0000|0.0000|0.0000|2017-08-24T07:03:43.315|Freshwater Lake - North America_images_000003.tif|341BFC4B-983C-431B-9841-6EB0D712587B
695|1983|842|36|35|185|1228|1027|1|1|0|0.7035|4.5000|0|0.0000|0.0000|0.0000|500.0000|28.0000|23.0000|25.8889|81.0122|78.2364|27.4992|23.1595|167.0599|14.5845|16.5323|13.0147|15.0471|14.5845|56.9921|51.8736|105.8200|27.5719|52910.0000|1.0445|1.0000|1.0987|89.4783|363.5470|0.8804|0.9551|0.9850|0.0000|474.0000|500.0000|167.0599|-60.0000|55.0000|112.9180|112.9040|89.2020|4.3605|37.0000|5.6616|4.1116|37.0000|5.1581|0.0000|0.0000|0.0000|2017-08-24T07:03:43.656|Freshwater Lake - North America_images_000003.tif|14879D73-6732-4170-8C74-B4DA4D1F352F
696|2|981|59|39|588|1327|1028|1|1|0|0.7035|4.5000|0|0.0000|0.0000|0.0000|288.0000|56.0000|8.0000|37.3333|123.2965|114.2805|60.7535|6.5028|83.4157|10.3057|36.2302|2.8140|23.0982|10.3057|86.7391|77.2306|142.9965|26.3048|41183.0000|4.2005|11.1062|1.1231|92.3981|364.5630|0.0000|0.6188|0.1964|0.0000|309.0000|288.0000|83.4157|25.0000|-60.0000|143.5938|146.0243|136.8368|4.2285|41.0000|5.6093|4.4891|41.0000|5.9138|0.0000|0.0000|0.0000|2017-08-24T07:03:44.671|Freshwater Lake - North America_images_000003.tif|38B60677-193A-4E87-889A-87A51C926399
697|63|981|69|57|990|1312|1030|1|1|0|0.7035|4.5000|0|0.0000|0.0000|0.0000|803.0000|59.0000|40.0000|48.7778|214.0833|150.3823|48.3609|30.9460|293.4261|19.3288|38.3407|24.9743|31.1494|19.3288|150.6076|102.6282|146.7983|32.8000|117879.0000|4.5419|12.1868|1.4675|64.2200|364.7660|0.2887|0.4205|0.6203|0.0000|1497.5000|803.0000|293.4261|0.0000|-50.0000|154.6986|152.9589|131.7086|4.4892|45.0000|5.8622|3.9855|45.0000|4.9706|0.0000|0.0000|0.0000|2017-08-24T07:03:44.863|Freshwater Lake - North America_images_000003.tif|C48A5147-AC49-4744-9492-4C77358B13E0
698|134|981|24|130|986|1437|1035|1|1|0|0.7035|4.5000|0|0.0000|0.0000|0.0000|1160.0000|120.0000|14.0000|80.5833|259.5980|250.4288|134.0988|12.4946|447.5245|23.8706|81.2542|6.6833|53.5246|23.8706|182.6272|173.0109|151.4000|36.8450|175624.0000|4.6231|12.4436|1.0556|81.6976|365.6720|0.0000|0.3877|0.1629|0.0000|1351.0000|1160.0000|447.5245|-90.0000|0.0000|156.6931|155.6578|141.0293|4.2140|112.0000|6.0852|4.4847|112.0000|6.3410|0.0000|0.0000|0.0000|2017-08-24T07:03:45.794|Freshwater Lake - North America_images_000003.tif|182CDCBA-A7FD-443D-A97C-EBC243442F06
699|160|981|33|40|1037|1086|1036|1|1|0|0.7035|4.5000|0|0.0000|0.0000|0.0000|429.0000|32.0000|18.0000|26.0278|84.4264|78.6610|32.2452|17.1104|138.4280|13.2760|19.3463|9.4973|15.1448|13.2760|59.3940|52.1723|115.3147|34.7546|49470.0000|1.3222|1.4764|1.1384|107.9583|365.9690|0.5973|0.7988|0.8198|0.0000|420.0000|429.0000|138.4280|55.0000|-35.0000|126.6014|122.7459|96.3753|4.5363|42.0000|5.9062|3.9677|42.0000|5.1528|0.0000|0.0000|0.0000|2017-08-24T07:03:46.068|Freshwater Lake - North America_images_000003.tif|6D533B27-9FC4-4B5B-9DD1-ECBCBCD3DED2
700|195|981|26|51|678|1560|1037|1|1|0|0.7035|4.5000|0|0.0000|0.0000|0.0000|293.0000|42.0000|14.0000|30.1944|100.4264|91.9273|44.9620|12.3155|85.3112|10.4222|26.3813|6.6833|18.0760|10.4222|70.6500|61.5051|163.7884|25.8861|47990.0000|2.7392|6.4503|1.1487|50.4545|366.0780|0.1455|0.1609|0.3433|0.0000|400.0000|293.0000|85.3112|-80.0000|5.0000|166.2833|167.1502|156.2423|4.1980|75.0000|5.8166|4.4843|75.0000|6.0928|0.0000|0.0000|0.0000|2017-08-24T07:03:46.186|Freshwater Lake - North America_images_000003.tif|FD723AB5-E928-4397-8BF2-8D22EF80EED9
701|223|981|60|40|668|1505|1037|1|1|0|0.7035|4.5000|0|0.0000|0.0000|0.0000|385.0000|57.0000|12.0000|39.0833|128.4680|119.8143|60.9292|9.6210|120.9581|12.4100|36.9338|5.2763|24.3294|12.4100|90.3772|81.1236|163.6649|27.4010|63011.0000|3.4113|8.6006|1.1141|54.2569|366.0780|0.0000|0.4126|0.2577|0.0000|472.0000|385.0000|120.9581|-40.0000|60.0000|165.3766|167.4234|155.6883|4.1980|75.0000|5.8166|4.4843|75.0000|6.0928|0.0000|0.0000|0.0000|2017-08-24T07:03:46.186|Freshwater Lake - North America_images_000003.tif|B0402912-DD56-4333-98C0-62AE8C95ADC1
702|285|981|47|58|948|1528|1038|1|1|0|0.7035|4.5000|0|0.0000|0.0000|0.0000|638.0000|53.0000|34.0000|42.8611|224.7107|131.4954|52.8182|29.0433|223.9182|16.8849|34.1198|20.7533|26.9870|16.8849|158.0840|89.3413|157.7069|27.0517|100617.0000|6.2982|17.7300|1.7694|72.0196|366.1720|0.1419|0.2607|0.4472|0.0000|1165.5000|638.0000|223.9182|65.0000|-55.0000|161.0313|162.0078|147.9765|4.3299|36.0000|5.6376|4.6569|36.0000|5.9491|0.0000|0.0000|0.0000|2017-08-24T07:03:46.270|Freshwater Lake - North America_images_000003.tif|2C6F1260-68B9-4DEB-B2D6-0D8ED8E0878B
703|334|981|36|32|673|1724|1040|1|1|0|0.7035|4.5000|0|0.0000|0.0000|0.0000|380.0000|27.0000|22.0000|23.9722|79.3553|71.8785|24.7407|19.9116|118.9881|12.3085|15.8287|12.3113|13.6987|12.3085|55.8265|47.4008|140.6474|21.8729|53446.0000|1.3187|1.4562|1.1778|55.3188|367.0630|0.7957|0.7003|0.9594|0.0000|383.5000|380.0000|118.9881|5.0000|-90.0000|146.1421|143.8605|132.2421|1.6902|1.0000|1.6902|3.6565|1.0000|3.6565|0.0000|0.0000|0.0000|2017-08-24T07:03:47.153|Freshwater Lake - North America_images_000003.tif|1CD04009-CCA5-4EB4-B530-9ED31D7D214C
704|372|981|43|43|517|1446|1040|1|1|0|0.7035|4.5000|0|0.0000|0.0000|0.0000|756.0000|36.0000|29.0000|32.8333|107.4975|100.1910|34.7178|28.1266|273.4882|18.6605|22.1603|17.2357|19.9325|18.6605|75.6245|67.3186|77.7288|35.6954|58763.0000|1.2164|1.0000|1.1234|97.9247|367.0630|0.7888|0.7243|0.9643|0.0000|759.5000|756.0000|273.4882|-70.0000|30.0000|83.2077|81.7791|67.6825|1.6902|1.0000|1.6902|3.6565|1.0000|3.6565|0.0000|0.0000|0.0000|2017-08-24T07:03:47.153|Freshwater Lake - North America_images_000003.tif|60B6EAF8-B583-4A02-8931-55980A495329
705|417|981|33|31|157|1377|1042|1|1|0|0.7035|4.5000|0|0.0000|0.0000|0.0000|365.0000|24.0000|21.0000|22.6667|73.4558|68.1033|23.1516|20.3260|113.0985|12.0001|13.7183|11.6077|12.7803|12.0001|51.6762|44.7449|145.0767|23.4817|52953.0000|1.1764|1.0000|1.1549|76.0000|367.4220|0.8588|0.7979|0.9793|0.0000|352.5000|365.0000|113.0985|10.0000|-90.0000|151.5479|152.1945|128.5616|4.3383|46.0000|5.5572|4.6061|46.0000|5.8770|0.0000|0.0000|0.0000|2017-08-24T07:03:47.542|Freshwater Lake - North America_images_000003.tif|FDA1DD57-514D-4FA7-BF26-9F02AC209874
706|452|981|45|38|398|1367|1045|1|1|0|0.7035|4.5000|0|0.0000|0.0000|0.0000|406.0000|42.0000|14.0000|30.5278|98.5685|92.6723|44.3729|12.2063|129.2669|12.8292|26.3813|6.6833|18.3106|12.8292|69.3429|62.0292|99.8719|43.0799|40548.0000|1.9043|3.7133|1.1179|157.5244|368.5780|0.2307|0.5534|0.4881|0.0000|413.0000|406.0000|129.2669|-40.0000|50.0000|105.4039|104.2759|89.1847|4.3508|54.0000|5.8260|4.6351|54.0000|6.0994|0.0000|0.0000|0.0000|2017-08-24T07:03:48.680|Freshwater Lake - North America_images_000003.tif|BB152E13-9A0E-4E9F-B1A4-DDB5861D38A7
707|499|981|36|29|821|544|1045|1|1|0|0.7035|4.5000|0|0.0000|0.0000|0.0000|301.0000|28.0000|17.0000|22.6389|76.0416|68.2584|26.6827|15.2878|88.3543|10.6064|16.5323|8.7937|12.7607|10.6064|53.4953|44.8540|113.5449|45.2819|34177.0000|1.5287|2.3829|1.1927|127.9710|368.5780|0.5894|0.5934|0.8105|0.0000|309.0000|301.0000|88.3543|-35.0000|65.0000|118.8106|116.6213|105.4983|4.3508|54.0000|5.8260|4.6351|54.0000|6.0994|0.0000|0.0000|0.0000|2017-08-24T07:03:48.680|Freshwater Lake - North America_images_000003.tif|1D6A7994-6091-440E-90B4-A87661B5B767
708|537|981|48|39|386|694|1046|1|2|0|0.7035|4.5000|0|0.0000|0.0000|0.0000|463.0000|45.0000|25.0000|35.0278|163.0122|106.9519|41.0473|22.1293|152.0768|13.9151|28.4917|14.4217|21.4763|13.9151|114.6791|72.0749|157.7019|16.2134|73016.0000|4.5672|12.2667|1.5911|43.3775|368.7500|0.2707|0.4174|0.5422|0.0000|726.5000|463.0000|152.0768|30.0000|-50.0000|158.4903|158.3931|156.0583|3.6937|1.0000|3.6937|4.2287|1.0000|4.2287|0.0000|0.0000|0.0000|2017-08-24T07:03:48.840|Freshwater Lake - North America_images_000003.tif|23950F29-8128-4104-AFB6-E7781D67E72F
709|587|981|42|43|597|1595|1050|1|1|0|0.7035|4.5000|0|0.0000|0.0000|0.0000|597.0000|39.0000|22.0000|32.1944|106.6690|98.0614|40.2105|20.6577|206.8837|16.2300|24.2707|12.3113|19.4830|16.2300|75.0416|65.8204|107.6164|29.4459|64247.0000|1.5167|2.3368|1.1401|70.9892|369.7190|0.4610|0.4433|0.7439|0.0000|648.5000|597.0000|206.8837|35.0000|-45.0000|111.9380|111.2312|98.8057|4.5309|39.0000|5.8174|4.7779|39.0000|6.0775|0.0000|0.0000|0.0000|2017-08-24T07:03:49.824|Freshwater Lake - North America_images_000003.tif|128E16BB-8B54-4821-BA63-362E103C2E80
710|631|981|37|38|609|1553|1051|1|1|0|0.7035|4.5000|0|0.0000|0.0000|0.0000|417.0000|32.0000|24.0000|28.2500|98.7696|85.9614|29.8499|23.6399|133.6406|13.0444|19.3463|13.7183|16.7081|13.0444|69.4844|57.3081|101.1487|34.5449|42179.0000|1.8617|3.5683|1.2125|95.7500|370.3590|0.4625|0.2843|0.7324|0.0000|489.0000|417.0000|133.6406|-60.0000|45.0000|105.8058|104.6906|92.4868|4.2630|35.0000|5.6386|4.6220|35.0000|5.9935|0.0000|0.0000|0.0000|2017-08-24T07:03:50.468|Freshwater Lake - North America_images_000003.tif|2BA04A11-55C1-40F5-B3CF-11D38632F0AE
711|670|981|29|31|403|1051|1053|1|1|0|0.7035|4.5000|0|0.0000|0.0000|0.0000|287.0000|22.0000|17.0000|20.1944|63.6985|60.5971|22.1634|16.6869|83.0372|10.2823|12.3113|8.7937|11.0410|10.2823|44.8119|39.4643|136.9547|26.1528|39306.0000|1.1250|1.0000|1.1355|83.3636|370.7190|0.8027|0.7668|0.9495|0.0000|272.0000|287.0000|83.0372|-85.0000|25.0000|143.0592|141.3449|126.0627|4.2941|33.0000|5.5751|4.4190|33.0000|5.5839|0.0000|0.0000|0.0000|2017-08-24T07:03:50.810|Freshwater Lake - North America_images_000003.tif|E69ED801-018B-444F-9778-3D0FE2AFCCCC
712|701|981|19|76|481|1134|1055|1|1|0|0.7035|4.5000|0|0.0000|0.0000|0.0000|462.0000|66.0000|9.0000|45.3056|140.7279|139.0702|75.0536|8.1318|151.6737|13.8967|43.2653|3.1658|28.7067|13.8967|99.0021|94.6701|156.7424|29.7370|72415.0000|3.4112|8.6004|1.0458|56.9708|372.5630|0.0000|0.7594|0.2064|0.0000|434.5000|462.0000|151.6737|-90.0000|0.0000|160.2100|159.6472|149.6299|3.9016|36.0000|5.2927|4.1792|36.0000|5.4976|0.0000|0.0000|0.0000|2017-08-24T07:03:52.677|Freshwater Lake - North America_images_000003.tif|46BA7B09-6AF4-4C19-A6E6-C88195696D09
713|722|981|34|31|990|1342|1056|1|1|0|0.7035|4.5000|0|0.0000|0.0000|0.0000|288.0000|26.0000|13.0000|21.6944|67.8406|64.8965|27.3183|13.7113|83.4157|10.3057|15.1253|5.9798|12.0963|10.3057|47.7259|42.4889|125.1424|31.9547|36041.0000|1.2717|1.0000|1.1233|121.6182|373.5940|0.5962|0.8578|0.7850|0.0000|274.5000|288.0000|83.4157|-50.0000|55.0000|137.2847|132.6493|105.7604|3.2871|45.0000|4.3088|4.0168|45.0000|5.4448|0.0000|0.0000|0.0000|2017-08-24T07:03:53.722|Freshwater Lake - North America_images_000003.tif|E0225F38-0C1D-4ED3-B86C-CAAC8BAA6209
714|758|981|41|48|965|1512|1058|1|2|0|0.7035|4.5000|0|0.0000|0.0000|0.0000|650.0000|42.0000|29.0000|34.8333|117.8406|106.4571|33.5508|27.3752|228.9238|17.0726|26.3813|17.2357|21.3395|17.0726|82.9009|71.7268|115.4538|31.2089|75045.0000|1.7001|3.0085|1.1558|80.5333|374.2810|0.5807|0.4765|0.8828|0.0000|748.5000|650.0000|228.9238|55.0000|-50.0000|120.7462|118.9800|106.5800|4.7243|41.0000|6.0223|4.9916|41.0000|6.2665|0.0000|0.0000|0.0000|2017-08-24T07:03:54.401|Freshwater Lake - North America_images_000003.tif|E825092D-B1FB-476C-B8AF-C11BED947997
715|801|981|36|38|421|820|1058|1|1|0|0.7035|4.5000|0|0.0000|0.0000|0.0000|562.0000|30.0000|25.0000|27.4722|86.4264|82.9991|28.7011|24.9462|192.4318|15.6529|17.9393|14.4217|16.1609|15.6529|60.8010|55.2241|108.8185|20.8023|61156.0000|1.0577|1.0000|1.1010|155.2162|374.2810|0.8920|0.9309|0.9897|0.0000|537.5000|562.0000|192.4318|65.0000|-30.0000|121.0854|118.6228|84.9609|4.7243|41.0000|6.0223|4.9916|41.0000|6.2665|0.0000|0.0000|0.0000|2017-08-24T07:03:54.401|Freshwater Lake - North America_images_000003.tif|3CC24B90-91CE-4412-8498-5237915B173C
716|839|981|59|41|796|530|1059|1|1|0|0.7035|4.5000|0|0.0000|0.0000|0.0000|758.0000|53.0000|25.0000|41.0000|146.9117|125.9947|54.0515|21.9266|274.3346|18.6894|34.1198|14.4217|25.6777|18.6894|103.3524|85.4715|132.7757|26.7054|100644.0000|2.2659|4.9150|1.2092|76.5227|374.3750|0.2485|0.4177|0.5673|0.0000|961.5000|758.0000|274.3346|20.0000|-75.0000|140.8575|136.9960|121.4248|3.1575|43.0000|3.9471|3.9650|43.0000|5.4419|0.0000|0.0000|0.0000|2017-08-24T07:03:54.477|Freshwater Lake - North America_images_000003.tif|89D0D190-FEA1-45A3-9C98-31B974DF50F9
717|900|981|32|87|932|1527|1060|1|1|0|0.7035|4.5000|0|0.0000|0.0000|0.0000|713.0000|78.0000|21.0000|53.2778|183.7401|164.1509|81.4855|14.7561|255.3389|18.0307|51.7073|11.6077|34.3152|18.0307|129.2612|112.3144|159.0645|31.7316|113413.0000|3.7680|9.7347|1.1509|58.4226|374.7030|0.0000|0.3705|0.2648|0.0000|958.5000|713.0000|255.3389|-80.0000|5.0000|161.7013|161.6410|152.9874|4.0386|75.0000|5.7455|4.3654|75.0000|5.9092|0.0000|0.0000|0.0000|2017-08-24T07:03:54.802|Freshwater Lake - North America_images_000003.tif|CFE783E7-9812-409F-972E-CF3CDE765502
718|934|981|31|35|1024|1846|1064|1|1|0|0.7035|4.5000|0|0.0000|0.0000|0.0000|343.0000|27.0000|17.0000|22.8611|72.1838|68.7056|27.3589|16.2691|104.5185|11.5359|15.8287|8.7937|12.9170|11.5359|50.7813|45.1686|159.7289|40.1128|54787.0000|1.2089|1.0000|1.1243|43.4754|376.2500|0.6629|0.8784|0.8621|0.0000|336.0000|343.0000|104.5185|70.0000|-35.0000|159.2362|158.4023|162.4985|5.5471|75.0000|6.8163|6.0486|75.0000|7.3376|0.0000|0.0000|0.0000|2017-08-24T07:03:56.365|Freshwater Lake - North America_images_000003.tif|F237A701-9EAC-46EB-AC6A-835772A556D8
719|967|981|49|54|649|1489|1064|1|1|0|0.7035|4.5000|0|0.0000|0.0000|0.0000|1293.0000|44.0000|38.0000|41.6667|136.2254|128.2139|43.9106|37.6339|505.8495|25.3785|27.7883|23.5673|26.1468|25.3785|95.8346|87.0327|131.7633|28.8420|170370.0000|1.1421|1.0000|1.1011|63.7881|376.2500|0.8482|0.8726|0.9845|0.0000|1271.0000|1293.0000|505.8495|-90.0000|15.0000|137.2011|137.4084|118.6133|5.5471|75.0000|6.8163|6.0486|75.0000|7.3376|0.0000|0.0000|0.0000|2017-08-24T07:03:56.365|Freshwater Lake - North America_images_000003.tif|A6DB42C6-8893-446C-846D-AA12EEAA785D
720|1018|981|46|44|387|1329|1065|1|1|0|0.7035|4.5000|0|0.0000|0.0000|0.0000|281.0000|49.0000|9.0000|33.2222|111.3970|101.6663|52.3257|7.5642|80.7704|10.1410|31.3057|3.1658|20.2061|10.1410|78.3678|68.3565|141.1139|31.3413|39653.0000|3.5142|8.9283|1.1465|101.4043|377.1880|0.0258|0.4843|0.2560|0.0000|313.5000|281.0000|80.7704|35.0000|-50.0000|142.9751|145.7616|131.2313|3.9181|40.0000|5.3479|4.2361|40.0000|5.6776|0.0000|0.0000|0.0000|2017-08-24T07:03:57.281|Freshwater Lake - North America_images_000003.tif|61712230-D680-42C9-B80C-67B2B9C07B16
721|1066|981|37|30|555|1163|1066|1|1|0|0.7035|4.5000|0|0.0000|0.0000|0.0000|324.0000|29.0000|19.0000|23.4167|78.2843|70.4389|26.5092|17.0342|97.1689|11.1229|17.2357|10.2007|13.3079|11.1229|55.0730|46.3880|115.5864|42.1990|37450.0000|1.5052|2.2925|1.1872|163.5286|377.2340|0.6216|0.5643|0.8310|0.0000|342.0000|324.0000|97.1689|-10.0000|50.0000|119.6481|118.8642|107.5062|4.4491|33.0000|5.6820|4.6783|33.0000|5.8952|0.0000|0.0000|0.0000|2017-08-24T07:03:57.322|Freshwater Lake - North America_images_000003.tif|4114478A-0920-4539-A5E2-B9BBDFD4DCD9
722|1105|981|47|56|623|1522|1069|1|1|0|0.7035|4.5000|0|0.0000|0.0000|0.0000|1107.0000|51.0000|35.0000|43.4444|156.9117|133.1195|44.1592|34.5450|424.4014|23.2457|32.7127|21.4567|27.3974|23.2457|110.3874|90.4838|102.8437|33.4188|113848.0000|1.7699|3.2529|1.2200|84.1056|377.7340|0.6403|0.6960|0.8968|0.0000|1247.0000|1107.0000|424.4014|60.0000|10.0000|109.9621|107.2629|91.4481|3.8492|40.0000|4.9897|4.2198|40.0000|5.5784|0.0000|0.0000|0.0000|2017-08-24T07:03:57.847|Freshwater Lake - North America_images_000003.tif|2EC04AFF-2A2E-4468-BD2B-C2CAA853E777
723|1154|981|33|34|969|1191|1070|1|1|0|0.7035|4.5000|0|0.0000|0.0000|0.0000|431.0000|25.0000|23.0000|23.9722|75.3553|72.3134|23.7723|23.0913|139.2274|13.3143|14.4217|13.0147|13.6987|13.3143|53.0125|47.7067|132.4362|41.0688|57080.0000|1.0484|1.0000|1.1112|68.9538|377.9220|0.9507|0.9318|0.9993|0.0000|408.5000|431.0000|139.2274|50.0000|0.0000|137.6937|136.4408|122.5708|4.6567|35.0000|5.9112|4.1131|35.0000|4.8888|0.0000|0.0000|0.0000|2017-08-24T07:03:58.038|Freshwater Lake - North America_images_000003.tif|3EF1780F-89BA-4294-A1F7-A8F470687547
724|1189|981|32|46|985|929|1071|1|1|0|0.7035|4.5000|0|0.0000|0.0000|0.0000|346.0000|37.0000|17.0000|28.3056|102.7696|85.8569|36.1022|14.9484|105.6842|11.6001|22.8637|8.7937|16.7472|11.6001|72.2984|57.2346|117.2659|29.0944|40574.0000|2.4291|5.4476|1.2632|97.5217|378.0160|0.3368|0.2224|0.5771|0.0000|431.5000|346.0000|105.6842|65.0000|-25.0000|125.4046|122.0723|104.8179|3.5943|34.0000|4.7626|4.3598|34.0000|5.5203|0.0000|0.0000|0.0000|2017-08-24T07:03:58.120|Freshwater Lake - North America_images_000003.tif|2DA29998-802C-4435-9282-2D1B721A97CD
725|1223|981|46|90|836|1555|1072|1|1|0|0.7035|4.5000|0|0.0000|0.0000|0.0000|863.0000|85.0000|13.0000|58.0000|191.6812|179.0305|93.9565|12.0796|319.0171|20.1540|56.6318|5.9798|37.6373|20.1540|134.8477|122.7822|144.8864|28.3551|125037.0000|3.3880|8.5263|1.0983|72.5482|378.2030|0.0000|0.8050|0.2449|0.0000|865.0000|863.0000|319.0171|65.0000|-20.0000|148.5191|148.3673|136.6802|4.4059|58.0000|5.9457|4.6192|58.0000|6.1468|0.0000|0.0000|0.0000|2017-08-24T07:03:58.323|Freshwater Lake - North America_images_000003.tif|287805FB-8C48-4FC2-93DB-3C3858CD7025
726|1271|981|29|227|275|1468|1073|1|1|0|0.7035|4.5000|0|0.0000|0.0000|0.0000|1783.0000|217.0000|19.0000|140.9167|456.1249|440.1124|243.6777|15.8692|723.6168|30.3535|149.4938|10.2007|95.9691|30.3535|320.8839|306.4533|150.4268|34.3541|268211.0000|9.2855|27.1345|1.0471|79.3471|378.7340|0.0000|0.4046|0.0761|0.0000|2892.0000|1783.0000|723.6168|-90.0000|0.0000|152.4610|153.7930|143.0628|4.0033|156.0000|5.9940|4.2985|156.0000|6.2396|0.0000|0.0000|0.0000|2017-08-24T07:03:58.833|Freshwater Lake - North America_images_000003.tif|318F36AE-F007-4622-9DCE-B3DB4D19542B
727|1302|981|50|48|147|523|1073|1|2|0|0.7035|4.5000|0|0.0000|0.0000|0.0000|380.0000|48.0000|25.0000|36.8333|93.8406|112.3413|41.7815|23.5993|118.9881|12.3085|30.6023|14.4217|22.7465|12.3085|66.0169|75.8664|139.3553|21.3056|52955.0000|1.8441|3.5084|0.8702|58.3333|378.7340|0.0385|0.0587|0.4202|0.0000|688.5000|380.0000|118.9881|-40.0000|35.0000|143.5605|141.8895|132.8053|4.0033|156.0000|5.9940|4.2985|156.0000|6.2396|0.0000|0.0000|0.0000|2017-08-24T07:03:58.833|Freshwater Lake - North America_images_000003.tif|3784A1A8-D2D6-4605-B0DC-335532EABD5D
728|1354|981|33|28|134|611|1075|1|1|0|0.7035|4.5000|0|0.0000|0.0000|0.0000|309.0000|26.0000|17.0000|22.1944|70.6274|66.5778|24.6855|16.6069|91.4094|10.7882|15.1253|8.7937|12.4480|10.7882|49.6864|43.6717|150.5631|25.3309|46524.0000|1.2846|1.2079|1.1377|48.5156|379.2810|0.7071|0.7313|0.8889|0.0000|303.5000|309.0000|91.4094|20.0000|-80.0000|153.2816|152.7864|145.1845|4.0144|33.0000|5.2864|4.4461|33.0000|5.6818|0.0000|0.0000|0.0000|2017-08-24T07:03:59.402|Freshwater Lake - North America_images_000003.tif|CF8B3827-01DD-467F-829E-3C155C6B80EF
729|1389|981|52|90|396|1529|1076|1|2|0|0.7035|4.5000|0|0.0000|0.0000|0.0000|585.0000|84.0000|38.0000|64.4444|282.4508|198.8491|101.5560|29.8563|201.9190|16.0341|55.9282|23.5673|42.1709|16.0341|198.7041|136.7246|150.7692|21.6180|88200.0000|10.8523|32.0622|1.4533|55.2276|379.5780|0.0000|0.0724|0.1329|0.0000|1915.0000|585.0000|201.9190|60.0000|-20.0000|156.0017|158.8410|132.9419|3.9223|98.0000|5.7566|4.2215|98.0000|5.9508|0.0000|0.0000|0.0000|2017-08-24T07:03:59.677|Freshwater Lake - North America_images_000003.tif|820CF05F-0C35-45C2-A923-2A1D181A11D7
730|1443|981|35|40|398|1031|1076|1|1|0|0.7035|4.5000|0|0.0000|0.0000|0.0000|473.0000|31.0000|25.0000|27.3056|93.5980|82.6269|28.6358|22.2970|156.1136|14.0986|18.6427|14.4217|16.0437|14.0986|65.8462|54.9623|141.3023|23.0271|66836.0000|1.4739|2.1694|1.1980|45.8415|379.5780|0.7033|0.5230|0.9145|0.0000|494.5000|473.0000|156.1136|70.0000|0.0000|145.7590|144.4588|133.3827|3.9223|98.0000|5.7566|4.2215|98.0000|5.9508|0.0000|0.0000|0.0000|2017-08-24T07:03:59.677|Freshwater Lake - North America_images_000003.tif|17F10BD7-8277-4F1A-9860-58B882EB399A
731|1480|981|54|55|508|1490|1077|1|1|0|0.7035|4.5000|0|0.0000|0.0000|0.0000|1044.0000|47.0000|40.0000|43.6944|162.8112|134.1386|41.8097|36.1724|397.0139|22.4832|29.8987|24.9743|27.5733|22.8491|114.5377|91.2008|140.6810|29.1295|146871.0000|1.9641|3.9148|1.2559|77.1793|380.0940|0.6447|0.5951|0.8948|0.0000|1291.5000|1074.0000|410.0417|75.0000|-60.0000|143.4023|145.3123|130.5690|4.5479|47.0000|5.9696|4.9533|47.0000|6.3296|0.0000|0.0000|0.0000|2017-08-24T07:04:00.202|Freshwater Lake - North America_images_000003.tif|5A6F32E9-3890-476B-AD2F-229A77A0A7F2
732|1536|981|46|69|191|1514|1082|1|1|0|0.7035|4.5000|0|0.0000|0.0000|0.0000|1377.0000|60.0000|35.0000|48.5000|177.3970|149.3441|59.5076|31.5234|542.8840|26.2911|39.0442|21.4567|30.9540|26.2911|124.7988|101.8978|99.9339|42.0409|137609.0000|1.8186|3.4212|1.2247|78.2750|381.6090|0.3630|0.3527|0.7732|0.0000|1528.0000|1377.0000|542.8840|-85.0000|5.0000|103.8177|103.3972|91.5999|3.3744|35.0000|4.0836|3.9969|35.0000|5.4312|0.0000|0.0000|0.0000|2017-08-24T07:04:01.723|Freshwater Lake - North America_images_000003.tif|35DCAD68-7F6F-46D4-AC60-AD8EE042A4E3
733|1584|981|43|44|606|1247|1084|1|1|0|0.7035|4.5000|0|0.0000|0.0000|0.0000|857.0000|36.0000|33.0000|34.1389|111.2548|103.9632|34.3805|31.9031|316.4514|20.0728|22.1603|20.0497|20.8510|20.0728|78.2678|69.9724|105.2124|58.5863|90167.0000|1.1493|1.0000|1.1186|62.0918|382.1250|0.8915|0.8045|0.9920|0.0000|842.0000|857.0000|316.4514|55.0000|0.0000|112.7060|112.2952|88.4259|4.8235|43.0000|6.1819|4.0141|43.0000|5.4078|0.0000|0.0000|0.0000|2017-08-24T07:04:02.235|Freshwater Lake - North America_images_000003.tif|595BCBBC-CC06-4781-93FB-34BD81593641
734|1629|981|36|37|204|434|1085|1|1|0|0.7035|4.5000|0|0.0000|0.0000|0.0000|568.0000|29.0000|25.0000|27.4444|85.5980|83.2593|28.2714|25.5790|194.9030|15.7530|17.2357|14.4217|16.1414|15.7530|60.2182|55.4072|94.5070|24.2284|53680.0000|1.0265|1.0000|1.0868|119.0270|382.8280|0.9235|0.9303|0.9951|0.0000|538.5000|568.0000|194.9030|-75.0000|45.0000|102.6408|101.3521|77.9701|3.2151|32.0000|4.1182|4.0311|32.0000|5.4009|0.0000|0.0000|0.0000|2017-08-24T07:04:02.946|Freshwater Lake - North America_images_000003.tif|C5723377-7112-413B-8DB3-9C70E30D89E6
735|1667|981|31|35|186|1497|1088|1|1|0|0.7035|4.5000|0|0.0000|0.0000|0.0000|295.0000|26.0000|18.0000|22.3056|75.6985|67.1130|25.3777|16.3221|86.0708|10.4685|15.1253|9.4973|12.5262|10.4685|53.2539|44.0482|144.5390|22.1506|42639.0000|1.5458|2.4476|1.2090|56.0746|383.9530|0.6179|0.5146|0.8251|0.0000|310.5000|295.0000|86.0708|-85.0000|30.0000|145.9356|149.0644|135.1153|3.9360|41.0000|5.1845|4.3763|41.0000|5.7769|0.0000|0.0000|0.0000|2017-08-24T07:04:04.059|Freshwater Lake - North America_images_000003.tif|ADDD486B-2C7F-4DDF-B4C5-98D3284C5481
736|1700|981|44|34|616|1292|1089|1|1|0|0.7035|4.5000|0|0.0000|0.0000|0.0000|491.0000|34.0000|24.0000|29.1944|103.4975|88.8312|32.3024|22.0670|163.4037|14.4240|20.7533|13.7183|17.3725|14.4240|72.8105|59.3270|120.1914|27.6091|59014.0000|1.7361|3.1351|1.2273|101.1236|384.2030|0.5085|0.3047|0.8170|0.0000|538.5000|491.0000|163.4037|0.0000|-90.0000|128.3259|125.6843|106.3442|3.9092|35.0000|5.2730|4.4067|35.0000|5.7199|0.0000|0.0000|0.0000|2017-08-24T07:04:04.294|Freshwater Lake - North America_images_000003.tif|48714593-C219-4EFA-9E5D-213CA0F23D16
737|1746|981|47|37|201|1507|1094|1|1|0|0.7035|4.5000|0|0.0000|0.0000|0.0000|700.0000|39.0000|24.0000|33.3889|112.4264|101.6225|38.6356|23.6951|249.8703|17.8366|24.2707|13.7183|20.3233|17.8366|79.0920|68.3257|146.0800|29.3709|102256.0000|1.4369|2.0188|1.1576|69.6700|386.3910|0.6031|0.6902|0.8678|0.0000|719.0000|700.0000|249.8703|30.0000|-70.0000|145.5986|149.2486|140.0871|4.3708|31.0000|5.6451|4.7865|31.0000|6.0263|0.0000|0.0000|0.0000|2017-08-24T07:04:06.489|Freshwater Lake - North America_images_000003.tif|83FE18E0-89DD-4E74-8E45-0814F2276B52
738|1795|981|72|104|969|1358|1096|1|2|0|0.7035|4.5000|0|0.0000|0.0000|0.0000|3095.0000|94.0000|55.0000|76.3333|302.5513|236.9923|86.2309|50.9417|1320.0178|40.9963|62.9633|35.5267|50.5347|41.6830|212.8448|163.5583|115.8947|45.9045|358694.0000|2.2821|4.9680|1.3013|53.0260|388.0000|0.2896|0.3012|0.8103|0.0000|3798.5000|3192.0000|1364.6095|80.0000|15.0000|121.4805|118.4352|108.7813|3.2370|45.0000|4.5863|4.3894|45.0000|5.7550|0.0000|0.0000|0.0000|2017-08-24T07:04:08.107|Freshwater Lake - North America_images_000003.tif|160078D9-BD62-4B57-B81E-DBACBA24F44F
739|1869|981|35|31|136|1057|1098|1|1|0|0.7035|4.5000|0|0.0000|0.0000|0.0000|318.0000|25.0000|20.0000|22.5556|73.3553|67.7158|22.7510|18.8178|94.8604|10.9900|14.4217|10.9043|12.7021|10.9900|51.6055|44.4723|112.8805|26.9075|35896.0000|1.3466|1.6087|1.1604|141.3492|389.7810|0.7660|0.6372|0.9289|0.0000|327.5000|318.0000|94.8604|0.0000|-55.0000|124.4465|121.5314|91.4560|4.2516|38.0000|5.5847|3.9006|38.0000|4.9413|0.0000|0.0000|0.0000|2017-08-24T07:04:09.909|Freshwater Lake - North America_images_000003.tif|3A184ED2-BC2D-4317-B11F-CBC2AC9D6F52
740|1906|981|74|74|187|1375|1099|1|1|0|0.7035|4.5000|0|0.0000|0.0000|0.0000|1403.0000|67.0000|59.0000|63.6111|330.5929|196.8428|81.7730|67.0882|554.3752|26.5679|43.9688|38.3407|41.5847|26.5679|232.5721|135.3132|92.6622|40.7486|130005.0000|6.1990|17.4172|1.7188|148.4793|390.8440|0.5520|0.7144|0.3193|0.0000|2974.0000|1403.0000|554.3752|-55.0000|30.0000|97.4505|97.6101|81.1846|4.6974|74.0000|6.2393|4.9454|74.0000|6.4855|0.0000|0.0000|0.0000|2017-08-24T07:04:10.945|Freshwater Lake - North America_images_000003.tif|27F907C9-E115-436F-82EE-37DD4A9BDF5D
741|2|1210|68|63|1008|1095|1100|1|1|0|0.7035|4.5000|0|0.0000|0.0000|0.0000|2323.0000|61.0000|51.0000|56.1944|188.7107|173.2973|59.0533|50.2743|967.2956|35.0941|39.7478|32.7127|36.3670|35.0941|132.7580|118.7489|78.2183|30.5705|181701.0000|1.2199|1.0000|1.1180|118.4643|391.3590|0.8328|0.8306|0.9835|0.0000|2317.0000|2323.0000|967.2956|-50.0000|70.0000|95.2647|85.3353|57.7710|5.1802|90.0000|6.8625|4.4536|90.0000|6.0406|0.0000|0.0000|0.0000|2017-08-24T07:04:11.461|Freshwater Lake - North America_images_000003.tif|886AC2A1-AF14-4118-97B6-2655CD5B47BE
742|72|1210|53|57|902|1548|1101|1|1|0|0.7035|4.5000|0|0.0000|0.0000|0.0000|713.0000|48.0000|34.0000|43.9167|179.3970|135.1433|38.3260|34.5890|255.3389|18.0307|30.6023|20.7533|27.7296|18.0307|126.2058|91.9076|146.7349|31.7261|104622.0000|3.5920|9.1755|1.3732|63.8580|392.5160|0.3634|0.3744|0.6812|0.0000|1144.0000|713.0000|255.3389|-40.0000|25.0000|153.2020|152.1431|133.6480|4.3153|34.0000|5.6551|3.8396|34.0000|4.9418|0.0000|0.0000|0.0000|2017-08-24T07:04:12.620|Freshwater Lake - North America_images_000003.tif|E0BDEAF8-DC4E-4369-9B92-E8023CD2AD3A
743|127|1210|67|88|414|1512|1105|1|2|0|0.7035|4.5000|0|0.0000|0.0000|0.0000|1602.0000|79.0000|48.0000|64.6944|276.0660|199.8923|86.9099|39.9810|642.7244|28.6067|52.4108|30.6023|42.3468|28.6067|194.2124|137.4585|125.7366|33.2049|201430.0000|3.7858|9.7912|1.4129|85.0531|394.3910|0.0558|0.4977|0.4458|0.0000|2703.5000|1602.0000|642.7244|-80.0000|15.0000|131.5250|130.6885|113.7797|4.4571|59.0000|5.7652|4.8359|59.0000|6.2188|0.0000|0.0000|0.0000|2017-08-24T07:04:14.495|Freshwater Lake - North America_images_000003.tif|DD3CEA51-64A6-4CA0-B09D-3D58036953EF
744|196|1210|47|62|939|1499|1107|1|1|0|0.7035|4.5000|0|0.0000|0.0000|0.0000|1208.0000|53.0000|36.0000|46.0556|160.2254|141.6210|47.3358|36.0786|468.5268|24.4243|34.1198|22.1603|29.2344|24.4243|112.7186|96.4646|115.3320|33.2336|139321.0000|1.6912|2.9770|1.1685|70.1338|395.8440|0.5799|0.6408|0.8684|0.0000|1320.5000|1208.0000|468.5268|-85.0000|-5.0000|122.4462|118.5944|106.2558|3.1703|31.0000|4.1397|4.1553|31.0000|5.5046|0.0000|0.0000|0.0000|2017-08-24T07:04:15.971|Freshwater Lake - North America_images_000003.tif|BC224536-A777-47B1-9FA9-06DE8BC9BE99
745|245|1210|38|35|597|1242|1110|1|1|0|0.7035|4.5000|0|0.0000|0.0000|0.0000|518.0000|30.0000|23.0000|26.6667|85.0122|80.7190|28.9510|22.8256|174.3936|14.9012|17.9393|13.0147|15.5943|14.9012|59.8061|53.6201|107.5328|28.7795|55702.0000|1.1103|1.0000|1.1154|90.4247|396.5940|0.8262|0.8455|0.9705|0.0000|498.0000|518.0000|174.3936|-45.0000|55.0000|115.5425|114.7915|90.3050|4.3771|37.0000|5.7053|3.4820|37.0000|4.3521|0.0000|0.0000|0.0000|2017-08-24T07:04:16.687|Freshwater Lake - North America_images_000003.tif|DA7B3518-5896-429E-85AB-2D5F6D43F575
746|285|1210|41|45|172|1347|1113|1|1|0|0.7035|4.5000|0|0.0000|0.0000|0.0000|834.0000|36.0000|30.0000|33.5000|107.4975|102.3499|35.0655|30.3813|306.6297|19.7589|22.1603|17.9393|20.4015|19.7589|75.6245|68.8374|88.1019|50.9820|73477.0000|1.1026|1.0000|1.0986|124.5484|396.8910|0.8679|0.8767|0.9866|0.0000|812.5000|834.0000|306.6297|70.0000|-5.0000|94.1079|94.8849|72.5312|4.7889|46.0000|6.1466|4.1554|46.0000|5.5179|0.0000|0.0000|0.0000|2017-08-24T07:04:16.999|Freshwater Lake - North America_images_000003.tif|EC8ECB86-1766-404B-8762-E49D126E0562
747|328|1210|40|55|1012|1295|1116|1|1|0|0.7035|4.5000|0|0.0000|0.0000|0.0000|780.0000|47.0000|27.0000|37.3889|129.1543|114.2452|44.3358|24.2444|283.6568|19.0043|29.8987|15.8287|23.1373|19.0043|90.8601|77.2057|101.8051|44.6120|79408.0000|1.7018|3.0147|1.1769|97.8496|398.4060|0.4516|0.5381|0.7779|0.0000|837.5000|780.0000|283.6568|75.0000|-30.0000|107.0885|104.8974|93.8000|3.1126|32.0000|4.1378|4.2181|32.0000|5.4965|0.0000|0.0000|0.0000|2017-08-24T07:04:18.509|Freshwater Lake - North America_images_000003.tif|E8EF158E-CF87-4A57-96BD-B99469A1FDEF
748|370|1210|33|29|1023|1236|1117|1|1|0|0.7035|4.5000|0|0.0000|0.0000|0.0000|333.0000|25.0000|18.0000|21.5833|66.5269|64.5205|23.8369|17.8040|100.6430|11.3200|14.4217|9.4973|12.0181|11.3200|46.8017|42.2244|98.6937|30.6335|32865.0000|1.0576|1.0000|1.1084|115.8772|399.0780|0.8124|0.8647|0.9580|0.0000|311.5000|333.0000|100.6430|-25.0000|65.0000|106.3393|103.3604|86.6817|4.5989|36.0000|5.8755|3.6409|36.0000|4.5083|0.0000|0.0000|0.0000|2017-08-24T07:04:19.195|Freshwater Lake - North America_images_000003.tif|4AA982F3-6293-4ECA-80A9-C63369A7D07D
749|405|1210|36|36|968|1225|1118|1|1|0|0.7035|4.5000|0|0.0000|0.0000|0.0000|515.0000|28.0000|25.0000|26.3611|84.1838|80.0386|26.0034|25.2847|173.1694|14.8488|16.5323|14.4217|15.3793|14.8488|59.2233|53.1414|103.9049|51.4368|53511.0000|1.0951|1.0000|1.1144|103.7808|400.9220|0.9292|0.8991|0.9969|0.0000|496.5000|515.0000|173.1694|-55.0000|80.0000|111.9981|109.9184|89.0136|4.5533|39.0000|5.8559|3.9677|39.0000|5.1592|0.0000|0.0000|0.0000|2017-08-24T07:04:21.037|Freshwater Lake - North America_images_000003.tif|1C513CD8-E3C8-4284-8AE0-983DCAD7E867
750|443|1210|51|210|283|1447|1123|1|2|0|0.7035|4.5000|0|0.0000|0.0000|0.0000|1280.0000|200.0000|40.0000|132.0000|481.1960|411.9181|194.4696|37.8003|500.1310|25.2346|137.5343|24.9743|89.6963|25.2346|338.5214|286.6186|121.4648|24.3160|155475.0000|14.3954|43.2014|1.1811|85.2533|402.5780|0.0000|0.1669|0.0831|0.0000|4087.5000|1280.0000|500.1310|-90.0000|0.0000|129.4039|129.1984|103.2820|3.5472|1.0000|3.5472|3.9698|1.0000|3.9698|0.0000|0.0000|0.0000|2017-08-24T07:04:22.684|Freshwater Lake - North America_images_000003.tif|CB696239-7AF1-4E49-BB98-184216A5A381
751|496|1210|65|58|931|1441|1124|1|2|0|0.7035|4.5000|0|0.0000|0.0000|0.0000|1143.0000|61.0000|41.0000|50.7222|218.3675|156.1939|53.7949|35.3123|440.0997|23.6718|39.7478|25.6777|32.5173|25.2457|153.6215|106.7167|147.2345|32.1888|168289.0000|2.9622|7.1665|1.4395|82.2296|403.0000|0.4505|0.5199|0.7878|0.0000|1703.5000|1281.0000|500.5707|-35.0000|30.0000|152.5311|151.1024|137.6124|4.2664|46.0000|5.7230|4.0309|46.0000|5.0808|0.0000|0.0000|0.0000|2017-08-24T07:04:23.101|Freshwater Lake - North America_images_000003.tif|BD27D2B6-AF3E-4E8F-AA5A-0D7BC7EF13A2
752|563|1210|55|47|827|1586|1125|1|3|0|0.7035|4.5000|0|0.0000|0.0000|0.0000|548.0000|47.0000|32.0000|40.5833|186.4680|124.7914|51.1824|33.2029|186.6759|15.4170|29.8987|19.3463|25.3846|15.4170|131.1802|84.6250|158.0547|25.8796|86614.0000|5.0491|13.7899|1.5501|67.6168|403.3130|0.2844|0.4735|0.3749|0.0000|1018.5000|548.0000|186.6759|-20.0000|65.0000|161.1624|161.8376|149.4872|4.4209|45.0000|5.6241|4.7986|45.0000|6.0619|0.0000|0.0000|0.0000|2017-08-24T07:04:23.409|Freshwater Lake - North America_images_000003.tif|6E56083A-D837-4B4A-83C5-D286EDA47FE6
753|620|1210|34|41|878|1329|1125|1|1|0|0.7035|4.5000|0|0.0000|0.0000|0.0000|471.0000|31.0000|24.0000|28.2500|100.1838|85.0225|29.6838|22.7639|155.3054|14.0620|18.6427|13.7183|16.7081|14.0620|70.4793|56.6476|155.0616|29.0232|73034.0000|1.6958|2.9933|1.2442|64.9551|403.3130|0.5656|0.3007|0.8571|0.0000|512.0000|471.0000|155.3054|-90.0000|0.0000|157.5414|158.5159|147.3992|4.4209|45.0000|5.6241|4.7986|45.0000|6.0619|0.0000|0.0000|0.0000|2017-08-24T07:04:23.409|Freshwater Lake - North America_images_000003.tif|43C40A79-657F-4EA4-80F7-9707F9645C44
754|656|1210|42|85|818|1385|1126|1|1|0|0.7035|4.5000|0|0.0000|0.0000|0.0000|892.0000|79.0000|15.0000|53.7778|178.9533|166.1167|84.7843|13.8996|331.4372|20.5426|52.4108|7.3868|34.6669|20.5426|125.8936|113.6973|142.0886|20.5417|126743.0000|2.8570|6.8290|1.1073|60.6561|403.9840|0.0000|0.7244|0.3077|0.0000|922.0000|892.0000|331.4372|75.0000|-20.0000|146.2444|145.8128|133.2466|4.2444|69.0000|5.9292|4.5182|69.0000|6.2182|0.0000|0.0000|0.0000|2017-08-24T07:04:24.093|Freshwater Lake - North America_images_000003.tif|44314622-11A9-48C4-817F-0377908F8B86
755|700|1210|46|60|888|1492|1127|1|1|0|0.7035|4.5000|0|0.0000|0.0000|0.0000|1226.0000|55.0000|32.0000|44.9444|161.6396|137.7351|51.7328|32.2861|476.4168|24.6291|35.5267|19.3463|28.4526|24.9111|113.7135|93.7309|145.1052|29.5735|177899.0000|1.6620|2.8733|1.2132|68.9301|404.3590|0.5405|0.4942|0.8567|0.0000|1290.0000|1251.0000|487.3875|-70.0000|20.0000|148.6688|149.5424|134.9821|4.7988|63.0000|6.2823|4.9805|63.0000|6.4870|0.0000|0.0000|0.0000|2017-08-24T07:04:24.450|Freshwater Lake - North America_images_000003.tif|01E93823-157C-4821-8B1C-769A14D74BB2
756|748|1210|65|30|130|1005|1130|1|1|0|0.7035|4.5000|0|0.0000|0.0000|0.0000|391.0000|57.0000|16.0000|38.8889|130.5685|118.8385|61.0211|11.9936|123.3263|12.5309|36.9338|8.0903|24.1926|12.5309|91.8549|80.4371|143.6905|34.0702|56183.0000|3.4697|8.7865|1.1419|76.8947|406.2500|0.0000|0.1454|0.2575|0.0000|543.5000|391.0000|123.3263|10.0000|-80.0000|143.8465|147.8951|135.3504|4.3740|63.0000|5.7907|4.5864|63.0000|6.0531|0.0000|0.0000|0.0000|2017-08-24T07:04:26.345|Freshwater Lake - North America_images_000003.tif|1C0044CC-FCC7-42A0-AB34-3A5E90163F40
757|815|1210|34|35|485|1023|1131|1|1|0|0.7035|4.5000|0|0.0000|0.0000|0.0000|437.0000|25.0000|23.0000|24.3611|77.0122|73.5838|24.3318|22.9241|141.6284|13.4286|14.4217|13.0147|13.9723|13.4286|54.1781|48.6005|157.8352|40.7706|68974.0000|1.0800|1.0000|1.1148|121.0769|406.5160|0.9269|0.8817|0.9958|0.0000|419.5000|437.0000|141.6284|-90.0000|30.0000|163.1121|160.9565|149.6682|4.0943|43.0000|5.5781|3.8947|43.0000|4.7365|0.0000|0.0000|0.0000|2017-08-24T07:04:26.609|Freshwater Lake - North America_images_000003.tif|398FC003-718F-4B3D-860A-7B45E6FBD0EB
758|851|1210|28|36|1029|727|1131|1|1|0|0.7035|4.5000|0|0.0000|0.0000|0.0000|382.0000|27.0000|18.0000|23.3889|72.8701|70.0671|26.8617|18.1349|119.7757|12.3492|15.8287|9.4973|13.2883|12.3492|51.2641|46.1265|134.2068|61.4368|51267.0000|1.1062|1.0000|1.1114|39.0462|406.5160|0.7440|0.9205|0.9261|0.0000|359.5000|382.0000|119.7757|-80.0000|0.0000|141.2487|139.6623|120.8351|4.0943|43.0000|5.5781|3.8947|43.0000|4.7365|0.0000|0.0000|0.0000|2017-08-24T07:04:26.609|Freshwater Lake - North America_images_000003.tif|FA31979D-3635-4FFD-8D73-24E014F2F3D7
759|881|1210|30|80|998|1273|1133|1|2|0|0.7035|4.5000|0|0.0000|0.0000|0.0000|392.0000|71.0000|17.0000|48.6389|123.7990|149.6739|64.0475|12.2169|123.7215|12.5510|46.7828|8.7937|31.0517|12.5510|87.0926|102.1298|161.2015|30.8225|63191.0000|3.1113|7.6435|0.8528|61.0678|406.9690|0.0000|0.3321|0.2348|0.0000|718.5000|392.0000|123.7215|-80.0000|5.0000|165.2934|163.8112|154.5306|3.9622|33.0000|5.3151|4.0810|33.0000|5.3554|0.0000|0.0000|0.0000|2017-08-24T07:04:27.082|Freshwater Lake - North America_images_000003.tif|420E6322-DC2A-4176-B58F-16FA54895DC6
760|913|1210|56|75|394|1533|1135|1|4|0|0.7035|4.5000|0|0.0000|0.0000|0.0000|730.0000|63.0000|41.0000|52.0278|197.0538|160.0622|54.2793|34.5019|262.5032|18.2819|41.1547|25.6777|33.4358|18.2819|138.6273|109.4380|151.1493|25.3704|110339.0000|4.2329|11.2088|1.2667|55.6742|408.0940|0.1529|0.1046|0.4494|0.0000|1726.0000|730.0000|262.5032|70.0000|-45.0000|152.4658|155.5795|141.9767|4.1163|56.0000|5.5742|4.5143|56.0000|6.0120|0.0000|0.0000|0.0000|2017-08-24T07:04:28.199|Freshwater Lake - North America_images_000003.tif|67C855F3-6DA2-4EAD-A7B0-DB3868C20B00
761|971|1210|45|47|207|697|1138|1|1|0|0.7035|4.5000|0|0.0000|0.0000|0.0000|814.0000|42.0000|34.0000|37.0000|128.4264|113.1379|34.8070|31.4004|298.1066|19.4823|26.3813|20.7533|22.8637|19.4823|90.3480|76.4268|100.0344|36.0247|81428.0000|1.6124|2.6944|1.1822|121.9397|409.1720|0.7209|0.7123|0.9433|0.0000|900.0000|814.0000|298.1066|-60.0000|15.0000|105.6007|103.9644|90.1720|3.0527|37.0000|3.9876|4.2631|37.0000|5.4306|0.0000|0.0000|0.0000|2017-08-24T07:04:29.268|Freshwater Lake - North America_images_000003.tif|62801EC8-9AA1-4863-95FB-F66FD1A7172E
762|1018|1210|80|315|537|1371|1145|1|1|0|0.7035|4.5000|0|0.0000|0.0000|0.0000|2949.0000|311.0000|19.0000|201.9722|670.4335|631.2576|353.7631|11.4906|1253.0029|39.9421|215.6227|10.2007|138.9217|39.9421|471.6500|440.9240|140.6368|35.8314|414738.0000|12.1290|36.0768|1.0697|115.2755|410.8440|0.0000|0.4979|0.0599|0.0000|3359.5000|2949.0000|1253.0029|75.0000|-10.0000|149.2133|146.1913|126.4951|3.9249|218.0000|6.1278|3.5552|218.0000|4.9711|0.0000|0.0000|0.0000|2017-08-24T07:04:30.935|Freshwater Lake - North America_images_000003.tif|7377560A-EB00-480F-9BEF-0D74AE04CDA3
763|1100|1210|49|45|805|1553|1148|1|1|0|0.7035|4.5000|0|0.0000|0.0000|0.0000|931.0000|41.0000|35.0000|38.9722|132.9117|119.1198|39.4238|33.4075|348.1891|21.0554|25.6777|21.4567|24.2512|21.0554|93.5034|80.6350|90.5650|37.1185|84316.0000|1.5100|2.3110|1.1596|111.7712|411.5470|0.6055|0.3913|0.8878|0.0000|1004.5000|931.0000|348.1891|15.0000|-90.0000|95.1214|93.7648|82.5295|4.9984|47.0000|6.3489|5.2533|47.0000|6.6494|0.0000|0.0000|0.0000|2017-08-24T07:04:31.677|Freshwater Lake - North America_images_000003.tif|E01512B1-E96A-4031-88AE-FE7FC26A014F
764|1151|1210|44|40|574|1422|1148|1|1|0|0.7035|4.5000|0|0.0000|0.0000|0.0000|664.0000|35.0000|28.0000|31.5000|105.4975|95.7355|31.9625|27.0116|234.7745|17.2894|21.4567|16.5323|18.9945|17.2894|74.2175|64.1842|128.2169|27.6166|85136.0000|1.3338|1.5418|1.1563|67.2418|411.5470|0.7803|0.7227|0.9655|0.0000|684.0000|664.0000|234.7745|10.0000|-45.0000|133.8539|130.1250|122.3223|4.9984|47.0000|6.3489|5.2533|47.0000|6.6494|0.0000|0.0000|0.0000|2017-08-24T07:04:31.677|Freshwater Lake - North America_images_000003.tif|416EE3AD-5621-4162-8454-1A16558F1A1E
765|1197|1210|39|34|609|1649|1149|1|1|0|0.7035|4.5000|0|0.0000|0.0000|0.0000|419.0000|29.0000|22.0000|25.7500|89.0122|78.0549|27.3305|20.7113|134.4374|13.0832|17.2357|12.3113|14.9494|13.0832|62.6201|51.7459|132.9642|17.9958|55712.0000|1.5048|2.2909|1.2101|58.1429|411.7970|0.6498|0.5049|0.9074|0.0000|440.5000|419.0000|134.4374|0.0000|50.0000|138.7828|136.2053|124.4558|4.6238|35.0000|5.8966|4.8623|35.0000|6.1651|0.0000|0.0000|0.0000|2017-08-24T07:04:31.906|Freshwater Lake - North America_images_000003.tif|8C276EC1-9808-4FDF-B595-0463D63BE55C
766|1238|1210|36|40|999|1393|1149|1|1|0|0.7035|4.5000|0|0.0000|0.0000|0.0000|450.0000|30.0000|24.0000|27.1389|92.7696|82.4247|26.9147|23.4717|146.8439|13.6736|17.9393|13.7183|15.9265|13.6736|65.2634|54.8200|100.5556|42.3032|45250.0000|1.5219|2.3569|1.1905|95.7561|411.7970|0.6884|0.4943|0.8985|0.0000|477.5000|450.0000|146.8439|-90.0000|-15.0000|106.5822|104.5444|90.4133|4.6238|35.0000|5.8966|4.8623|35.0000|6.1651|0.0000|0.0000|0.0000|2017-08-24T07:04:31.906|Freshwater Lake - North America_images_000003.tif|CCB29AEC-FDCE-4BE2-BA67-746366F16ABF
767|1276|1210|44|77|339|1009|1151|1|1|0|0.7035|4.5000|0|0.0000|0.0000|0.0000|676.0000|73.0000|16.0000|49.9167|165.7817|153.9176|80.2924|12.6915|239.7985|17.4734|48.1898|8.0903|31.9506|17.4734|116.6274|105.1153|150.6612|39.6725|101847.0000|3.2353|8.0397|1.1095|40.7203|412.0940|0.0000|0.4738|0.2605|0.0000|814.5000|676.0000|239.7985|65.0000|-20.0000|151.6287|154.8284|142.0355|3.9834|102.0000|5.8077|4.3385|102.0000|6.1060|0.0000|0.0000|0.0000|2017-08-24T07:04:32.192|Freshwater Lake - North America_images_000003.tif|E8EC5464-E1AD-4435-A86B-6E6E6D918F6B
768|1322|1210|51|54|310|1590|1154|1|1|0|0.7035|4.5000|0|0.0000|0.0000|0.0000|899.0000|48.0000|35.0000|42.6389|163.3970|130.6513|49.3969|29.3876|334.4399|20.6355|30.6023|21.4567|26.8307|20.6355|114.9498|88.7474|122.7475|27.2186|110350.0000|2.3633|5.2334|1.2952|78.6301|413.6250|0.3831|0.2998|0.6929|0.0000|1224.0000|899.0000|334.4399|-35.0000|50.0000|128.4427|127.0156|112.2191|0.0000|31.0000|0.0000|4.0271|31.0000|5.2554|0.0000|0.0000|0.0000|2017-08-24T07:04:33.723|Freshwater Lake - North America_images_000003.tif|8A796F5C-B250-4BBB-9314-7175DE991A69
769|1375|1210|29|29|533|997|1155|1|1|0|0.7035|4.5000|0|0.0000|0.0000|0.0000|283.0000|21.0000|19.0000|19.5833|60.2843|58.2210|19.2725|18.7148|81.5252|10.1883|11.6077|10.2007|10.6111|10.1883|42.4100|37.7927|152.2968|25.1109|43100.0000|1.0219|1.0000|1.1222|46.4231|413.6880|0.9447|0.9220|0.9986|0.0000|263.5000|283.0000|81.5252|-45.0000|0.0000|156.6254|154.2615|146.7739|3.0656|35.0000|3.8847|4.1223|35.0000|5.3757|0.0000|0.0000|0.0000|2017-08-24T07:04:33.805|Freshwater Lake - North America_images_000003.tif|A9BEF259-0A0F-485C-B6B5-78E472C7213C
770|1406|1210|31|34|415|587|1161|1|1|0|0.7035|4.5000|0|0.0000|0.0000|0.0000|300.0000|25.0000|20.0000|22.3889|75.1127|67.2824|22.7477|18.0730|87.9732|10.5835|14.4217|10.9043|12.5848|10.5835|52.8418|44.1674|118.1900|25.6810|35457.0000|1.4966|2.2589|1.1964|99.4242|416.2660|0.7124|0.5820|0.9051|0.0000|320.0000|300.0000|87.9732|55.0000|10.0000|123.4600|121.6633|109.2400|2.8021|32.0000|3.0175|4.0618|32.0000|5.2861|0.0000|0.0000|0.0000|2017-08-24T07:04:36.359|Freshwater Lake - North America_images_000003.tif|862E8F69-618A-40FB-9EF3-0FE71BA4F105
771|1439|1210|27|36|304|1526|1165|1|1|0|0.7035|4.5000|0|0.0000|0.0000|0.0000|281.0000|26.0000|17.0000|21.2222|68.7696|63.6984|24.8210|15.0405|80.7704|10.1410|15.1253|8.7937|11.7641|10.1410|48.3794|41.6461|125.3772|19.7407|35231.0000|1.3393|1.5710|1.1617|57.6379|417.0310|0.6412|0.6177|0.8495|0.0000|284.0000|281.0000|80.7704|-90.0000|0.0000|129.3488|129.0890|116.6085|3.7708|33.0000|5.0983|4.1864|33.0000|5.4875|0.0000|0.0000|0.0000|2017-08-24T07:04:37.163|Freshwater Lake - North America_images_000003.tif|B2994AB0-F0CC-4FE2-AD3E-231AFFD93A36
772|1468|1210|249|56|673|1245|1168|1|1|0|0.7035|4.5000|0|0.0000|0.0000|0.0000|2168.0000|240.0000|34.0000|158.3611|533.1787|494.3128|283.2350|26.8983|897.0411|33.7957|165.6743|20.7533|108.2413|33.7957|375.0912|344.5833|120.0166|29.7798|260196.0000|10.4346|30.7488|1.0885|93.7323|418.8590|0.0000|0.3422|0.0682|0.0000|5299.0000|2168.0000|897.0411|-10.0000|85.0000|126.3570|124.0853|109.6181|4.9332|95.0000|6.5107|5.1013|95.0000|6.6850|0.0000|0.0000|0.0000|2017-08-24T07:04:38.981|Freshwater Lake - North America_images_000003.tif|303A428D-54B2-45FE-B6ED-2E1F34D47606
773|1719|1210|32|104|947|1416|1173|1|2|0|0.7035|4.5000|0|0.0000|0.0000|0.0000|452.0000|94.0000|9.0000|62.6389|199.7401|193.7471|100.5321|6.8297|147.6478|13.7110|62.9633|3.1658|40.9007|13.7110|140.5172|133.1353|164.0951|27.9706|74171.0000|7.0240|20.0165|1.0554|59.9457|421.5000|0.0000|0.4930|0.1134|0.0000|590.5000|452.0000|147.6478|75.0000|-10.0000|167.2301|167.5686|156.1040|4.0209|75.0000|5.6680|4.3589|75.0000|5.9582|0.0000|0.0000|0.0000|2017-08-24T07:04:41.599|Freshwater Lake - North America_images_000003.tif|3FFEA472-2517-40FD-B1F5-5BB36613465A
774|1753|1210|34|71|822|1643|1175|1|1|0|0.7035|4.5000|0|0.0000|0.0000|0.0000|520.0000|63.0000|11.0000|43.1111|141.9828|132.3362|68.3562|9.9305|175.2101|14.9360|41.1547|4.5728|27.1629|14.9360|99.8849|89.9328|153.5827|28.3788|79863.0000|3.0850|7.5596|1.1107|70.3680|422.1090|0.0000|0.7600|0.2775|0.0000|505.0000|520.0000|175.2101|-80.0000|15.0000|158.7038|157.9019|143.1346|4.1834|46.0000|5.6990|4.3371|46.0000|5.7897|0.0000|0.0000|0.0000|2017-08-24T07:04:42.212|Freshwater Lake - North America_images_000003.tif|067F393E-B2CB-4315-BD56-80798D500B6C
775|1789|1210|32|33|750|631|1175|1|1|0|0.7035|4.5000|0|0.0000|0.0000|0.0000|310.0000|24.0000|21.0000|22.0833|71.9411|66.2429|20.9017|20.0962|91.7922|10.8108|13.7183|11.6077|12.3699|10.8108|50.6106|43.4361|126.2548|33.6763|39139.0000|1.3286|1.5128|1.1652|113.0161|422.1090|0.7748|0.6134|0.9389|0.0000|316.0000|310.0000|91.7922|75.0000|15.0000|131.5935|128.9516|118.9645|4.1834|46.0000|5.6990|4.3371|46.0000|5.7897|0.0000|0.0000|0.0000|2017-08-24T07:04:42.212|Freshwater Lake - North America_images_000003.tif|839E57A6-B36A-4326-9444-C3D4AEFE096F
776|1823|1210|26|55|410|1318|1180|1|1|0|0.7035|4.5000|0|0.0000|0.0000|0.0000|322.0000|46.0000|16.0000|33.2778|120.3259|101.2523|44.4289|14.7038|96.3987|11.0787|29.1953|8.0903|20.2452|11.0787|84.6493|68.0652|142.4317|34.4433|45863.0000|3.5781|9.1314|1.2436|97.2190|423.7970|0.1614|0.2715|0.3744|0.0000|505.5000|322.0000|96.3987|-85.0000|0.0000|145.3944|145.9907|134.3540|3.8218|36.0000|5.2689|4.3636|36.0000|5.5361|0.0000|0.0000|0.0000|2017-08-24T07:04:43.885|Freshwater Lake - North America_images_000003.tif|B5C6BB77-90B2-46E7-9C54-2D515B6284F3
777|1851|1210|30|41|477|574|1183|1|1|0|0.7035|4.5000|0|0.0000|0.0000|0.0000|360.0000|32.0000|18.0000|26.6389|110.1838|80.4888|31.3120|17.9185|111.1422|11.8958|19.3463|9.4973|15.5747|11.8958|77.5143|53.4581|131.4917|23.9395|47337.0000|2.6836|6.2714|1.4500|84.3838|424.4840|0.4446|0.3067|0.7044|0.0000|430.5000|360.0000|111.1422|60.0000|-10.0000|140.6333|138.0833|115.1083|4.0164|33.0000|5.1378|4.2233|33.0000|5.5016|0.0000|0.0000|0.0000|2017-08-24T07:04:44.599|Freshwater Lake - North America_images_000003.tif|CE75AF9D-FF04-4A00-84B4-765A5AB02C85
778|1883|1210|53|53|756|1566|1184|1|1|0|0.7035|4.5000|0|0.0000|0.0000|0.0000|1021.0000|52.0000|39.0000|44.9167|220.9533|138.2919|46.8516|38.1615|387.0437|22.1991|33.4162|24.2707|28.4331|22.1991|155.4406|94.1226|141.0930|35.6762|144056.0000|3.8051|9.8526|1.6515|89.3266|424.9380|0.2410|0.0607|0.7120|0.0000|1375.0000|1021.0000|387.0437|-45.0000|65.0000|147.8541|146.8031|127.2664|4.3730|42.0000|5.8070|4.0027|42.0000|5.0045|0.0000|0.0000|0.0000|2017-08-24T07:04:45.041|Freshwater Lake - North America_images_000003.tif|B1D0556F-63D0-4E5A-B1CA-6E34A4E681B3
779|1938|1210|21|108|669|1496|1189|1|1|0|0.7035|4.5000|0|0.0000|0.0000|0.0000|519.0000|98.0000|8.0000|64.1389|203.4558|198.7709|110.8958|6.3464|174.8018|14.9186|65.7772|2.8140|41.9560|14.9186|143.1312|136.6696|145.0501|13.7666|75281.0000|6.3469|17.8835|1.0473|48.0357|427.6720|0.0000|0.6650|0.1071|0.0000|528.0000|519.0000|174.8018|-90.0000|5.0000|153.4586|156.8825|118.6397|4.0478|74.0000|5.7974|4.3787|74.0000|6.0855|0.0000|0.0000|0.0000|2017-08-24T07:04:47.778|Freshwater Lake - North America_images_000003.tif|91C390A9-C909-4AE0-A50F-F8BEB32EB696
780|2|1527|130|113|350|1362|1190|1|1|0|0.7035|4.5000|0|0.0000|0.0000|0.0000|1314.0000|155.0000|16.0000|101.9722|337.7300|316.9907|173.6099|12.4103|515.0946|25.6094|105.8768|8.0903|68.5717|25.6094|237.5931|219.8372|108.8988|28.6813|143093.0000|6.9077|19.6503|1.0808|123.6364|428.0940|0.0000|0.1646|0.1105|0.0000|1732.5000|1314.0000|515.0946|35.0000|-50.0000|114.4855|113.7070|97.3409|4.5389|73.0000|6.2552|4.7453|73.0000|6.4710|0.0000|0.0000|0.0000|2017-08-24T07:04:48.213|Freshwater Lake - North America_images_000003.tif|1CE9D9AB-4AB7-440A-9A87-6B6FCB7BF769
781|134|1527|70|39|809|1470|1192|1|1|0|0.7035|4.5000|0|0.0000|0.0000|0.0000|521.0000|61.0000|26.0000|44.4167|176.1249|136.5410|58.8888|23.6442|175.6185|14.9534|39.7478|15.1253|28.0814|14.9534|123.9039|92.8908|163.0384|20.4281|84943.0000|4.7380|12.8067|1.3339|41.6452|428.4530|0.0000|0.3492|0.3295|0.0000|859.0000|521.0000|175.6185|-15.0000|75.0000|164.9463|166.1440|156.2035|4.3612|42.0000|5.7085|4.5076|42.0000|5.9083|0.0000|0.0000|0.0000|2017-08-24T07:04:48.563|Freshwater Lake - North America_images_000003.tif|AB8D252A-181E-40A3-AF13-912CE444654B
782|206|1527|63|61|687|1568|1195|1|1|0|0.7035|4.5000|0|0.0000|0.0000|0.0000|1494.0000|60.0000|42.0000|51.9444|195.8822|159.8572|59.5858|35.8077|594.6925|27.5170|39.0442|26.3813|33.3771|27.5170|137.8031|109.2938|100.4224|38.4259|150031.0000|2.0438|4.1815|1.2609|93.1420|429.1880|0.4055|0.4408|0.7872|0.0000|1797.0000|1494.0000|594.6925|60.0000|-55.0000|106.9116|104.0529|90.8313|3.2584|51.0000|4.1842|4.2035|51.0000|5.6172|0.0000|0.0000|0.0000|2017-08-24T07:04:49.309|Freshwater Lake - North America_images_000003.tif|EA5C57B7-9379-43A7-83A5-9C7748EEC932
783|271|1527|33|38|815|1066|1197|1|1|0|0.7035|4.5000|0|0.0000|0.0000|0.0000|422.0000|30.0000|23.0000|25.5556|84.5269|77.1663|27.1251|20.7990|135.6334|13.1413|17.9393|13.0147|14.8126|13.1413|59.4647|51.1207|107.1493|37.2305|45217.0000|1.3473|1.6126|1.1632|136.0000|430.3440|0.7342|0.6766|0.9198|0.0000|429.5000|422.0000|135.6334|-65.0000|0.0000|116.0071|112.2583|93.7986|4.7646|70.0000|6.0884|4.9214|70.0000|6.3247|0.0000|0.0000|0.0000|2017-08-24T07:04:50.440|Freshwater Lake - North America_images_000003.tif|9B937076-2DF3-4DEA-8A1D-CDD12273499E
784|306|1527|28|58|129|1075|1198|1|1|0|0.7035|4.5000|0|0.0000|0.0000|0.0000|403.0000|50.0000|12.0000|34.8333|117.0122|106.0727|52.5438|10.7216|128.0765|12.7700|32.0093|5.2763|21.3395|12.7700|82.3181|71.4564|158.8883|24.7183|64032.0000|2.7036|6.3359|1.1520|47.7238|430.8440|0.0635|0.3619|0.3568|0.0000|434.0000|403.0000|128.0765|-80.0000|15.0000|159.1439|161.9280|152.8313|3.8944|57.0000|5.4757|4.1835|57.0000|5.7063|0.0000|0.0000|0.0000|2017-08-24T07:04:50.956|Freshwater Lake - North America_images_000003.tif|74106B0B-D9F1-491A-B752-6C48740A2E32
785|336|1527|38|32|813|1456|1200|1|1|0|0.7035|4.5000|0|0.0000|0.0000|0.0000|290.0000|29.0000|21.0000|25.2500|112.0833|76.0700|32.2783|22.2645|84.1733|10.3524|17.2357|11.6077|14.5976|10.3524|78.8506|50.3495|142.3966|12.3609|41295.0000|3.4473|8.7151|1.5661|58.7551|431.9220|0.5421|0.5377|0.4803|0.0000|428.0000|290.0000|84.1733|5.0000|70.0000|149.8483|151.0310|122.7207|4.4562|45.0000|5.6954|4.6023|45.0000|5.9207|0.0000|0.0000|0.0000|2017-08-24T07:04:52.025|Freshwater Lake - North America_images_000003.tif|DDB17A7F-FC74-4D60-87A9-E7CDA6204966
786|376|1527|44|86|469|1503|1202|1|1|0|0.7035|4.5000|0|0.0000|0.0000|0.0000|728.0000|79.0000|21.0000|55.8333|207.1371|172.6257|86.3311|19.5194|261.6596|18.2525|52.4108|11.6077|36.1130|18.2525|145.7209|118.2764|153.9766|24.4509|112095.0000|4.6900|12.6551|1.2320|54.0747|432.6880|0.0000|0.4150|0.2366|0.0000|1293.5000|728.0000|261.6596|70.0000|-15.0000|156.7143|157.0027|146.9808|3.8274|49.0000|5.3177|4.2032|49.0000|5.7015|0.0000|0.0000|0.0000|2017-08-24T07:04:52.782|Freshwater Lake - North America_images_000003.tif|4FF959C3-7E2E-4B3E-B540-A20AD6626F6D
787|422|1527|34|201|683|763|1204|1|1|0|0.7035|4.5000|0|0.0000|0.0000|0.0000|1311.0000|192.0000|11.0000|124.4722|408.1249|388.0084|209.9661|8.3165|513.7733|25.5765|131.9063|4.5728|84.4004|25.5765|287.1159|269.7982|135.8207|19.9735|178061.0000|10.1105|29.7295|1.0642|65.1499|433.0470|0.0000|0.6581|0.0756|0.0000|1419.5000|1311.0000|513.7733|80.0000|-5.0000|142.6995|141.1632|122.6979|4.2097|1000.0000|6.9241|4.4158|1000.0000|6.9510|0.0000|0.0000|0.0000|2017-08-24T07:04:53.142|Freshwater Lake - North America_images_000003.tif|17FD0FEB-37E8-4AF1-9EB3-EBC78DF40698
788|458|1527|40|58|754|671|1204|1|1|0|0.7035|4.5000|0|0.0000|0.0000|0.0000|853.0000|49.0000|30.0000|39.0833|134.9117|119.6685|45.0546|26.0403|314.7418|20.0185|31.3057|17.9393|24.3294|20.0185|94.9104|81.0210|119.1149|37.0317|101605.0000|1.6980|3.0013|1.1714|62.6417|433.0470|0.4933|0.5906|0.8021|0.0000|938.5000|853.0000|314.7418|65.0000|0.0000|124.3951|122.0996|111.2532|4.2097|1000.0000|6.9241|4.4158|1000.0000|6.9510|0.0000|0.0000|0.0000|2017-08-24T07:04:53.142|Freshwater Lake - North America_images_000003.tif|8688C224-4602-4837-9201-99523FF5990B
789|500|1527|65|38|963|849|1206|1|1|0|0.7035|4.5000|0|0.0000|0.0000|0.0000|330.0000|59.0000|12.0000|40.6944|157.9828|124.9263|67.7369|9.3605|99.4835|11.2546|38.3407|5.2763|25.4628|11.2546|111.1409|84.7199|167.3424|22.5215|55223.0000|6.0186|16.8487|1.3119|44.0638|433.6880|0.0000|0.1694|0.1797|0.0000|487.5000|330.0000|99.4835|15.0000|-65.0000|170.0909|170.0394|161.0848|4.0086|54.0000|5.3080|4.4271|54.0000|5.8690|0.0000|0.0000|0.0000|2017-08-24T07:04:53.801|Freshwater Lake - North America_images_000003.tif|39F04450-A7FE-4348-9825-ADA46DF924A1
790|567|1527|103|71|641|1524|1210|1|1|0|0.7035|4.5000|0|0.0000|0.0000|0.0000|3569.0000|97.0000|60.0000|77.2778|269.7229|239.6033|90.9575|52.8776|1538.3886|44.2576|65.0738|39.0442|51.1992|44.2576|189.7501|165.3952|49.2379|46.2104|175730.0000|1.6221|2.7296|1.1473|116.2616|435.1880|0.4178|0.6755|0.8210|0.0000|3878.5000|3569.0000|1538.3886|15.0000|-85.0000|53.1804|51.6215|43.0238|3.7666|54.0000|4.5562|5.0023|54.0000|6.4902|0.0000|0.0000|0.0000|2017-08-24T07:04:55.298|Freshwater Lake - North America_images_000003.tif|C1F9A0A5-49AE-492B-B51D-3BD2F5DBE061
791|672|1527|44|291|472|1250|1212|1|1|0|0.7035|4.5000|0|0.0000|0.0000|0.0000|4259.0000|281.0000|34.0000|184.1667|625.3381|575.3648|306.2344|20.9285|1858.0885|48.6394|194.5178|20.7533|126.3955|48.6394|439.9254|401.6034|119.4247|43.8983|508630.0000|7.3065|20.9064|1.0954|58.9482|436.1410|0.0000|0.3699|0.1151|0.0000|6257.5000|4259.0000|1858.0885|-90.0000|0.0000|129.6361|126.9932|100.6898|4.3198|225.0000|6.5116|3.9367|225.0000|5.7870|0.0000|0.0000|0.0000|2017-08-24T07:04:56.229|Freshwater Lake - North America_images_000003.tif|37100E51-DFDA-4320-8239-01EEA2F52709
792|718|1527|47|51|280|1541|1213|1|1|0|0.7035|4.5000|0|0.0000|0.0000|0.0000|1056.0000|42.0000|35.0000|39.5833|143.1543|120.8841|41.7470|33.5800|402.2219|22.6302|26.3813|21.4567|24.6811|22.6302|100.7091|81.8762|115.4744|28.3894|121941.0000|1.5443|2.4421|1.2300|81.7244|436.6410|0.6427|0.4376|0.9368|0.0000|1117.5000|1056.0000|402.2219|-75.0000|-15.0000|121.2737|121.2036|102.0313|4.4707|38.0000|5.6663|4.9097|38.0000|6.1476|0.0000|0.0000|0.0000|2017-08-24T07:04:56.729|Freshwater Lake - North America_images_000003.tif|9000FAF6-C7A2-4528-8BC4-698E196AD983
793|767|1527|40|39|958|1289|1214|1|1|0|0.7035|4.5000|0|0.0000|0.0000|0.0000|639.0000|31.0000|28.0000|29.5278|95.2548|89.5153|30.1550|27.1235|224.3350|16.9007|18.6427|16.5323|17.6071|16.9007|67.0118|59.8083|121.4930|26.6590|77634.0000|1.1300|1.0000|1.1204|76.4268|436.8130|0.8703|0.7226|0.9892|0.0000|623.5000|639.0000|224.3350|5.0000|-60.0000|130.7527|128.2582|104.7496|4.6165|40.0000|5.9205|4.0990|40.0000|5.2432|0.0000|0.0000|0.0000|2017-08-24T07:04:56.923|Freshwater Lake - North America_images_000003.tif|4EE64337-57B5-4C2E-8C1B-749ABC7EFB61
794|809|1527|33|37|1036|1265|1214|1|1|0|0.7035|4.5000|0|0.0000|0.0000|0.0000|337.0000|32.0000|15.0000|24.8333|81.9411|74.7860|32.8692|13.9249|102.1913|11.4068|19.3463|7.3868|14.3045|11.4068|57.6456|49.4462|110.4837|39.2402|37233.0000|1.5855|2.5957|1.1658|111.1528|436.8130|0.4313|0.6819|0.6734|0.0000|351.0000|337.0000|102.1913|-60.0000|45.0000|117.8516|114.5134|99.7507|4.6165|40.0000|5.9205|4.0990|40.0000|5.2432|0.0000|0.0000|0.0000|2017-08-24T07:04:56.923|Freshwater Lake - North America_images_000003.tif|7C977531-5DC8-4086-9089-09ADC9283A07
795|844|1527|32|40|713|1500|1217|1|1|0|0.7035|4.5000|0|0.0000|0.0000|0.0000|311.0000|33.0000|21.0000|26.6944|135.9411|80.6494|29.6890|19.5270|92.1751|10.8333|20.0497|11.6077|15.6138|10.8333|95.6346|53.5711|153.2186|22.8425|47651.0000|4.7286|12.7770|1.7852|50.0476|438.3910|0.4931|0.3860|0.6272|0.0000|448.0000|311.0000|92.1751|50.0000|-30.0000|157.6592|157.6527|142.8682|4.0323|48.0000|5.3197|4.4188|48.0000|5.8331|0.0000|0.0000|0.0000|2017-08-24T07:04:58.497|Freshwater Lake - North America_images_000003.tif|8EFF9C52-FFD6-4300-9AA4-FA315F14967D
796|878|1527|64|369|326|868|1222|1|1|0|0.7035|4.5000|0|0.0000|0.0000|0.0000|4299.0000|362.0000|25.0000|233.8611|765.4214|731.5661|381.7231|14.8542|1876.6781|48.8821|251.5012|14.4217|161.3555|48.8821|538.4740|511.4910|149.9377|48.8162|644582.0000|10.8449|32.0389|1.0528|38.9337|439.2660|0.0000|0.8175|0.0750|0.0000|4861.0000|4299.0000|1876.6781|85.0000|-5.0000|153.6218|154.0491|140.4343|4.1842|141.0000|6.0667|3.6536|141.0000|4.9548|0.0000|0.0000|0.0000|2017-08-24T07:04:59.364|Freshwater Lake - North America_images_000003.tif|038540DB-5FC9-4351-B339-8AF9242327D9
797|944|1527|45|67|510|1511|1224|1|1|0|0.7035|4.5000|0|0.0000|0.0000|0.0000|695.0000|59.0000|24.0000|45.0556|177.6396|138.8262|67.2961|20.9727|247.7694|17.7615|38.3407|13.7183|28.5309|17.7615|124.9695|94.4985|141.3885|25.6912|98265.0000|3.6131|9.2428|1.3224|75.5409|439.7190|0.0109|0.2689|0.3562|0.0000|1082.0000|695.0000|247.7694|-70.0000|20.0000|146.4273|147.4432|127.5856|3.5156|1.0000|3.5156|3.4223|1.0000|3.4223|0.0000|0.0000|0.0000|2017-08-24T07:04:59.815|Freshwater Lake - North America_images_000003.tif|F8D12E00-191E-443A-9688-7F0FB4022992
798|991|1527|30|33|264|1293|1224|1|1|0|0.7035|4.5000|0|0.0000|0.0000|0.0000|319.0000|23.0000|20.0000|21.6667|67.3553|64.4576|22.6861|18.4394|95.2447|11.0122|13.0147|10.9043|12.0768|11.0122|47.3845|42.1802|150.6207|31.0938|48048.0000|1.1317|1.0000|1.1234|50.2982|439.7190|0.8000|0.7031|0.9505|0.0000|306.0000|319.0000|95.2447|-90.0000|0.0000|152.3072|152.5956|146.0721|3.5156|1.0000|3.5156|3.4223|1.0000|3.4223|0.0000|0.0000|0.0000|2017-08-24T07:04:59.815|Freshwater Lake - North America_images_000003.tif|9481A988-FF7C-4A79-B03C-315B05360EE9
799|1023|1527|46|48|832|1428|1225|1|1|0|0.7035|4.5000|0|0.0000|0.0000|0.0000|926.0000|38.0000|34.0000|36.1944|124.2254|110.8139|34.8957|34.3907|346.0384|20.9902|23.5673|20.7533|22.2970|20.9902|87.3926|74.7918|145.0702|32.0077|134335.0000|1.3262|1.4993|1.1685|74.8962|439.9220|0.8285|0.6677|0.9823|0.0000|940.0000|926.0000|346.0384|-90.0000|-55.0000|148.0011|149.1231|135.9287|4.7601|42.0000|6.0917|5.1005|42.0000|6.4721|0.0000|0.0000|0.0000|2017-08-24T07:05:00.027|Freshwater Lake - North America_images_000003.tif|9827985E-EF6B-40A6-8AD7-D6B482DD40BA
800|1071|1527|41|35|167|1107|1226|1|1|0|0.7035|4.5000|0|0.0000|0.0000|0.0000|603.0000|32.0000|25.0000|28.4722|90.4264|86.3424|30.4233|25.2453|209.3697|16.3272|19.3463|14.4217|16.8644|16.3272|63.6150|57.5761|118.7247|21.8493|71591.0000|1.0791|1.0000|1.1049|80.2564|440.6720|0.8589|0.9317|0.9825|0.0000|577.0000|603.0000|209.3697|-10.0000|-90.0000|124.6517|124.9420|104.2852|4.2646|36.0000|5.6015|3.9886|36.0000|5.0481|0.0000|0.0000|0.0000|2017-08-24T07:05:00.764|Freshwater Lake - North America_images_000003.tif|CCDEE18E-C956-4544-9E67-6B20EDE8BBD8
801|1114|1527|49|42|166|1385|1228|1|1|0|0.7035|4.5000|0|0.0000|0.0000|0.0000|856.0000|41.0000|32.0000|36.1389|123.4975|110.1503|37.3984|30.3436|316.0240|20.0593|25.6777|19.3463|22.2580|20.0593|86.8805|74.3250|80.2629|40.6355|68705.0000|1.4179|1.9385|1.1689|146.9541|440.9060|0.7383|0.7240|0.9398|0.0000|898.0000|856.0000|316.0240|-30.0000|-90.0000|83.2091|83.3178|73.1589|4.7228|52.0000|6.0768|4.9887|52.0000|6.3646|0.0000|0.0000|0.0000|2017-08-24T07:05:00.996|Freshwater Lake - North America_images_000003.tif|9561E8FB-4206-47BA-8082-E719099B1752
802|1165|1527|32|28|698|733|1229|1|1|0|0.7035|4.5000|0|0.0000|0.0000|0.0000|295.0000|23.0000|17.0000|20.7222|65.4558|62.0096|22.4852|16.9403|86.0708|10.4685|13.0147|8.7937|11.4123|10.4685|46.0482|40.4580|100.9593|34.7636|29783.0000|1.1558|1.0000|1.1382|88.6552|440.9690|0.8022|0.8223|0.9478|0.0000|283.0000|295.0000|86.0708|30.0000|-75.0000|109.5831|104.7492|90.2508|3.5791|33.0000|4.8572|4.2528|33.0000|5.3745|0.0000|0.0000|0.0000|2017-08-24T07:05:01.080|Freshwater Lake - North America_images_000003.tif|E4A3D084-A4B0-4A94-B9D8-78EC26B2501B
803|1199|1527|65|66|834|1493|1232|1|1|0|0.7035|4.5000|0|0.0000|0.0000|0.0000|1378.0000|65.0000|46.0000|56.1944|218.0244|173.0584|58.1918|43.2978|543.3257|26.3018|42.5618|29.1953|36.3670|26.3018|153.3802|118.5808|102.3193|35.6239|140996.0000|2.7451|6.4693|1.2935|84.5361|442.5160|0.2527|0.2778|0.6670|0.0000|1937.0000|1378.0000|543.3257|30.0000|-20.0000|106.6132|105.2061|95.0239|4.9354|58.0000|6.3847|5.2140|58.0000|6.6229|0.0000|0.0000|0.0000|2017-08-24T07:05:02.609|Freshwater Lake - North America_images_000003.tif|8D2BB53E-2420-4E3F-8840-0E392623E449
804|1266|1527|36|55|992|1410|1233|1|1|0|0.7035|4.5000|0|0.0000|0.0000|0.0000|702.0000|46.0000|26.0000|36.3611|129.2548|110.9849|41.1529|24.6760|250.7111|17.8666|29.1953|15.1253|22.4143|17.8666|90.9308|74.9121|111.9473|28.5793|78587.0000|1.8939|3.6778|1.2138|78.0776|443.4060|0.4623|0.4378|0.7764|0.0000|798.0000|702.0000|250.7111|-80.0000|0.0000|117.7664|115.5670|102.6211|3.6343|2.0000|3.6343|3.8370|2.0000|4.1082|0.0000|0.0000|0.0000|2017-08-24T07:05:03.507|Freshwater Lake - North America_images_000003.tif|269EC651-013F-4937-8B2F-93AC0BBC9E12
805|1304|1527|45|51|223|510|1234|1|1|0|0.7035|4.5000|0|0.0000|0.0000|0.0000|907.0000|43.0000|29.0000|37.7778|128.5685|115.6878|44.3699|27.2211|337.8738|20.7411|27.0847|17.2357|23.4109|20.7411|90.4479|78.2206|135.5766|23.9555|122968.0000|1.4503|2.0740|1.1563|52.5089|444.0470|0.5483|0.5756|0.8524|0.0000|952.5000|907.0000|337.8738|-75.0000|20.0000|138.9813|138.0364|129.4620|3.0781|33.0000|3.2558|4.2239|33.0000|5.2740|0.0000|0.0000|0.0000|2017-08-24T07:05:04.155|Freshwater Lake - North America_images_000003.tif|C169CAB3-5347-4D09-9DD5-F5BE92B20D25
806|1351|1527|47|35|532|1804|1236|1|1|0|0.7035|4.5000|0|0.0000|0.0000|0.0000|528.0000|40.0000|20.0000|31.7222|109.3553|96.3372|41.3716|17.4094|178.4796|15.0747|24.9743|10.9043|19.1508|15.0747|76.9315|64.6075|123.6875|30.3861|65307.0000|1.8023|3.3650|1.1908|78.6970|445.0940|0.3691|0.5922|0.6674|0.0000|585.5000|528.0000|178.4796|-35.0000|60.0000|128.3807|126.7197|115.9621|3.0573|37.0000|4.1421|4.0517|37.0000|5.4326|0.0000|0.0000|0.0000|2017-08-24T07:05:05.220|Freshwater Lake - North America_images_000003.tif|18BB6AE0-4835-47BE-945F-CC663C69078E
807|1400|1527|25|95|720|1557|1237|1|1|0|0.7035|4.5000|0|0.0000|0.0000|0.0000|333.0000|85.0000|9.0000|56.5833|192.0833|174.7085|94.2650|6.5334|100.6430|11.3200|56.6318|3.1658|36.6406|11.3200|135.1306|119.7417|153.4324|21.1094|51093.0000|8.8171|25.6607|1.1285|41.4719|446.4530|0.0000|0.3022|0.0950|0.0000|502.0000|333.0000|100.6430|-90.0000|5.0000|159.0360|160.2342|137.9580|4.2313|65.0000|5.8191|4.4041|65.0000|6.0093|0.0000|0.0000|0.0000|2017-08-24T07:05:06.558|Freshwater Lake - North America_images_000003.tif|AA946B93-284F-4FC4-AA2D-60E3B667DC60
808|1427|1527|18|94|926|1451|1238|1|1|0|0.7035|4.5000|0|0.0000|0.0000|0.0000|347.0000|84.0000|8.0000|54.6111|192.5269|168.6052|87.1170|6.3927|106.0731|11.6214|55.9282|2.8140|35.2532|11.6214|135.4427|115.4480|149.8444|16.3049|51996.0000|8.5005|24.6645|1.1732|45.6230|446.5470|0.0000|0.3310|0.1158|0.0000|463.0000|347.0000|106.0731|-90.0000|0.0000|153.1383|152.8876|142.5879|3.9074|81.0000|5.6077|4.1956|81.0000|5.8560|0.0000|0.0000|0.0000|2017-08-24T07:05:06.654|Freshwater Lake - North America_images_000003.tif|1EFCE5EA-554F-492D-8A1B-B5BC80B3D59B
809|1447|1527|28|47|865|1489|1240|1|1|0|0.7035|4.5000|0|0.0000|0.0000|0.0000|423.0000|38.0000|18.0000|29.4167|100.7696|89.4041|37.4706|15.8206|136.0322|13.1606|23.5673|9.4973|17.5289|13.1606|70.8914|59.7300|134.5910|21.0267|56932.0000|1.9103|3.7337|1.1869|71.5333|448.0310|0.3947|0.5352|0.6511|0.0000|484.5000|423.0000|136.0322|-85.0000|0.0000|141.9054|139.1371|122.9031|3.7768|35.0000|4.9957|4.2925|35.0000|5.6064|0.0000|0.0000|0.0000|2017-08-24T07:05:08.124|Freshwater Lake - North America_images_000003.tif|A3BBAFC8-2470-4F01-9565-B37900F9E8A4
810|1477|1527|44|32|141|1176|1240|1|1|0|0.7035|4.5000|0|0.0000|0.0000|0.0000|478.0000|35.0000|22.0000|28.2778|93.3553|85.4378|32.5499|19.6463|158.1356|14.1896|21.4567|12.3113|16.7277|14.1896|65.6755|56.9397|147.2887|30.0550|70404.0000|1.4509|2.0766|1.1534|63.8795|448.0310|0.6165|0.7129|0.8421|0.0000|490.0000|478.0000|158.1356|-20.0000|-90.0000|147.3159|150.4833|140.9937|3.7768|35.0000|4.9957|4.2925|35.0000|5.6064|0.0000|0.0000|0.0000|2017-08-24T07:05:08.124|Freshwater Lake - North America_images_000003.tif|8800D3A8-4EBC-4F23-AA5F-196AEF2D3072
811|1523|1527|72|71|964|1333|1246|1|1|0|0.7035|4.5000|0|0.0000|0.0000|0.0000|2310.0000|69.0000|58.0000|62.0833|244.7523|191.4574|58.4758|54.7870|961.3948|34.9869|45.3758|37.6373|40.5099|34.9869|172.1832|131.5245|82.4935|39.9731|190560.0000|2.0636|4.2477|1.3091|100.1244|450.0470|0.6125|0.4925|0.9161|0.0000|2711.5000|2310.0000|961.3948|45.0000|-60.0000|88.1991|86.1463|73.1208|5.1868|73.0000|6.7735|5.4274|73.0000|7.0134|0.0000|0.0000|0.0000|2017-08-24T07:05:10.158|Freshwater Lake - North America_images_000003.tif|46151AE4-D0E3-4630-99F7-025637087E9E
812|1597|1527|31|30|951|1193|1246|1|1|0|0.7035|4.5000|0|0.0000|0.0000|0.0000|313.0000|22.0000|19.0000|20.6389|64.5269|61.7770|20.7033|19.3218|92.9414|10.8783|12.3113|10.2007|11.3537|10.8783|45.3947|40.2944|135.3610|23.3913|42368.0000|1.0586|1.0000|1.1266|70.2909|450.0470|0.9191|0.8882|0.9939|0.0000|295.5000|313.0000|92.9414|-30.0000|80.0000|144.0032|139.7987|123.4089|5.1868|73.0000|6.7735|5.4274|73.0000|7.0134|0.0000|0.0000|0.0000|2017-08-24T07:05:10.158|Freshwater Lake - North America_images_000003.tif|7B3330EB-6FD2-4A5B-8966-733B26386318
813|1630|1527|65|137|836|1566|1247|1|1|0|0.7035|4.5000|0|0.0000|0.0000|0.0000|3682.0000|129.0000|46.0000|94.4444|372.4508|293.4857|132.2725|37.9363|1590.6095|45.0025|87.5858|29.1953|63.2759|45.0025|262.0191|203.3014|122.7170|28.2956|451844.0000|2.9981|7.2814|1.2888|69.4524|451.2500|0.0000|0.5967|0.4952|0.0000|4450.5000|3682.0000|1590.6095|-85.0000|15.0000|129.1896|126.0008|113.7966|3.3210|66.0000|4.0572|4.2588|66.0000|5.7222|0.0000|0.0000|0.0000|2017-08-24T07:05:11.369|Freshwater Lake - North America_images_000003.tif|C175BFA4-2C91-4EE7-85B4-542E0A3D6F48
814|1697|1527|36|37|361|1095|1249|1|1|0|0.7035|4.5000|0|0.0000|0.0000|0.0000|312.0000|34.0000|14.0000|25.5278|84.4264|77.0651|34.5549|12.0148|92.5582|10.8558|20.7533|6.6833|14.7931|10.8558|59.3940|51.0495|142.8045|18.8905|44555.0000|1.8180|3.4189|1.1635|56.1944|452.1090|0.3994|0.7807|0.5936|0.0000|327.5000|312.0000|92.5582|-50.0000|35.0000|148.3590|146.8686|132.5865|4.1576|36.0000|5.4815|4.5331|36.0000|5.8595|0.0000|0.0000|0.0000|2017-08-24T07:05:12.231|Freshwater Lake - North America_images_000003.tif|A00CCB7A-2259-4018-965F-AEEEF196B273
815|1735|1527|35|36|918|1585|1251|1|1|0|0.7035|4.5000|0|0.0000|0.0000|0.0000|435.0000|27.0000|25.0000|25.9444|85.3553|78.6177|25.4856|23.6187|140.8277|13.3906|15.8287|14.4217|15.0861|13.8597|60.0475|52.1418|150.4920|17.4545|65464.0000|1.2604|1.0000|1.1516|34.2933|452.3440|0.8204|0.6014|0.9702|0.0000|466.0000|460.0000|150.8677|-85.0000|0.0000|157.7954|154.3977|139.9908|3.0090|67.0000|4.0789|4.1921|67.0000|5.7931|0.0000|0.0000|0.0000|2017-08-24T07:05:12.457|Freshwater Lake - North America_images_000003.tif|6CB37A93-1F91-4153-8465-2517BC8CC0CC
816|1772|1527|59|81|294|1456|1251|1|1|0|0.7035|4.5000|0|0.0000|0.0000|0.0000|2126.0000|76.0000|39.0000|62.5556|216.9533|193.5880|74.9711|38.4143|878.0438|33.4359|50.3002|24.2707|40.8421|33.4359|152.6266|133.0234|106.0743|29.3385|225514.0000|1.7618|3.2248|1.1474|138.2205|452.3440|0.3802|0.7815|0.7629|0.0000|2366.5000|2126.0000|878.0438|55.0000|-15.0000|112.6515|110.2183|95.4318|3.0090|67.0000|4.0789|4.1921|67.0000|5.7931|0.0000|0.0000|0.0000|2017-08-24T07:05:12.457|Freshwater Lake - North America_images_000003.tif|547BC281-7C0B-4187-938F-FE5C906D5E8F
817|1833|1527|81|54|643|1580|1253|1|1|0|0.7035|4.5000|0|0.0000|0.0000|0.0000|1123.0000|80.0000|19.0000|56.0556|186.1665|172.8102|84.4048|17.3046|431.3742|23.4359|53.1142|10.2007|36.2694|23.4359|130.9681|118.4062|122.9323|31.9907|138053.0000|2.4559|5.5348|1.1061|103.9494|453.0310|0.0000|0.7958|0.3852|0.0000|1127.5000|1123.0000|431.3742|20.0000|-65.0000|133.4399|129.5993|105.8264|4.3442|45.0000|5.8451|4.0385|45.0000|4.9918|0.0000|0.0000|0.0000|2017-08-24T07:05:13.131|Freshwater Lake - North America_images_000003.tif|E10C9B15-DC06-4BCB-A340-0989F46BCFD6
818|1916|1527|39|39|210|1366|1258|1|1|0|0.7035|4.5000|0|0.0000|0.0000|0.0000|653.0000|31.0000|29.0000|29.4722|93.2548|89.5553|29.2941|28.3903|230.1766|17.1193|18.6427|17.2357|17.5679|17.1193|65.6048|59.8364|95.7243|27.4337|62508.0000|1.0598|1.0000|1.0964|118.8125|454.0310|0.9464|0.9346|0.9992|0.0000|627.0000|653.0000|230.1766|-30.0000|0.0000|109.1608|102.3599|77.5605|4.6246|37.0000|5.8820|3.6957|37.0000|4.9501|0.0000|0.0000|0.0000|2017-08-24T07:05:14.133|Freshwater Lake - North America_images_000003.tif|EF0AE3A9-912F-42E2-AFE0-A967B9F62AA1
819|1957|1527|40|53|573|861|1258|1|1|0|0.7035|4.5000|0|0.0000|0.0000|0.0000|679.0000|46.0000|28.0000|36.5000|126.3259|111.5994|42.4748|23.4603|241.0557|17.5192|29.1953|16.5323|22.5120|17.5192|88.8703|75.3444|123.6230|33.8846|83940.0000|1.8703|3.5977|1.1795|58.5405|454.0310|0.4125|0.4541|0.7344|0.0000|782.0000|679.0000|241.0557|-70.0000|35.0000|131.3638|128.1605|111.7482|4.6246|37.0000|5.8820|3.6957|37.0000|4.9501|0.0000|0.0000|0.0000|2017-08-24T07:05:14.133|Freshwater Lake - North America_images_000003.tif|85BF2F42-CCC0-42B6-8CD2-9A299FA1DE7A
820|1999|1527|28|34|456|421|1258|1|1|0|0.7035|4.5000|0|0.0000|0.0000|0.0000|298.0000|26.0000|17.0000|21.4722|72.2843|64.3857|22.9130|16.9828|87.2117|10.5376|15.1253|8.7937|11.9399|10.5376|50.8520|42.1296|148.4832|14.2768|44248.0000|1.3953|1.8399|1.2070|40.2813|454.0310|0.7683|0.6742|0.9329|0.0000|301.5000|298.0000|87.2117|60.0000|-15.0000|153.0134|151.1040|141.5235|4.6246|37.0000|5.8820|3.6957|37.0000|4.9501|0.0000|0.0000|0.0000|2017-08-24T07:05:14.133|Freshwater Lake - North America_images_000003.tif|D4E59470-8FDD-4E93-A2F7-252B48A3BBDB
821|2|1898|50|55|519|1476|1259|1|1|0|0.7035|4.5000|0|0.0000|0.0000|0.0000|1421.0000|46.0000|40.0000|43.3611|139.0538|133.2074|45.2710|40.0014|562.3382|26.7580|29.1953|24.9743|27.3388|26.7580|97.8243|90.5457|135.5510|35.5376|192618.0000|1.0828|1.0000|1.0804|97.4250|454.5310|0.8855|0.9455|0.9915|0.0000|1387.5000|1421.0000|562.3382|-80.0000|0.0000|139.6277|138.5264|128.1056|4.6704|47.0000|5.8850|5.1117|47.0000|6.3656|0.0000|0.0000|0.0000|2017-08-24T07:05:14.627|Freshwater Lake - North America_images_000003.tif|F86B9D04-86CC-49D2-8724-1F67FCE65922
822|54|1898|27|41|593|1576|1260|1|1|0|0.7035|4.5000|0|0.0000|0.0000|0.0000|325.0000|33.0000|17.0000|26.0833|96.5269|78.9395|33.8960|15.2082|97.5542|11.1449|20.0497|8.7937|15.1839|11.1449|67.9067|52.3682|159.3508|23.0092|51789.0000|2.2814|4.9659|1.2967|55.9425|455.2810|0.3285|0.4139|0.5996|0.0000|399.5000|325.0000|97.5542|75.0000|0.0000|161.3385|162.7692|151.9138|3.8887|36.0000|5.1638|4.3611|36.0000|5.6459|0.0000|0.0000|0.0000|2017-08-24T07:05:15.391|Freshwater Lake - North America_images_000003.tif|F9D92B93-02AC-419A-ACF6-F3A45086038D
823|83|1898|57|62|605|1474|1263|1|2|0|0.7035|4.5000|0|0.0000|0.0000|0.0000|909.0000|54.0000|37.0000|47.7500|200.8528|147.3498|65.4239|35.9801|338.7326|20.7675|34.8233|22.8637|30.4264|20.7675|141.2999|100.4948|129.6975|31.3946|117895.0000|3.5317|8.9838|1.4060|101.7159|455.7970|0.3268|0.5646|0.4152|0.0000|1561.0000|909.0000|338.7326|40.0000|-45.0000|139.3828|138.7030|108.3773|4.4317|52.0000|5.9624|3.8834|52.0000|4.9020|0.0000|0.0000|0.0000|2017-08-24T07:05:15.913|Freshwater Lake - North America_images_000003.tif|30DAC0E7-1E57-4805-ADC7-23008C1FE730
824|142|1898|37|41|207|1487|1266|1|1|0|0.7035|4.5000|0|0.0000|0.0000|0.0000|490.0000|32.0000|24.0000|29.1389|107.8406|88.3552|32.5761|23.3602|162.9979|14.4061|19.3463|13.7183|17.3335|14.4061|75.8659|58.9921|95.6918|42.6326|46889.0000|1.8887|3.6603|1.2860|121.9895|457.4060|0.3935|0.1024|0.7765|0.0000|569.0000|490.0000|162.9979|65.0000|25.0000|99.6592|99.2490|87.1429|4.3787|51.0000|5.6287|4.6834|51.0000|5.9973|0.0000|0.0000|0.0000|2017-08-24T07:05:17.500|Freshwater Lake - North America_images_000003.tif|9BE34FDD-3789-4E9B-85D8-54F3B5A00148
825|2|2|23|166|265|1420|1267|1|1|0|0.7035|4.5000|0|0.0000|0.0000|0.0000|1182.0000|156.0000|13.0000|101.8611|324.5269|316.7545|174.9488|10.0438|457.1436|24.1258|106.5803|5.9798|68.4935|24.1258|228.3047|219.6710|155.3553|28.2990|183630.0000|7.0905|20.2259|1.0393|51.8698|469.6250|0.0000|0.2947|0.0980|0.0000|1363.0000|1182.0000|457.1436|-90.0000|0.0000|156.2022|158.2970|149.2504|3.8122|75.0000|5.5063|4.1541|75.0000|5.7596|0.0000|0.0000|0.0000|2017-08-24T07:05:29.748|Freshwater Lake - North America_images_000004.tif|88B30190-2002-4733-BD34-2FAA30E73360
826|27|2|20|156|420|1123|1267|1|1|0|0.7035|4.5000|0|0.0000|0.0000|0.0000|685.0000|146.0000|10.0000|94.1667|311.9411|292.7341|163.8749|6.1626|243.5717|17.6104|99.5452|3.8693|63.0805|17.6104|219.4506|202.7727|171.3825|19.8442|117397.0000|11.3043|33.4837|1.0822|42.1788|469.6250|0.0000|0.4820|0.0649|0.0000|783.0000|685.0000|243.5717|-90.0000|0.0000|173.2628|174.6058|164.2949|3.8122|75.0000|5.5063|4.1541|75.0000|5.7596|0.0000|0.0000|0.0000|2017-08-24T07:05:29.748|Freshwater Lake - North America_images_000004.tif|CE97797D-DFF4-4936-A93D-DDFCC577EE0B
827|49|2|64|47|235|797|1267|1|2|0|0.7035|4.5000|0|0.0000|0.0000|0.0000|402.0000|55.0000|36.0000|47.2500|133.2548|145.2897|77.9074|32.6632|127.6800|12.7502|35.5267|22.1603|30.0746|12.7502|93.7448|99.0456|129.6716|27.9260|52128.0000|3.5150|8.9308|0.9465|77.9000|469.6250|0.3837|0.5035|0.1434|0.0000|1238.5000|402.0000|127.6800|10.0000|-80.0000|135.7214|135.2164|116.5299|3.8122|75.0000|5.5063|4.1541|75.0000|5.7596|0.0000|0.0000|0.0000|2017-08-24T07:05:29.748|Freshwater Lake - North America_images_000004.tif|82947AF7-B637-431D-B955-83199E2AB3F7
828|115|2|40|44|258|450|1267|1|1|0|0.7035|4.5000|0|0.0000|0.0000|0.0000|636.0000|36.0000|29.0000|32.3333|113.2548|98.3082|32.5480|27.2425|223.0848|16.8535|22.1603|17.2357|19.5807|16.8535|79.6748|65.9941|125.0330|26.4059|79521.0000|1.6049|2.6670|1.2073|61.7600|469.6250|0.6396|0.5437|0.8990|0.0000|699.5000|636.0000|223.0848|55.0000|5.0000|128.7736|128.1321|117.5645|3.8122|75.0000|5.5063|4.1541|75.0000|5.7596|0.0000|0.0000|0.0000|2017-08-24T07:05:29.748|Freshwater Lake - North America_images_000004.tif|80B8DF70-CBB2-48B4-A056-C8DAA13A8E5C
829|157|2|41|52|371|431|1267|1|1|0|0.7035|4.5000|0|0.0000|0.0000|0.0000|786.0000|42.0000|27.0000|35.0278|116.8112|106.7626|39.4773|26.1948|286.2030|19.0894|26.3813|15.8287|21.4763|19.0894|82.1767|71.9417|124.6578|32.2662|97981.0000|1.3815|1.7773|1.1423|53.9495|469.6250|0.6398|0.7165|0.8917|0.0000|799.5000|786.0000|286.2030|-90.0000|-30.0000|130.2354|128.0712|115.8092|3.8122|75.0000|5.5063|4.1541|75.0000|5.7596|0.0000|0.0000|0.0000|2017-08-24T07:05:29.748|Freshwater Lake - North America_images_000004.tif|7842A4DA-B5ED-407D-9B1E-7EF7614E8B49
830|200|2|103|222|479|1637|1268|1|1|0|0.7035|4.5000|0|0.0000|0.0000|0.0000|3483.0000|228.0000|26.0000|150.4167|507.5879|469.3216|257.5164|19.6370|1498.6847|43.6828|157.2322|15.1253|102.6524|43.6828|357.0881|327.0020|124.4803|48.6559|433565.0000|5.8865|16.4322|1.0920|48.6621|469.6880|0.0000|0.3608|0.1330|0.0000|4330.0000|3483.0000|1498.6847|-65.0000|20.0000|132.8702|130.9664|108.5777|3.9358|35.0000|5.2056|4.0024|35.0000|4.8450|0.0000|0.0000|0.0000|2017-08-24T07:05:29.791|Freshwater Lake - North America_images_000004.tif|1AC2BE61-8FF0-4126-8F9C-D114B8B30910
831|305|2|74|79|241|1371|1269|1|1|0|0.7035|4.5000|0|0.0000|0.0000|0.0000|2594.0000|71.0000|51.0000|63.8889|235.8234|197.7044|68.3713|50.2335|1090.6252|37.2643|46.7828|32.7127|41.7801|37.2643|165.9018|135.9193|109.9179|30.0616|285127.0000|1.7061|3.0297|1.2206|90.0243|469.8130|0.6279|0.7985|0.9177|0.0000|2822.0000|2594.0000|1090.6252|65.0000|-35.0000|115.7833|114.0301|99.6465|3.4842|40.0000|4.0807|4.1894|40.0000|5.5244|0.0000|0.0000|0.0000|2017-08-24T07:05:29.916|Freshwater Lake - North America_images_000004.tif|E6930D1C-1F31-4C9A-9F3E-121648FCFF29
832|381|2|534|73|215|1507|1270|1|1|0|0.7035|4.5000|0|0.0000|0.0000|0.0000|6958.0000|524.0000|63.0000|341.8889|1149.6711|1070.7734|615.3347|56.0380|3122.1964|63.0500|365.4683|41.1547|237.3531|63.3112|808.7936|750.1233|132.8617|30.4953|924452.0000|14.9980|45.0955|1.0782|85.8827|469.9530|0.0000|0.3695|0.0468|0.0000|21232.0000|7013.0000|3148.1177|0.0000|-90.0000|139.6957|137.7732|120.6029|4.9178|73.0000|6.3809|4.0370|73.0000|5.5861|0.0000|0.0000|0.0000|2017-08-24T07:05:30.052|Freshwater Lake - North America_images_000004.tif|7D7BA3CE-700E-46E0-967B-8F588F7E3403
833|917|2|32|29|137|764|1272|1|1|0|0.7035|4.5000|0|0.0000|0.0000|0.0000|329.0000|23.0000|18.0000|21.1667|66.2843|63.3871|22.4858|18.6672|99.0973|11.2327|13.0147|9.4973|11.7250|11.2327|46.6310|41.4271|101.7568|25.3350|33478.0000|1.0627|1.0000|1.1256|99.3966|471.4530|0.8679|0.8989|0.9809|0.0000|309.5000|329.0000|99.0973|5.0000|80.0000|105.4711|105.3799|93.3191|3.8837|37.0000|5.1371|4.2953|37.0000|5.6141|0.0000|0.0000|0.0000|2017-08-24T07:05:31.577|Freshwater Lake - North America_images_000004.tif|F0C70CFD-FECD-4B23-84C7-5021CE21E1C4
834|951|2|33|89|337|1500|1273|1|1|0|0.7035|4.5000|0|0.0000|0.0000|0.0000|596.0000|79.0000|22.0000|54.3889|205.3797|167.6596|78.2694|20.0192|206.4696|16.2137|52.4108|12.3113|35.0968|16.2137|144.4846|114.7828|159.9329|25.4063|95320.0000|5.6320|15.6293|1.2588|44.2339|471.8910|0.0000|0.2386|0.2325|0.0000|1167.0000|596.0000|206.4696|-90.0000|-5.0000|160.8809|163.0034|153.5000|3.6010|32.0000|4.9649|4.1326|32.0000|5.3379|0.0000|0.0000|0.0000|2017-08-24T07:05:32.009|Freshwater Lake - North America_images_000004.tif|C001B4A9-AE62-42E7-8BE1-158A9017E0E8
835|986|2|37|39|781|1418|1274|1|1|0|0.7035|4.5000|0|0.0000|0.0000|0.0000|473.0000|30.0000|27.0000|28.1667|99.2548|85.7308|27.7892|24.6046|156.1136|14.0986|17.9393|15.8287|16.6495|14.8837|69.8258|57.1459|149.4440|19.1096|70687.0000|1.5164|2.3356|1.2219|34.9419|472.0470|0.7332|0.5224|0.9556|0.0000|557.5000|517.0000|173.9854|-75.0000|0.0000|157.4651|153.7844|137.9175|4.2653|55.0000|5.6125|4.5311|55.0000|5.9526|0.0000|0.0000|0.0000|2017-08-24T07:05:32.144|Freshwater Lake - North America_images_000004.tif|D8663538-BE17-467F-B126-7904B0905877
836|1025|2|33|58|968|1312|1274|1|1|0|0.7035|4.5000|0|0.0000|0.0000|0.0000|345.0000|52.0000|9.0000|35.2222|115.7401|107.8435|55.7583|8.2419|105.2955|11.5787|33.4162|3.1658|21.6131|11.5787|81.4232|72.7022|146.2145|28.0369|50444.0000|3.0899|7.5751|1.1200|71.2800|472.0470|0.0159|0.6740|0.2765|0.0000|351.0000|345.0000|105.2955|-70.0000|20.0000|150.5246|152.8000|131.6609|4.2653|55.0000|5.6125|4.5311|55.0000|5.9526|0.0000|0.0000|0.0000|2017-08-24T07:05:32.144|Freshwater Lake - North America_images_000004.tif|6CAED980-3F57-4236-A426-AAE6DC019A63
837|1060|2|53|293|932|1280|1276|1|1|0|0.7035|4.5000|0|0.0000|0.0000|0.0000|3859.0000|285.0000|32.0000|184.5000|627.5219|576.2958|307.7763|19.0395|1672.5192|46.1467|197.3317|19.3463|126.6300|46.1467|441.4617|402.2583|131.2501|32.1015|506494.0000|8.1203|23.4681|1.0975|83.9389|472.3280|0.0000|0.3875|0.1033|0.0000|5699.5000|3859.0000|1672.5192|-85.0000|5.0000|139.2286|135.8062|119.2540|4.3594|74.0000|5.9831|4.1697|74.0000|5.8019|0.0000|0.0000|0.0000|2017-08-24T07:05:32.420|Freshwater Lake - North America_images_000004.tif|A17D855D-D3A2-4199-B3F9-2D30366C04D2
838|1115|2|35|31|1026|1078|1277|1|1|0|0.7035|4.5000|0|0.0000|0.0000|0.0000|349.0000|25.0000|20.0000|22.3611|71.5980|67.1280|23.2030|19.3407|106.8513|11.6639|14.4217|10.9043|12.5653|11.6639|50.3692|44.0588|110.1003|51.9209|38425.0000|1.1689|1.0000|1.1432|83.8333|472.4840|0.8462|0.8105|0.9740|0.0000|341.0000|349.0000|106.8513|0.0000|50.0000|118.0774|115.9112|95.6504|4.3397|40.0000|5.7226|3.9773|40.0000|5.0802|0.0000|0.0000|0.0000|2017-08-24T07:05:32.580|Freshwater Lake - North America_images_000004.tif|ED1BC370-69F1-4AAF-9C52-4CB019E5C15D
839|1152|2|48|52|141|1227|1281|1|1|0|0.7035|4.5000|0|0.0000|0.0000|0.0000|1007.0000|43.0000|36.0000|40.1944|134.5685|123.1878|40.3717|35.5508|380.9827|22.0246|27.0847|22.1603|25.1110|23.0301|94.6689|83.4969|125.2999|34.5563|126177.0000|1.3233|1.4828|1.1338|91.6610|474.7500|0.7685|0.7610|0.9583|0.0000|1125.5000|1089.0000|416.5651|-85.0000|-25.0000|128.0943|128.8709|117.1807|3.2243|42.0000|4.4910|4.1183|42.0000|5.4396|0.0000|0.0000|0.0000|2017-08-24T07:05:34.847|Freshwater Lake - North America_images_000004.tif|DE15A3C5-51B7-4958-BD0B-354693A55013
840|1202|2|48|58|313|1550|1282|1|1|0|0.7035|4.5000|0|0.0000|0.0000|0.0000|818.0000|52.0000|34.0000|43.2500|182.1249|132.8224|57.7208|33.5944|299.8099|19.5379|33.4162|20.7533|27.2606|19.5379|128.1249|90.2748|92.8191|41.1957|75926.0000|3.2268|8.0126|1.4193|122.8261|474.7970|0.2734|0.3526|0.4670|0.0000|1234.0000|818.0000|299.8099|-70.0000|50.0000|97.1381|96.9658|82.9988|5.0290|119.0000|6.6915|5.2637|119.0000|6.9229|0.0000|0.0000|0.0000|2017-08-24T07:05:34.912|Freshwater Lake - North America_images_000004.tif|8F2858A2-9B2D-4767-908D-DAA80780A3CE
841|1252|2|82|76|311|1426|1282|1|1|0|0.7035|4.5000|0|0.0000|0.0000|0.0000|2811.0000|81.0000|52.0000|68.2778|235.9655|211.1897|82.0693|48.2483|1189.7807|38.9214|53.8178|33.4162|44.8677|39.7884|166.0017|145.4062|84.2284|38.2700|236766.0000|1.5133|2.3237|1.1416|118.3168|474.7970|0.4294|0.6489|0.8227|0.0000|3135.5000|2928.0000|1243.3743|-40.0000|45.0000|88.0135|88.1434|75.0886|5.0290|119.0000|6.6915|5.2637|119.0000|6.9229|0.0000|0.0000|0.0000|2017-08-24T07:05:34.912|Freshwater Lake - North America_images_000004.tif|EE8B9C96-4901-4C1B-B4F0-BC825553B6CA
842|1336|2|55|40|182|1167|1283|1|1|0|0.7035|4.5000|0|0.0000|0.0000|0.0000|769.0000|46.0000|29.0000|37.4167|136.2254|114.3244|40.9134|27.7366|278.9929|18.8474|29.1953|17.2357|23.1569|18.8474|95.8346|77.2615|114.1248|29.1634|87762.0000|1.9203|3.7675|1.2404|91.3136|474.9690|0.4256|0.3802|0.8015|0.0000|891.0000|769.0000|278.9929|-5.0000|65.0000|121.9701|121.2692|97.1183|4.4534|39.0000|5.7718|3.7839|39.0000|4.9285|0.0000|0.0000|0.0000|2017-08-24T07:05:35.069|Freshwater Lake - North America_images_000004.tif|FB3FED26-EAF5-47BA-9756-F630C26D443A
843|1393|2|61|276|699|1400|1285|1|1|0|0.7035|4.5000|0|0.0000|0.0000|0.0000|2780.0000|268.0000|40.0000|175.8611|597.5635|549.3220|298.2768|31.0428|1175.5957|38.6887|185.3723|24.9743|120.5525|38.6887|420.3859|383.2823|127.0942|22.7922|353322.0000|10.2215|30.0785|1.0968|81.0942|475.2340|0.0000|0.2331|0.0787|0.0000|6060.0000|2780.0000|1175.5957|85.0000|-5.0000|134.0784|133.9788|110.9324|4.4701|209.0000|6.6039|4.6765|209.0000|6.8216|0.0000|0.0000|0.0000|2017-08-24T07:05:35.354|Freshwater Lake - North America_images_000004.tif|50F94D04-CFD0-4DA1-9BC9-DB9FFE2177DF
844|1456|2|21|65|379|1666|1289|1|1|0|0.7035|4.5000|0|0.0000|0.0000|0.0000|350.0000|55.0000|9.0000|37.1667|119.4558|113.9537|58.3692|7.8445|107.2407|11.6852|35.5267|3.1658|22.9810|11.6852|84.0372|77.0007|136.4400|25.2561|47754.0000|3.2444|8.0687|1.0914|53.0804|475.8130|0.0000|0.6864|0.2570|0.0000|348.0000|350.0000|107.2407|-90.0000|-5.0000|140.1629|141.7629|124.6714|3.9192|47.0000|5.3616|4.3865|47.0000|5.8219|0.0000|0.0000|0.0000|2017-08-24T07:05:35.915|Freshwater Lake - North America_images_000004.tif|B28B0407-69DE-46A9-8F5E-F9E3DA6EFA27
845|1479|2|32|39|921|1347|1289|1|1|0|0.7035|4.5000|0|0.0000|0.0000|0.0000|404.0000|30.0000|21.0000|25.1944|82.7696|76.0633|27.3679|19.6711|128.4732|12.7897|17.9393|11.6077|14.5585|12.7897|58.2284|50.3448|121.5347|40.9172|49100.0000|1.3494|1.6234|1.1566|74.9444|475.8130|0.6811|0.5403|0.9056|0.0000|407.5000|404.0000|128.4732|-85.0000|5.0000|130.3837|126.6361|108.1015|3.9192|47.0000|5.3616|4.3865|47.0000|5.8219|0.0000|0.0000|0.0000|2017-08-24T07:05:35.915|Freshwater Lake - North America_images_000004.tif|4394B9B0-00ED-47A0-BC0F-CF0B398BD2B2
846|1513|2|34|38|362|1275|1289|1|1|0|0.7035|4.5000|0|0.0000|0.0000|0.0000|512.0000|33.0000|22.0000|27.6389|88.8701|83.7523|30.5819|21.7140|171.9459|14.7962|20.0497|12.3113|16.2782|14.7962|62.5201|55.7540|118.1543|46.6019|60495.0000|1.2275|1.0000|1.1214|99.5556|475.8130|0.7301|0.8257|0.9268|0.0000|505.5000|512.0000|171.9459|-70.0000|10.0000|122.5332|121.7773|109.3711|3.9192|47.0000|5.3616|4.3865|47.0000|5.8219|0.0000|0.0000|0.0000|2017-08-24T07:05:35.915|Freshwater Lake - North America_images_000004.tif|8475FBC9-CA59-4AC4-8E8D-4D0C03B6290A
847|1549|2|37|44|515|1478|1296|1|1|0|0.7035|4.5000|0|0.0000|0.0000|0.0000|609.0000|35.0000|26.0000|30.5833|101.5980|93.0447|32.9939|24.6738|211.8581|16.4240|21.4567|15.1253|18.3496|16.4240|71.4742|62.2912|76.5681|52.1490|46630.0000|1.3488|1.6201|1.1474|138.8000|477.2810|0.6980|0.6091|0.9136|0.0000|619.0000|609.0000|211.8581|-80.0000|-5.0000|77.0903|78.0345|73.4384|3.2119|37.0000|3.7267|4.2340|37.0000|5.4494|0.0000|0.0000|0.0000|2017-08-24T07:05:37.391|Freshwater Lake - North America_images_000004.tif|F6F1C911-4901-46DF-BF1C-15C6EA739BA2
848|1588|2|31|46|434|1600|1298|1|1|0|0.7035|4.5000|0|0.0000|0.0000|0.0000|465.0000|37.0000|20.0000|28.6944|95.0122|87.2171|35.2932|17.5291|152.8834|13.9520|22.8637|10.9043|17.0208|13.9520|66.8411|58.1915|129.7097|24.9198|60315.0000|1.5449|2.4443|1.1486|72.5181|478.0780|0.5144|0.6686|0.7625|0.0000|485.5000|465.0000|152.8834|-80.0000|5.0000|134.9441|133.8108|119.6301|3.2245|39.0000|4.1470|3.8705|39.0000|5.3085|0.0000|0.0000|0.0000|2017-08-24T07:05:38.200|Freshwater Lake - North America_images_000004.tif|E91E3F53-38F2-470B-A951-DE5C80579864
849|1621|2|35|27|123|1107|1299|1|1|0|0.7035|4.5000|0|0.0000|0.0000|0.0000|287.0000|27.0000|16.0000|21.5556|68.5269|64.5481|25.9880|14.3565|83.0372|10.2823|15.8287|8.0903|11.9986|10.2823|48.2087|42.2438|130.0767|21.0999|37332.0000|1.3021|1.3495|1.1412|73.0339|478.3750|0.6364|0.7501|0.8291|0.0000|279.5000|287.0000|83.0372|-30.0000|60.0000|141.1359|139.8606|106.7108|4.4213|35.0000|5.7061|3.5248|35.0000|4.2074|0.0000|0.0000|0.0000|2017-08-24T07:05:38.495|Freshwater Lake - North America_images_000004.tif|D90F2771-4E7E-438B-A5B2-3BF70C052195
850|1658|2|34|85|832|1583|1300|1|1|0|0.7035|4.5000|0|0.0000|0.0000|0.0000|944.0000|75.0000|19.0000|53.3611|181.0122|164.8557|81.8961|15.8308|353.7849|21.2239|49.5968|10.2007|34.3738|21.2239|127.3421|112.8102|123.4269|30.5720|116515.0000|2.7621|6.5240|1.1288|116.4852|478.5780|0.0000|0.6723|0.3455|0.0000|1061.0000|944.0000|353.7849|-90.0000|-10.0000|135.9449|131.1504|103.4502|4.3685|70.0000|6.0331|4.1049|70.0000|5.5155|0.0000|0.0000|0.0000|2017-08-24T07:05:38.673|Freshwater Lake - North America_images_000004.tif|4A2E70CF-755B-4D4C-AE92-5A05AB879569
851|1694|2|26|35|951|427|1301|1|1|0|0.7035|4.5000|0|0.0000|0.0000|0.0000|285.0000|26.0000|15.0000|21.8889|70.3848|65.9571|26.4053|14.4374|82.2808|10.2354|15.1253|7.3868|12.2331|10.2354|49.5157|43.2351|122.8035|28.3010|34999.0000|1.3833|1.7856|1.1453|90.6923|478.8910|0.6171|0.6776|0.8013|0.0000|288.0000|285.0000|82.2808|-85.0000|10.0000|131.6877|127.5018|110.1930|3.9640|34.0000|5.2238|4.1348|34.0000|5.5472|0.0000|0.0000|0.0000|2017-08-24T07:05:38.999|Freshwater Lake - North America_images_000004.tif|E4D21BB4-745F-4BA0-AD3B-30E169FE9A35
852|1722|2|49|87|938|1397|1310|1|1|0|0.7035|4.5000|0|0.0000|0.0000|0.0000|395.0000|85.0000|11.0000|55.8056|190.9949|172.1197|82.3011|8.4477|124.9077|12.6110|56.6318|4.5728|36.0935|12.6110|134.3649|117.9205|161.5696|22.2430|63820.0000|7.3491|21.0405|1.1395|37.8519|483.5940|0.0000|0.1164|0.1470|0.0000|567.0000|395.0000|124.9077|-70.0000|25.0000|166.0937|164.9975|153.1241|4.0419|67.0000|5.5140|4.3384|67.0000|5.8529|0.0000|0.0000|0.0000|2017-08-24T07:05:43.710|Freshwater Lake - North America_images_000004.tif|81AA63F9-04C5-4A0B-936C-81F358F10DFE
853|1773|2|29|40|364|1590|1311|1|1|0|0.7035|4.5000|0|0.0000|0.0000|0.0000|450.0000|31.0000|18.0000|26.2500|84.5269|79.5886|31.1808|18.7831|146.8439|13.6736|18.6427|9.4973|15.3011|13.6736|59.4647|52.8248|137.7556|33.2992|61990.0000|1.2635|1.0000|1.1257|84.1733|483.9060|0.6358|0.8475|0.8648|0.0000|442.0000|450.0000|146.8439|60.0000|-5.0000|139.6822|142.2889|127.9822|4.3757|34.0000|5.6952|4.5738|34.0000|5.9579|0.0000|0.0000|0.0000|2017-08-24T07:05:44.000|Freshwater Lake - North America_images_000004.tif|EEFC542E-92C0-4622-B33D-22D919C41C50
854|1804|2|32|37|952|1525|1313|1|1|0|0.7035|4.5000|0|0.0000|0.0000|0.0000|341.0000|28.0000|21.0000|24.6944|85.1127|74.5088|27.3748|18.6766|103.7421|11.4930|16.5323|11.6077|14.2068|11.4930|59.8768|49.2512|157.2639|34.6177|53627.0000|1.6905|2.9748|1.2157|66.3421|484.5160|0.5473|0.3655|0.7907|0.0000|385.5000|341.0000|103.7421|-75.0000|5.0000|157.7595|160.3460|151.0968|4.3044|35.0000|5.5473|4.6048|35.0000|5.8674|0.0000|0.0000|0.0000|2017-08-24T07:05:44.618|Freshwater Lake - North America_images_000004.tif|1D2BE960-7262-48FC-A5D4-168235F35829
855|1838|2|27|54|138|1252|1314|1|1|0|0.7035|4.5000|0|0.0000|0.0000|0.0000|290.0000|45.0000|13.0000|31.7778|103.5980|96.4886|49.2839|9.8875|84.1733|10.3524|28.4917|5.9798|19.1899|10.3524|72.8812|64.7140|159.3931|25.9345|46224.0000|2.9451|7.1116|1.1262|45.3261|485.0310|0.0839|0.1744|0.2923|0.0000|370.5000|290.0000|84.1733|70.0000|-15.0000|160.2448|163.0586|151.9034|3.7655|37.0000|5.1088|4.0660|37.0000|5.5125|0.0000|0.0000|0.0000|2017-08-24T07:05:45.124|Freshwater Lake - North America_images_000004.tif|27812807-7215-4B4D-ABB1-9A522200F7B6
856|1867|2|40|43|527|1261|1315|1|1|0|0.7035|4.5000|0|0.0000|0.0000|0.0000|782.0000|34.0000|30.0000|32.1389|102.0833|98.0938|32.7466|30.4295|284.5053|19.0327|20.7533|17.9393|19.4440|19.0327|71.8156|65.8432|114.0601|29.7346|89195.0000|1.0605|1.0000|1.0907|104.1705|485.0780|0.9261|0.8930|0.9965|0.0000|752.5000|782.0000|284.5053|-85.0000|0.0000|123.8836|122.3529|94.0026|4.4477|38.0000|5.7680|3.9961|38.0000|5.0288|0.0000|0.0000|0.0000|2017-08-24T07:05:45.199|Freshwater Lake - North America_images_000004.tif|5BD054E5-0936-4284-96B2-ACDE181F9924
857|1909|2|52|63|894|1573|1317|1|4|0|0.7035|4.5000|0|0.0000|0.0000|0.0000|352.0000|55.0000|32.0000|44.1111|139.3970|135.2777|52.5522|38.3195|108.0198|11.7275|35.5267|19.3463|27.8664|11.7275|98.0658|92.0021|157.5085|29.8204|55443.0000|4.3929|11.7154|1.0659|79.2787|485.9220|0.1650|0.4596|0.2119|0.0000|1196.0000|352.0000|108.0198|-70.0000|50.0000|162.3949|163.1960|144.4688|4.0999|36.0000|5.2670|4.5054|36.0000|5.7442|0.0000|0.0000|0.0000|2017-08-24T07:05:46.032|Freshwater Lake - North America_images_000004.tif|0FF14CAC-930A-435C-9CD2-164E2C9A08A9
858|1963|2|46|43|774|1504|1321|1|1|0|0.7035|4.5000|0|0.0000|0.0000|0.0000|657.0000|38.0000|28.0000|33.6944|125.3553|102.4878|35.7293|24.8797|231.8477|17.1813|23.5673|16.5323|20.5383|17.1813|88.1875|68.9344|146.6286|26.6079|96335.0000|1.9033|3.7099|1.2793|81.1391|487.5780|0.6417|0.6127|0.8826|0.0000|748.0000|657.0000|231.8477|-35.0000|55.0000|149.5601|151.2861|136.3820|4.5262|42.0000|5.8463|4.9532|42.0000|6.2399|0.0000|0.0000|0.0000|2017-08-24T07:05:47.682|Freshwater Lake - North America_images_000004.tif|08CCB028-0022-4421-BC06-30F7B721E446
859|2011|2|30|60|463|1314|1323|1|1|0|0.7035|4.5000|0|0.0000|0.0000|0.0000|307.0000|53.0000|16.0000|37.1389|129.6985|113.7136|52.9567|10.3163|90.6445|10.7430|34.1198|8.0903|22.9615|10.7430|91.2429|76.8318|144.9805|32.9637|44509.0000|4.3604|11.6123|1.1876|58.2397|488.5000|0.0376|0.3530|0.2686|0.0000|496.0000|307.0000|90.6445|-75.0000|10.0000|148.0814|149.7980|134.4169|4.3036|32.0000|5.4823|4.5710|32.0000|5.7751|0.0000|0.0000|0.0000|2017-08-24T07:05:48.619|Freshwater Lake - North America_images_000004.tif|95F505AF-DD11-468E-BC92-A72670989206
860|2|297|16|70|778|1519|1325|1|1|0|0.7035|4.5000|0|0.0000|0.0000|0.0000|293.0000|60.0000|6.0000|39.5278|124.9706|121.2232|62.5914|6.2313|85.3112|10.4222|39.0442|2.1105|24.6421|10.4222|87.9168|82.1148|137.9044|13.4674|40406.0000|4.2417|11.2366|1.0707|58.4000|490.0470|0.0000|0.6925|0.1886|0.0000|264.0000|293.0000|85.3112|-90.0000|0.0000|144.6792|144.8225|121.8464|3.9454|45.0000|5.4244|4.1766|45.0000|5.6561|0.0000|0.0000|0.0000|2017-08-24T07:05:50.153|Freshwater Lake - North America_images_000004.tif|59F2BDE8-227E-4184-A06D-0D87954E1034
861|20|297|40|40|338|827|1326|1|1|0|0.7035|4.5000|0|0.0000|0.0000|0.0000|645.0000|32.0000|28.0000|30.0278|100.1838|91.2450|30.2534|27.3910|226.8371|16.9946|19.3463|16.5323|17.9588|16.9946|70.4793|61.0251|141.5969|40.3100|91330.0000|1.2383|1.0000|1.1549|53.9101|490.2340|0.8782|0.8744|0.9862|0.0000|645.5000|645.0000|226.8371|-50.0000|45.0000|145.0760|144.9085|133.7457|0.0000|1.0000|0.0000|3.7681|1.0000|3.7681|0.0000|0.0000|0.0000|2017-08-24T07:05:50.354|Freshwater Lake - North America_images_000004.tif|7C033C3E-C769-4DC0-9724-31A1A676A781
862|62|297|46|60|935|1496|1327|1|1|0|0.7035|4.5000|0|0.0000|0.0000|0.0000|702.0000|56.0000|28.0000|42.6111|190.1249|130.3938|56.4588|25.0496|250.7111|17.8666|36.2302|16.5323|26.8112|17.8666|133.7529|88.5663|98.3875|40.2504|69068.0000|4.0976|10.7803|1.5102|116.4970|490.4380|0.1309|0.1791|0.4686|0.0000|1055.0000|702.0000|250.7111|65.0000|-50.0000|103.4174|101.6809|90.0100|4.7831|46.0000|6.1031|5.0392|46.0000|6.3664|0.0000|0.0000|0.0000|2017-08-24T07:05:50.532|Freshwater Lake - North America_images_000004.tif|C513CB2C-2E61-4611-8CD2-8FDC68BFCB1E
863|110|297|84|150|339|1464|1329|1|4|0|0.7035|4.5000|0|0.0000|0.0000|0.0000|4372.0000|139.0000|69.0000|109.0000|611.8894|339.5206|125.8349|58.6663|1910.6184|49.3222|94.6208|45.3758|73.5157|50.1323|430.4642|235.6870|143.8401|13.7958|628869.0000|6.6092|18.7101|1.8264|40.1597|491.0940|0.0831|0.4856|0.5955|0.0000|7207.5000|4508.0000|1973.8980|-90.0000|-5.0000|146.6617|146.0542|138.4023|4.2216|34.0000|5.5329|4.5147|34.0000|5.7921|0.0000|0.0000|0.0000|2017-08-24T07:05:51.195|Freshwater Lake - North America_images_000004.tif|88B1F341-40C9-49C1-ACAE-814F87E700B3
864|196|297|32|37|940|1628|1330|1|1|0|0.7035|4.5000|0|0.0000|0.0000|0.0000|423.0000|28.0000|19.0000|25.3056|83.1127|76.3052|27.4466|20.0861|136.0322|13.1606|16.5323|10.2007|14.6367|13.1606|58.4698|50.5150|131.8913|35.7638|55790.0000|1.2995|1.3316|1.1575|92.3784|491.8440|0.7488|0.8519|0.9312|0.0000|420.5000|423.0000|136.0322|-50.0000|15.0000|137.5721|139.2955|115.2411|4.6136|35.0000|5.8599|5.0159|35.0000|6.2463|0.0000|0.0000|0.0000|2017-08-24T07:05:51.936|Freshwater Lake - North America_images_000004.tif|3E1802C3-17FC-436F-B5FD-408A479375EB
865|230|297|69|207|486|1338|1331|1|1|0|0.7035|4.5000|0|0.0000|0.0000|0.0000|1186.0000|205.0000|10.0000|132.3333|442.3919|412.4805|229.3541|7.1573|458.8938|24.1719|141.0517|3.8693|89.9307|24.1719|311.2227|287.0143|136.2833|9.1126|161632.0000|13.1317|39.2288|1.0843|53.9571|492.9380|0.0000|0.4036|0.0574|0.0000|1346.5000|1186.0000|458.8938|-75.0000|15.0000|144.6239|146.2470|113.5388|4.0575|164.0000|6.1007|4.3478|164.0000|6.3978|0.0000|0.0000|0.0000|2017-08-24T07:05:53.038|Freshwater Lake - North America_images_000004.tif|BD7118DD-603F-4E94-9AA0-AA508DFACC59
866|301|297|42|38|968|1433|1333|1|1|0|0.7035|4.5000|0|0.0000|0.0000|0.0000|498.0000|37.0000|18.0000|29.4167|94.3259|89.1558|38.7625|16.7640|166.2468|14.5490|22.8637|9.4973|17.5289|14.5490|66.3583|59.5554|114.3333|30.2755|56938.0000|1.4217|1.9551|1.1142|112.5190|493.2660|0.4413|0.7973|0.7110|0.0000|494.5000|498.0000|166.2468|25.0000|-55.0000|120.1968|122.3614|96.3916|5.0367|42.0000|6.2565|5.4033|42.0000|6.6356|0.0000|0.0000|0.0000|2017-08-24T07:05:53.355|Freshwater Lake - North America_images_000004.tif|2764E032-61DA-44E7-B3B4-7EE60F4FB017
867|345|297|58|66|438|1521|1338|1|1|0|0.7035|4.5000|0|0.0000|0.0000|0.0000|1238.0000|61.0000|38.0000|52.3611|212.0244|161.6254|63.1456|30.3130|481.6810|24.7648|39.7478|23.5673|33.6703|24.7648|149.1592|110.5377|100.1389|36.0929|123972.0000|2.8896|6.9338|1.3494|100.2926|494.1410|0.2621|0.5414|0.6426|0.0000|1718.5000|1238.0000|481.6810|45.0000|-30.0000|106.6511|104.4200|89.2779|3.1965|38.0000|4.0566|4.2794|38.0000|5.4697|0.0000|0.0000|0.0000|2017-08-24T07:05:54.239|Freshwater Lake - North America_images_000004.tif|4D79B592-B629-47C4-B537-94FD266FE95D
868|405|297|41|42|959|1424|1340|1|1|0|0.7035|4.5000|0|0.0000|0.0000|0.0000|618.0000|33.0000|30.0000|31.5000|103.7401|96.1177|30.1506|28.9954|215.5952|16.5682|20.0497|17.9393|18.9945|16.5682|72.9812|64.4531|105.3123|37.8160|65083.0000|1.3858|1.7971|1.1323|97.3068|496.9840|0.6648|0.4827|0.8994|0.0000|645.5000|618.0000|215.5952|20.0000|-75.0000|113.3528|110.1392|92.7589|3.0179|33.0000|3.4726|4.1105|33.0000|5.3505|0.0000|0.0000|0.0000|2017-08-24T07:05:57.104|Freshwater Lake - North America_images_000004.tif|3BC05258-464F-4109-A91A-02CDA74BB227
869|448|297|22|113|821|1480|1342|1|1|0|0.7035|4.5000|0|0.0000|0.0000|0.0000|306.0000|104.0000|6.0000|66.6111|215.9411|206.3732|107.4948|4.2938|90.2624|10.7203|69.9982|2.1105|43.6952|10.7203|151.9146|142.0178|149.7255|18.5600|45816.0000|12.1266|36.0691|1.0697|50.0680|497.5470|0.0000|0.3394|0.0673|0.0000|363.0000|306.0000|90.2624|85.0000|-5.0000|157.6895|156.5131|133.3301|3.8929|97.0000|5.6083|4.2542|97.0000|5.9404|0.0000|0.0000|0.0000|2017-08-24T07:05:57.644|Freshwater Lake - North America_images_000004.tif|0656AE70-1684-4C27-BBFF-1E74ADD24E81
870|472|297|42|38|421|1537|1343|1|1|0|0.7035|4.5000|0|0.0000|0.0000|0.0000|636.0000|33.0000|28.0000|30.4722|100.4264|92.8579|30.4813|27.2948|223.0848|16.8535|20.0497|16.5323|18.2714|16.8535|70.6500|62.1598|101.0267|35.2692|64253.0000|1.2619|1.0000|1.1366|101.5227|497.7810|0.8139|0.7362|0.9674|0.0000|645.5000|636.0000|223.0848|-10.0000|-90.0000|104.6730|104.5330|92.7358|4.5188|48.0000|5.8353|4.8244|48.0000|6.1916|0.0000|0.0000|0.0000|2017-08-24T07:05:57.876|Freshwater Lake - North America_images_000004.tif|18CEDFD9-AA83-4ECC-AAE3-D1CD7ADDC918
871|516|297|32|34|683|1483|1345|1|1|0|0.7035|4.5000|0|0.0000|0.0000|0.0000|381.0000|28.0000|22.0000|24.7778|83.6985|74.6746|23.8870|21.5825|119.3818|12.3289|16.5323|12.3113|14.2654|12.3289|58.8819|49.3678|135.0315|26.4580|51447.0000|1.4632|2.1265|1.1927|81.8800|498.3910|0.7545|0.7659|0.9361|0.0000|406.5000|381.0000|119.3818|-60.0000|0.0000|139.8530|141.6614|120.1286|4.4735|40.0000|5.6960|4.7811|40.0000|6.0184|0.0000|0.0000|0.0000|2017-08-24T07:05:58.493|Freshwater Lake - North America_images_000004.tif|471F6EB7-E731-453E-89F3-E1446DCC5BAB
872|550|297|47|34|144|1242|1346|1|1|0|0.7035|4.5000|0|0.0000|0.0000|0.0000|429.0000|39.0000|23.0000|31.1389|114.4264|94.6123|35.7378|20.7296|138.4280|13.2760|24.2707|13.0147|18.7405|13.8412|80.4990|63.3940|142.6131|24.7657|61181.0000|2.2700|4.9286|1.2698|99.4902|499.3910|0.3652|0.2485|0.6848|0.0000|576.5000|459.0000|150.4649|20.0000|-75.0000|144.1026|148.3823|130.7855|4.0981|50.0000|5.5937|4.5443|50.0000|6.0752|0.0000|0.0000|0.0000|2017-08-24T07:05:59.483|Freshwater Lake - North America_images_000004.tif|49D4E650-4F71-45ED-8271-B3046EDEB7FE
873|599|297|43|46|992|1354|1347|1|1|0|0.7035|4.5000|0|0.0000|0.0000|0.0000|599.0000|40.0000|25.0000|34.1389|129.7401|104.3059|43.3695|23.3479|207.7121|16.2625|24.9743|14.4217|20.8510|16.2625|91.2722|70.2135|147.6427|27.0314|88438.0000|2.2362|4.8177|1.2999|67.7982|499.6880|0.2818|0.2599|0.6287|0.0000|744.0000|599.0000|207.7121|50.0000|-40.0000|153.0434|152.5893|135.8681|4.3576|44.0000|5.8087|4.7657|44.0000|6.2179|0.0000|0.0000|0.0000|2017-08-24T07:05:59.783|Freshwater Lake - North America_images_000004.tif|26DE0F12-E93C-4AB9-8E9C-DE628EB5CAD4
874|644|297|91|82|766|1509|1350|1|1|0|0.7035|4.5000|0|0.0000|0.0000|0.0000|3209.0000|82.0000|62.0000|73.8333|285.3381|228.8958|78.7543|57.3767|1372.4299|41.8023|54.5213|40.4513|48.7760|41.9771|200.7354|157.8624|110.8934|38.2882|355857.0000|2.0034|4.0468|1.2716|69.0853|500.0000|0.4934|0.5090|0.8674|0.0000|3809.5000|3234.0000|1383.9333|5.0000|-65.0000|116.1462|113.8339|103.1016|3.0441|58.0000|4.1993|4.3231|58.0000|5.8511|0.0000|0.0000|0.0000|2017-08-24T07:06:00.123|Freshwater Lake - North America_images_000004.tif|AAC067FD-7833-41F7-9E74-A66709E5A4FA
875|737|297|31|33|640|1561|1351|1|1|0|0.7035|4.5000|0|0.0000|0.0000|0.0000|344.0000|26.0000|20.0000|22.7778|72.2843|68.1244|23.0815|19.6824|104.9069|11.5573|15.1253|10.9043|12.8584|11.5573|50.8520|44.7598|152.9826|27.6546|52626.0000|1.2087|1.0000|1.1361|72.7188|500.1880|0.7965|0.7455|0.9520|0.0000|335.5000|344.0000|104.9069|50.0000|10.0000|154.8983|155.8256|146.7035|4.4128|33.0000|5.7495|4.4740|33.0000|5.6981|0.0000|0.0000|0.0000|2017-08-24T07:06:00.291|Freshwater Lake - North America_images_000004.tif|E2F5DF4C-1CEC-404B-A49A-B413FAB565F0
876|770|297|37|36|519|1316|1351|1|1|0|0.7035|4.5000|0|0.0000|0.0000|0.0000|545.0000|30.0000|24.0000|26.9722|85.0122|81.8424|28.3958|24.4504|185.4445|15.3660|17.9393|13.7183|15.8092|15.3660|59.8061|54.4104|104.5761|26.7328|56994.0000|1.0553|1.0000|1.0992|86.7808|500.1880|0.8933|0.9025|0.9884|0.0000|519.0000|545.0000|185.4445|40.0000|-50.0000|112.4917|111.9817|87.0642|4.4128|33.0000|5.7495|4.4740|33.0000|5.6981|0.0000|0.0000|0.0000|2017-08-24T07:06:00.291|Freshwater Lake - North America_images_000004.tif|06DF0FD9-7ACB-4EF6-B7D6-E78438B65A75
877|809|297|63|47|225|1707|1352|1|1|0|0.7035|4.5000|0|0.0000|0.0000|0.0000|1136.0000|60.0000|29.0000|47.1111|161.7401|144.4799|60.7425|26.4359|437.0446|23.5895|39.0442|17.2357|29.9769|23.5895|113.7842|98.4759|108.8697|41.2667|123676.0000|1.8325|3.4687|1.1555|63.7466|500.3750|0.2601|0.5449|0.6592|0.0000|1287.5000|1136.0000|437.0446|30.0000|-75.0000|110.3856|110.8327|104.4032|3.9859|48.0000|5.4759|4.3644|48.0000|5.7156|0.0000|0.0000|0.0000|2017-08-24T07:06:00.474|Freshwater Lake - North America_images_000004.tif|61095140-6169-46CF-AECB-467265C0B53B
878|874|297|70|46|922|1515|1352|1|1|0|0.7035|4.5000|0|0.0000|0.0000|0.0000|314.0000|69.0000|8.0000|45.3611|153.6812|139.3934|71.6429|6.1231|93.3249|10.9007|45.3758|2.8140|28.7458|10.9007|108.1147|94.8975|162.1783|25.5501|50924.0000|5.9855|16.7443|1.1393|59.6797|500.3750|0.0000|0.6749|0.1547|0.0000|349.0000|314.0000|93.3249|30.0000|-60.0000|163.8439|165.4777|155.0796|3.9859|48.0000|5.4759|4.3644|48.0000|5.7156|0.0000|0.0000|0.0000|2017-08-24T07:06:00.474|Freshwater Lake - North America_images_000004.tif|83AF26F3-B6F1-4866-9893-05E08A164C87
879|946|297|27|86|877|1332|1353|1|1|0|0.7035|4.5000|0|0.0000|0.0000|0.0000|492.0000|77.0000|10.0000|51.1944|165.5980|157.7764|85.7012|7.6723|163.8096|14.4419|51.0038|3.8693|32.8495|14.4419|116.4982|107.8299|150.3130|21.1926|73954.0000|4.4354|11.8499|1.0804|44.5455|502.8130|0.0000|0.6092|0.1692|0.0000|530.5000|492.0000|163.8096|75.0000|-10.0000|153.5264|155.9248|138.0102|4.0505|70.0000|5.7508|4.4197|70.0000|5.9684|0.0000|0.0000|0.0000|2017-08-24T07:06:02.923|Freshwater Lake - North America_images_000004.tif|C684BACA-5408-4988-A065-67E6D3C4A0E1
880|975|297|31|62|873|1094|1353|1|1|0|0.7035|4.5000|0|0.0000|0.0000|0.0000|339.0000|56.0000|10.0000|37.9444|128.7696|115.9053|60.0761|7.8592|102.9664|11.4499|36.2302|3.8693|23.5281|11.4499|90.5894|78.3736|149.9558|14.1315|50835.0000|3.8924|10.1296|1.1559|46.1186|502.8130|0.0000|0.5740|0.2352|0.0000|380.5000|339.0000|102.9664|75.0000|-15.0000|154.7876|157.4543|133.4366|4.0505|70.0000|5.7508|4.4197|70.0000|5.9684|0.0000|0.0000|0.0000|2017-08-24T07:06:02.923|Freshwater Lake - North America_images_000004.tif|42B66C19-014D-4A32-8079-C7F737228ADC
881|1008|297|39|194|595|1178|1355|1|2|0|0.7035|4.5000|0|0.0000|0.0000|0.0000|577.0000|183.0000|21.0000|118.6667|406.4092|370.0131|197.7119|20.0937|198.6148|15.9023|125.5748|11.6077|80.3163|15.9023|285.9089|257.1385|161.9255|16.7053|93431.0000|22.7794|69.5491|1.1119|30.3077|503.2660|0.0000|0.3683|0.0372|0.0000|2312.0000|577.0000|198.6148|-90.0000|5.0000|163.3709|164.9879|155.4298|3.7186|40.0000|5.0679|4.0625|40.0000|5.3888|0.0000|0.0000|0.0000|2017-08-24T07:06:03.394|Freshwater Lake - North America_images_000004.tif|8C8FB837-5EFB-4D9F-A005-64915137581F
882|1049|297|25|32|401|819|1355|1|1|0|0.7035|4.5000|0|0.0000|0.0000|0.0000|278.0000|23.0000|15.0000|19.8889|60.6274|59.4203|22.9038|15.4896|79.6398|10.0698|13.0147|7.3868|10.8261|10.0698|42.6514|38.6364|143.7518|28.2985|39963.0000|1.0522|1.0000|1.1039|60.1667|503.2660|0.7590|0.8617|0.9260|0.0000|254.5000|278.0000|79.6398|60.0000|0.0000|145.4532|145.1043|140.4784|3.7186|40.0000|5.0679|4.0625|40.0000|5.3888|0.0000|0.0000|0.0000|2017-08-24T07:06:03.394|Freshwater Lake - North America_images_000004.tif|2FFC292F-B77C-42DD-AE85-5C389114D626
883|1076|297|25|79|947|1413|1356|1|1|0|0.7035|4.5000|0|0.0000|0.0000|0.0000|314.0000|70.0000|8.0000|46.0556|151.3553|141.7954|77.7071|5.6710|93.3249|10.9007|46.0793|2.8140|29.2344|10.9007|106.4785|96.5873|165.6338|23.4958|52009.0000|5.8057|16.1774|1.1024|45.4823|503.7970|0.0000|0.5959|0.1317|0.0000|386.5000|314.0000|93.3249|80.0000|-10.0000|168.0860|168.4268|159.2006|3.8980|59.0000|5.4926|4.1526|59.0000|5.7248|0.0000|0.0000|0.0000|2017-08-24T07:06:03.900|Freshwater Lake - North America_images_000004.tif|9BBE1AB0-10D5-4D0A-8FA8-7CC756354523
884|1103|297|26|88|786|1205|1358|1|1|0|0.7035|4.5000|0|0.0000|0.0000|0.0000|627.0000|78.0000|13.0000|52.1111|179.8406|160.5343|75.0648|12.0140|219.3374|16.7113|51.7073|5.9798|33.4944|16.7113|126.5179|109.7701|146.0032|10.1452|91544.0000|4.1049|10.8032|1.1526|32.5629|505.0470|0.0000|0.4681|0.2763|0.0000|715.0000|627.0000|219.3374|-90.0000|-5.0000|150.2839|149.2568|137.9633|3.9322|78.0000|5.5902|4.1745|78.0000|5.8113|0.0000|0.0000|0.0000|2017-08-24T07:06:05.149|Freshwater Lake - North America_images_000004.tif|C5F249F6-C456-4C06-B5BE-3D159AA307BE
885|1131|297|42|41|760|1629|1361|1|1|0|0.7035|4.5000|0|0.0000|0.0000|0.0000|603.0000|33.0000|28.0000|30.8333|105.2548|94.0837|29.8410|28.3197|209.3697|16.3272|20.0497|16.5323|18.5255|16.3272|74.0468|63.0221|129.0282|35.4284|77804.0000|1.4620|2.1218|1.1749|96.6957|505.9380|0.6475|0.5435|0.9073|0.0000|647.0000|603.0000|209.3697|5.0000|45.0000|133.4362|135.2852|115.0779|4.7906|49.0000|6.2447|4.9888|49.0000|6.4144|0.0000|0.0000|0.0000|2017-08-24T07:06:06.035|Freshwater Lake - North America_images_000004.tif|05635DB1-A518-4910-A42B-19DF2B9E97C8
886|1175|297|39|43|532|1525|1365|1|1|0|0.7035|4.5000|0|0.0000|0.0000|0.0000|602.0000|33.0000|28.0000|30.0833|102.4264|91.0230|30.0841|26.1304|208.9552|16.3110|20.0497|16.5323|17.9979|16.3110|72.0570|60.8689|144.7093|25.6407|87115.0000|1.3868|1.8018|1.1838|86.4556|507.4690|0.7997|0.7607|0.9654|0.0000|625.5000|602.0000|208.9552|-90.0000|20.0000|147.3605|148.8920|135.5199|4.4121|35.0000|5.7394|4.8720|35.0000|6.1925|0.0000|0.0000|0.0000|2017-08-24T07:06:07.564|Freshwater Lake - North America_images_000004.tif|6F709740-7339-4098-B164-4FCEFDE78946
887|1216|297|78|122|400|1543|1370|1|1|0|0.7035|4.5000|0|0.0000|0.0000|0.0000|3702.0000|121.0000|60.0000|90.0278|358.3087|279.5195|107.1013|49.2800|1599.8580|45.1332|81.9578|39.0442|60.1688|45.1332|252.0702|193.4762|117.9535|34.6092|436664.0000|2.7597|6.5165|1.3028|64.5429|509.9060|0.1095|0.4435|0.6782|0.0000|4663.0000|3702.0000|1599.8580|70.0000|-25.0000|122.9381|121.1772|109.7545|4.6001|46.0000|5.8624|4.6955|46.0000|6.0001|0.0000|0.0000|0.0000|2017-08-24T07:06:10.026|Freshwater Lake - North America_images_000004.tif|59D36226-57F7-4608-B66A-C3905F39F274
888|1296|297|41|72|198|505|1370|1|1|0|0.7035|4.5000|0|0.0000|0.0000|0.0000|422.0000|66.0000|20.0000|46.2222|160.2254|141.9362|71.1699|16.8320|135.6334|13.1413|43.2653|10.9043|29.3516|13.1413|112.7186|96.6864|143.4360|31.8569|60530.0000|4.8411|13.1325|1.1658|80.3873|509.9060|0.0000|0.3040|0.2009|0.0000|844.0000|422.0000|135.6334|-75.0000|20.0000|147.5616|149.5332|129.8815|4.6001|46.0000|5.8624|4.6955|46.0000|6.0001|0.0000|0.0000|0.0000|2017-08-24T07:06:10.026|Freshwater Lake - North America_images_000004.tif|48FC89E9-D4EF-49B4-BDCE-32C83E1408C3
889|1339|297|35|36|795|1485|1371|1|1|0|0.7035|4.5000|0|0.0000|0.0000|0.0000|407.0000|32.0000|20.0000|25.7500|83.9411|77.8146|29.1917|18.3039|129.6639|12.8489|19.3463|10.9043|14.9494|12.8489|59.0526|51.5768|154.1523|24.3751|62740.0000|1.3777|1.7598|1.1449|56.5135|510.3590|0.6666|0.7170|0.8730|0.0000|416.0000|407.0000|129.6639|-45.0000|30.0000|158.0688|156.7543|147.5209|3.6497|33.0000|4.7352|4.1529|33.0000|5.4255|0.0000|0.0000|0.0000|2017-08-24T07:06:10.469|Freshwater Lake - North America_images_000004.tif|BCC788AF-A38D-45EF-ACE3-7D449E80778E
890|1376|297|33|36|463|1572|1372|1|1|0|0.7035|4.5000|0|0.0000|0.0000|0.0000|403.0000|27.0000|22.0000|24.6389|79.5980|74.1345|25.3293|21.0594|128.0765|12.7700|15.8287|12.3113|14.1677|12.7700|55.9972|48.9879|109.8040|24.7716|44251.0000|1.2511|1.0000|1.1431|86.1029|510.4530|0.7714|0.6537|0.9458|0.0000|409.0000|403.0000|128.0765|-80.0000|-10.0000|114.5806|114.1439|99.4020|4.2954|36.0000|5.5232|4.5163|36.0000|5.8195|0.0000|0.0000|0.0000|2017-08-24T07:06:10.553|Freshwater Lake - North America_images_000004.tif|4738EA30-A6F3-40E8-A6B9-FCB78A09B993
891|1411|297|35|43|333|1576|1373|1|1|0|0.7035|4.5000|0|0.0000|0.0000|0.0000|453.0000|34.0000|23.0000|28.6667|109.0122|86.7799|34.9439|19.1991|148.0500|13.7296|20.7533|13.0147|17.0013|13.7296|76.6901|57.8839|134.9205|31.9473|61119.0000|2.0876|4.3272|1.3249|87.1237|510.6090|0.4200|0.2562|0.7257|0.0000|534.5000|453.0000|148.0500|-85.0000|10.0000|141.6600|142.4040|117.6932|4.1692|32.0000|5.5376|4.1786|32.0000|4.9712|0.0000|0.0000|0.0000|2017-08-24T07:06:10.716|Freshwater Lake - North America_images_000004.tif|E127BF36-EA75-4322-988A-F8A3FBF2F377
892|1448|297|78|74|621|1469|1377|1|1|0|0.7035|4.5000|0|0.0000|0.0000|0.0000|1267.0000|72.0000|61.0000|68.1111|269.9066|210.9292|66.0080|61.0455|494.4161|25.0900|47.4862|39.7478|44.7504|25.0900|189.8793|145.2229|146.8548|36.8869|186065.0000|4.5755|12.2931|1.3075|78.6195|512.0160|0.0000|0.1042|0.3991|0.0000|2670.0000|1267.0000|494.4161|-60.0000|80.0000|153.8382|151.5635|134.9550|4.0977|47.0000|5.6424|3.9715|47.0000|5.1468|0.0000|0.0000|0.0000|2017-08-24T07:06:12.133|Freshwater Lake - North America_images_000004.tif|82CDFE72-0506-4E18-ADB6-591BA4E416A3
893|1528|297|29|125|846|1302|1380|1|1|0|0.7035|4.5000|0|0.0000|0.0000|0.0000|384.0000|116.0000|9.0000|75.1389|254.0833|233.0652|132.8108|4.5306|120.5638|12.3898|78.4403|3.1658|49.6945|12.3898|178.7476|160.7956|144.7448|10.4075|55582.0000|13.3786|40.0052|1.1116|43.4833|513.7190|0.0000|0.3236|0.0554|0.0000|533.5000|384.0000|120.5638|80.0000|-10.0000|148.1484|152.0391|129.2188|3.8771|103.0000|5.7633|4.3015|103.0000|5.9590|0.0000|0.0000|0.0000|2017-08-24T07:06:13.823|Freshwater Lake - North America_images_000004.tif|E3DEA1EE-A4CE-4B06-A1BE-F5979FE79624
894|1559|297|43|66|571|1586|1381|1|1|0|0.7035|4.5000|0|0.0000|0.0000|0.0000|372.0000|63.0000|15.0000|43.4167|148.2254|132.7757|72.4816|12.2402|115.8431|12.1448|41.1547|7.3868|27.3779|12.1448|104.2766|90.2420|159.9274|26.7106|59493.0000|4.6999|12.6865|1.1555|52.2308|513.8130|0.0000|0.4135|0.1753|0.0000|590.0000|372.0000|115.8431|-65.0000|25.0000|163.4973|164.2957|150.0000|4.1979|47.0000|5.6743|4.3272|47.0000|5.8580|0.0000|0.0000|0.0000|2017-08-24T07:06:13.932|Freshwater Lake - North America_images_000004.tif|42F12E39-943E-4964-9C45-29F769D2A437
895|1604|297|36|49|193|1285|1387|1|1|0|0.7035|4.5000|0|0.0000|0.0000|0.0000|685.0000|40.0000|25.0000|32.5278|105.1543|99.1304|38.3774|23.0775|243.5717|17.6104|24.9743|14.4217|19.7176|17.6104|73.9761|66.5725|115.6292|21.5539|79206.0000|1.2846|1.2072|1.1112|60.3146|514.7030|0.6138|0.7735|0.8698|0.0000|683.0000|685.0000|243.5717|-85.0000|5.0000|118.1635|118.7898|108.4701|4.1913|42.0000|5.6264|4.4598|42.0000|5.9098|0.0000|0.0000|0.0000|2017-08-24T07:06:14.808|Freshwater Lake - North America_images_000004.tif|8A6B45C9-5C64-488F-92E0-E3CBC8E849EB
896|1642|297|73|44|248|1487|1388|1|1|0|0.7035|4.5000|0|0.0000|0.0000|0.0000|1473.0000|63.0000|33.0000|51.1667|178.2254|157.9289|62.0353|31.7316|585.3755|27.3006|41.1547|20.0497|32.8300|27.3006|125.3816|107.9372|76.9593|40.4747|113361.0000|1.7160|3.0648|1.1616|110.9313|515.0470|0.4188|0.6596|0.7726|0.0000|1593.5000|1473.0000|585.3755|0.0000|85.0000|81.1378|80.0916|69.2675|3.3528|36.0000|4.4303|4.3380|36.0000|5.6645|0.0000|0.0000|0.0000|2017-08-24T07:06:15.156|Freshwater Lake - North America_images_000004.tif|E469634D-7C7C-4AA5-836B-271C28F753B3
897|1717|297|58|49|602|1414|1395|1|1|0|0.7035|4.5000|0|0.0000|0.0000|0.0000|1243.0000|53.0000|31.0000|43.1389|140.1249|132.6469|52.2688|30.4906|483.8754|24.8211|34.1198|18.6427|27.1825|24.8211|98.5779|90.1513|75.0595|37.0287|93299.0000|1.2570|1.0000|1.0935|112.2689|517.3440|0.5732|0.8390|0.8644|0.0000|1225.0000|1243.0000|483.8754|-25.0000|50.0000|84.0426|78.7128|64.4827|4.8139|39.0000|6.2363|4.2490|39.0000|5.5467|0.0000|0.0000|0.0000|2017-08-24T07:06:17.451|Freshwater Lake - North America_images_000004.tif|D6EF5DBA-167B-4C4E-B380-534F36BA473F
898|1777|297|48|36|626|1539|1402|1|1|0|0.7035|4.5000|0|0.0000|0.0000|0.0000|608.0000|38.0000|24.0000|31.8611|111.5980|96.8217|36.2464|22.6807|211.4432|16.4079|23.5673|13.7183|19.2485|16.4079|78.5092|64.9483|147.0510|33.6037|89407.0000|1.6300|2.7584|1.2088|71.7600|523.6090|0.5798|0.5771|0.8469|0.0000|657.0000|608.0000|211.4432|0.0000|75.0000|148.4638|150.3158|140.0724|4.3916|35.0000|5.5982|4.7351|35.0000|6.0015|0.0000|0.0000|0.0000|2017-08-24T07:06:23.709|Freshwater Lake - North America_images_000004.tif|A33CC367-57CB-4876-AB8B-8F323E2B48EA
899|1827|297|32|35|167|603|1402|1|1|0|0.7035|4.5000|0|0.0000|0.0000|0.0000|411.0000|26.0000|21.0000|24.3333|77.3553|73.1453|25.9210|20.8383|131.2532|12.9274|15.1253|11.6077|13.9527|12.9274|54.4195|48.2920|140.0414|21.8246|57557.0000|1.1586|1.0000|1.1269|55.6866|523.6090|0.7468|0.5556|0.9462|0.0000|399.5000|411.0000|131.2532|40.0000|-10.0000|142.0949|142.2968|134.9027|4.3916|35.0000|5.5982|4.7351|35.0000|6.0015|0.0000|0.0000|0.0000|2017-08-24T07:06:23.709|Freshwater Lake - North America_images_000004.tif|BB67F3A5-207F-4A2B-AFD9-25E9C94AED16
900|1861|297|67|85|479|1519|1404|1|3|0|0.7035|4.5000|0|0.0000|0.0000|0.0000|2162.0000|74.0000|52.0000|62.7778|242.6518|193.9434|59.1631|50.7301|894.3261|33.7445|48.8933|33.4162|40.9984|33.7445|170.7055|133.2734|107.6947|35.2388|232836.0000|2.1672|4.5907|1.2809|79.5330|524.3750|0.4707|0.4529|0.9064|0.0000|2688.5000|2162.0000|894.3261|-85.0000|30.0000|112.7974|111.0347|99.1785|3.3098|43.0000|4.2863|4.2690|43.0000|5.7069|0.0000|0.0000|0.0000|2017-08-24T07:06:24.481|Freshwater Lake - North America_images_000004.tif|7E67F4AF-80F4-4B81-B1B9-41E87EF8C99A
901|1930|297|18|109|453|1514|1410|1|1|0|0.7035|4.5000|0|0.0000|0.0000|0.0000|443.0000|99.0000|8.0000|64.7500|214.8701|200.0078|103.7260|6.6246|144.0333|13.5421|66.4808|2.8140|42.3859|13.5421|151.1611|137.5397|156.0835|17.7209|69145.0000|8.2935|24.0132|1.0990|30.3382|526.1560|0.0000|0.5990|0.1044|0.0000|521.5000|443.0000|144.0333|-90.0000|0.0000|162.3544|164.7562|136.6953|3.8060|75.0000|5.5185|4.1531|75.0000|5.8267|0.0000|0.0000|0.0000|2017-08-24T07:06:26.265|Freshwater Lake - North America_images_000004.tif|9DC26030-A31C-4AFA-8280-099D6B15AF80
902|1950|297|35|40|685|1519|1412|1|1|0|0.7035|4.5000|0|0.0000|0.0000|0.0000|581.0000|31.0000|25.0000|28.3611|90.7696|85.7702|29.5735|25.1336|200.2664|15.9683|18.6427|14.4217|16.7863|15.9683|63.8564|57.1736|106.4475|42.3953|61846.0000|1.1285|1.0000|1.1169|87.5000|527.2810|0.8606|0.8692|0.9822|0.0000|565.5000|581.0000|200.2664|80.0000|0.0000|116.6127|115.7074|84.3838|4.6853|34.0000|5.9308|4.2377|34.0000|5.4735|0.0000|0.0000|0.0000|2017-08-24T07:06:27.370|Freshwater Lake - North America_images_000004.tif|FA640FEF-0E15-45C1-8C79-542C4F8EE9A9
903|1987|297|42|59|732|1531|1414|1|2|0|0.7035|4.5000|0|0.0000|0.0000|0.0000|732.0000|48.0000|28.0000|39.6111|152.8112|121.5196|54.1821|24.9963|263.3470|18.3113|30.6023|16.5323|24.7007|18.3113|107.5027|82.3233|127.1721|32.9516|93090.0000|2.5386|5.8028|1.3059|99.8741|528.9380|0.1315|0.2757|0.5235|0.0000|959.5000|732.0000|263.3470|-90.0000|-25.0000|135.8320|131.6380|115.1612|4.0801|32.0000|5.3969|3.7686|32.0000|4.7041|0.0000|0.0000|0.0000|2017-08-24T07:06:29.045|Freshwater Lake - North America_images_000004.tif|23ED182F-5056-4907-988A-D129EA0138D4
904|2|506|58|52|133|1217|1415|1|1|0|0.7035|4.5000|0|0.0000|0.0000|0.0000|1222.0000|49.0000|41.0000|44.8056|150.4680|137.3701|46.7166|39.7812|474.6629|24.5837|31.3057|25.6777|28.3550|26.9679|105.8542|93.4741|142.2995|30.9306|173890.0000|1.2503|1.0000|1.1324|98.6107|529.4060|0.7978|0.7393|0.9746|0.0000|1451.0000|1441.0000|571.1929|5.0000|-75.0000|144.6039|147.7169|130.7619|4.4060|60.0000|6.0047|4.6931|60.0000|6.2481|0.0000|0.0000|0.0000|2017-08-24T07:06:29.502|Freshwater Lake - North America_images_000004.tif|90063D97-7F93-483C-866D-5D1F4D73D744
905|62|506|72|67|317|1569|1416|1|1|0|0.7035|4.5000|0|0.0000|0.0000|0.0000|2306.0000|68.0000|53.0000|59.8333|213.4386|184.9043|61.5761|50.3180|959.5795|34.9539|44.6722|34.1198|38.9270|34.9539|150.1541|126.9144|107.0672|36.4100|246897.0000|1.5721|2.5461|1.1831|86.4815|529.5310|0.6541|0.5938|0.9286|0.0000|2496.0000|2306.0000|959.5795|20.0000|-60.0000|111.6730|110.1297|99.3005|3.5519|30.0000|4.6320|4.1816|30.0000|5.5536|0.0000|0.0000|0.0000|2017-08-24T07:06:29.623|Freshwater Lake - North America_images_000004.tif|F7ED8570-ADB2-49A7-B311-EAD1E5F2B06A
906|136|506|31|30|928|1573|1420|1|1|0|0.7035|4.5000|0|0.0000|0.0000|0.0000|321.0000|23.0000|20.0000|21.0278|65.6985|62.5155|21.6929|18.8747|96.0139|11.0566|13.0147|10.9043|11.6273|11.0566|46.2189|40.8139|136.2461|26.8916|43735.0000|1.0700|1.0000|1.1324|66.3158|530.7970|0.8938|0.8442|0.9886|0.0000|302.0000|321.0000|96.0139|-35.0000|-90.0000|145.4019|140.4798|124.3676|4.3098|58.0000|5.5933|4.6405|58.0000|6.0089|0.0000|0.0000|0.0000|2017-08-24T07:06:30.895|Freshwater Lake - North America_images_000004.tif|9393764E-F67B-48EB-AFD8-9D6EABB7B347
907|169|506|53|33|822|1085|1421|1|1|0|0.7035|4.5000|0|0.0000|0.0000|0.0000|322.0000|43.0000|17.0000|32.1111|117.2548|97.5381|43.9024|14.4283|96.3987|11.0787|27.0847|8.7937|19.4244|11.0787|82.4888|65.4523|143.1925|36.7335|46108.0000|3.3978|8.5576|1.2603|100.6635|532.0470|0.1793|0.1689|0.3840|0.0000|494.5000|322.0000|96.3987|0.0000|-70.0000|147.1522|146.5528|135.0435|4.0977|36.0000|5.4665|4.2621|36.0000|5.6319|0.0000|0.0000|0.0000|2017-08-24T07:06:32.165|Freshwater Lake - North America_images_000004.tif|3237DF48-AEDA-491B-A45C-A59CC3BAEF58
908|224|506|60|83|644|1160|1422|1|1|0|0.7035|4.5000|0|0.0000|0.0000|0.0000|2381.0000|83.0000|50.0000|64.1944|224.8528|198.5080|74.0495|43.1589|993.6400|35.5688|55.2248|32.0093|41.9950|35.5688|158.1839|136.4846|66.3049|42.9800|157872.0000|1.6898|2.9721|1.1590|145.4600|532.7810|0.4370|0.6574|0.8254|0.0000|2648.5000|2381.0000|993.6400|65.0000|0.0000|68.5926|68.4532|61.1936|2.9657|42.0000|3.8831|4.1623|42.0000|5.4195|0.0000|0.0000|0.0000|2017-08-24T07:06:32.881|Freshwater Lake - North America_images_000004.tif|D812432B-6799-4D97-913C-391F855581E0
909|286|506|37|39|583|1387|1425|1|1|0|0.7035|4.5000|0|0.0000|0.0000|0.0000|616.0000|31.0000|27.0000|28.9444|92.1838|87.7260|29.3462|26.7877|214.7643|16.5362|18.6427|15.8287|17.1966|16.5362|64.8513|58.5495|99.0195|53.9954|60996.0000|1.0978|1.0000|1.1076|95.3827|533.8750|0.9062|0.8744|0.9936|0.0000|598.5000|616.0000|214.7643|70.0000|0.0000|106.2354|105.3068|83.9286|4.5972|38.0000|5.8932|4.0078|38.0000|5.2328|0.0000|0.0000|0.0000|2017-08-24T07:06:34.002|Freshwater Lake - North America_images_000004.tif|9BCB7AB3-7435-42FD-8360-68ACEC8F167E
910|325|506|47|49|361|1596|1426|1|1|0|0.7035|4.5000|0|0.0000|0.0000|0.0000|517.0000|49.0000|17.0000|36.1667|121.6396|110.2835|53.4234|14.6552|173.9854|14.8837|31.3057|8.7937|22.2775|14.8837|85.5735|74.4187|103.4043|29.7979|53460.0000|2.2775|4.9529|1.1499|83.5340|534.4060|0.1446|0.3729|0.4290|0.0000|604.0000|517.0000|173.9854|55.0000|-40.0000|107.8201|108.2282|92.2495|4.3767|44.0000|5.7634|4.6107|44.0000|5.9801|0.0000|0.0000|0.0000|2017-08-24T07:06:34.522|Freshwater Lake - North America_images_000004.tif|8CB5814F-A750-444B-B99B-056EE64FFC9B
911|374|506|52|77|943|1449|1427|1|1|0|0.7035|4.5000|0|0.0000|0.0000|0.0000|341.0000|77.0000|8.0000|51.0000|171.8234|157.1482|81.9823|5.5756|103.7421|11.4930|51.0038|2.8140|32.7127|11.4930|120.8778|107.3880|158.0000|26.9469|53878.0000|6.8897|19.5936|1.1256|66.3662|534.9220|0.0000|0.7201|0.1286|0.0000|402.0000|341.0000|103.7421|55.0000|-30.0000|161.0029|162.6657|147.7185|3.9807|49.0000|5.5042|4.1810|49.0000|5.7155|0.0000|0.0000|0.0000|2017-08-24T07:06:35.024|Freshwater Lake - North America_images_000004.tif|EFC7FA2C-2384-4FE2-A7BA-A4C5DF4C239A
912|428|506|27|42|699|1614|1428|1|1|0|0.7035|4.5000|0|0.0000|0.0000|0.0000|309.0000|33.0000|16.0000|25.4722|85.9411|76.5294|31.5886|14.5542|91.4094|10.7882|20.0497|8.0903|14.7539|10.7882|60.4596|50.6727|158.0324|28.5890|48832.0000|1.9021|3.7058|1.1931|69.0789|535.0310|0.4348|0.4319|0.6505|0.0000|356.5000|309.0000|91.4094|85.0000|-5.0000|160.6149|162.9709|147.2880|4.1254|38.0000|5.3268|4.5857|38.0000|5.8898|0.0000|0.0000|0.0000|2017-08-24T07:06:35.122|Freshwater Lake - North America_images_000004.tif|08C61341-EFD4-4EE6-89BF-19438557ED94
913|457|506|32|137|490|1475|1430|1|1|0|0.7035|4.5000|0|0.0000|0.0000|0.0000|1252.0000|128.0000|14.0000|84.7778|274.0833|263.4422|141.4269|11.7635|487.8267|24.9223|86.8822|6.6833|56.4754|24.9223|192.8176|182.1658|138.1837|23.4373|173006.0000|4.7748|12.9229|1.0585|68.0846|535.7030|0.0000|0.6351|0.1583|0.0000|1306.0000|1252.0000|487.8267|80.0000|-5.0000|141.7572|142.1278|129.0503|4.0386|94.0000|5.8439|4.2761|94.0000|5.9620|0.0000|0.0000|0.0000|2017-08-24T07:06:35.818|Freshwater Lake - North America_images_000004.tif|0C10B92E-8BBF-434A-8D7D-2C73105E8F4F
914|491|506|30|26|900|1894|1431|1|1|0|0.7035|4.5000|0|0.0000|0.0000|0.0000|299.0000|25.0000|19.0000|22.0278|72.3848|66.1598|20.9702|19.3680|87.5924|10.5606|14.4217|10.2007|12.3308|10.5606|50.9227|43.3777|142.9666|21.7169|42747.0000|1.3945|1.8363|1.1739|41.7761|535.8590|0.7641|0.6897|0.9344|0.0000|307.5000|299.0000|87.5924|50.0000|-5.0000|148.0970|145.6087|135.8796|3.0741|36.0000|4.2017|3.9336|36.0000|5.2994|0.0000|0.0000|0.0000|2017-08-24T07:06:35.951|Freshwater Lake - North America_images_000004.tif|79F3944C-4C5B-48A5-B5B0-9A3057B93EF4
915|523|506|156|74|341|1423|1434|1|1|0|0.7035|4.5000|0|0.0000|0.0000|0.0000|1518.0000|157.0000|17.0000|104.3056|356.1493|324.6343|183.6234|13.1173|605.3497|27.7625|107.2837|8.7937|70.2132|27.7625|250.5510|225.2145|141.8715|34.0780|215361.0000|6.6494|18.8366|1.1125|86.1415|537.4530|0.0000|0.1299|0.1141|0.0000|2100.0000|1518.0000|605.3497|-25.0000|70.0000|148.3406|147.0231|129.2773|4.1445|42.0000|5.5881|3.7299|42.0000|4.7823|0.0000|0.0000|0.0000|2017-08-24T07:06:37.568|Freshwater Lake - North America_images_000004.tif|2DE2A9B4-D8C5-4B33-B0A1-1EF134CC75DE
916|681|506|26|42|863|1558|1436|1|1|0|0.7035|4.5000|0|0.0000|0.0000|0.0000|280.0000|32.0000|14.0000|24.4167|86.2843|73.9726|32.3646|12.3149|80.3933|10.1173|19.3463|6.6833|14.0114|10.1173|60.7010|48.8740|156.5143|20.3898|43824.0000|2.1159|4.4211|1.2420|69.6538|538.7810|0.3861|0.5111|0.5946|0.0000|317.5000|280.0000|80.3933|-90.0000|5.0000|158.1179|160.5750|147.9286|4.3263|41.0000|5.5887|4.5652|41.0000|5.9117|0.0000|0.0000|0.0000|2017-08-24T07:06:38.895|Freshwater Lake - North America_images_000004.tif|E063AA07-EA81-42ED-ADED-E13229F7009E
917|709|506|29|29|157|1319|1440|1|1|0|0.7035|4.5000|0|0.0000|0.0000|0.0000|280.0000|21.0000|19.0000|19.8056|60.8701|58.7046|19.3905|18.5394|80.3933|10.1173|11.6077|10.2007|10.7675|10.1173|42.8221|38.1329|135.3750|24.9858|37905.0000|1.0530|1.0000|1.1230|89.2830|539.9220|0.8912|0.7395|0.9907|0.0000|263.5000|280.0000|80.3933|-60.0000|0.0000|138.7036|141.6357|121.8679|4.3366|43.0000|5.5869|4.7064|43.0000|6.0289|0.0000|0.0000|0.0000|2017-08-24T07:06:40.044|Freshwater Lake - North America_images_000004.tif|6BE66433-E9D8-4F80-A026-6371B9D4B8A1
918|740|506|39|35|176|756|1440|1|1|0|0.7035|4.5000|0|0.0000|0.0000|0.0000|427.0000|30.0000|23.0000|26.3611|90.4264|79.6758|25.9500|22.7694|137.6289|13.2376|17.9393|13.0147|15.3793|13.2376|63.6150|52.8862|130.1148|21.4507|55559.0000|1.5239|2.3645|1.2029|78.9359|539.9220|0.7289|0.6321|0.9123|0.0000|454.0000|427.0000|137.6289|-15.0000|55.0000|138.3724|137.0187|113.4590|4.3366|43.0000|5.5869|4.7064|43.0000|6.0289|0.0000|0.0000|0.0000|2017-08-24T07:06:40.044|Freshwater Lake - North America_images_000004.tif|437DA025-F9D1-4907-82F6-DF31CE974DBC
919|781|506|47|42|859|1572|1444|1|1|0|0.7035|4.5000|0|0.0000|0.0000|0.0000|365.0000|47.0000|10.0000|32.6389|104.1249|99.1333|49.6728|9.5689|113.0985|12.0001|29.8987|3.8693|19.7957|12.0001|73.2519|66.5745|140.6110|14.9005|51323.0000|2.3638|5.2350|1.1003|59.8193|541.3750|0.1031|0.8040|0.3632|0.0000|358.5000|365.0000|113.0985|-50.0000|50.0000|145.6055|144.6658|130.8192|4.1487|59.0000|5.5181|4.4103|59.0000|5.9023|0.0000|0.0000|0.0000|2017-08-24T07:06:41.492|Freshwater Lake - North America_images_000004.tif|503C3768-D476-4409-B546-D3D3AD96441A
920|830|506|47|40|523|1456|1447|1|1|0|0.7035|4.5000|0|0.0000|0.0000|0.0000|782.0000|40.0000|30.0000|34.8889|113.0122|106.4423|36.9104|28.3491|284.5053|19.0327|24.9743|17.9393|21.3786|19.0327|79.5041|71.7164|112.8645|39.6939|88260.0000|1.2997|1.3327|1.1086|51.5743|541.7970|0.7004|0.6992|0.9193|0.0000|790.5000|782.0000|284.5053|15.0000|-90.0000|117.9246|116.5767|103.6483|4.4151|57.0000|5.8384|4.6426|57.0000|6.1120|0.0000|0.0000|0.0000|2017-08-24T07:06:41.897|Freshwater Lake - North America_images_000004.tif|FA5AC795-8554-487A-860E-89B7E4A93A7F
921|879|506|101|329|568|1143|1448|1|1|0|0.7035|4.5000|0|0.0000|0.0000|0.0000|4117.0000|330.0000|17.0000|214.4167|716.4163|670.3951|375.0714|14.8360|1792.1419|47.7685|228.9892|8.7937|147.6764|47.7685|503.9989|468.4572|91.6386|33.6897|377276.0000|9.9207|29.1323|1.0759|93.5279|542.5780|0.0000|0.7877|0.0744|0.0000|4479.0000|4117.0000|1792.1419|-75.0000|15.0000|96.8040|95.3248|82.4331|4.4069|290.0000|6.7039|4.6946|290.0000|6.9804|0.0000|0.0000|0.0000|2017-08-24T07:06:42.675|Freshwater Lake - North America_images_000004.tif|E46A2D1B-8D33-4AA1-8E5B-A141C62E91FF
922|982|506|42|48|454|1432|1449|1|1|0|0.7035|4.5000|0|0.0000|0.0000|0.0000|776.0000|41.0000|32.0000|36.3611|134.6690|111.1199|36.5114|29.9851|281.9602|18.9474|25.6777|19.3463|22.4143|18.9474|94.7396|75.0071|138.6031|16.9332|107556.0000|1.8598|3.5620|1.2631|62.6942|542.7030|0.6377|0.5709|0.8853|0.0000|886.5000|776.0000|281.9602|-70.0000|0.0000|141.2874|143.1057|128.7204|4.4048|47.0000|5.7684|4.7911|47.0000|6.2080|0.0000|0.0000|0.0000|2017-08-24T07:06:42.824|Freshwater Lake - North America_images_000004.tif|275A0944-4B42-4F7C-8B38-9CFD53DC9C31
923|1026|506|20|74|896|1586|1451|1|1|0|0.7035|4.5000|0|0.0000|0.0000|0.0000|332.0000|64.0000|8.0000|43.0000|140.2843|132.0493|72.3382|6.5061|100.2563|11.2982|41.8582|2.8140|27.0847|11.2982|98.6900|89.7309|163.1355|27.0543|54161.0000|4.7170|12.7406|1.0998|55.3030|543.6090|0.0000|0.5518|0.1603|0.0000|365.0000|332.0000|100.2563|-90.0000|-5.0000|166.5181|167.5392|153.2078|3.9970|51.0000|5.5819|4.3650|51.0000|5.8778|0.0000|0.0000|0.0000|2017-08-24T07:06:43.710|Freshwater Lake - North America_images_000004.tif|7A9CAEC9-67A3-492D-BAF1-7B762D03EF2E
924|1048|506|88|56|777|1588|1453|1|1|0|0.7035|4.5000|0|0.0000|0.0000|0.0000|1566.0000|79.0000|44.0000|61.9722|267.8234|191.4147|72.0687|38.3562|626.6929|28.2477|52.4108|27.7883|40.4317|28.4974|188.4138|131.4945|112.0179|47.3565|175420.0000|3.5877|9.1620|1.4329|55.1471|544.1090|0.1974|0.4607|0.6079|0.0000|2294.5000|1591.0000|637.8237|-10.0000|-75.0000|115.2644|113.9036|107.0690|3.2956|32.0000|4.4507|4.3555|32.0000|5.6582|0.0000|0.0000|0.0000|2017-08-24T07:06:44.217|Freshwater Lake - North America_images_000004.tif|0D80DF86-F0B0-40BC-BCA2-38B919BDE992
925|1138|506|29|34|833|1363|1455|1|1|0|0.7035|4.5000|0|0.0000|0.0000|0.0000|329.0000|28.0000|18.0000|22.8611|72.8701|68.4787|25.6113|17.1447|99.0973|11.2327|16.5323|9.4973|12.9170|11.2327|51.2641|45.0090|92.1185|40.0781|30307.0000|1.2844|1.2054|1.1390|162.8000|545.5310|0.6900|0.6471|0.8820|0.0000|328.0000|329.0000|99.0973|-65.0000|5.0000|97.3252|94.4711|85.4468|4.5965|44.0000|5.9243|4.9039|44.0000|6.2435|0.0000|0.0000|0.0000|2017-08-24T07:06:45.637|Freshwater Lake - North America_images_000004.tif|EB7BD895-AF46-4E0D-B519-F936C5470D96
926|1169|506|37|81|193|1177|1456|1|2|0|0.7035|4.5000|0|0.0000|0.0000|0.0000|1099.0000|70.0000|27.0000|52.3889|209.3970|161.6929|64.8523|23.7973|420.9175|23.1501|46.0793|15.8287|33.6898|23.1501|147.3108|110.5852|138.2129|19.2154|151896.0000|3.1749|7.8469|1.3321|44.1510|548.0780|0.1641|0.5411|0.5864|0.0000|1352.5000|1099.0000|420.9175|-90.0000|0.0000|142.5905|141.9718|129.1583|3.6960|34.0000|4.2858|3.9363|34.0000|5.2932|0.0000|0.0000|0.0000|2017-08-24T07:06:48.172|Freshwater Lake - North America_images_000004.tif|B368AFE8-BCDE-48CB-9AF4-108CEFE135B0
927|1208|506|30|60|234|1602|1457|1|1|0|0.7035|4.5000|0|0.0000|0.0000|0.0000|449.0000|50.0000|19.0000|36.5833|146.0833|111.5825|54.3244|16.8050|146.4421|13.6549|32.0093|10.2007|22.5706|13.6549|102.7696|75.3325|149.9755|20.1661|67339.0000|3.7822|9.7799|1.3642|47.0833|548.6090|0.0859|0.2872|0.3536|0.0000|643.0000|449.0000|146.4421|-90.0000|-10.0000|153.3987|154.3942|140.0290|3.6769|39.0000|4.9712|4.3914|39.0000|5.6360|0.0000|0.0000|0.0000|2017-08-24T07:06:48.728|Freshwater Lake - North America_images_000004.tif|A3B760D8-AF67-453C-A5BE-77474F3886AE
928|1240|506|27|44|405|1834|1459|1|1|0|0.7035|4.5000|0|0.0000|0.0000|0.0000|300.0000|35.0000|15.0000|27.1389|86.2843|82.0446|36.0390|14.5526|87.9732|10.5835|21.4567|7.3868|15.9265|12.7700|60.7010|54.5526|128.0567|17.5571|38417.0000|1.4701|2.1543|1.1127|88.7051|548.7810|0.4263|0.7911|0.6794|0.0000|387.0000|403.0000|128.0765|70.0000|-15.0000|135.1800|133.4633|114.7767|3.0538|2.0000|3.3294|3.9338|2.0000|4.1442|0.0000|0.0000|0.0000|2017-08-24T07:06:48.887|Freshwater Lake - North America_images_000004.tif|45BC208C-E420-483B-B3B3-7DE4A889424D
929|1269|506|80|50|507|1603|1459|1|1|0|0.7035|4.5000|0|0.0000|0.0000|0.0000|1817.0000|72.0000|40.0000|57.2500|204.3675|176.9637|69.2652|34.4473|738.8621|30.6716|47.4862|24.9743|37.1096|30.6716|143.7725|121.3282|126.3286|24.8456|229539.0000|1.8292|3.4573|1.1850|64.5440|548.7810|0.4025|0.7256|0.7732|0.0000|2031.5000|1817.0000|738.8621|25.0000|-90.0000|131.7788|129.8404|117.3919|3.0538|2.0000|3.3294|3.9338|2.0000|4.1442|0.0000|0.0000|0.0000|2017-08-24T07:06:48.887|Freshwater Lake - North America_images_000004.tif|9B12FF2A-2EA6-4EAF-BD6C-0BD6663FA6FD
930|1351|506|77|49|785|1477|1460|1|1|0|0.7035|4.5000|0|0.0000|0.0000|0.0000|1525.0000|69.0000|39.0000|53.9167|186.1249|166.0774|65.0860|34.0443|608.4599|27.8337|45.3758|24.2707|34.7646|27.8337|130.9389|113.6697|122.8774|37.6873|187388.0000|1.8077|3.3835|1.1519|68.9333|548.8440|0.2877|0.3681|0.7198|0.0000|1736.0000|1525.0000|608.4599|-15.0000|-90.0000|125.1797|124.7180|118.4131|3.1386|35.0000|4.4248|4.1298|35.0000|5.4881|0.0000|0.0000|0.0000|2017-08-24T07:06:48.939|Freshwater Lake - North America_images_000004.tif|44AD90D5-E804-4CE7-9A95-973E143D2D67
931|1430|506|68|88|429|1470|1463|1|2|0|0.7035|4.5000|0|0.0000|0.0000|0.0000|1987.0000|77.0000|53.0000|65.7500|238.8528|203.6281|66.0992|54.1250|815.3016|32.2192|51.0038|34.1198|43.0894|32.2192|168.0329|140.0866|138.2989|33.4115|274800.0000|2.2848|4.9771|1.1995|84.8832|551.0470|0.2463|0.2046|0.6933|0.0000|2764.5000|1987.0000|815.3016|-90.0000|-25.0000|139.5536|142.1303|130.2924|4.9342|66.0000|6.3462|5.3078|66.0000|6.7386|0.0000|0.0000|0.0000|2017-08-24T07:06:51.146|Freshwater Lake - North America_images_000004.tif|DCEC6BE4-526F-406D-80F3-75481EFE7E48
932|1500|506|38|35|1035|1068|1465|1|1|0|0.7035|4.5000|0|0.0000|0.0000|0.0000|555.0000|29.0000|25.0000|27.2222|85.0122|82.3346|28.3230|24.9518|189.5520|15.5353|17.2357|14.4217|15.9851|15.5353|59.8061|54.7566|97.5351|37.6182|54132.0000|1.0362|1.0000|1.0922|143.3151|552.5160|0.9013|0.9473|0.9919|0.0000|528.0000|555.0000|189.5520|5.0000|-90.0000|107.5568|104.7369|79.6018|4.7190|52.0000|6.0877|4.2027|52.0000|5.5357|0.0000|0.0000|0.0000|2017-08-24T07:06:52.641|Freshwater Lake - North America_images_000004.tif|D8CB60FA-8E39-48AD-A98F-7B4687CEE501
933|1540|506|32|33|950|1574|1468|1|1|0|0.7035|4.5000|0|0.0000|0.0000|0.0000|341.0000|25.0000|22.0000|23.5278|78.2843|70.7112|23.5843|20.8468|103.7421|11.4930|14.4217|12.3113|13.3861|11.4930|55.0730|46.5796|103.5924|36.0411|35325.0000|1.4302|1.9906|1.1823|119.0429|553.6560|0.6682|0.4546|0.8764|0.0000|356.5000|341.0000|103.7421|-55.0000|0.0000|108.6305|106.9120|95.0968|4.5273|37.0000|5.7633|4.7900|37.0000|6.0475|0.0000|0.0000|0.0000|2017-08-24T07:06:53.773|Freshwater Lake - North America_images_000004.tif|86CDA5F9-73F8-4006-9685-DCD42F2308BF
934|1574|506|20|80|706|1566|1469|1|1|0|0.7035|4.5000|0|0.0000|0.0000|0.0000|286.0000|71.0000|8.0000|46.1944|151.4558|141.8715|78.4813|5.3657|82.6589|10.2589|46.7828|2.8140|29.3320|10.2589|106.5492|96.6409|159.9510|26.5310|45746.0000|6.3826|17.9959|1.1025|54.4583|554.3910|0.0000|0.4276|0.1177|0.0000|352.0000|286.0000|82.6589|85.0000|-5.0000|164.4301|168.5524|141.4336|3.8056|58.0000|5.3751|4.1796|58.0000|5.7506|0.0000|0.0000|0.0000|2017-08-24T07:06:54.488|Freshwater Lake - North America_images_000004.tif|0A7DA50E-F8B1-4C46-AD72-C149782DC5B7
935|1596|506|44|34|789|1514|1472|1|1|0|0.7035|4.5000|0|0.0000|0.0000|0.0000|380.0000|38.0000|16.0000|28.4444|92.6690|86.3812|40.1472|13.5810|118.9881|12.3085|23.5673|8.0903|16.8449|12.3085|65.1926|57.6034|105.6211|28.1593|40136.0000|1.7984|3.3513|1.1317|88.8228|555.1090|0.3065|0.4401|0.5387|0.0000|428.5000|380.0000|118.9881|-35.0000|55.0000|111.3079|110.5711|93.7053|4.3621|41.0000|5.6398|4.6287|41.0000|5.9020|0.0000|0.0000|0.0000|2017-08-24T07:06:55.216|Freshwater Lake - North America_images_000004.tif|77AE662B-DF45-48B1-9EAE-66433040910E
936|1642|506|54|49|753|1871|1473|1|1|0|0.7035|4.5000|0|0.0000|0.0000|0.0000|1343.0000|47.0000|42.0000|44.4167|157.2965|136.4571|43.2309|40.3645|527.8767|25.9252|29.8987|26.3813|28.0814|25.9252|110.6581|92.8318|111.7602|29.1200|150094.0000|1.4661|2.1381|1.1920|58.1387|555.2500|0.7965|0.7728|0.9776|0.0000|1395.0000|1343.0000|527.8767|-60.0000|25.0000|118.4676|115.2137|102.4259|3.5517|34.0000|4.3261|4.0246|34.0000|5.3169|0.0000|0.0000|0.0000|2017-08-24T07:06:55.358|Freshwater Lake - North America_images_000004.tif|717191DF-7443-4576-91EE-19847E95EBC4
937|1698|506|42|43|849|1532|1474|1|1|0|0.7035|4.5000|0|0.0000|0.0000|0.0000|390.0000|40.0000|20.0000|31.6944|119.5980|96.6421|36.3076|19.1587|122.9313|12.5108|24.9743|10.9043|19.1313|12.5108|84.1372|64.8220|155.4564|31.2400|60628.0000|2.9186|7.0267|1.2980|81.8889|555.4220|0.3156|0.2152|0.5893|0.0000|548.5000|390.0000|122.9313|40.0000|-45.0000|159.3026|160.3000|144.4333|4.3669|52.0000|5.6999|4.6335|52.0000|5.9879|0.0000|0.0000|0.0000|2017-08-24T07:06:55.516|Freshwater Lake - North America_images_000004.tif|D56A1ACF-5637-4887-A507-DF0B1A0CA892
938|1742|506|41|36|661|1147|1476|1|1|0|0.7035|4.5000|0|0.0000|0.0000|0.0000|469.0000|32.0000|25.0000|27.8333|95.3553|84.3885|28.5392|22.6419|154.4977|14.0254|19.3463|14.4217|16.4150|14.0254|67.0825|56.2016|145.9296|16.3197|68441.0000|1.5428|2.4364|1.1936|42.7765|555.7660|0.6878|0.5902|0.8999|0.0000|501.0000|469.0000|154.4977|5.0000|-85.0000|152.1151|149.8571|135.9083|4.1985|35.0000|5.3130|4.4584|35.0000|5.7505|0.0000|0.0000|0.0000|2017-08-24T07:06:55.866|Freshwater Lake - North America_images_000004.tif|D822A8A0-9D77-4E2E-B53F-681F166ECF33
939|1785|506|53|54|612|1581|1477|1|1|0|0.7035|4.5000|0|0.0000|0.0000|0.0000|968.0000|45.0000|43.0000|44.1389|143.0538|135.2746|43.3953|42.8590|364.1308|21.5320|28.4917|27.0847|27.8860|27.1555|100.6383|91.9999|102.4587|29.7366|99180.0000|1.1162|1.0000|1.0939|127.2016|556.0000|0.9369|0.9020|0.9987|0.0000|1439.5000|1459.0000|579.1684|-75.0000|0.0000|107.6684|107.1240|91.3130|4.6853|46.0000|6.0515|4.9028|46.0000|6.2951|0.0000|0.0000|0.0000|2017-08-24T07:06:56.103|Freshwater Lake - North America_images_000004.tif|BE70D05E-D242-4B6C-AF33-2E84FCDFA0DF
940|1840|506|62|64|758|1306|1481|1|2|0|0.7035|4.5000|0|0.0000|0.0000|0.0000|1276.0000|55.0000|43.0000|50.3333|240.1665|155.0582|52.3879|41.2506|498.3722|25.1902|35.5267|27.0847|32.2437|25.1902|168.9571|105.9177|148.2006|27.5333|189104.0000|3.5972|9.1921|1.5952|81.9481|557.4220|0.3092|0.4149|0.7308|0.0000|1764.0000|1276.0000|498.3722|85.0000|-40.0000|151.5533|152.6183|138.2524|4.7094|89.0000|6.2938|5.0692|89.0000|6.6799|0.0000|0.0000|0.0000|2017-08-24T07:06:57.528|Freshwater Lake - North America_images_000004.tif|E6B6F333-7199-4FDD-9FEC-32109F374AE7
941|1904|506|24|58|459|926|1482|1|1|0|0.7035|4.5000|0|0.0000|0.0000|0.0000|570.0000|48.0000|14.0000|35.5833|111.2132|108.4967|51.8207|14.2983|195.7274|15.7863|30.6023|6.6833|21.8671|15.7863|78.2385|73.1617|151.7281|52.1660|86485.0000|1.7267|3.1024|1.0694|63.7524|557.7340|0.1930|0.8906|0.5023|0.0000|543.0000|570.0000|195.7274|-90.0000|0.0000|153.3912|156.0544|142.5789|4.1491|90.0000|5.8883|4.5148|90.0000|6.2626|0.0000|0.0000|0.0000|2017-08-24T07:06:57.829|Freshwater Lake - North America_images_000004.tif|C8F13B34-4BD4-4706-8D70-F2F17F17366B
942|1930|506|25|39|289|1616|1490|1|1|0|0.7035|4.5000|0|0.0000|0.0000|0.0000|346.0000|29.0000|15.0000|23.9167|75.4558|71.9098|29.3783|15.3777|105.6842|11.6001|17.2357|7.3868|13.6596|11.6001|53.0832|47.4228|64.0780|47.7080|22171.0000|1.3095|1.3991|1.1194|158.0147|560.1090|0.5748|0.8120|0.8013|0.0000|336.0000|346.0000|105.6842|-90.0000|0.0000|63.7283|64.5723|63.2543|2.9965|37.0000|3.8744|4.4257|37.0000|5.7458|0.0000|0.0000|0.0000|2017-08-24T07:07:00.211|Freshwater Lake - North America_images_000004.tif|21E1E875-6A64-4037-94CA-F3BA0FA5414D
943|1957|506|48|35|553|1605|1493|1|1|0|0.7035|4.5000|0|0.0000|0.0000|0.0000|597.0000|39.0000|25.0000|32.1944|110.4264|98.1094|36.4388|22.6419|206.8837|16.2300|24.2707|14.4217|19.4830|16.2300|77.6850|65.8542|134.3970|33.9214|80235.0000|1.6254|2.7416|1.1797|88.5714|561.0940|0.5533|0.5905|0.8260|0.0000|636.0000|597.0000|206.8837|-25.0000|-90.0000|136.7186|140.1792|122.2429|4.7650|40.0000|6.0310|4.9783|40.0000|6.2745|0.0000|0.0000|0.0000|2017-08-24T07:07:01.185|Freshwater Lake - North America_images_000004.tif|4E4F0443-A2CD-4C3D-8733-D44A6BB5DB05
944|2007|506|36|45|984|647|1495|1|1|0|0.7035|4.5000|0|0.0000|0.0000|0.0000|528.0000|37.0000|25.0000|30.2778|102.4264|91.9856|33.6139|22.1286|178.4796|15.0747|22.8637|14.4217|18.1347|15.0747|72.0570|61.5461|97.3750|42.6288|51414.0000|1.5812|2.5798|1.1708|111.7444|561.4690|0.5712|0.5385|0.8302|0.0000|571.5000|528.0000|178.4796|-75.0000|5.0000|104.8958|101.5322|86.2992|4.3404|35.0000|5.4357|4.4677|35.0000|5.6740|0.0000|0.0000|0.0000|2017-08-24T07:07:01.588|Freshwater Lake - North America_images_000004.tif|7C426D41-B4B4-4A0C-A1F1-BE6FE53D848E
945|2|837|26|130|304|1525|1496|1|2|0|0.7035|4.5000|0|0.0000|0.0000|0.0000|735.0000|119.0000|16.0000|79.5556|261.1543|246.6411|139.3197|11.9666|264.6131|18.3553|80.5508|8.0903|52.8016|18.3553|183.7221|170.3463|159.0068|25.8937|116870.0000|7.3841|21.1505|1.0785|39.5306|562.7500|0.0000|0.3632|0.0957|0.0000|1259.5000|735.0000|264.6131|-90.0000|0.0000|160.9605|162.2544|151.9061|3.7771|37.0000|5.1987|4.2092|37.0000|5.6120|0.0000|0.0000|0.0000|2017-08-24T07:07:02.849|Freshwater Lake - North America_images_000004.tif|F65069AA-09F9-4AC4-A32D-AC78FA77D86C
946|30|837|48|60|553|1469|1498|1|1|0|0.7035|4.5000|0|0.0000|0.0000|0.0000|567.0000|56.0000|31.0000|44.8889|177.1543|137.8903|59.2215|28.8336|194.4910|15.7364|36.2302|18.6427|28.4136|15.7364|124.6281|93.8401|161.0106|24.9432|91293.0000|4.4046|11.7525|1.3281|51.5714|563.2500|0.1171|0.3163|0.3328|0.0000|1029.5000|567.0000|194.4910|45.0000|-40.0000|162.7672|164.3228|153.9436|4.1208|76.0000|5.7513|4.3764|76.0000|5.9772|0.0000|0.0000|0.0000|2017-08-24T07:07:03.359|Freshwater Lake - North America_images_000004.tif|05027EC4-1A00-408A-B323-987F4D358D3B
947|80|837|55|57|662|1294|1500|1|1|0|0.7035|4.5000|0|0.0000|0.0000|0.0000|363.0000|59.0000|26.0000|44.9167|167.8822|137.8663|68.0649|24.4831|112.3155|11.9585|38.3407|15.1253|28.4331|11.9585|118.1051|93.8232|142.2231|24.7182|51627.0000|6.1786|17.3531|1.2588|88.7297|564.3590|0.1276|0.4145|0.1767|0.0000|1003.0000|363.0000|112.3155|40.0000|-50.0000|144.4160|145.7052|134.4766|4.3706|71.0000|6.0094|4.5832|71.0000|6.1800|0.0000|0.0000|0.0000|2017-08-24T07:07:04.481|Freshwater Lake - North America_images_000004.tif|4B2F29FE-04BF-4C4D-A90E-9C9A230A1039
948|137|837|84|89|567|1458|1501|1|1|0|0.7035|4.5000|0|0.0000|0.0000|0.0000|3472.0000|91.0000|67.0000|80.7222|332.7939|250.5399|82.7976|62.3723|1493.6088|43.6087|60.8528|43.9688|53.6223|43.6087|234.1205|173.0891|117.3278|32.1644|407362.0000|2.5384|5.8023|1.3526|84.1208|564.6090|0.4385|0.4417|0.8228|0.0000|4317.0000|3472.0000|1493.6088|-55.0000|20.0000|123.6512|120.8252|108.0593|3.0077|44.0000|4.0344|4.2152|44.0000|5.5588|0.0000|0.0000|0.0000|2017-08-24T07:07:04.723|Freshwater Lake - North America_images_000004.tif|D78ECA17-6CCF-4E75-A0A6-56FE632AA2E0
949|223|837|34|37|622|1600|1502|1|1|0|0.7035|4.5000|0|0.0000|0.0000|0.0000|342.0000|33.0000|18.0000|26.1944|86.1838|79.0050|32.2237|16.5741|104.1302|11.5145|20.0497|9.4973|15.2620|11.5145|60.6303|52.4143|86.8275|41.8346|29695.0000|1.7283|3.1078|1.1568|168.0133|565.2340|0.4402|0.3909|0.6633|0.0000|377.5000|342.0000|104.1302|-55.0000|40.0000|91.8363|89.5322|79.6871|4.3506|45.0000|5.6154|4.7084|45.0000|5.9961|0.0000|0.0000|0.0000|2017-08-24T07:07:05.349|Freshwater Lake - North America_images_000004.tif|88BB617D-CE70-47B8-9EF1-1D49B1E47A0A
950|259|837|33|42|676|1305|1506|1|1|0|0.7035|4.5000|0|0.0000|0.0000|0.0000|507.0000|35.0000|22.0000|29.0833|96.7696|88.2080|33.2319|20.2429|169.9086|14.7083|21.4567|12.3113|17.2944|14.7083|68.0774|58.8886|120.9467|25.4243|61320.0000|1.4698|2.1531|1.1560|83.2674|567.2660|0.6022|0.6492|0.8527|0.0000|529.0000|507.0000|169.9086|-70.0000|5.0000|128.8205|125.3037|109.3629|2.3927|36.0000|2.9872|3.9520|36.0000|5.3205|0.0000|0.0000|0.0000|2017-08-24T07:07:07.382|Freshwater Lake - North America_images_000004.tif|F972D537-0A8A-4090-BAC0-8520AC236C25
951|294|837|39|62|932|1249|1509|1|1|0|0.7035|4.5000|0|0.0000|0.0000|0.0000|992.0000|52.0000|28.0000|40.4444|133.3970|123.6772|48.7192|26.4154|374.4955|21.8363|33.4162|16.5323|25.2869|21.8363|93.8448|83.8412|139.9446|32.9714|138825.0000|1.4275|1.9794|1.1193|74.8017|568.5000|0.5121|0.7699|0.8225|0.0000|1006.0000|992.0000|374.4955|-90.0000|10.0000|148.3458|146.8075|123.3196|4.6713|48.0000|6.0491|3.8080|48.0000|4.8939|0.0000|0.0000|0.0000|2017-08-24T07:07:08.608|Freshwater Lake - North America_images_000004.tif|0E6B3B1B-B659-4C41-BCC3-282119405255
952|335|837|63|61|478|1729|1514|1|1|0|0.7035|4.5000|0|0.0000|0.0000|0.0000|446.0000|70.0000|14.0000|48.1111|164.1665|148.3269|79.1135|10.1858|145.2372|13.5986|46.0793|6.6833|30.6804|13.5986|115.4911|101.1822|155.7399|28.9663|69460.0000|4.8087|13.0301|1.1414|78.3162|570.0000|0.0000|0.3882|0.1785|0.0000|649.0000|446.0000|145.2372|-50.0000|45.0000|158.9821|161.5516|143.1816|3.9593|58.0000|5.5866|4.3290|58.0000|5.8401|0.0000|0.0000|0.0000|2017-08-24T07:07:10.124|Freshwater Lake - North America_images_000004.tif|52941049-1CEB-4831-AE1B-1B4897E29E5B
953|400|837|27|33|433|1556|1514|1|1|0|0.7035|4.5000|0|0.0000|0.0000|0.0000|336.0000|25.0000|17.0000|21.7500|67.2132|65.4466|24.4054|17.6233|101.8040|11.3851|14.4217|8.7937|12.1354|11.3851|47.2845|42.8759|119.7649|24.1001|40241.0000|1.0699|1.0000|1.1028|105.6230|570.0000|0.7830|0.8450|0.9442|0.0000|310.5000|336.0000|101.8040|-75.0000|0.0000|128.1280|127.2173|101.9851|3.9593|58.0000|5.5866|4.3290|58.0000|5.8401|0.0000|0.0000|0.0000|2017-08-24T07:07:10.124|Freshwater Lake - North America_images_000004.tif|4773EFB3-83EF-4ADF-A16E-0A257884F200
954|429|837|63|538|433|914|1515|1|2|0|0.7035|4.5000|0|0.0000|0.0000|0.0000|6776.0000|527.0000|41.0000|345.9444|1106.7351|1083.8764|603.9818|17.1258|3036.4573|62.1783|367.5788|25.6777|240.2061|62.1783|778.5881|759.3413|100.4765|27.6419|680829.0000|14.3848|43.1680|1.0253|72.3409|570.2340|0.0000|0.5500|0.0473|0.0000|12480.5000|6776.0000|3036.4573|-90.0000|5.0000|104.4210|104.2420|91.5697|4.4882|881.0000|7.1514|4.7615|881.0000|7.3843|0.0000|0.0000|0.0000|2017-08-24T07:07:10.356|Freshwater Lake - North America_images_000004.tif|CF8B0F2F-638A-4DBE-96EF-D9F99DF490A1
955|494|837|39|34|434|1474|1516|1|1|0|0.7035|4.5000|0|0.0000|0.0000|0.0000|489.0000|30.0000|24.0000|26.7778|86.1838|81.1556|28.4072|22.5517|162.5922|14.3881|17.9393|13.7183|15.6724|14.3881|60.6303|53.9272|93.7403|37.0243|45839.0000|1.2087|1.0000|1.1243|126.5600|570.4380|0.7651|0.7500|0.9465|0.0000|486.0000|489.0000|162.5922|15.0000|-90.0000|99.4540|98.8855|81.4847|4.6084|37.0000|5.8961|4.8296|37.0000|6.1339|0.0000|0.0000|0.0000|2017-08-24T07:07:10.548|Freshwater Lake - North America_images_000004.tif|B6E6256F-2D67-424B-B5B0-661AAD19D1BA
956|535|837|43|41|207|1517|1518|1|1|0|0.7035|4.5000|0|0.0000|0.0000|0.0000|643.0000|34.0000|28.0000|31.7500|117.4975|96.3338|30.7112|28.3948|226.0028|16.9634|20.7533|16.5323|19.1704|16.9634|82.6595|64.6051|125.1182|22.0155|80451.0000|1.7086|3.0386|1.2795|56.5049|571.8440|0.6347|0.5270|0.9359|0.0000|692.5000|643.0000|226.0028|50.0000|-70.0000|134.4463|132.7947|106.5241|4.3975|55.0000|5.6862|4.2048|55.0000|5.6549|0.0000|0.0000|0.0000|2017-08-24T07:07:11.956|Freshwater Lake - North America_images_000004.tif|1FCCCD33-AB0A-42BF-8858-08A819EEA593
957|580|837|73|71|673|1472|1519|1|1|0|0.7035|4.5000|0|0.0000|0.0000|0.0000|2138.0000|67.0000|55.0000|62.3611|326.3087|192.5151|65.0420|51.2857|883.4698|33.5391|43.9688|35.5267|40.7053|33.8723|229.5582|132.2686|132.1731|32.2936|282586.0000|3.8921|10.1288|1.7355|74.5068|572.7030|0.2697|0.1379|0.8080|0.0000|2710.0000|2177.0000|901.1142|-70.0000|30.0000|137.2353|135.3424|124.0187|3.1830|37.0000|4.1016|4.0846|37.0000|5.4310|0.0000|0.0000|0.0000|2017-08-24T07:07:12.797|Freshwater Lake - North America_images_000004.tif|CA30A7CB-978B-486C-B4A1-85C443AA4C5C
958|655|837|44|65|986|1414|1520|1|3|0|0.7035|4.5000|0|0.0000|0.0000|0.0000|448.0000|54.0000|24.0000|42.0000|177.3970|128.8618|50.7054|19.8693|146.0403|13.6361|34.8233|13.7183|26.3813|13.6361|124.7988|87.4885|162.4286|22.8580|72768.0000|5.5899|15.4967|1.4265|61.1000|572.7660|0.1127|0.2479|0.3847|0.0000|947.0000|448.0000|146.0403|-85.0000|20.0000|163.7946|165.3750|156.1295|4.2423|36.0000|5.4890|4.5611|36.0000|5.8791|0.0000|0.0000|0.0000|2017-08-24T07:07:12.882|Freshwater Lake - North America_images_000004.tif|034BBC59-0B49-46F0-92DD-E00ED3E9727B
959|701|837|40|35|381|396|1520|1|1|0|0.7035|4.5000|0|0.0000|0.0000|0.0000|454.0000|30.0000|24.0000|27.4722|92.6690|83.2337|28.8391|22.4052|148.4522|13.7483|17.9393|13.7183|16.1609|13.7483|65.1926|55.3892|137.6652|29.5535|62500.0000|1.5052|2.2926|1.1770|65.2152|572.7660|0.6353|0.5254|0.8668|0.0000|483.5000|454.0000|148.4522|0.0000|-85.0000|141.9031|142.5661|126.4009|4.2423|36.0000|5.4890|4.5611|36.0000|5.8791|0.0000|0.0000|0.0000|2017-08-24T07:07:12.882|Freshwater Lake - North America_images_000004.tif|AEB1DAA8-A505-4E75-AF1C-D2C78893E9C9
960|743|837|101|125|211|1500|1521|1|2|0|0.7035|4.5000|0|0.0000|0.0000|0.0000|3933.0000|128.0000|71.0000|100.6111|405.3208|312.7760|118.7225|62.9644|1706.8027|46.6173|86.8822|46.7828|67.6142|47.3585|285.1432|216.8722|111.8691|38.2289|439981.0000|3.2272|8.0138|1.3148|81.4155|573.4220|0.0000|0.1396|0.5712|0.0000|6090.0000|4051.0000|1761.5161|-55.0000|50.0000|115.4104|114.8904|104.5693|3.0508|32.0000|3.8462|4.2628|32.0000|5.5872|0.0000|0.0000|0.0000|2017-08-24T07:07:13.533|Freshwater Lake - North America_images_000004.tif|21D3CCC3-BD72-4B4F-A020-21AAAE8E1326
961|846|837|40|48|1000|1413|1524|1|1|0|0.7035|4.5000|0|0.0000|0.0000|0.0000|776.0000|38.0000|30.0000|34.2778|115.4975|104.7578|36.8631|27.8541|281.9602|18.9474|23.5673|17.9393|20.9487|18.9474|81.2525|70.5314|98.7629|31.6780|76640.0000|1.3680|1.7142|1.1520|94.4158|574.3130|0.6917|0.6841|0.9257|0.0000|812.5000|776.0000|281.9602|-90.0000|0.0000|104.3660|102.5851|89.0902|4.8771|58.0000|6.2907|5.1575|58.0000|6.5641|0.0000|0.0000|0.0000|2017-08-24T07:07:14.420|Freshwater Lake - North America_images_000004.tif|E341E8B1-CA1F-4F15-A156-2C794F56F8AD
962|888|837|77|66|675|1212|1524|1|1|0|0.7035|4.5000|0|0.0000|0.0000|0.0000|1886.0000|69.0000|52.0000|61.3056|262.9949|189.5995|63.4314|45.8818|769.8459|31.3081|45.3758|33.4162|39.9627|33.5219|185.0169|130.2175|149.1432|14.2323|281284.0000|2.5768|5.9266|1.4208|44.5171|574.3130|0.4224|0.4523|0.8875|0.0000|2565.5000|2136.0000|882.5654|-30.0000|60.0000|154.1638|152.0737|141.4989|4.8771|58.0000|6.2907|5.1575|58.0000|6.5641|0.0000|0.0000|0.0000|2017-08-24T07:07:14.420|Freshwater Lake - North America_images_000004.tif|2E9CACEA-1602-4BA6-B3F3-74062D5CBA8D
963|967|837|54|107|525|1385|1525|1|1|0|0.7035|4.5000|0|0.0000|0.0000|0.0000|926.0000|104.0000|11.0000|69.8889|233.4802|216.4009|116.5226|10.5508|346.0384|20.9902|69.9982|4.5728|46.0011|20.9902|164.2533|149.0723|163.7495|19.9582|151632.0000|4.6847|12.6382|1.1018|28.9604|576.0780|0.0000|0.8045|0.1723|0.0000|947.0000|926.0000|346.0384|-70.0000|20.0000|164.4914|165.8920|159.1933|3.8110|76.0000|5.5431|4.2363|76.0000|5.8544|0.0000|0.0000|0.0000|2017-08-24T07:07:16.201|Freshwater Lake - North America_images_000004.tif|CC016036-4339-406E-93C9-EFDB0ED65C96
964|1023|837|46|87|484|1495|1528|1|1|0|0.7035|4.5000|0|0.0000|0.0000|0.0000|1506.0000|78.0000|34.0000|58.3056|227.9239|179.7899|71.8068|30.6923|600.0199|27.6400|51.7073|20.7533|37.8522|27.8946|160.3445|123.3164|95.5432|42.1352|143888.0000|2.7002|6.3248|1.3003|107.4677|576.7030|0.2270|0.6014|0.6393|0.0000|1867.0000|1531.0000|611.1264|80.0000|5.0000|99.6056|98.7855|87.6454|4.7843|79.0000|6.3282|5.0267|79.0000|6.6068|0.0000|0.0000|0.0000|2017-08-24T07:07:16.801|Freshwater Lake - North America_images_000004.tif|6FCCA179-BD27-4B32-AE77-A12A4BA25A0B
965|1071|837|22|65|117|878|1529|1|1|0|0.7035|4.5000|0|0.0000|0.0000|0.0000|405.0000|56.0000|9.0000|38.2778|121.2132|117.7407|61.9204|8.7455|128.8700|12.8095|36.2302|3.1658|23.7627|12.8095|85.2735|79.6648|157.5654|28.8983|63814.0000|2.8869|6.9251|1.0704|52.5913|577.4530|0.0000|0.7092|0.2637|0.0000|401.5000|405.0000|128.8700|85.0000|-5.0000|158.9901|160.4469|151.4123|4.1285|35.0000|5.4956|4.3720|35.0000|5.8169|0.0000|0.0000|0.0000|2017-08-24T07:07:17.567|Freshwater Lake - North America_images_000004.tif|0373E358-4030-4C92-942F-08A30EB320FD
966|1095|837|38|60|979|1472|1532|1|2|0|0.7035|4.5000|0|0.0000|0.0000|0.0000|657.0000|52.0000|27.0000|40.3889|167.6396|124.0024|55.7206|25.4918|231.8477|17.1813|33.4162|15.8287|25.2478|17.1813|117.9345|84.0699|138.9498|34.1845|91290.0000|3.4039|8.5771|1.4028|84.7450|578.8750|0.2429|0.3255|0.4456|0.0000|995.5000|657.0000|231.8477|-70.0000|0.0000|145.6164|144.3470|125.8189|4.4515|41.0000|5.8157|3.5654|41.0000|4.3281|0.0000|0.0000|0.0000|2017-08-24T07:07:18.968|Freshwater Lake - North America_images_000004.tif|4C78AC72-3B69-4E29-B599-64D6506C2CE4
967|1135|837|59|63|541|1258|1535|1|1|0|0.7035|4.5000|0|0.0000|0.0000|0.0000|341.0000|71.0000|9.0000|46.8889|152.5513|144.3956|76.5028|6.4232|103.7421|11.4930|46.7828|3.1658|29.8206|11.4930|107.3198|98.4166|138.4868|28.3662|47224.0000|5.4308|14.9948|1.0905|114.2689|579.7030|0.0000|0.5096|0.1473|0.0000|378.5000|341.0000|103.7421|45.0000|-45.0000|141.0029|142.0616|130.5484|4.1875|74.0000|5.8218|4.6804|74.0000|6.1693|0.0000|0.0000|0.0000|2017-08-24T07:07:19.801|Freshwater Lake - North America_images_000004.tif|024E32C5-946A-4242-9C7E-DBBCC5A4EE8B
968|1196|837|51|53|928|1518|1536|1|1|0|0.7035|4.5000|0|0.0000|0.0000|0.0000|910.0000|44.0000|41.0000|42.4167|137.8822|130.3839|42.0964|41.1638|339.1621|20.7806|27.7883|25.6777|26.6744|26.0548|97.0001|88.5593|149.9648|26.7268|136468.0000|1.1165|1.0000|1.0953|72.5424|580.3440|0.8967|0.7829|0.9954|0.0000|1331.5000|1355.0000|533.1708|-85.0000|0.0000|155.3495|154.4802|139.0571|4.5233|46.0000|6.0239|4.7367|46.0000|6.2247|0.0000|0.0000|0.0000|2017-08-24T07:07:20.442|Freshwater Lake - North America_images_000004.tif|B9887A23-4003-4081-9A71-CFBA3498B248
969|1249|837|36|40|967|1461|1537|1|1|0|0.7035|4.5000|0|0.0000|0.0000|0.0000|528.0000|33.0000|25.0000|28.8333|94.7696|87.2129|30.1106|23.6445|178.4796|15.0747|20.0497|14.4217|17.1185|15.0747|66.6704|58.1885|99.0303|36.6401|52288.0000|1.3536|1.6444|1.1458|108.4167|580.5000|0.7087|0.6430|0.9173|0.0000|547.5000|528.0000|178.4796|60.0000|-60.0000|103.0208|102.4205|90.8845|4.8687|41.0000|6.1290|5.1084|41.0000|6.3901|0.0000|0.0000|0.0000|2017-08-24T07:07:20.600|Freshwater Lake - North America_images_000004.tif|C24709D5-6C00-478C-B476-9582C7AC05F9
970|1287|837|38|40|337|1509|1540|1|1|0|0.7035|4.5000|0|0.0000|0.0000|0.0000|572.0000|31.0000|26.0000|28.9167|101.0122|87.8775|29.0743|25.6769|196.5520|15.8195|18.6427|15.1253|17.1771|15.8195|71.0621|58.6561|145.1469|19.5810|83024.0000|1.4195|1.9456|1.2115|40.6629|581.0310|0.7194|0.5874|0.9681|0.0000|581.0000|572.0000|196.5520|30.0000|-45.0000|151.7640|149.8514|133.4266|3.8114|59.0000|5.4394|4.2141|59.0000|5.7696|0.0000|0.0000|0.0000|2017-08-24T07:07:21.121|Freshwater Lake - North America_images_000004.tif|209561D0-C8C4-45B4-A0E4-E18CECDB5152
971|1327|837|71|96|969|1353|1542|1|1|0|0.7035|4.5000|0|0.0000|0.0000|0.0000|2757.0000|87.0000|61.0000|74.6944|322.6518|231.7444|87.5214|50.8720|1165.0755|38.5152|58.0388|39.7478|49.3818|38.8915|226.9855|159.8664|140.0424|24.5233|386097.0000|2.9513|7.1316|1.4198|59.6130|581.3130|0.1803|0.2934|0.6975|0.0000|3703.5000|2807.0000|1187.9500|80.0000|0.0000|145.6173|143.3714|131.3808|4.5274|74.0000|6.0656|4.9358|74.0000|6.4809|0.0000|0.0000|0.0000|2017-08-24T07:07:21.417|Freshwater Lake - North America_images_000004.tif|829E67CF-8C35-4FE1-A8BE-FA2122953BA6
972|1400|837|33|34|979|1495|1544|1|1|0|0.7035|4.5000|0|0.0000|0.0000|0.0000|287.0000|30.0000|13.0000|23.3056|77.5980|69.8425|29.4060|12.9664|83.0372|10.2823|17.9393|5.9798|13.2297|10.2823|54.5902|45.9684|145.7073|28.1898|41818.0000|1.6696|2.9004|1.1876|75.1515|582.1410|0.5042|0.6122|0.7076|0.0000|291.0000|287.0000|83.0372|-65.0000|45.0000|152.1498|151.5923|131.7108|4.2865|34.0000|5.5746|4.6719|34.0000|5.9346|0.0000|0.0000|0.0000|2017-08-24T07:07:22.248|Freshwater Lake - North America_images_000004.tif|61D57CDE-E41C-474A-82B7-40DA23C9BA51
973|1435|837|23|86|197|1334|1547|1|1|0|0.7035|4.5000|0|0.0000|0.0000|0.0000|740.0000|76.0000|13.0000|51.8889|163.4558|159.6064|83.8399|11.6344|266.7243|18.4283|50.3002|5.9798|33.3381|18.4283|114.9912|109.1174|148.6176|32.0568|109977.0000|2.8732|6.8810|1.0538|72.3974|582.7030|0.0000|0.7661|0.2630|0.0000|720.5000|740.0000|266.7243|-90.0000|0.0000|150.1946|151.4946|142.3000|3.8943|62.0000|5.5066|4.0388|62.0000|5.5481|0.0000|0.0000|0.0000|2017-08-24T07:07:22.798|Freshwater Lake - North America_images_000004.tif|DF838979-4EAF-468D-B798-411225F714C1
974|1460|837|32|40|522|1525|1548|1|1|0|0.7035|4.5000|0|0.0000|0.0000|0.0000|409.0000|34.0000|16.0000|26.2500|83.5980|79.3586|34.2804|15.4217|130.4583|12.8882|20.7533|8.0903|15.3011|12.8882|58.8112|52.6630|142.4719|23.2510|58271.0000|1.3597|1.6746|1.1167|62.8333|582.7660|0.4962|0.8589|0.7371|0.0000|397.0000|409.0000|130.4583|-65.0000|25.0000|145.1369|147.3056|132.0049|4.3588|35.0000|5.6387|4.7252|35.0000|6.0579|0.0000|0.0000|0.0000|2017-08-24T07:07:22.884|Freshwater Lake - North America_images_000004.tif|2FC805DF-A3DA-4DFF-8127-4A65171F9751
975|1494|837|41|34|657|1549|1549|1|1|0|0.7035|4.5000|0|0.0000|0.0000|0.0000|416.0000|31.0000|22.0000|26.5000|89.0122|80.1382|28.9261|20.1893|133.2424|13.0250|18.6427|12.3113|15.4770|13.0250|62.6201|53.2115|84.8197|40.8045|35285.0000|1.5156|2.3329|1.1768|126.1039|583.0310|0.6311|0.6848|0.8513|0.0000|444.0000|416.0000|133.2424|0.0000|-75.0000|88.9231|88.3077|76.4976|4.7062|45.0000|5.9252|4.9516|45.0000|6.1823|0.0000|0.0000|0.0000|2017-08-24T07:07:23.123|Freshwater Lake - North America_images_000004.tif|079EE9A2-C10D-4B29-8431-120A1503E84D
976|1537|837|40|80|834|1494|1550|1|1|0|0.7035|4.5000|0|0.0000|0.0000|0.0000|345.0000|75.0000|8.0000|49.6944|171.5391|153.1953|82.8643|5.9724|105.2955|11.5787|49.5968|2.8140|31.7943|11.5787|120.6778|104.6071|166.8841|19.8161|57575.0000|6.7873|19.2711|1.1536|35.4200|583.3280|0.0000|0.3821|0.1273|0.0000|439.5000|345.0000|105.2955|-75.0000|20.0000|171.5246|171.0087|157.0957|3.6712|38.0000|5.0986|4.2096|38.0000|5.4536|0.0000|0.0000|0.0000|2017-08-24T07:07:23.419|Freshwater Lake - North America_images_000004.tif|D9A62DC6-6FF6-48FA-9EC0-D3333CFD52FE
977|1579|837|49|67|1003|1459|1550|1|1|0|0.7035|4.5000|0|0.0000|0.0000|0.0000|1407.0000|59.0000|35.0000|48.4167|167.0538|149.3348|60.8646|30.9572|556.1443|26.6102|38.3407|21.4567|30.8954|26.6102|117.5223|101.8913|116.7186|30.3829|164223.0000|1.5784|2.5694|1.1534|63.4865|583.3280|0.3897|0.5144|0.7684|0.0000|1528.0000|1407.0000|556.1443|55.0000|-30.0000|123.8856|119.8586|107.8351|3.6712|38.0000|5.0986|4.2096|38.0000|5.4536|0.0000|0.0000|0.0000|2017-08-24T07:07:23.419|Freshwater Lake - North America_images_000004.tif|D7570E0D-2846-4274-BD13-D5D34FE73884
978|1630|837|28|78|974|1387|1553|1|1|0|0.7035|4.5000|0|0.0000|0.0000|0.0000|359.0000|69.0000|9.0000|46.4167|152.1838|142.6430|79.4500|6.3552|110.7514|11.8749|45.3758|3.1658|29.4884|11.8749|107.0613|97.1836|162.4624|26.0429|58324.0000|5.1337|14.0569|1.1016|58.3050|585.9530|0.0000|0.6046|0.1439|0.0000|409.0000|359.0000|110.7514|75.0000|-10.0000|164.5014|166.2368|154.3482|4.3063|90.0000|5.9980|4.4782|90.0000|6.2027|0.0000|0.0000|0.0000|2017-08-24T07:07:26.063|Freshwater Lake - North America_images_000004.tif|BD2071BF-83DE-414B-8060-9F32F0779850
979|1660|837|29|40|1020|610|1553|1|1|0|0.7035|4.5000|0|0.0000|0.0000|0.0000|364.0000|30.0000|18.0000|24.8611|83.1127|75.0369|29.3558|16.9883|112.7069|11.9793|17.9393|9.4973|14.3240|11.9793|58.4698|49.6227|140.0687|21.8146|50985.0000|1.5102|2.3117|1.1783|55.1757|585.9530|0.5756|0.5874|0.8058|0.0000|372.5000|364.0000|112.7069|-90.0000|10.0000|147.9643|143.8736|129.6154|4.3063|90.0000|5.9980|4.4782|90.0000|6.2027|0.0000|0.0000|0.0000|2017-08-24T07:07:26.063|Freshwater Lake - North America_images_000004.tif|CC84E65C-61E5-4A60-B02E-8EAAE4805DEF
980|1691|837|36|35|167|452|1554|1|1|0|0.7035|4.5000|0|0.0000|0.0000|0.0000|347.0000|28.0000|20.0000|24.8333|83.3553|74.5804|26.6019|19.0915|106.0731|11.6214|16.5323|10.9043|14.3045|11.6214|58.6405|49.3016|108.3890|41.0651|37611.0000|1.5934|2.6249|1.1894|112.0959|586.0160|0.5855|0.3545|0.8242|0.0000|377.0000|347.0000|106.0731|-30.0000|50.0000|111.8818|111.7695|100.4496|3.9953|59.0000|5.4688|4.2359|59.0000|5.7568|0.0000|0.0000|0.0000|2017-08-24T07:07:26.107|Freshwater Lake - North America_images_000004.tif|7DC62E4F-997B-41BC-ABE8-FFF64F3148DB
981|1729|837|92|118|929|1334|1556|1|1|0|0.7035|4.5000|0|0.0000|0.0000|0.0000|5591.0000|110.0000|80.0000|94.8333|346.7351|294.5045|99.1844|74.6782|2479.7637|56.1902|74.2193|53.1142|63.5495|56.1902|243.9281|204.0182|91.4906|38.8711|511524.0000|1.7112|3.0477|1.1956|64.0795|587.1250|0.5788|0.6833|0.9236|0.0000|6168.0000|5591.0000|2479.7637|-80.0000|15.0000|98.6616|94.9175|82.0331|3.5463|80.0000|4.7407|4.6052|80.0000|6.2542|0.0000|0.0000|0.0000|2017-08-24T07:07:27.239|Freshwater Lake - North America_images_000004.tif|AEC6E769-AEE2-4C80-8237-57D648D49672
982|1823|837|33|143|543|1490|1558|1|1|0|0.7035|4.5000|0|0.0000|0.0000|0.0000|410.0000|134.0000|11.0000|87.2500|284.2254|270.7017|152.5865|6.1656|130.8557|12.9078|91.1033|4.5728|58.2146|12.9078|199.9526|187.2729|139.3829|6.2992|57147.0000|15.6795|47.2374|1.0677|49.0000|588.1410|0.0000|0.2169|0.0448|0.0000|722.5000|410.0000|130.8557|-85.0000|10.0000|147.5000|153.0732|109.4317|3.9684|107.0000|5.6264|4.3047|107.0000|6.0838|0.0000|0.0000|0.0000|2017-08-24T07:07:28.241|Freshwater Lake - North America_images_000004.tif|63548419-3A69-4D34-BC2E-E5B912DBAAE4
983|1858|837|29|30|411|1594|1559|1|1|0|0.7035|4.5000|0|0.0000|0.0000|0.0000|278.0000|21.0000|18.0000|19.8889|62.8701|59.4060|20.1945|17.7552|79.6398|10.0698|11.6077|9.4973|10.8261|10.0698|44.2291|38.6264|107.3993|34.3012|29857.0000|1.1314|1.0000|1.1450|129.0545|588.2030|0.8686|0.7347|0.9791|0.0000|267.5000|278.0000|79.6398|15.0000|-20.0000|111.0252|115.3633|90.3273|4.6563|44.0000|5.8248|4.9370|44.0000|6.1489|0.0000|0.0000|0.0000|2017-08-24T07:07:28.293|Freshwater Lake - North America_images_000004.tif|9FCE8436-7E80-4CF7-8264-7622989C0C17
984|1889|837|47|48|610|1103|1564|1|1|0|0.7035|4.5000|0|0.0000|0.0000|0.0000|1035.0000|43.0000|37.0000|38.8611|131.7401|119.3545|37.7332|35.9336|393.1107|22.3724|27.0847|22.8637|24.1730|22.3724|92.6792|80.8001|145.1739|23.7264|150255.0000|1.3344|1.5448|1.1470|55.2931|589.6720|0.7776|0.6901|0.9707|0.0000|1054.0000|1035.0000|393.1107|60.0000|0.0000|149.7401|147.5952|138.6338|3.3477|33.0000|4.2435|4.1670|33.0000|5.2744|0.0000|0.0000|0.0000|2017-08-24T07:07:29.787|Freshwater Lake - North America_images_000004.tif|5E590DD7-C66A-4B7B-8CD4-BE47B29FA46A
985|1938|837|32|30|827|1130|1566|1|1|0|0.7035|4.5000|0|0.0000|0.0000|0.0000|326.0000|23.0000|20.0000|21.3333|67.6985|64.0069|21.7654|19.1693|97.9397|11.1669|13.0147|10.9043|11.8422|11.1669|47.6259|41.8631|134.8681|59.1643|43967.0000|1.1187|1.0000|1.1377|70.3729|590.2190|0.8958|0.8735|0.9869|0.0000|314.0000|326.0000|97.9397|15.0000|-90.0000|142.0982|140.8589|120.2822|4.0913|32.0000|5.4189|4.1981|32.0000|4.6307|0.0000|0.0000|0.0000|2017-08-24T07:07:30.327|Freshwater Lake - North America_images_000004.tif|85BDC81E-9AA1-4279-8449-3AE07CCE50BC
986|1972|837|63|93|249|1504|1567|1|1|0|0.7035|4.5000|0|0.0000|0.0000|0.0000|3200.0000|88.0000|52.0000|70.7778|240.0244|219.2190|81.3136|51.0104|1368.2895|41.7392|58.7422|33.4162|46.6264|41.7392|168.8572|151.0548|100.9859|32.5141|323155.0000|1.4327|2.0012|1.1179|82.2222|590.3130|0.5368|0.8033|0.8844|0.0000|3310.0000|3200.0000|1368.2895|70.0000|-5.0000|104.2409|103.5084|94.7506|3.4496|34.0000|4.6688|4.2153|34.0000|5.5323|0.0000|0.0000|0.0000|2017-08-24T07:07:30.409|Freshwater Lake - North America_images_000004.tif|5D158985-941B-44D2-BFA7-B34E6AD03280
987|2|1377|19|180|997|1282|1568|1|1|0|0.7035|4.5000|0|0.0000|0.0000|0.0000|762.0000|170.0000|9.0000|110.1389|353.9411|342.7103|196.4488|5.8982|276.0278|18.7470|116.4292|3.1658|74.3170|18.7470|248.9976|237.9309|153.9974|28.1413|117346.0000|13.0827|39.0749|1.0465|66.8837|590.4060|0.0000|0.2492|0.0502|0.0000|940.5000|762.0000|276.0278|-90.0000|0.0000|162.5814|162.7717|133.4790|3.9966|151.0000|6.0157|4.3013|151.0000|6.2645|0.0000|0.0000|0.0000|2017-08-24T07:07:30.517|Freshwater Lake - North America_images_000004.tif|C936CD03-24F6-487D-BFF7-2709735DD91A
988|23|1377|52|53|625|1465|1570|1|2|0|0.7035|4.5000|0|0.0000|0.0000|0.0000|777.0000|44.0000|36.0000|40.3056|144.9117|123.6377|38.7510|30.7543|282.3842|18.9616|27.7883|22.1603|25.1892|19.5240|101.9454|83.8134|139.5418|35.9220|108424.0000|2.0454|4.1869|1.2163|80.0462|591.1250|0.5693|0.5415|0.8501|0.0000|1032.0000|817.0000|299.3840|-80.0000|50.0000|145.1982|144.5972|127.4003|4.3575|38.0000|5.6911|3.8550|38.0000|5.1049|0.0000|0.0000|0.0000|2017-08-24T07:07:31.244|Freshwater Lake - North America_images_000004.tif|A5C0CC30-34E6-483D-AAD5-308CF05AC933
989|77|1377|38|68|997|1387|1571|1|1|0|0.7035|4.5000|0|0.0000|0.0000|0.0000|752.0000|58.0000|26.0000|44.4444|171.6396|136.4577|62.4512|20.4500|271.7961|18.6027|37.6373|15.1253|28.1009|18.6027|120.7485|92.8322|155.0559|31.5555|116602.0000|3.1175|7.6634|1.3007|75.2222|591.2500|0.0628|0.2069|0.4434|0.0000|1077.0000|752.0000|271.7961|-90.0000|-5.0000|158.3630|158.6463|146.7739|4.4780|47.0000|5.8370|4.8553|47.0000|6.2511|0.0000|0.0000|0.0000|2017-08-24T07:07:31.363|Freshwater Lake - North America_images_000004.tif|2572BDB3-9BA6-482E-9909-0786F5274BD1
990|117|1377|43|48|913|1588|1572|1|1|0|0.7035|4.5000|0|0.0000|0.0000|0.0000|471.0000|39.0000|32.0000|35.9444|169.0538|109.9279|42.5192|35.7988|155.3054|14.0620|24.2707|19.3463|22.1211|14.0620|118.9293|74.1685|162.2527|25.1395|76421.0000|4.8286|13.0930|1.6035|52.3467|591.3750|0.4830|0.5334|0.3882|0.0000|869.0000|471.0000|155.3054|65.0000|15.0000|166.1189|166.5775|152.2972|4.4675|49.0000|5.8647|4.6807|49.0000|6.0540|0.0000|0.0000|0.0000|2017-08-24T07:07:31.491|Freshwater Lake - North America_images_000004.tif|956AF2F4-8B36-4BF7-A755-EA0A993F9E26
991|162|1377|21|53|415|1623|1574|1|1|0|0.7035|4.5000|0|0.0000|0.0000|0.0000|287.0000|44.0000|9.0000|30.7778|96.9706|93.4456|48.4442|7.7727|83.0372|10.2823|27.7883|3.1658|18.4864|10.2823|68.2188|62.5732|157.5889|28.0146|45228.0000|2.6073|6.0251|1.0902|52.0435|591.6560|0.0840|0.7295|0.3036|0.0000|272.5000|287.0000|83.0372|-85.0000|10.0000|160.2892|161.1185|149.5575|3.8349|39.0000|5.1571|4.2177|39.0000|5.5440|0.0000|0.0000|0.0000|2017-08-24T07:07:31.765|Freshwater Lake - North America_images_000004.tif|3393AE5F-6824-4095-90F5-3BC5B2ABD72E
992|185|1377|57|56|611|1511|1575|1|1|0|0.7035|4.5000|0|0.0000|0.0000|0.0000|1533.0000|49.0000|45.0000|46.9444|157.0538|143.8539|47.5190|42.5343|612.0154|27.9149|31.3057|28.4917|29.8596|28.3778|110.4873|98.0355|92.9048|39.6989|142423.0000|1.2431|1.0000|1.1270|109.3116|591.9530|0.8602|0.8331|0.9886|0.0000|1610.0000|1579.0000|632.4797|-35.0000|50.0000|97.4971|97.3529|82.3933|4.9016|59.0000|6.3051|5.1275|59.0000|6.5530|0.0000|0.0000|0.0000|2017-08-24T07:07:32.051|Freshwater Lake - North America_images_000004.tif|70DB1EFE-8C22-432B-A8A1-FF9ECCB0E2DE
993|244|1377|27|86|482|1591|1580|1|1|0|0.7035|4.5000|0|0.0000|0.0000|0.0000|529.0000|76.0000|14.0000|51.6667|167.8406|159.1573|85.5187|11.1049|178.8887|15.0920|50.3002|6.6833|33.1818|15.0920|118.0759|108.8014|157.4537|28.7688|83293.0000|4.2377|11.2240|1.0852|45.4323|593.4380|0.0000|0.0256|0.1811|0.0000|705.0000|529.0000|178.8887|-90.0000|5.0000|159.1191|160.7543|150.3667|4.1005|63.0000|5.7605|4.3153|63.0000|5.9868|0.0000|0.0000|0.0000|2017-08-24T07:07:33.560|Freshwater Lake - North America_images_000004.tif|43A29363-0567-4C30-B724-5030DC42406F
994|273|1377|28|47|1030|1755|1582|1|1|0|0.7035|4.5000|0|0.0000|0.0000|0.0000|419.0000|37.0000|18.0000|28.7778|99.3553|87.3588|35.5707|16.3383|134.4374|13.0832|22.8637|9.4973|17.0794|13.0832|69.8965|58.2912|147.7661|24.0613|61914.0000|1.8748|3.6131|1.1991|69.8315|593.7030|0.4134|0.3746|0.6964|0.0000|475.0000|419.0000|134.4374|-90.0000|0.0000|152.5442|150.0215|141.4893|3.4639|31.0000|4.4694|4.2129|31.0000|5.2831|0.0000|0.0000|0.0000|2017-08-24T07:07:33.800|Freshwater Lake - North America_images_000004.tif|32D25CD5-8D14-4306-9331-F94B665C758F
995|303|1377|38|41|986|1439|1584|1|1|0|0.7035|4.5000|0|0.0000|0.0000|0.0000|544.0000|33.0000|26.0000|29.0833|100.7696|88.3219|30.4819|23.6380|185.0341|15.3490|20.0497|15.1253|17.2944|15.3490|70.8914|58.9687|139.0147|26.1145|75624.0000|1.4854|2.2152|1.2022|52.3333|594.4840|0.7354|0.6640|0.9310|0.0000|572.0000|544.0000|185.0341|70.0000|20.0000|144.4779|143.9908|127.1893|4.7099|43.0000|5.9200|5.0649|43.0000|6.2799|0.0000|0.0000|0.0000|2017-08-24T07:07:34.603|Freshwater Lake - North America_images_000004.tif|65C3C02D-C618-41F5-B2E3-C9B56E81A445
996|343|1377|31|27|249|1317|1586|1|1|0|0.7035|4.5000|0|0.0000|0.0000|0.0000|292.0000|23.0000|17.0000|20.4444|64.3848|61.3857|22.3272|16.8499|84.9317|10.3990|13.0147|8.7937|11.2169|10.3990|45.2947|40.0191|126.8973|20.1082|37054.0000|1.1297|1.0000|1.1318|72.1864|598.1720|0.7999|0.7131|0.9503|0.0000|277.0000|292.0000|84.9317|10.0000|-90.0000|128.4247|129.0205|122.1267|4.3911|65.0000|5.9910|4.6530|65.0000|6.2495|0.0000|0.0000|0.0000|2017-08-24T07:07:38.265|Freshwater Lake - North America_images_000004.tif|8FF2AF2F-3173-4523-B509-8872D5271BC2
997|376|1377|53|54|983|1281|1586|1|1|0|0.7035|4.5000|0|0.0000|0.0000|0.0000|765.0000|47.0000|40.0000|44.0833|230.6518|135.5353|53.5931|47.2923|277.2983|18.7901|29.8987|24.9743|27.8469|18.7901|162.2635|92.1833|148.0967|30.3911|113294.0000|5.5340|15.3204|1.7602|77.8250|598.1720|0.5602|0.5673|0.3813|0.0000|1383.0000|765.0000|277.2983|-45.0000|35.0000|154.7373|154.9098|132.1529|4.3911|65.0000|5.9910|4.6530|65.0000|6.2495|0.0000|0.0000|0.0000|2017-08-24T07:07:38.265|Freshwater Lake - North America_images_000004.tif|CC88A590-450E-44FE-9B61-FEA1D01EED28
998|431|1377|72|97|405|1547|1593|1|3|0|0.7035|4.5000|0|0.0000|0.0000|0.0000|1552.0000|89.0000|50.0000|73.6944|306.0660|228.4849|64.6206|52.1617|620.4639|28.1069|59.4458|32.0093|48.6783|28.5571|215.3174|157.5734|132.1366|34.7247|205076.0000|4.6678|12.5850|1.3665|67.7636|601.5160|0.1346|0.2525|0.5897|0.0000|2944.5000|1597.0000|640.4966|-65.0000|25.0000|135.9646|135.0245|125.0077|3.3501|33.0000|4.3405|4.1487|33.0000|5.4216|0.0000|0.0000|0.0000|2017-08-24T07:07:41.607|Freshwater Lake - North America_images_000004.tif|D4C4F188-1D12-456F-8415-67B91AAD5BBC
999|505|1377|106|108|913|1229|1594|1|1|0|0.7035|4.5000|0|0.0000|0.0000|0.0000|6651.0000|100.0000|92.0000|96.0000|323.5635|298.4606|95.5103|91.8356|2977.6043|61.5728|67.1843|61.5562|64.3702|62.4093|227.6269|206.8013|80.2335|42.0016|533633.0000|1.2209|1.0000|1.1007|119.5108|602.0780|0.8566|0.8395|0.9898|0.0000|6884.5000|6824.0000|3059.0642|-80.0000|-25.0000|84.4562|84.0262|71.1938|5.6611|123.0000|7.4626|5.8677|123.0000|7.6703|0.0000|0.0000|0.0000|2017-08-24T07:07:42.193|Freshwater Lake - North America_images_000004.tif|A612FC5A-2CDD-478A-8EAF-6038F619EE65
1000|613|1377|35|62|298|1432|1596|1|1|0|0.7035|4.5000|0|0.0000|0.0000|0.0000|337.0000|56.0000|9.0000|37.6389|129.1543|115.2218|57.7169|8.0393|102.1913|11.4068|36.2302|3.1658|23.3132|11.4068|90.8601|77.8928|161.7715|25.0412|54517.0000|3.9389|10.2772|1.1665|42.1770|602.8280|0.0000|0.5318|0.2527|0.0000|361.5000|337.0000|102.1913|-65.0000|20.0000|162.1187|165.0059|155.3472|3.8971|39.0000|5.2892|4.1138|39.0000|5.4846|0.0000|0.0000|0.0000|2017-08-24T07:07:42.942|Freshwater Lake - North America_images_000004.tif|E8F0BAF7-F658-47EF-84EB-D78EBF0F3347
1001|650|1377|36|38|501|1481|1597|1|1|0|0.7035|4.5000|0|0.0000|0.0000|0.0000|546.0000|29.0000|26.0000|27.5000|89.3553|83.1578|27.3115|25.6730|185.8549|15.3830|17.2357|15.1253|16.1805|15.3830|62.8615|55.3358|141.3901|21.6517|77199.0000|1.1637|1.0000|1.1360|53.9873|603.9690|0.8636|0.8137|0.9896|0.0000|535.5000|546.0000|185.8549|-85.0000|0.0000|143.2674|145.7784|132.0806|4.3801|37.0000|5.6201|4.7501|37.0000|6.0161|0.0000|0.0000|0.0000|2017-08-24T07:07:44.062|Freshwater Lake - North America_images_000004.tif|86480448-4231-4D13-A654-BA3D98030E8B
1002|688|1377|33|43|964|1594|1599|1|1|0|0.7035|4.5000|0|0.0000|0.0000|0.0000|291.0000|34.0000|20.0000|27.5556|98.7696|83.4162|33.3971|16.2220|84.5524|10.3757|20.7533|10.9043|16.2196|10.3757|69.4844|55.5175|158.8522|29.9584|46226.0000|2.6677|6.2202|1.2516|68.4545|604.4220|0.3246|0.1466|0.5376|0.0000|412.5000|291.0000|84.5524|-75.0000|15.0000|162.8247|162.7079|149.8488|4.2028|35.0000|5.5417|4.4149|35.0000|5.6945|0.0000|0.0000|0.0000|2017-08-24T07:07:44.537|Freshwater Lake - North America_images_000004.tif|DA87F5A1-09AB-4F22-9E83-2E8630763BCD
1003|723|1377|43|38|925|1584|1609|1|1|0|0.7035|4.5000|0|0.0000|0.0000|0.0000|562.0000|35.0000|26.0000|31.0000|119.0122|94.1012|30.5360|25.8150|192.4318|15.6529|21.4567|15.1253|18.6427|15.6529|83.7251|63.0344|150.3577|27.7014|84501.0000|2.0056|4.0540|1.3282|61.9159|607.2030|0.5080|0.2700|0.8951|0.0000|635.5000|562.0000|192.4318|-55.0000|60.0000|153.1619|153.5925|142.9270|4.2726|34.0000|5.5626|4.6517|34.0000|5.9316|0.0000|0.0000|0.0000|2017-08-24T07:07:47.319|Freshwater Lake - North America_images_000004.tif|7E67C089-9106-43F4-8FDB-88005211E0F0
1004|768|1377|59|57|983|1348|1612|1|1|0|0.7035|4.5000|0|0.0000|0.0000|0.0000|1483.0000|52.0000|45.0000|48.2222|167.0538|148.5331|47.3014|43.1479|589.8112|27.4038|33.4162|28.4917|30.7586|27.6604|117.5223|101.3273|135.1443|27.1201|200419.0000|1.4727|2.1645|1.1598|83.9189|609.3130|0.6856|0.5432|0.9368|0.0000|1610.0000|1508.0000|600.9080|-40.0000|20.0000|140.5327|137.6878|128.1396|3.2232|35.0000|4.2815|4.2215|35.0000|5.5127|0.0000|0.0000|0.0000|2017-08-24T07:07:49.434|Freshwater Lake - North America_images_000004.tif|78647E50-04FD-4ED0-8566-CB84FC04FEA6
1005|829|1377|88|80|474|1470|1618|1|1|0|0.7035|4.5000|0|0.0000|0.0000|0.0000|2678.0000|83.0000|65.0000|74.4167|303.6224|230.9169|84.0361|60.0802|1128.9686|37.9137|55.2248|42.5618|49.1864|37.9137|213.5984|159.2843|118.7569|27.2061|318031.0000|2.7393|6.4509|1.3410|66.8619|610.7810|0.0537|0.3897|0.6390|0.0000|3656.5000|2678.0000|1128.9686|-30.0000|70.0000|125.3409|122.7450|108.4055|3.5705|48.0000|4.7324|4.3307|48.0000|5.8467|0.0000|0.0000|0.0000|2017-08-24T07:07:50.888|Freshwater Lake - North America_images_000004.tif|56084116-564D-4B52-97A9-C881E260AB71
1006|919|1377|98|132|469|1546|1619|1|2|0|0.7035|4.5000|0|0.0000|0.0000|0.0000|4064.0000|124.0000|84.0000|102.8056|551.1615|320.1498|107.9576|70.9075|1767.5472|47.4396|84.0683|55.9282|69.1580|48.0584|387.7421|222.0596|124.8871|31.3586|507541.0000|5.8055|16.1766|1.7461|72.5972|611.2030|0.0000|0.3668|0.6356|0.0000|6776.5000|4164.0000|1813.9612|-85.0000|-10.0000|128.9496|127.9434|117.3292|3.8216|33.0000|4.5242|4.0759|33.0000|5.4257|0.0000|0.0000|0.0000|2017-08-24T07:07:51.306|Freshwater Lake - North America_images_000004.tif|02BCC0F9-3FE2-49E3-A035-133479782DE0
1007|1019|1377|25|253|429|1310|1622|1|1|0|0.7035|4.5000|0|0.0000|0.0000|0.0000|849.0000|243.0000|15.0000|156.1667|512.2254|487.2936|266.8065|10.3749|313.0328|19.9641|167.7848|7.3868|106.6975|19.9641|360.3506|339.6453|134.6961|13.7618|114357.0000|24.5926|75.2467|1.0610|76.8198|611.8590|0.0000|0.3427|0.0303|0.0000|1897.5000|849.0000|313.0328|-90.0000|0.0000|139.0094|143.7456|115.2862|3.8650|156.0000|5.8373|4.2353|156.0000|6.1635|0.0000|0.0000|0.0000|2017-08-24T07:07:51.956|Freshwater Lake - North America_images_000004.tif|631F83DD-9C3A-4286-B842-8CE66F38CBD9
1008|1046|1377|47|49|223|1470|1623|1|1|0|0.7035|4.5000|0|0.0000|0.0000|0.0000|860.0000|46.0000|28.0000|37.8889|127.3970|115.8130|44.0057|26.8972|317.7341|20.1135|29.1953|16.5323|23.4891|20.6355|89.6238|78.3087|133.8186|33.7927|115084.0000|1.4366|2.0177|1.1445|82.4273|611.9220|0.5913|0.7297|0.8606|0.0000|943.5000|899.0000|334.4399|45.0000|-40.0000|137.5140|139.0267|122.1384|4.1913|39.0000|5.6308|3.5637|39.0000|4.2617|0.0000|0.0000|0.0000|2017-08-24T07:07:52.029|Freshwater Lake - North America_images_000004.tif|5991AE6C-2CB8-4614-A6A7-C80E5D6D17D8
1009|1095|1377|38|38|427|1215|1626|1|1|0|0.7035|4.5000|0|0.0000|0.0000|0.0000|602.0000|30.0000|27.0000|28.3889|89.8406|86.1469|29.1203|26.3477|208.9552|16.3110|17.9393|15.8287|16.8058|16.3110|63.2029|57.4386|107.4784|64.5965|64702.0000|1.0669|1.0000|1.1004|35.8182|613.3440|0.9115|0.8648|0.9940|0.0000|576.0000|602.0000|208.9552|10.0000|-55.0000|113.2841|112.7243|95.0033|4.4275|34.0000|5.7304|3.6750|34.0000|4.6592|0.0000|0.0000|0.0000|2017-08-24T07:07:53.441|Freshwater Lake - North America_images_000004.tif|A7EE96E2-CDC2-4009-878F-2C2676BAD988
1010|1135|1377|64|51|206|1528|1631|1|1|0|0.7035|4.5000|0|0.0000|0.0000|0.0000|1279.0000|63.0000|37.0000|48.8056|182.8112|150.5705|58.5783|29.7047|499.6912|25.2235|41.1547|22.8637|31.1690|25.2235|128.6077|102.7606|132.0555|20.8766|168899.0000|2.0793|4.2999|1.2515|53.9818|616.3750|0.3785|0.4884|0.7550|0.0000|1489.0000|1279.0000|499.6912|-30.0000|55.0000|136.7975|135.9500|122.6161|3.0294|30.0000|3.8045|3.9393|30.0000|5.3030|0.0000|0.0000|0.0000|2017-08-24T07:07:56.463|Freshwater Lake - North America_images_000004.tif|BF755BBA-7AC1-4AA7-8927-96AD9639BFF4
1011|1201|1377|34|35|548|990|1632|1|1|0|0.7035|4.5000|0|0.0000|0.0000|0.0000|388.0000|29.0000|20.0000|24.9167|85.3553|74.6431|29.0192|18.3003|122.1416|12.4706|17.2357|10.9043|14.3631|12.4706|60.0475|49.3457|147.8711|16.7636|57374.0000|1.4942|2.2498|1.2169|44.0267|616.5940|0.5695|0.4084|0.8394|0.0000|407.0000|388.0000|122.1416|-60.0000|25.0000|153.0851|150.9897|139.8041|3.1987|40.0000|4.2106|4.1250|40.0000|5.4220|0.0000|0.0000|0.0000|2017-08-24T07:07:56.687|Freshwater Lake - North America_images_000004.tif|5B0A05BD-FD45-4E00-9369-41D4B93F4DA2
1012|1237|1377|35|36|951|1107|1636|1|1|0|0.7035|4.5000|0|0.0000|0.0000|0.0000|485.0000|28.0000|25.0000|26.6389|87.1127|80.3322|26.7115|23.4966|160.9703|14.3162|16.5323|14.4217|15.5747|14.3162|61.2838|53.3480|111.8969|59.3465|54270.0000|1.2451|1.0000|1.1488|62.1538|617.1560|0.8377|0.7940|0.9759|0.0000|488.5000|485.0000|160.9703|-55.0000|0.0000|119.3835|115.8124|101.3010|4.3194|36.0000|5.6342|4.2965|36.0000|5.3376|0.0000|0.0000|0.0000|2017-08-24T07:07:57.275|Freshwater Lake - North America_images_000004.tif|D4365267-527A-491C-978B-96C04DBE2909
1013|1274|1377|59|46|965|1106|1637|1|1|0|0.7035|4.5000|0|0.0000|0.0000|0.0000|295.0000|54.0000|22.0000|40.5833|150.0244|124.3264|61.7144|22.2263|86.0708|10.4685|34.8233|12.3113|25.3846|10.4685|105.5422|84.2979|136.2237|25.4109|40186.0000|6.0714|17.0152|1.2520|122.4841|618.2810|0.0984|0.3186|0.1746|0.0000|743.5000|295.0000|86.0708|20.0000|-65.0000|139.9932|138.5627|130.0441|4.6980|58.0000|6.0958|4.8364|58.0000|6.2205|0.0000|0.0000|0.0000|2017-08-24T07:07:58.376|Freshwater Lake - North America_images_000004.tif|FE3AD5BC-09B3-4F9F-A342-0DD9B239BBAE
1014|1335|1377|62|36|495|1406|1638|1|1|0|0.7035|4.5000|0|0.0000|0.0000|0.0000|751.0000|53.0000|26.0000|39.9444|144.5685|122.4350|51.2224|21.1530|271.3732|18.5883|34.1198|15.1253|24.9351|18.5883|101.7039|82.9673|118.9561|42.2443|89336.0000|2.2146|4.7467|1.2258|131.6328|618.5160|0.2954|0.4305|0.6227|0.0000|888.0000|751.0000|271.3732|-15.0000|-90.0000|122.6618|121.1904|113.1518|3.7289|37.0000|4.9145|4.1287|37.0000|5.4613|0.0000|0.0000|0.0000|2017-08-24T07:07:58.619|Freshwater Lake - North America_images_000004.tif|DA60EFE4-B50C-4F6B-A9A7-C8580ED1F9C0
1015|1399|1377|26|96|477|1531|1639|1|1|0|0.7035|4.5000|0|0.0000|0.0000|0.0000|550.0000|86.0000|16.0000|58.6667|196.6690|180.9608|96.0242|12.7890|187.4973|15.4509|57.3353|8.0903|38.1063|15.4509|138.3566|124.1402|159.8527|26.4017|87919.0000|5.5963|15.5168|1.1145|46.8907|618.7660|0.0000|0.3661|0.1492|0.0000|887.5000|550.0000|187.4973|-90.0000|0.0000|162.2345|163.1055|152.5800|3.9820|68.0000|5.6919|4.2387|68.0000|5.8146|0.0000|0.0000|0.0000|2017-08-24T07:07:58.884|Freshwater Lake - North America_images_000004.tif|BC099335-45E9-4907-9026-2169DBC59347
1016|1427|1377|38|43|1012|1120|1639|1|1|0|0.7035|4.5000|0|0.0000|0.0000|0.0000|651.0000|36.0000|27.0000|31.1667|101.8406|94.8562|34.0703|24.9936|229.3413|17.0882|22.1603|15.8287|18.7600|17.0882|71.6449|63.5656|117.1382|34.8972|76257.0000|1.2678|1.0000|1.1271|68.2921|618.7660|0.7205|0.6847|0.9285|0.0000|665.5000|651.0000|229.3413|55.0000|-50.0000|125.5422|121.0323|106.2473|3.9820|68.0000|5.6919|4.2387|68.0000|5.8146|0.0000|0.0000|0.0000|2017-08-24T07:07:58.884|Freshwater Lake - North America_images_000004.tif|BB036476-4A46-4557-9DA4-2AB20ACF38B7
1017|1467|1377|53|66|449|1548|1641|1|1|0|0.7035|4.5000|0|0.0000|0.0000|0.0000|698.0000|66.0000|18.0000|47.2500|165.2965|145.4835|75.3817|14.5353|249.0298|17.8066|43.2653|9.4973|30.0746|17.8066|116.2861|99.1819|132.0244|17.8785|92153.0000|3.1150|7.6555|1.1725|75.6000|619.2340|0.0000|0.3634|0.3016|0.0000|909.5000|698.0000|249.0298|50.0000|-35.0000|137.9026|139.6533|114.7679|4.2108|56.0000|5.7764|4.6869|56.0000|6.2405|0.0000|0.0000|0.0000|2017-08-24T07:07:59.328|Freshwater Lake - North America_images_000004.tif|4C6E71FE-C876-4268-8EDE-79A64FE6654B
1018|1522|1377|79|80|811|1513|1643|1|1|0|0.7035|4.5000|0|0.0000|0.0000|0.0000|1954.0000|72.0000|64.0000|68.6944|232.9949|212.5875|70.4274|63.4940|800.4368|31.9241|47.4862|41.8582|45.1608|43.8037|163.9119|146.3896|103.5338|32.6825|202305.0000|1.2339|1.0000|1.1197|90.6029|620.0470|0.8726|0.8717|0.9915|0.0000|3515.5000|3501.0000|1506.9919|-45.0000|25.0000|109.3270|108.4995|91.5527|4.8034|69.0000|6.4841|5.0412|69.0000|6.7147|0.0000|0.0000|0.0000|2017-08-24T07:08:00.158|Freshwater Lake - North America_images_000004.tif|901EE4F0-E916-4068-B0FC-3E6E3FB77B24
1019|1603|1377|29|44|333|1347|1644|1|1|0|0.7035|4.5000|0|0.0000|0.0000|0.0000|414.0000|35.0000|17.0000|27.3056|89.9411|82.6274|33.8500|16.4859|132.4464|12.9860|21.4567|8.7937|16.0437|12.9860|63.2736|54.9626|85.5266|36.2584|35408.0000|1.5549|2.4820|1.1512|167.3125|620.3910|0.5025|0.6197|0.7437|0.0000|430.5000|414.0000|132.4464|-80.0000|5.0000|90.8019|88.7174|77.2585|4.4409|44.0000|5.8198|4.7934|44.0000|6.0888|0.0000|0.0000|0.0000|2017-08-24T07:08:00.518|Freshwater Lake - North America_images_000004.tif|070AD3F5-D488-45EB-B35F-C44B59A73DCD
1020|1634|1377|50|48|806|1033|1645|1|1|0|0.7035|4.5000|0|0.0000|0.0000|0.0000|367.0000|52.0000|15.0000|37.0833|125.0538|113.7595|58.6160|13.3429|113.8819|12.0416|33.4162|7.3868|22.9224|12.0416|87.9753|76.8641|165.9346|26.4253|60898.0000|3.3909|8.5357|1.1446|44.8868|620.5630|0.0402|0.4578|0.2586|0.0000|545.0000|367.0000|113.8819|-55.0000|45.0000|168.6349|169.7984|157.4005|3.2991|44.0000|4.3541|4.2545|44.0000|5.4703|0.0000|0.0000|0.0000|2017-08-24T07:08:00.684|Freshwater Lake - North America_images_000004.tif|55FBC8AF-28F8-4018-BC88-D2AA99F94F6B
1021|1686|1377|45|30|752|564|1645|1|2|0|0.7035|4.5000|0|0.0000|0.0000|0.0000|294.0000|36.0000|16.0000|27.0000|92.4264|81.8481|34.6319|13.6640|85.6909|10.4453|22.1603|8.0903|15.8287|10.4453|65.0220|54.4144|159.6735|31.1807|46944.0000|2.3123|5.0668|1.1949|76.0250|620.5630|0.3499|0.5244|0.5401|0.0000|376.0000|294.0000|85.6909|-30.0000|65.0000|162.3401|163.1667|151.7993|3.2991|44.0000|4.3541|4.2545|44.0000|5.4703|0.0000|0.0000|0.0000|2017-08-24T07:08:00.684|Freshwater Lake - North America_images_000004.tif|CB0F6057-8842-4DED-84AB-E9F52F35A01E
1022|1733|1377|38|39|855|1649|1646|1|1|0|0.7035|4.5000|0|0.0000|0.0000|0.0000|365.0000|38.0000|15.0000|28.2222|92.4264|85.3368|39.9804|14.0802|113.0985|12.0001|23.5673|7.3868|16.6886|12.0001|65.0220|56.8687|106.8411|27.8942|38997.0000|1.8625|3.5711|1.1434|93.0625|620.7500|0.3063|0.2622|0.5173|0.0000|418.5000|365.0000|113.0985|-50.0000|45.0000|113.8630|112.2356|93.6466|4.5826|40.0000|5.8063|4.7650|40.0000|6.0419|0.0000|0.0000|0.0000|2017-08-24T07:08:00.857|Freshwater Lake - North America_images_000004.tif|B670F422-FC4B-4D87-BC5E-72C09DC79CD6
1023|1773|1377|41|29|727|1689|1648|1|1|0|0.7035|4.5000|0|0.0000|0.0000|0.0000|463.0000|32.0000|19.0000|26.6944|84.2843|80.5956|31.9530|18.5912|152.0768|13.9151|19.3463|10.2007|15.6138|13.9151|59.2940|53.5333|146.2527|33.9533|67715.0000|1.2210|1.0000|1.1076|69.5395|622.9220|0.6377|0.8407|0.8627|0.0000|443.0000|463.0000|152.0768|-35.0000|-90.0000|148.0173|150.1944|137.8186|4.4160|33.0000|5.5948|4.8428|33.0000|6.0596|0.0000|0.0000|0.0000|2017-08-24T07:08:03.043|Freshwater Lake - North America_images_000004.tif|D9B8CF17-759C-4A71-9079-F263C4902461
1024|1816|1377|68|44|928|1427|1651|1|1|0|0.7035|4.5000|0|0.0000|0.0000|0.0000|1639.0000|59.0000|33.0000|50.5556|164.4264|155.7080|61.1875|34.7461|659.2220|28.9715|38.3407|20.0497|32.4001|28.9715|115.6740|106.3748|102.0641|32.3165|167283.0000|1.3127|1.4193|1.0874|100.4868|623.8590|0.5126|0.8596|0.8430|0.0000|1631.0000|1639.0000|659.2220|15.0000|-85.0000|115.2227|109.2087|82.9908|5.0972|54.0000|6.4935|4.3456|54.0000|5.6247|0.0000|0.0000|0.0000|2017-08-24T07:08:03.984|Freshwater Lake - North America_images_000004.tif|30F782A0-C5D7-474D-B1B2-088DD9ED8BF1
1025|2|1632|180|195|762|1541|1652|1|1|0|0.7035|4.5000|0|0.0000|0.0000|0.0000|3139.0000|247.0000|25.0000|162.0556|549.1514|506.1125|276.1772|18.0289|1340.2384|41.3091|170.5987|14.4217|110.8404|41.3091|386.3280|352.8844|112.4071|27.6768|352846.0000|7.6451|21.9723|1.0948|159.0000|624.1880|0.0000|0.2655|0.1044|0.0000|4352.0000|3139.0000|1340.2384|-50.0000|45.0000|126.7279|120.9933|90.1169|4.9321|73.0000|6.5738|4.0139|73.0000|5.4309|0.0000|0.0000|0.0000|2017-08-24T07:08:04.292|Freshwater Lake - North America_images_000004.tif|50D127A4-4867-4D44-904C-B3A2BAE6CD62
1026|184|1632|20|86|140|1010|1655|1|1|0|0.7035|4.5000|0|0.0000|0.0000|0.0000|498.0000|76.0000|10.0000|50.9167|168.0416|157.0319|84.0238|8.0913|166.2468|14.5490|50.3002|3.8693|32.6541|14.5490|118.2173|107.3062|117.5020|27.5690|58516.0000|4.5123|12.0930|1.1017|111.6087|624.5000|0.0000|0.5304|0.1780|0.0000|554.0000|498.0000|166.2468|-90.0000|0.0000|122.9016|122.9659|104.7430|3.9947|94.0000|5.7933|4.3410|94.0000|6.1245|0.0000|0.0000|0.0000|2017-08-24T07:08:04.599|Freshwater Lake - North America_images_000004.tif|19F1E917-2E40-41D4-BFA1-29A3F5442513
1027|206|1632|41|27|973|817|1655|1|1|0|0.7035|4.5000|0|0.0000|0.0000|0.0000|380.0000|31.0000|17.0000|26.0278|89.1127|78.7025|32.3424|16.0758|118.9881|12.3085|18.6427|8.7937|15.1448|12.3085|62.6908|52.2015|124.8921|44.0295|47459.0000|1.6630|2.8768|1.2009|93.0375|624.5000|0.5083|0.5461|0.7418|0.0000|409.5000|380.0000|118.9881|0.0000|-90.0000|132.8158|129.6974|112.5026|3.9947|94.0000|5.7933|4.3410|94.0000|6.1245|0.0000|0.0000|0.0000|2017-08-24T07:08:04.599|Freshwater Lake - North America_images_000004.tif|4DD5C669-BABC-487F-9E9F-E0B9F0EA0DD7
1028|249|1632|81|47|815|1536|1658|1|1|0|0.7035|4.5000|0|0.0000|0.0000|0.0000|586.0000|77.0000|21.0000|54.1389|214.4092|166.8062|85.9983|17.6379|202.3324|16.0505|51.0038|11.6077|34.9210|16.0505|150.8369|114.1824|163.3703|25.1696|95735.0000|6.2428|17.5554|1.3210|49.6973|624.8750|0.0000|0.2663|0.1936|0.0000|1179.0000|586.0000|202.3324|-25.0000|70.0000|165.8020|166.8549|155.5870|4.1441|43.0000|5.5463|4.6050|43.0000|5.9501|0.0000|0.0000|0.0000|2017-08-24T07:08:04.968|Freshwater Lake - North America_images_000004.tif|59756661-C89B-4E73-B4A9-44FC3487ACBE
1029|332|1632|48|46|998|1300|1664|1|1|0|0.7035|4.5000|0|0.0000|0.0000|0.0000|508.0000|41.0000|30.0000|36.4722|146.5685|111.4613|33.3040|27.0105|170.3159|14.7259|25.6777|17.9393|22.4924|14.7259|103.1109|75.2473|146.5925|30.5232|74469.0000|3.3652|8.4537|1.3703|80.8769|626.8280|0.4478|0.4274|0.7035|0.0000|817.5000|508.0000|170.3159|55.0000|-70.0000|155.1476|153.5413|129.7028|4.1056|33.0000|5.5308|3.6867|33.0000|4.5378|0.0000|0.0000|0.0000|2017-08-24T07:08:06.953|Freshwater Lake - North America_images_000004.tif|D9FC2CB4-A653-48FA-A7A9-3213D6B3C159
1030|382|1632|57|68|237|1067|1664|1|1|0|0.7035|4.5000|0|0.0000|0.0000|0.0000|1449.0000|64.0000|44.0000|54.2500|191.8822|167.4139|57.1484|38.5671|574.7369|27.0514|41.8582|27.7883|34.9991|27.0514|134.9891|114.6099|100.1877|41.5490|145172.0000|2.0220|4.1091|1.1778|93.4767|626.8280|0.4238|0.4995|0.7763|0.0000|1676.5000|1449.0000|574.7369|-65.0000|35.0000|107.9979|105.0911|87.5355|4.1056|33.0000|5.5308|3.6867|33.0000|4.5378|0.0000|0.0000|0.0000|2017-08-24T07:08:06.953|Freshwater Lake - North America_images_000004.tif|812C2842-A229-4F7E-99E4-B037D85D80EB
1031|441|1632|35|40|376|1517|1665|1|1|0|0.7035|4.5000|0|0.0000|0.0000|0.0000|417.0000|31.0000|24.0000|27.3333|105.0122|82.9848|29.8871|20.5146|133.6406|13.0444|18.6427|13.7183|16.0632|13.0444|73.8761|55.2141|150.6307|29.0551|62813.0000|2.1044|4.3831|1.3380|66.6774|627.3130|0.5038|0.2837|0.8081|0.0000|492.0000|417.0000|133.6406|60.0000|-50.0000|152.1295|154.8082|141.9257|2.0682|1.0000|2.0682|3.6630|1.0000|3.6630|0.0000|0.0000|0.0000|2017-08-24T07:08:07.426|Freshwater Lake - North America_images_000004.tif|6A45DB15-A62E-4B48-9657-8CAA1D64AB87
1032|478|1632|47|46|319|1546|1666|1|2|0|0.7035|4.5000|0|0.0000|0.0000|0.0000|513.0000|41.0000|31.0000|36.0833|172.4680|110.3843|40.2810|34.8209|172.3536|14.8138|25.6777|18.6427|22.2189|14.8138|121.3312|74.4896|134.2203|30.6144|68855.0000|4.6141|12.4152|1.6288|97.1699|628.3590|0.3792|0.3592|0.4608|0.0000|853.0000|513.0000|172.3536|-30.0000|20.0000|142.2982|142.8363|114.2534|4.2728|37.0000|5.6070|3.8340|37.0000|4.9990|0.0000|0.0000|0.0000|2017-08-24T07:08:08.472|Freshwater Lake - North America_images_000004.tif|80DC815A-2DBA-42E1-AC8A-B8A4F394F6A3
1033|527|1632|35|31|747|1605|1667|1|1|0|0.7035|4.5000|0|0.0000|0.0000|0.0000|345.0000|26.0000|20.0000|23.0833|76.5269|69.6579|24.6874|18.6087|105.2955|11.5787|15.1253|10.9043|13.0734|11.5787|53.8367|45.8386|121.5101|26.0724|41921.0000|1.3508|1.6304|1.1745|82.6269|628.5470|0.7381|0.6852|0.9192|0.0000|352.5000|345.0000|105.2955|15.0000|70.0000|126.7304|126.7913|109.2261|4.5344|42.0000|5.7382|4.8564|42.0000|6.0362|0.0000|0.0000|0.0000|2017-08-24T07:08:08.666|Freshwater Lake - North America_images_000004.tif|3B8572BE-94B6-4605-8DDE-4D02E250023E
1034|564|1632|23|120|493|1538|1669|1|1|0|0.7035|4.5000|0|0.0000|0.0000|0.0000|696.0000|110.0000|10.0000|71.7500|231.9411|222.4020|117.1160|7.8117|248.1895|17.7765|74.2193|3.8693|47.3104|17.7765|163.1706|153.2941|149.7457|17.9673|104223.0000|6.1509|17.2656|1.0644|37.7928|629.3440|0.0000|0.5681|0.1286|0.0000|702.5000|696.0000|248.1895|-90.0000|-5.0000|153.5359|153.8132|140.3448|3.7133|68.0000|5.3806|4.1997|68.0000|5.7494|0.0000|0.0000|0.0000|2017-08-24T07:08:09.443|Freshwater Lake - North America_images_000004.tif|4B6314C9-89D4-489F-AD16-8718C88E9177
1035|589|1632|20|198|291|578|1672|1|1|0|0.7035|4.5000|0|0.0000|0.0000|0.0000|1031.0000|188.0000|10.0000|121.3611|389.6985|377.6369|214.7471|6.6299|391.3766|22.3230|129.0923|3.8693|82.2118|22.3230|274.1529|262.5018|167.9205|21.6031|173126.0000|11.7217|34.7959|1.0444|29.5171|631.1250|0.0000|0.6801|0.0569|0.0000|1052.0000|1031.0000|391.3766|-90.0000|0.0000|168.7983|170.1940|163.1106|3.0124|31.0000|3.7961|4.0224|31.0000|5.2474|0.0000|0.0000|0.0000|2017-08-24T07:08:11.234|Freshwater Lake - North America_images_000004.tif|5429376F-AA5C-4EF8-8CEC-FF7496F548D2
1036|611|1632|34|34|1017|1461|1674|1|1|0|0.7035|4.5000|0|0.0000|0.0000|0.0000|371.0000|27.0000|21.0000|23.8333|82.7696|71.7380|25.5410|19.4112|115.4506|12.1242|15.8287|11.6077|13.6010|12.1242|58.2284|47.3019|138.4528|22.6271|51366.0000|1.4695|2.1517|1.2310|51.9167|632.2340|0.7168|0.5300|0.9180|0.0000|381.5000|371.0000|115.4506|-50.0000|40.0000|145.4906|141.6819|129.4420|4.4341|79.0000|6.0583|4.6364|79.0000|6.2324|0.0000|0.0000|0.0000|2017-08-24T07:08:12.337|Freshwater Lake - North America_images_000004.tif|9E4B2406-66A6-45BA-950A-E0CC6C98E210
1037|647|1632|39|46|1013|1318|1674|1|1|0|0.7035|4.5000|0|0.0000|0.0000|0.0000|372.0000|39.0000|29.0000|32.4167|148.5685|98.7178|40.4622|27.8310|115.8431|12.1448|24.2707|17.2357|19.6394|12.1448|104.5179|66.2822|156.1183|31.2532|58076.0000|4.7217|12.7553|1.5769|81.9242|632.2340|0.4640|0.3805|0.3928|0.0000|676.5000|372.0000|115.8431|60.0000|0.0000|161.0941|161.6774|143.2930|4.4341|79.0000|6.0583|4.6364|79.0000|6.2324|0.0000|0.0000|0.0000|2017-08-24T07:08:12.337|Freshwater Lake - North America_images_000004.tif|C09BD1F8-B9CC-4E40-B7A8-4A30465156E0
1038|688|1632|35|37|837|1491|1679|1|1|0|0.7035|4.5000|0|0.0000|0.0000|0.0000|411.0000|30.0000|21.0000|25.9167|92.1838|78.4628|28.7244|19.2262|131.2532|12.9274|17.9393|11.6077|15.0666|12.9274|64.8513|52.0328|123.3552|28.1562|50699.0000|1.6453|2.8136|1.2464|51.8272|633.8130|0.6605|0.6110|0.8760|0.0000|446.0000|411.0000|131.2532|30.0000|-35.0000|128.4161|125.7786|116.6180|3.8774|31.0000|5.1837|4.4069|31.0000|5.6168|0.0000|0.0000|0.0000|2017-08-24T07:08:13.911|Freshwater Lake - North America_images_000004.tif|16790506-12A4-4CED-A709-750820ABCDEC
1039|725|1632|33|219|648|1222|1680|1|1|0|0.7035|4.5000|0|0.0000|0.0000|0.0000|3192.0000|209.0000|23.0000|137.5556|453.0538|428.8449|231.6638|18.8282|1364.6095|41.6830|143.8657|13.0147|93.6046|41.8583|318.7233|298.5266|123.0636|46.0709|392819.0000|5.0774|13.8790|1.0677|93.1083|633.8910|0.0000|0.8137|0.1516|0.0000|3483.0000|3217.0000|1376.1106|-90.0000|0.0000|132.9536|129.8459|105.9850|4.4531|180.0000|6.5108|4.3574|180.0000|6.1985|0.0000|0.0000|0.0000|2017-08-24T07:08:13.987|Freshwater Lake - North America_images_000004.tif|60D2EE71-90A6-417B-A842-B839CE33C721
1040|760|1632|29|53|420|1522|1681|1|1|0|0.7035|4.5000|0|0.0000|0.0000|0.0000|326.0000|45.0000|10.0000|31.4444|103.0122|95.7084|48.5827|8.8866|97.9397|11.1669|28.4917|3.8693|18.9554|11.1669|72.4691|64.1651|162.5491|23.4630|52991.0000|2.5903|5.9702|1.1294|34.8242|633.9380|0.1094|0.7688|0.3403|0.0000|317.5000|326.0000|97.9397|-80.0000|15.0000|163.6135|165.1779|156.9693|3.9587|41.0000|5.3386|4.3117|41.0000|5.6661|0.0000|0.0000|0.0000|2017-08-24T07:08:14.039|Freshwater Lake - North America_images_000004.tif|FB0BAE26-4E49-4CA4-A967-0668C535991F
1041|791|1632|37|39|690|1304|1682|1|1|0|0.7035|4.5000|0|0.0000|0.0000|0.0000|564.0000|30.0000|26.0000|28.1944|93.0122|85.5251|27.5829|26.1997|193.2552|15.6863|17.9393|15.1253|16.6690|15.6863|65.4341|57.0012|86.7730|31.4533|48940.0000|1.2206|1.0000|1.1479|128.7160|634.1720|0.8431|0.7775|0.9924|0.0000|559.5000|564.0000|193.2552|-85.0000|45.0000|95.8085|91.8298|73.4184|4.5918|39.0000|5.8545|4.0517|39.0000|5.2995|0.0000|0.0000|0.0000|2017-08-24T07:08:14.297|Freshwater Lake - North America_images_000004.tif|64D65D75-5F17-482C-A561-C01B69990EA2
1042|830|1632|46|48|960|1407|1685|1|1|0|0.7035|4.5000|0|0.0000|0.0000|0.0000|873.0000|39.0000|35.0000|37.1944|125.7401|112.9971|36.1858|32.8162|323.2963|20.2888|24.2707|21.4567|23.0005|20.2888|88.4582|76.3277|90.7136|38.2144|79193.0000|1.4412|2.0367|1.1589|120.9455|636.0630|0.7115|0.6459|0.9316|0.0000|938.5000|873.0000|323.2963|35.0000|-70.0000|95.3265|93.9233|82.6277|4.9576|47.0000|6.3187|5.2057|47.0000|6.5761|0.0000|0.0000|0.0000|2017-08-24T07:08:16.192|Freshwater Lake - North America_images_000004.tif|042D2DE4-0B0F-47DD-A026-7FBE6DB1D85C
1043|878|1632|92|65|927|1352|1686|1|1|0|0.7035|4.5000|0|0.0000|0.0000|0.0000|598.0000|96.0000|15.0000|64.0278|249.8061|197.9844|98.6887|13.3130|207.2979|16.2462|64.3702|7.3868|41.8778|18.3113|175.7386|136.1163|155.9431|18.2703|93254.0000|6.7840|19.2606|1.2911|40.5714|636.8910|0.0000|0.3650|0.1880|0.0000|1035.0000|732.0000|263.3470|-30.0000|55.0000|159.1171|158.0669|150.4632|3.8864|41.0000|5.2924|4.2535|41.0000|4.9942|0.0000|0.0000|0.0000|2017-08-24T07:08:16.987|Freshwater Lake - North America_images_000004.tif|1B195CE5-D6BD-4F12-A024-5F69F94EB4B8
1044|972|1632|62|38|580|1549|1689|1|1|0|0.7035|4.5000|0|0.0000|0.0000|0.0000|476.0000|56.0000|11.0000|38.8889|129.6396|119.5824|59.9864|10.4215|157.3265|14.1532|36.2302|4.5728|24.1926|14.1532|91.2015|80.9605|134.3529|20.5022|63952.0000|2.8097|6.6771|1.1265|63.3063|637.6410|0.0186|0.8546|0.3270|0.0000|476.0000|476.0000|157.3265|-30.0000|65.0000|138.1387|137.8361|126.1029|4.2918|33.0000|5.5324|4.3510|33.0000|5.7255|0.0000|0.0000|0.0000|2017-08-24T07:08:17.753|Freshwater Lake - North America_images_000004.tif|2B328987-078A-4FCF-AEEE-29B7579F249D
1045|1036|1632|53|69|1001|1619|1692|1|1|0|0.7035|4.5000|0|0.0000|0.0000|0.0000|1324.0000|61.0000|40.0000|50.2222|219.8822|154.6911|51.9427|36.8219|519.5003|25.7186|39.7478|24.9743|32.1656|25.7186|154.6871|105.6594|143.5718|21.0150|190089.0000|2.9059|6.9860|1.4640|48.0200|639.3440|0.4882|0.5702|0.8317|0.0000|1619.5000|1324.0000|519.5003|70.0000|-45.0000|149.4026|146.4894|135.6057|3.9044|80.0000|5.5525|4.1686|80.0000|5.8133|0.0000|0.0000|0.0000|2017-08-24T07:08:19.464|Freshwater Lake - North America_images_000004.tif|681FC043-69B9-40FF-BA71-76F87D3FCF88
1046|1091|1632|18|108|547|1280|1692|1|1|0|0.7035|4.5000|0|0.0000|0.0000|0.0000|372.0000|99.0000|8.0000|63.1389|201.2132|195.2208|98.5634|5.1443|115.8431|12.1448|66.4808|2.8140|41.2525|12.1448|141.5535|134.1721|120.7957|20.0392|44936.0000|8.6608|25.1691|1.0550|110.5795|639.3440|0.0000|0.3275|0.0972|0.0000|373.5000|372.0000|115.8431|85.0000|0.0000|127.2876|124.1532|111.8468|3.9044|80.0000|5.5525|4.1686|80.0000|5.8133|0.0000|0.0000|0.0000|2017-08-24T07:08:19.464|Freshwater Lake - North America_images_000004.tif|554C9860-46CC-42EC-A27D-D7792BA2732C
1047|1111|1632|41|43|278|1524|1693|1|1|0|0.7035|4.5000|0|0.0000|0.0000|0.0000|680.0000|35.0000|30.0000|32.8611|118.3259|100.1571|31.5444|29.5439|241.4749|17.5344|21.4567|17.9393|19.9520|17.5344|83.2423|67.2948|150.0824|27.9750|102056.0000|1.6385|2.7889|1.2370|54.6699|639.4530|0.6743|0.4756|0.9270|0.0000|753.5000|680.0000|241.4749|-50.0000|5.0000|149.9338|152.7559|144.9132|4.1369|40.0000|5.4697|4.4772|40.0000|5.8731|0.0000|0.0000|0.0000|2017-08-24T07:08:19.572|Freshwater Lake - North America_images_000004.tif|AF4CBF1D-E14D-4EE2-AD91-AF1BA1BF2544
1048|1154|1632|47|37|885|1598|1694|1|1|0|0.7035|4.5000|0|0.0000|0.0000|0.0000|645.0000|38.0000|26.0000|32.3611|107.8406|98.5333|35.3005|25.2651|226.8371|16.9946|23.5673|15.1253|19.6003|16.9946|75.8659|66.1524|102.4543|40.9231|66083.0000|1.4348|2.0101|1.1468|99.9158|639.6410|0.6246|0.5202|0.8716|0.0000|668.0000|645.0000|226.8371|5.0000|-85.0000|108.6310|105.9860|93.2822|4.6615|36.0000|5.8940|4.9489|36.0000|6.1857|0.0000|0.0000|0.0000|2017-08-24T07:08:19.752|Freshwater Lake - North America_images_000004.tif|E2652202-2185-442F-8443-4A22AEC5B3A8
1049|1203|1632|20|122|815|1553|1695|1|1|0|0.7035|4.5000|0|0.0000|0.0000|0.0000|612.0000|112.0000|10.0000|73.4722|233.6985|227.6320|131.1722|6.7929|213.1032|16.4721|75.6262|3.8693|48.5219|16.4721|164.4069|156.9734|129.5833|16.3628|79305.0000|7.1015|20.2607|1.0474|83.9022|639.7970|0.0000|0.5044|0.0903|0.0000|687.5000|612.0000|213.1032|-90.0000|0.0000|137.5523|135.1683|115.6078|3.9195|81.0000|5.6398|4.2385|81.0000|5.9467|0.0000|0.0000|0.0000|2017-08-24T07:08:19.913|Freshwater Lake - North America_images_000004.tif|5075BE59-428C-4F6C-B41E-2B42140098F7
1050|1225|1632|275|105|728|1497|1696|1|1|0|0.7035|4.5000|0|0.0000|0.0000|0.0000|1710.0000|280.0000|45.0000|183.8056|613.7300|574.8139|299.1452|43.7486|690.9360|29.6602|193.8143|28.4917|126.1415|29.6602|431.7591|401.2158|158.5170|29.9565|271064.0000|17.5287|53.0491|1.0761|67.2722|640.2340|0.0000|0.3713|0.0476|0.0000|7454.0000|1710.0000|690.9360|20.0000|-70.0000|162.1602|163.1404|148.0474|3.1875|3.0000|3.4510|4.2145|3.0000|4.4680|0.0000|0.0000|0.0000|2017-08-24T07:08:20.351|Freshwater Lake - North America_images_000004.tif|17678C4E-44DB-4E76-8017-61B2E66079AF
1051|1502|1632|42|54|381|1317|1698|1|1|0|0.7035|4.5000|0|0.0000|0.0000|0.0000|550.0000|48.0000|24.0000|38.1944|138.4680|116.6059|53.5405|22.3642|187.4973|15.4509|30.6023|13.7183|23.7040|15.4509|97.4122|78.8665|158.0273|29.1854|86915.0000|2.7741|6.5628|1.2352|63.0000|640.5470|0.2168|0.1575|0.4160|0.0000|855.5000|550.0000|187.4973|-75.0000|20.0000|160.1909|161.4618|150.4636|3.9800|57.0000|5.4836|4.2737|57.0000|5.7859|0.0000|0.0000|0.0000|2017-08-24T07:08:20.646|Freshwater Lake - North America_images_000004.tif|B1B3E4FF-5050-489B-AD36-187BFA955B05
1052|1546|1632|44|148|993|1362|1700|1|1|0|0.7035|4.5000|0|0.0000|0.0000|0.0000|1077.0000|141.0000|15.0000|93.4722|306.6102|290.2852|160.8785|11.1103|411.3459|22.8854|96.0277|7.3868|62.5919|22.8854|215.7003|201.0499|161.2999|32.2778|173720.0000|6.9462|19.7716|1.0729|54.4382|641.8910|0.0000|0.1508|0.1055|0.0000|1427.5000|1077.0000|411.3459|-80.0000|10.0000|164.8914|163.9378|154.7521|4.0226|126.0000|5.9559|4.2689|126.0000|6.2006|0.0000|0.0000|0.0000|2017-08-24T07:08:21.986|Freshwater Lake - North America_images_000004.tif|FE8848BA-2E2C-431C-9222-3C8A61CDDE19
1053|1592|1632|41|93|788|1473|1701|1|1|0|0.7035|4.5000|0|0.0000|0.0000|0.0000|513.0000|87.0000|19.0000|59.1667|225.7229|182.7939|89.8668|16.8337|172.3536|14.8138|58.0388|10.2007|38.4580|14.8138|158.7961|125.4298|146.8947|14.6659|75357.0000|7.9036|22.7860|1.2660|46.6062|642.2340|0.0000|0.2227|0.1563|0.0000|1166.5000|513.0000|172.3536|65.0000|-10.0000|154.0604|155.2476|127.8382|4.3949|55.0000|5.8834|4.6519|55.0000|6.0593|0.0000|0.0000|0.0000|2017-08-24T07:08:22.350|Freshwater Lake - North America_images_000004.tif|752C6084-B8EC-4798-BDA0-B611552ECE6F
1054|1635|1632|117|38|464|1555|1702|1|1|0|0.7035|4.5000|0|0.0000|0.0000|0.0000|865.0000|110.0000|12.0000|72.6944|238.4680|225.2910|122.6852|9.3463|319.8726|20.1810|74.2193|5.2763|47.9748|20.1810|167.7622|155.3265|111.3399|23.3984|96309.0000|5.2316|14.3659|1.0801|89.8539|642.4220|0.0000|0.7481|0.1455|0.0000|901.5000|865.0000|319.8726|-15.0000|80.0000|118.9087|117.8879|95.6220|4.3769|67.0000|5.9984|4.6487|67.0000|6.2754|0.0000|0.0000|0.0000|2017-08-24T07:08:22.510|Freshwater Lake - North America_images_000004.tif|B79593BB-A3BC-40AB-9970-73235F2EA8B0
1055|1754|1632|34|32|1026|1874|1705|1|1|0|0.7035|4.5000|0|0.0000|0.0000|0.0000|351.0000|25.0000|19.0000|22.4167|72.1838|67.4312|24.4810|18.4073|107.6302|11.7064|14.4217|10.2007|12.6044|11.7064|50.7813|44.2721|131.4615|19.1550|46143.0000|1.1813|1.0000|1.1470|44.0820|644.4840|0.7919|0.7425|0.9527|0.0000|340.5000|351.0000|107.6302|20.0000|-70.0000|137.4558|133.9145|124.3333|3.9746|60.0000|5.5074|4.2055|60.0000|5.7423|0.0000|0.0000|0.0000|2017-08-24T07:08:24.581|Freshwater Lake - North America_images_000004.tif|B0739428-609E-4FAF-81CA-8355BDC30ABA
1056|1790|1632|24|82|804|1508|1710|1|1|0|0.7035|4.5000|0|0.0000|0.0000|0.0000|392.0000|73.0000|12.0000|49.0000|168.6690|150.6243|82.7180|9.7823|123.7215|12.5510|48.1898|5.2763|31.3057|12.5510|118.6586|102.7984|163.1531|26.6151|63956.0000|5.7753|16.0815|1.1543|61.0065|646.3280|0.0000|0.2168|0.1439|0.0000|619.0000|392.0000|123.7215|80.0000|-5.0000|165.7296|167.0612|154.5230|4.0914|56.0000|5.6864|4.3522|56.0000|5.9135|0.0000|0.0000|0.0000|2017-08-24T07:08:26.436|Freshwater Lake - North America_images_000004.tif|94B33AFC-B290-4496-86EC-E0A6EFE2A6FD
1057|1816|1632|38|32|957|1370|1711|1|1|0|0.7035|4.5000|0|0.0000|0.0000|0.0000|341.0000|30.0000|21.0000|26.7222|97.3553|81.1079|25.7984|20.5503|103.7421|11.4930|17.9393|11.6077|15.6333|11.4930|68.4895|53.8937|114.8270|38.9332|39156.0000|2.2118|4.7376|1.2708|102.4368|647.2970|0.5567|0.3623|0.7982|0.0000|432.5000|341.0000|103.7421|-20.0000|80.0000|120.4018|118.9238|104.6716|4.8620|39.0000|6.1297|5.0633|39.0000|6.3412|0.0000|0.0000|0.0000|2017-08-24T07:08:27.411|Freshwater Lake - North America_images_000004.tif|FD4548D7-2FEB-41B5-969D-632AF165F82F
1058|1856|1632|60|57|957|1395|1712|1|1|0|0.7035|4.5000|0|0.0000|0.0000|0.0000|1255.0000|56.0000|38.0000|48.4167|201.4386|149.0152|51.5147|35.6706|489.1441|24.9559|36.2302|23.5673|30.8954|24.9559|141.7121|101.6664|97.8741|34.8710|122832.0000|2.5730|5.9141|1.3939|124.1695|647.4690|0.4702|0.5869|0.8140|0.0000|1496.5000|1255.0000|489.1441|-50.0000|55.0000|103.8048|101.6151|88.2789|5.0140|68.0000|6.4572|5.2769|68.0000|6.7189|0.0000|0.0000|0.0000|2017-08-24T07:08:27.562|Freshwater Lake - North America_images_000004.tif|524600E5-5DEE-4468-BA34-BC4B663631F7
1059|1918|1632|25|37|821|1377|1714|1|1|0|0.7035|4.5000|0|0.0000|0.0000|0.0000|291.0000|27.0000|14.0000|21.8333|68.8701|65.4172|26.9511|14.1216|84.5524|10.3757|15.8287|6.6833|12.1940|10.3757|48.4501|42.8553|140.1271|27.4132|40777.0000|1.2971|1.3135|1.1306|48.1967|649.0470|0.5893|0.5883|0.8004|0.0000|281.0000|291.0000|84.5524|-90.0000|5.0000|146.0825|143.5945|131.1581|4.1839|44.0000|5.3116|4.4402|44.0000|5.7608|0.0000|0.0000|0.0000|2017-08-24T07:08:29.141|Freshwater Lake - North America_images_000004.tif|9F4B2DC7-B554-4512-8EC8-A49F05FE5C4C
1060|1945|1632|38|43|984|1384|1715|1|1|0|0.7035|4.5000|0|0.0000|0.0000|0.0000|284.0000|37.0000|22.0000|30.3611|119.9411|92.0971|40.3376|21.6346|81.9029|10.2119|22.8637|12.3113|18.1933|10.2119|84.3786|61.6246|164.4894|26.8288|46715.0000|4.0310|10.5690|1.3692|64.4727|649.4840|0.3121|0.2117|0.3452|0.0000|502.5000|284.0000|81.9029|-65.0000|40.0000|167.4261|168.4613|155.6127|4.3268|56.0000|5.9150|4.5274|56.0000|6.0639|0.0000|0.0000|0.0000|2017-08-24T07:08:29.589|Freshwater Lake - North America_images_000004.tif|03A98C55-8CEA-4E5E-84E9-490C56DDC0C9
1061|2|1853|107|109|625|1376|1716|1|1|0|0.7035|4.5000|0|0.0000|0.0000|0.0000|1576.0000|134.0000|16.0000|89.8333|287.8305|278.6861|150.3826|14.3442|631.1440|28.3478|91.1033|8.0903|60.0320|28.3478|202.4888|192.8899|136.0470|19.9452|214410.0000|4.1832|11.0514|1.0498|72.8065|651.5160|0.0000|0.5632|0.1759|0.0000|1711.0000|1576.0000|631.1440|40.0000|-45.0000|140.1263|139.8274|127.0654|4.5562|53.0000|6.0902|4.6934|53.0000|6.2187|0.0000|0.0000|0.0000|2017-08-24T07:08:31.604|Freshwater Lake - North America_images_000004.tif|44D40726-FBC9-4F96-B563-912D7C3F16A9
1062|111|1853|37|39|124|920|1718|1|1|0|0.7035|4.5000|0|0.0000|0.0000|0.0000|584.0000|30.0000|27.0000|28.5278|91.0122|86.4532|28.8207|26.0874|201.5058|16.0177|17.9393|15.8287|16.9036|16.0177|64.0271|57.6541|116.2466|54.0803|67888.0000|1.1287|1.0000|1.1105|103.4684|651.7660|0.8703|0.8087|0.9841|0.0000|572.0000|584.0000|201.5058|30.0000|0.0000|121.4538|122.6490|101.7106|4.3857|53.0000|5.8717|3.8634|53.0000|5.0205|0.0000|0.0000|0.0000|2017-08-24T07:08:31.870|Freshwater Lake - North America_images_000004.tif|AACCEA42-1A2B-47C3-ABB8-2FB22D7B8C64
1063|150|1853|41|47|203|1560|1719|1|1|0|0.7035|4.5000|0|0.0000|0.0000|0.0000|821.0000|45.0000|31.0000|37.2778|129.4975|114.1953|36.7311|30.3036|301.0878|19.5795|28.4917|18.6427|23.0592|19.5795|91.1015|77.1706|108.5043|31.0607|89082.0000|1.6254|2.7417|1.1805|73.2609|651.8280|0.6294|0.6085|0.9220|0.0000|897.5000|821.0000|301.0878|-55.0000|0.0000|114.3995|112.6102|98.1864|3.1926|33.0000|3.8741|4.0673|33.0000|5.4411|0.0000|0.0000|0.0000|2017-08-24T07:08:31.943|Freshwater Lake - North America_images_000004.tif|9B72F336-5152-4238-B243-29C608D4AE2E
1064|193|1853|24|53|394|1434|1722|1|1|0|0.7035|4.5000|0|0.0000|0.0000|0.0000|278.0000|44.0000|9.0000|30.4167|99.4558|92.5539|45.5436|8.9199|79.6398|10.0698|27.7883|3.1658|18.2324|10.6521|69.9672|61.9459|164.1079|18.1992|45622.0000|2.5978|5.9944|1.1295|35.0109|652.8590|0.1355|0.5840|0.3582|0.0000|303.0000|303.0000|89.1170|-85.0000|10.0000|164.8597|166.9964|158.1043|3.7628|39.0000|5.2126|4.1312|39.0000|5.4951|0.0000|0.0000|0.0000|2017-08-24T07:08:32.957|Freshwater Lake - North America_images_000004.tif|A07AE017-3FA8-406D-BF4F-90ADEAC67981
1065|219|1853|71|68|353|1601|1724|1|1|0|0.7035|4.5000|0|0.0000|0.0000|0.0000|1939.0000|63.0000|46.0000|56.6667|203.4386|174.8458|56.8468|46.6798|793.6842|31.7892|41.1547|29.1953|36.6993|31.7892|143.1191|119.8383|108.1619|38.0037|209726.0000|1.6986|3.0032|1.1943|75.9050|654.0160|0.6238|0.6063|0.9126|0.0000|2152.5000|1939.0000|793.6842|10.0000|-60.0000|113.2450|111.6287|99.4275|3.5783|33.0000|3.7546|4.3131|33.0000|5.5072|0.0000|0.0000|0.0000|2017-08-24T07:08:34.117|Freshwater Lake - North America_images_000004.tif|2BDCEAB5-B0B4-4F5D-9972-EDFB1ED9DC5E
1066|292|1853|63|58|698|1490|1726|1|1|0|0.7035|4.5000|0|0.0000|0.0000|0.0000|1393.0000|58.0000|33.0000|49.5556|177.5391|152.3593|61.2791|31.2990|549.9540|26.4617|37.6373|20.0497|31.6966|26.4617|124.8988|104.0190|92.6590|32.5775|129074.0000|1.8006|3.3592|1.2007|86.0256|654.4060|0.3643|0.4251|0.7492|0.0000|1570.0000|1393.0000|549.9540|20.0000|-60.0000|97.6375|96.1694|83.8615|4.8533|60.0000|6.2450|5.1341|60.0000|6.5105|0.0000|0.0000|0.0000|2017-08-24T07:08:34.507|Freshwater Lake - North America_images_000004.tif|978A17DC-3C21-4E39-82B4-75C02B6B9A1C
1067|357|1853|51|34|477|1579|1728|1|2|0|0.7035|4.5000|0|0.0000|0.0000|0.0000|346.0000|45.0000|19.0000|32.8611|106.0833|100.1457|40.1803|15.9714|105.6842|11.6001|28.4917|10.2007|19.9520|11.6001|74.6296|67.2867|139.0780|20.2282|48121.0000|2.5883|5.9636|1.1091|72.1957|655.0000|0.1207|0.4405|0.4713|0.0000|541.0000|346.0000|105.6842|15.0000|-75.0000|143.0751|145.6792|124.6792|4.1640|46.0000|5.4700|4.7045|46.0000|6.0089|0.0000|0.0000|0.0000|2017-08-24T07:08:35.099|Freshwater Lake - North America_images_000004.tif|F7942612-35B9-4A51-9A72-42C788B13388
1068|410|1853|29|45|179|1833|1729|1|1|0|0.7035|4.5000|0|0.0000|0.0000|0.0000|368.0000|36.0000|18.0000|27.6111|92.8701|83.4218|31.1691|17.9979|114.2739|12.0623|22.1603|9.4973|16.2587|12.0623|65.3341|55.5215|119.6440|26.9257|44029.0000|1.8651|3.5799|1.1767|72.6941|655.2500|0.4806|0.3918|0.7234|0.0000|413.0000|368.0000|114.2739|-75.0000|5.0000|125.2283|123.9946|108.9973|3.8359|33.0000|5.1951|4.2403|33.0000|5.5779|0.0000|0.0000|0.0000|2017-08-24T07:08:35.354|Freshwater Lake - North America_images_000004.tif|8D233F3B-8C19-4503-8B78-F67B46A7A669
1069|441|1853|28|30|233|1569|1729|1|1|0|0.7035|4.5000|0|0.0000|0.0000|0.0000|280.0000|21.0000|18.0000|19.5556|60.2843|58.2019|19.9281|17.9195|80.3933|10.1173|11.6077|9.4973|10.5916|10.1173|42.4100|37.7793|131.2750|25.8433|36757.0000|1.0329|1.0000|1.1226|79.9038|655.2500|0.9119|0.8949|0.9927|0.0000|261.0000|280.0000|80.3933|-60.0000|0.0000|131.8429|133.0750|127.5321|3.8359|33.0000|5.1951|4.2403|33.0000|5.5779|0.0000|0.0000|0.0000|2017-08-24T07:08:35.354|Freshwater Lake - North America_images_000004.tif|A1F92897-1A63-408B-BBF8-92743E6BB103
1070|471|1853|39|36|919|1300|1731|1|1|0|0.7035|4.5000|0|0.0000|0.0000|0.0000|551.0000|30.0000|26.0000|27.6111|88.4264|83.3013|28.2378|24.9260|187.9081|15.4678|17.9393|15.1253|16.2587|15.4678|62.2080|55.4367|99.5372|46.3326|54845.0000|1.1293|1.0000|1.1221|128.0526|655.9220|0.8871|0.8704|0.9890|0.0000|539.0000|551.0000|187.9081|-10.0000|-90.0000|107.8494|106.5844|82.5064|4.6679|41.0000|5.9906|3.9905|41.0000|5.1468|0.0000|0.0000|0.0000|2017-08-24T07:08:36.037|Freshwater Lake - North America_images_000004.tif|CD98A6CB-A091-4AE1-B6DA-E184959EB464
1071|512|1853|40|45|958|1144|1732|1|1|0|0.7035|4.5000|0|0.0000|0.0000|0.0000|626.0000|36.0000|27.0000|31.6389|107.4975|96.1677|33.6650|25.1441|218.9214|16.6955|22.1603|15.8287|19.0922|16.6955|75.6245|64.4882|117.4121|32.6081|73500.0000|1.4690|2.1497|1.1727|76.4409|656.4060|0.6698|0.5044|0.9029|0.0000|656.0000|626.0000|218.9214|60.0000|-45.0000|125.9058|121.7460|105.6805|3.7254|37.0000|5.0189|4.2615|37.0000|5.5538|0.0000|0.0000|0.0000|2017-08-24T07:08:36.514|Freshwater Lake - North America_images_000004.tif|F5501DBA-9FBC-4BB7-9A37-EE81BC80C93A
1072|554|1853|100|75|579|1545|1733|1|1|0|0.7035|4.5000|0|0.0000|0.0000|0.0000|3051.0000|91.0000|63.0000|80.3889|335.0366|248.9964|85.1714|59.8906|1299.8082|40.6813|60.8528|41.1547|53.3878|40.6813|235.6982|172.0032|110.7453|35.0217|337884.0000|2.9277|7.0560|1.3703|72.2575|656.7500|0.1204|0.2275|0.7167|0.0000|4137.5000|3051.0000|1299.8082|-10.0000|-85.0000|116.7227|114.4739|101.1478|4.4626|49.0000|5.7196|4.1880|49.0000|5.6890|0.0000|0.0000|0.0000|2017-08-24T07:08:36.872|Freshwater Lake - North America_images_000004.tif|EA5B3084-B25B-45F1-8453-49F0FF4FE0C0
1073|656|1853|58|49|269|1563|1735|1|1|0|0.7035|4.5000|0|0.0000|0.0000|0.0000|1052.0000|48.0000|37.0000|41.3889|152.8112|126.8420|40.9385|34.0745|400.4855|22.5813|30.6023|22.8637|25.9513|22.5813|107.5027|86.0676|131.6435|33.4375|138489.0000|1.7664|3.2407|1.2490|99.1630|658.1410|0.6923|0.6172|0.9443|0.0000|1181.0000|1052.0000|400.4855|0.0000|-70.0000|137.2215|137.7186|117.6464|4.3769|37.0000|5.7422|3.7224|37.0000|4.8502|0.0000|0.0000|0.0000|2017-08-24T07:08:38.250|Freshwater Lake - North America_images_000004.tif|0214C617-8352-44A4-BD7E-3A1EC5A584B6
1074|716|1853|25|45|614|1632|1736|1|1|0|0.7035|4.5000|0|0.0000|0.0000|0.0000|413.0000|36.0000|14.0000|28.0000|88.9706|84.9846|38.0083|14.1874|132.0485|12.9665|22.1603|6.6833|16.5323|12.9665|62.5908|56.6209|115.5835|26.4373|47736.0000|1.5252|2.3696|1.1054|118.2381|658.2970|0.3922|0.8183|0.6390|0.0000|401.5000|413.0000|132.0485|-80.0000|-5.0000|126.7264|122.3487|97.9782|4.2290|38.0000|5.6321|3.9206|38.0000|5.0207|0.0000|0.0000|0.0000|2017-08-24T07:08:38.411|Freshwater Lake - North America_images_000004.tif|67537CBA-6614-4736-A70A-476F7CA56D74
1075|743|1853|57|77|555|1486|1737|1|1|0|0.7035|4.5000|0|0.0000|0.0000|0.0000|635.0000|80.0000|11.0000|53.6111|174.7939|165.1001|87.8301|9.5668|222.6681|16.8378|53.1142|4.5728|34.5497|16.8378|122.9675|112.9822|164.4693|21.4894|104438.0000|3.8289|9.9280|1.0884|34.5000|659.2190|0.0000|0.8325|0.2072|0.0000|629.5000|635.0000|222.6681|-60.0000|35.0000|165.7386|167.0882|158.8488|3.4191|1.0000|3.4191|3.9977|1.0000|3.9977|0.0000|0.0000|0.0000|2017-08-24T07:08:39.311|Freshwater Lake - North America_images_000004.tif|C01B3579-30DE-4366-9498-24605E1AD654
1076|802|1853|55|32|720|1560|1741|1|1|0|0.7035|4.5000|0|0.0000|0.0000|0.0000|304.0000|49.0000|9.0000|33.1389|108.3259|100.7456|52.2026|8.0831|89.4986|10.6749|31.3057|3.1658|20.1475|10.6749|76.2073|67.7088|161.0033|30.7899|48945.0000|3.0717|7.5171|1.1255|73.8817|660.3280|0.0484|0.3879|0.2774|0.0000|332.0000|304.0000|89.4986|20.0000|-65.0000|163.4572|164.5691|153.1184|4.1017|48.0000|5.5880|4.2798|48.0000|5.7871|0.0000|0.0000|0.0000|2017-08-24T07:08:40.441|Freshwater Lake - North America_images_000004.tif|9011E77D-836E-4D48-82CA-7741DF3C1557
1077|859|1853|40|37|462|1275|1742|1|1|0|0.7035|4.5000|0|0.0000|0.0000|0.0000|623.0000|31.0000|27.0000|29.5000|95.0122|89.3326|29.6931|26.9224|217.6736|16.6478|18.6427|15.8287|17.5875|16.6478|66.8411|59.6797|111.9904|55.4658|69770.0000|1.1531|1.0000|1.1200|49.7108|660.5470|0.8649|0.7614|0.9875|0.0000|613.0000|623.0000|217.6736|5.0000|-90.0000|119.1413|118.6645|96.1589|4.5043|39.0000|5.8176|3.4976|39.0000|4.5180|0.0000|0.0000|0.0000|2017-08-24T07:08:40.675|Freshwater Lake - North America_images_000004.tif|D7B7EF9B-0B39-4BE9-9E0E-6CC874A7D841
1078|901|1853|39|39|981|1502|1746|1|1|0|0.7035|4.5000|0|0.0000|0.0000|0.0000|406.0000|33.0000|23.0000|28.2778|97.2548|85.7295|32.1686|20.2975|129.2669|12.8292|20.0497|13.0147|16.7277|12.8292|68.4188|57.1450|117.9261|24.5894|47878.0000|1.8539|3.5419|1.1973|71.9405|664.2190|0.4709|0.3889|0.7146|0.0000|479.5000|406.0000|129.2669|-35.0000|25.0000|122.8374|121.5936|108.7857|4.4209|39.0000|5.6647|4.5913|39.0000|5.8763|0.0000|0.0000|0.0000|2017-08-24T07:08:44.341|Freshwater Lake - North America_images_000004.tif|5DCBEC97-ACCD-46A2-A128-CC6818D8581C
1079|942|1853|31|33|305|775|1746|1|1|0|0.7035|4.5000|0|0.0000|0.0000|0.0000|361.0000|26.0000|18.0000|22.3333|69.3553|67.1296|25.0939|18.3334|111.5332|11.9167|15.1253|9.4973|12.5457|11.9167|48.7915|44.0599|126.8255|33.4827|45784.0000|1.0603|1.0000|1.1074|116.3220|664.2190|0.8029|0.8731|0.9518|0.0000|338.0000|361.0000|111.5332|-60.0000|45.0000|133.6316|133.3657|111.3934|4.4209|39.0000|5.6647|4.5913|39.0000|5.8763|0.0000|0.0000|0.0000|2017-08-24T07:08:44.341|Freshwater Lake - North America_images_000004.tif|5DD25B92-EF35-4DEE-B037-ED38681B257D
1080|975|1853|40|36|605|828|1749|1|1|0|0.7035|4.5000|0|0.0000|0.0000|0.0000|631.0000|32.0000|26.0000|29.1944|91.5980|88.3356|30.5881|26.2980|221.0023|16.7746|19.3463|15.1253|17.3725|16.7746|64.4392|58.9783|119.2773|23.6757|75264.0000|1.0581|1.0000|1.0926|93.1750|665.0310|0.8794|0.9021|0.9875|0.0000|603.0000|631.0000|221.0023|-20.0000|-90.0000|128.9461|126.9350|100.6355|3.6511|32.0000|4.9033|4.1761|32.0000|5.4947|0.0000|0.0000|0.0000|2017-08-24T07:08:45.154|Freshwater Lake - North America_images_000004.tif|7C38D9FA-3A27-430B-BB02-3A8511E6AB01
1081|1017|1853|88|66|804|1338|1750|1|1|0|0.7035|4.5000|0|0.0000|0.0000|0.0000|671.0000|95.0000|13.0000|62.5000|219.2792|193.3524|99.5747|10.6607|237.7042|17.3970|63.6668|5.9798|40.8030|17.3970|154.2629|132.8577|140.2846|11.7217|94131.0000|5.7025|15.8517|1.1611|43.2143|665.3910|0.0000|0.2379|0.1704|0.0000|876.5000|671.0000|237.7042|-35.0000|55.0000|144.7645|144.1341|131.0373|4.5963|42.0000|5.9350|4.7272|42.0000|6.0529|0.0000|0.0000|0.0000|2017-08-24T07:08:45.496|Freshwater Lake - North America_images_000004.tif|26F1B6A3-7C84-4DDE-A5B1-9BFAEE804505
1082|1107|1853|101|97|609|1367|1751|1|1|0|0.7035|4.5000|0|0.0000|0.0000|0.0000|5181.0000|104.0000|83.0000|91.7500|343.8061|285.1623|93.5013|78.5464|2287.8781|53.9724|69.9982|55.2248|61.3804|54.6957|241.8676|197.4459|84.0127|40.0193|435270.0000|1.7704|3.2547|1.2250|100.1077|666.2810|0.4685|0.4538|0.9073|0.0000|5976.5000|5313.0000|2349.6097|35.0000|-70.0000|88.6373|87.6176|75.1477|5.3698|92.0000|7.0409|5.5815|92.0000|7.2559|0.0000|0.0000|0.0000|2017-08-24T07:08:46.379|Freshwater Lake - North America_images_000004.tif|B9F12126-3C9D-4EFC-B7F7-6A27AD545594
1083|1210|1853|72|55|958|1353|1752|1|1|0|0.7035|4.5000|0|0.0000|0.0000|0.0000|1796.0000|63.0000|44.0000|54.6944|196.1249|168.8737|58.9689|42.5036|729.4441|30.4755|41.1547|27.7883|35.3118|31.2715|137.9739|115.6369|139.5340|37.6842|250603.0000|1.6264|2.7453|1.1932|86.9829|667.3750|0.6166|0.7011|0.9070|0.0000|2055.5000|1882.0000|768.0481|-25.0000|-85.0000|146.0885|144.8313|126.6437|4.7669|64.0000|6.3078|4.1004|64.0000|5.5369|0.0000|0.0000|0.0000|2017-08-24T07:08:47.468|Freshwater Lake - North America_images_000004.tif|06E8E996-B3FC-4380-A201-CEAE7A61770F
1084|1284|1853|59|41|474|1552|1753|1|2|0|0.7035|4.5000|0|0.0000|0.0000|0.0000|832.0000|49.0000|31.0000|39.6111|137.0538|121.6252|41.9574|28.3542|305.7766|19.7314|31.3057|18.6427|24.7007|19.7314|96.4173|82.3976|95.8053|33.5802|79710.0000|1.7966|3.3452|1.1701|97.7119|667.4220|0.4683|0.4859|0.8262|0.0000|1021.5000|832.0000|305.7766|-10.0000|-90.0000|100.3978|99.8317|86.1322|4.7299|39.0000|6.0304|5.0248|39.0000|6.3249|0.0000|0.0000|0.0000|2017-08-24T07:08:47.511|Freshwater Lake - North America_images_000004.tif|B4FD92E0-60E7-459D-9256-B080C621D829
1085|1345|1853|34|30|708|1526|1753|1|1|0|0.7035|4.5000|0|0.0000|0.0000|0.0000|357.0000|25.0000|20.0000|22.6389|72.8701|68.0465|23.5501|19.5698|109.9702|11.8329|14.4217|10.9043|12.7607|11.8329|51.2641|44.7050|141.3193|17.7051|50451.0000|1.1836|1.0000|1.1467|39.1538|667.4220|0.8373|0.7464|0.9696|0.0000|347.5000|357.0000|109.9702|-5.0000|-90.0000|147.8375|144.5798|132.4594|4.7299|39.0000|6.0304|5.0248|39.0000|6.3249|0.0000|0.0000|0.0000|2017-08-24T07:08:47.511|Freshwater Lake - North America_images_000004.tif|72EECF20-A2A8-4D85-B2E5-12F250F4C4FD
1086|1381|1853|32|32|274|488|1753|1|1|0|0.7035|4.5000|0|0.0000|0.0000|0.0000|372.0000|26.0000|20.0000|22.6389|70.5269|67.8926|23.8383|19.9409|115.8431|12.1448|15.1253|10.9043|12.7607|12.1448|49.6157|44.5967|97.7930|38.3263|36379.0000|1.0640|1.0000|1.1125|139.4262|667.4220|0.8721|0.8784|0.9807|0.0000|351.0000|372.0000|115.8431|-55.0000|45.0000|106.3306|105.1694|80.0054|4.7299|39.0000|6.0304|5.0248|39.0000|6.3249|0.0000|0.0000|0.0000|2017-08-24T07:08:47.511|Freshwater Lake - North America_images_000004.tif|ACAC56E9-8D61-4DDB-9DD2-490B4B93B109
1087|1415|1853|36|27|166|1719|1755|1|1|0|0.7035|4.5000|0|0.0000|0.0000|0.0000|295.0000|27.0000|15.0000|21.9167|72.0416|65.6957|25.6158|15.0136|86.0708|10.4685|15.8287|7.3868|12.2526|10.4685|50.6813|43.0512|128.5288|28.9693|37916.0000|1.4000|1.8609|1.1772|68.9692|668.2660|0.6498|0.6325|0.8521|0.0000|296.0000|295.0000|86.0708|10.0000|80.0000|131.3695|132.3932|119.8780|4.1454|35.0000|5.5319|3.9328|35.0000|5.0509|0.0000|0.0000|0.0000|2017-08-24T07:08:48.390|Freshwater Lake - North America_images_000004.tif|D9122026-479A-4F84-B7A0-B4BA522AC4F4
1088|1453|1853|39|41|971|1247|1755|1|1|0|0.7035|4.5000|0|0.0000|0.0000|0.0000|508.0000|32.0000|24.0000|28.9444|97.2548|87.8749|30.8743|23.0655|170.3159|14.7259|19.3463|13.7183|17.1966|15.1609|68.4188|58.6542|141.1220|23.8019|71690.0000|1.4122|1.9140|1.1665|56.5000|668.2660|0.6957|0.7295|0.9138|0.0000|554.0000|533.0000|180.5257|65.0000|-30.0000|150.6969|146.7244|126.4941|4.1454|35.0000|5.5319|3.9328|35.0000|5.0509|0.0000|0.0000|0.0000|2017-08-24T07:08:48.390|Freshwater Lake - North America_images_000004.tif|6B31DAED-DFBA-4776-93CE-47B135FC22F2
1089|1494|1853|277|118|712|1572|1761|1|1|0|0.7035|4.5000|0|0.0000|0.0000|0.0000|3772.0000|284.0000|30.0000|185.4167|640.2569|579.1713|312.6946|21.6292|1632.2418|45.5877|196.6283|17.9393|127.2749|45.5877|450.4207|404.2813|127.1100|31.4761|479459.0000|8.6482|25.1294|1.1141|93.7540|670.4060|0.0000|0.1812|0.0978|0.0000|5885.0000|3772.0000|1632.2418|20.0000|-70.0000|138.7638|133.8990|109.3619|4.9925|53.0000|6.3911|4.3645|53.0000|5.5958|0.0000|0.0000|0.0000|2017-08-24T07:08:50.510|Freshwater Lake - North America_images_000004.tif|59CBFAA4-B5E4-4CB9-B410-156B420EE060
1090|1773|1853|33|30|437|1791|1762|1|1|0|0.7035|4.5000|0|0.0000|0.0000|0.0000|283.0000|25.0000|17.0000|21.3611|71.6985|63.9919|25.4023|14.7021|81.5252|10.1883|14.4217|8.7937|11.8618|10.1883|50.4399|41.8526|137.7668|27.9398|38988.0000|1.4455|2.0545|1.2052|53.9048|670.6560|0.6277|0.5338|0.8366|0.0000|291.5000|283.0000|81.5252|15.0000|-75.0000|139.4417|140.3180|132.0424|3.4925|1.0000|3.4925|3.6677|1.0000|3.6677|0.0000|0.0000|0.0000|2017-08-24T07:08:50.751|Freshwater Lake - North America_images_000004.tif|EC6376D0-DBD5-4E8F-94AB-4F65B8357162
1091|1808|1853|19|88|172|1271|1763|1|1|0|0.7035|4.5000|0|0.0000|0.0000|0.0000|586.0000|78.0000|9.0000|52.2778|162.9706|161.2563|85.8481|8.9592|202.3324|16.0505|51.7073|3.1658|33.6117|16.0505|114.6498|110.2781|140.0666|37.4008|82079.0000|3.6067|9.2224|1.0396|92.0759|670.9690|0.0000|0.7331|0.2003|0.0000|547.5000|586.0000|202.3324|-90.0000|0.0000|139.5785|144.8976|130.7440|3.9614|83.0000|5.6657|4.3917|83.0000|6.0922|0.0000|0.0000|0.0000|2017-08-24T07:08:51.060|Freshwater Lake - North America_images_000004.tif|1CD77709-D0A8-4081-B7B1-474678638C85
1092|1829|1853|43|46|629|1527|1767|1|2|0|0.7035|4.5000|0|0.0000|0.0000|0.0000|493.0000|37.0000|31.0000|33.5000|144.8112|102.3263|35.8055|32.3672|164.2156|14.4598|22.8637|18.6427|20.4015|14.4598|101.8747|68.8208|138.1359|32.5057|68101.0000|3.3849|8.5166|1.4803|85.4961|673.3750|0.3445|0.1967|0.5389|0.0000|748.5000|493.0000|164.2156|-60.0000|40.0000|145.7546|145.7566|120.2211|4.3614|35.0000|5.6267|3.8762|35.0000|5.1706|0.0000|0.0000|0.0000|2017-08-24T07:08:53.467|Freshwater Lake - North America_images_000004.tif|840F3902-D444-4294-AC9F-86DCAB2B3CA8
1093|1874|1853|32|87|961|1194|1768|1|1|0|0.7035|4.5000|0|0.0000|0.0000|0.0000|326.0000|79.0000|7.0000|52.4722|172.9117|161.7297|91.1065|5.2816|97.9397|11.1669|52.4108|2.4623|33.7484|11.1669|121.6434|110.6111|164.7485|20.1725|53708.0000|7.2983|20.8804|1.0997|31.0570|674.6720|0.0000|0.3645|0.0997|0.0000|383.5000|326.0000|97.9397|70.0000|-15.0000|166.1656|168.2025|157.5276|3.7429|59.0000|5.4013|4.2070|59.0000|5.7686|0.0000|0.0000|0.0000|2017-08-24T07:08:54.771|Freshwater Lake - North America_images_000004.tif|ED368DD7-F762-4CE3-AD57-81A60FEC16C3
1094|1908|1853|52|51|712|1563|1769|1|1|0|0.7035|4.5000|0|0.0000|0.0000|0.0000|1027.0000|51.0000|32.0000|41.9444|143.7401|128.3788|49.0124|28.7035|389.6431|22.2735|32.7127|19.3463|26.3421|22.2735|101.1212|87.1487|103.4654|35.6882|106259.0000|1.6009|2.6525|1.1603|79.5781|675.0940|0.4780|0.4612|0.8106|0.0000|1130.0000|1027.0000|389.6431|-45.0000|40.0000|111.2678|107.7790|92.0769|2.7474|46.0000|3.3852|4.2600|46.0000|5.5566|0.0000|0.0000|0.0000|2017-08-24T07:08:55.222|Freshwater Lake - North America_images_000004.tif|D7A0C7B2-7DBD-4712-B8FA-A76C6420AB52
1095|1962|1853|34|91|850|1588|1770|1|1|0|0.7035|4.5000|0|0.0000|0.0000|0.0000|363.0000|83.0000|8.0000|55.0556|183.3970|170.0693|91.0077|5.7475|112.3155|11.9585|55.2248|2.8140|35.5659|11.9585|129.0198|116.4780|155.6694|30.9040|56508.0000|7.3734|21.1169|1.1077|79.4819|675.4220|0.0000|0.3479|0.1112|0.0000|425.5000|363.0000|112.3155|70.0000|-15.0000|162.6529|162.8485|138.9091|4.1307|61.0000|5.6956|4.6330|61.0000|6.1600|0.0000|0.0000|0.0000|2017-08-24T07:08:55.508|Freshwater Lake - North America_images_000004.tif|55BAEB69-AEDC-4C07-9418-6FED3FB0B809
1096|1998|1853|36|47|444|1532|1773|1|1|0|0.7035|4.5000|0|0.0000|0.0000|0.0000|303.0000|44.0000|11.0000|30.6667|113.9828|93.1760|46.4578|9.5710|89.1170|10.6521|27.7883|4.5728|18.4083|10.6521|80.1869|62.3836|154.0924|29.3359|46690.0000|3.4121|8.6033|1.2854|63.2887|676.0780|0.1729|0.6042|0.3429|0.0000|339.5000|303.0000|89.1170|45.0000|-35.0000|156.9571|158.2673|144.8284|3.9529|55.0000|5.4862|4.3375|55.0000|5.8154|0.0000|0.0000|0.0000|2017-08-24T07:08:56.175|Freshwater Lake - North America_images_000004.tif|8D8B9ABA-38A8-4B86-8ABC-629BB7DAFB41
1097|2|1973|94|61|402|1551|1778|1|1|0|0.7035|4.5000|0|0.0000|0.0000|0.0000|2335.0000|85.0000|41.0000|67.9722|280.7523|210.2483|86.2696|37.0929|972.7437|35.1928|56.6318|25.6777|44.6527|35.3976|197.5092|144.7439|147.2642|21.4825|343862.0000|2.6578|6.1882|1.3645|49.3202|677.8130|0.2905|0.6170|0.6815|0.0000|2816.5000|2360.0000|984.0981|5.0000|-75.0000|149.8762|149.2107|142.4407|2.9400|36.0000|3.9487|3.9433|36.0000|5.3493|0.0000|0.0000|0.0000|2017-08-24T07:08:57.927|Freshwater Lake - North America_images_000004.tif|7B1A0654-B881-4CFA-B309-C4F50EF3A9C1
1098|98|1973|59|72|385|902|1781|1|1|0|0.7035|4.5000|0|0.0000|0.0000|0.0000|484.0000|78.0000|11.0000|51.7222|179.9239|159.4504|86.5387|8.1601|160.5651|14.2982|51.7073|4.5728|33.2208|14.2982|126.5765|109.0076|139.8740|31.6356|67699.0000|5.3226|14.6531|1.1612|102.9477|679.6560|0.0000|0.6659|0.1631|0.0000|625.0000|484.0000|160.5651|-55.0000|40.0000|141.9339|142.4545|134.0289|3.7495|53.0000|5.2683|4.0696|53.0000|5.6169|0.0000|0.0000|0.0000|2017-08-24T07:08:59.754|Freshwater Lake - North America_images_000004.tif|92A1E308-2A58-4D18-A3BA-8FC7AD21F352
1099|159|1973|28|68|912|1390|1783|1|1|0|0.7035|4.5000|0|0.0000|0.0000|0.0000|276.0000|59.0000|10.0000|39.8611|132.4264|122.1561|66.7338|6.4877|78.8872|10.0221|38.3407|3.8693|24.8765|10.0221|93.1620|82.7711|163.5543|25.3118|45141.0000|5.0563|13.8123|1.1255|59.8250|680.4060|0.0000|0.4392|0.1563|0.0000|377.5000|276.0000|78.8872|80.0000|-15.0000|166.1957|167.5290|154.8080|4.1927|63.0000|5.8554|4.3746|63.0000|6.0168|0.0000|0.0000|0.0000|2017-08-24T07:09:00.524|Freshwater Lake - North America_images_000004.tif|F58BB57C-AC55-462B-BB51-AF0018E6A623
1100|189|1973|42|56|575|717|1783|1|1|0|0.7035|4.5000|0|0.0000|0.0000|0.0000|951.0000|49.0000|31.0000|39.5833|135.4975|121.6541|46.1248|27.1814|356.8005|21.3141|31.3057|18.6427|24.6811|21.3141|95.3225|82.4179|95.7497|33.3283|91058.0000|1.5363|2.4117|1.1566|123.9504|680.4060|0.5582|0.7136|0.8449|0.0000|1011.0000|951.0000|356.8005|-80.0000|5.0000|104.4227|100.8265|82.4574|4.1927|63.0000|5.8554|4.3746|63.0000|6.0168|0.0000|0.0000|0.0000|2017-08-24T07:09:00.524|Freshwater Lake - North America_images_000004.tif|A887DB5A-111E-4E71-9101-A18AC7908C3F
1101|2|2|102|98|743|1373|1784|1|1|0|0.7035|4.5000|0|0.0000|0.0000|0.0000|4359.0000|105.0000|75.0000|90.7500|395.4214|281.9217|93.4572|68.2252|1904.5729|49.2441|70.7018|49.5968|60.6769|49.4540|278.1790|195.1662|82.3494|45.7355|358961.0000|2.8317|6.7479|1.4253|134.3192|681.1720|0.4170|0.4822|0.8357|0.0000|5394.0000|4394.0000|1920.8506|45.0000|-65.0000|86.0381|84.8513|76.0236|5.3445|94.0000|6.9835|5.5883|94.0000|7.2351|0.0000|0.0000|0.0000|2017-08-24T07:09:01.277|Freshwater Lake - North America_images_000005.tif|2310B939-D8F6-46A6-A8F7-E473A1B1A4EA
1102|106|2|80|40|575|1618|1787|1|1|0|0.7035|4.5000|0|0.0000|0.0000|0.0000|336.0000|75.0000|8.0000|49.8333|166.7107|153.2845|84.9103|5.8484|101.8040|11.3851|49.5968|2.8140|31.8920|11.3851|117.2810|104.6699|154.5595|27.6242|51932.0000|6.5823|18.6252|1.1205|75.3836|682.1250|0.0000|0.3373|0.1181|0.0000|401.5000|336.0000|101.8040|15.0000|-70.0000|157.9702|161.3690|139.8780|4.3468|33.0000|5.6899|4.5318|33.0000|5.8434|0.0000|0.0000|0.0000|2017-08-24T07:09:02.218|Freshwater Lake - North America_images_000005.tif|A984446B-A3DC-47AE-8EA5-EE7D4150EB22
1103|188|2|36|34|174|1422|1789|1|1|0|0.7035|4.5000|0|0.0000|0.0000|0.0000|370.0000|28.0000|21.0000|24.5278|83.3553|73.9529|25.0855|19.9340|115.0582|12.1036|16.5323|11.6077|14.0896|12.1036|58.6405|48.8601|143.5919|30.8812|53129.0000|1.4944|2.2503|1.2002|56.4247|683.4220|0.7232|0.6294|0.9177|0.0000|384.5000|370.0000|115.0582|20.0000|-50.0000|144.4270|147.3162|135.9135|4.0761|39.0000|5.4102|4.5231|39.0000|5.9335|0.0000|0.0000|0.0000|2017-08-24T07:09:03.535|Freshwater Lake - North America_images_000005.tif|4A3255CC-833C-4CF0-8965-4B6A042FD598
1104|226|2|32|31|827|1365|1794|1|1|0|0.7035|4.5000|0|0.0000|0.0000|0.0000|301.0000|24.0000|20.0000|22.6111|73.6985|68.2027|21.5958|19.9967|88.3543|10.6064|13.7183|10.9043|12.7412|10.6064|51.8469|44.8148|148.6678|18.7773|44749.0000|1.4360|2.0149|1.1569|54.4308|684.7660|0.7077|0.5966|0.8848|0.0000|314.5000|301.0000|88.3543|15.0000|-75.0000|153.7375|151.5116|141.2359|4.0736|47.0000|5.2129|4.2005|47.0000|5.6561|0.0000|0.0000|0.0000|2017-08-24T07:09:04.887|Freshwater Lake - North America_images_000005.tif|6728F4B2-CA9F-44C3-97B6-11D8AFC1CF85
1105|260|2|36|30|462|482|1797|1|1|0|0.7035|4.5000|0|0.0000|0.0000|0.0000|347.0000|27.0000|20.0000|23.0556|77.1127|69.3854|25.1566|18.0826|106.0731|11.6214|15.8287|10.9043|13.0539|11.6214|54.2488|45.6469|141.3833|20.8658|49060.0000|1.3637|1.6937|1.1884|43.2794|685.8750|0.7342|0.7707|0.9206|0.0000|347.0000|347.0000|106.0731|-20.0000|-90.0000|146.1585|144.1700|134.0576|4.1748|38.0000|5.5440|4.3218|38.0000|5.7481|0.0000|0.0000|0.0000|2017-08-24T07:09:05.982|Freshwater Lake - North America_images_000005.tif|9CF99613-EC63-404E-B0AE-9AF7BD0F95D7
1106|298|2|31|35|186|1176|1798|1|1|0|0.7035|4.5000|0|0.0000|0.0000|0.0000|391.0000|27.0000|20.0000|23.8056|74.5269|71.9699|25.9611|19.7575|123.3263|12.5309|15.8287|10.9043|13.5815|12.5309|52.4297|47.4651|124.4399|17.7791|48656.0000|1.1304|1.0000|1.1046|49.8308|686.2340|0.7635|0.7166|0.9355|0.0000|374.0000|391.0000|123.3263|55.0000|-15.0000|126.8721|127.8235|116.9770|4.1241|36.0000|5.4355|4.4215|36.0000|5.7729|0.0000|0.0000|0.0000|2017-08-24T07:09:06.324|Freshwater Lake - North America_images_000005.tif|92C6F54B-AA86-429B-844C-DF9805AEC4B2
1107|331|2|36|34|1022|1198|1799|1|1|0|0.7035|4.5000|0|0.0000|0.0000|0.0000|449.0000|29.0000|21.0000|25.0000|79.0122|75.3287|27.3131|20.9942|146.4421|13.6549|17.2357|11.6077|14.4217|13.6549|55.5851|49.8280|115.1604|41.5039|51707.0000|1.1065|1.0000|1.1155|95.6418|687.3590|0.8217|0.8936|0.9634|0.0000|431.0000|449.0000|146.4421|35.0000|-55.0000|124.6125|122.5857|97.0178|4.3870|38.0000|5.7445|3.8178|38.0000|4.6262|0.0000|0.0000|0.0000|2017-08-24T07:09:07.471|Freshwater Lake - North America_images_000005.tif|05244E5D-C2FB-442C-879C-16797531151A
1108|369|2|37|44|708|1126|1801|1|1|0|0.7035|4.5000|0|0.0000|0.0000|0.0000|679.0000|35.0000|27.0000|31.3889|101.0122|95.0685|33.0427|26.4804|241.0557|17.5192|21.4567|15.8287|18.9163|17.5192|71.0621|63.7149|129.7143|27.9607|88076.0000|1.1958|1.0000|1.1153|60.4045|688.1560|0.7945|0.7788|0.9643|0.0000|674.5000|679.0000|241.0557|-75.0000|0.0000|136.0604|133.2062|120.3932|2.5185|35.0000|3.1703|4.1236|35.0000|5.3819|0.0000|0.0000|0.0000|2017-08-24T07:09:08.243|Freshwater Lake - North America_images_000005.tif|0EAA1E62-F33C-41E2-B37C-331D734AC600
1109|408|2|48|54|184|1440|1802|1|1|0|0.7035|4.5000|0|0.0000|0.0000|0.0000|702.0000|53.0000|17.0000|39.2500|127.7817|119.8885|56.7480|16.3031|250.7111|17.8666|34.1198|8.7937|24.4466|17.8666|89.8944|81.1758|111.0085|43.9926|77928.0000|1.8509|3.5317|1.1074|92.5619|688.9060|0.1918|0.7000|0.5128|0.0000|710.5000|702.0000|250.7111|-55.0000|40.0000|115.1695|114.8048|101.9729|4.1486|66.0000|5.8047|3.7123|66.0000|5.1009|0.0000|0.0000|0.0000|2017-08-24T07:09:08.999|Freshwater Lake - North America_images_000005.tif|83FA1E50-1800-4A2C-8CF2-CC17150D13CF
1110|458|2|50|37|756|811|1803|1|1|0|0.7035|4.5000|0|0.0000|0.0000|0.0000|513.0000|41.0000|25.0000|32.9444|120.1838|101.1693|41.7400|20.5840|172.3536|14.8138|25.6777|14.4217|20.0106|14.8138|84.5493|68.0069|144.3392|34.1679|74046.0000|2.2406|4.8321|1.2432|62.1743|689.2030|0.2633|0.1564|0.6031|0.0000|663.5000|513.0000|172.3536|10.0000|-65.0000|148.6725|150.0234|131.4893|3.9897|37.0000|5.2147|4.5300|37.0000|5.7932|0.0000|0.0000|0.0000|2017-08-24T07:09:09.299|Freshwater Lake - North America_images_000005.tif|ED5E436A-3406-4E3F-BE11-42BD29FCE49D
1111|510|2|36|35|973|1414|1805|1|1|0|0.7035|4.5000|0|0.0000|0.0000|0.0000|393.0000|31.0000|18.0000|25.4722|84.1838|76.5610|31.4542|17.0173|124.1168|12.5710|18.6427|9.4973|14.7539|12.5710|59.2233|50.6949|84.8397|39.9046|33342.0000|1.4350|2.0109|1.1682|119.5616|690.0160|0.4956|0.4719|0.7825|0.0000|404.5000|393.0000|124.1168|35.0000|-50.0000|89.2595|88.0534|76.8728|4.6960|43.0000|5.9360|5.0037|43.0000|6.2272|0.0000|0.0000|0.0000|2017-08-24T07:09:10.131|Freshwater Lake - North America_images_000005.tif|D069419E-7BC6-4031-9308-66552D01936E
1112|548|2|20|105|1024|1271|1807|1|1|0|0.7035|4.5000|0|0.0000|0.0000|0.0000|523.0000|95.0000|10.0000|62.5278|202.0416|193.3882|110.0745|7.4214|176.4356|14.9882|63.6668|3.8693|40.8226|14.9882|142.1363|132.8828|159.7553|35.3736|83552.0000|6.2111|17.4555|1.0696|93.5487|691.5470|0.0000|0.3482|0.1094|0.0000|650.5000|523.0000|176.4356|-90.0000|0.0000|166.0554|166.5124|144.0765|4.0182|90.0000|5.7707|4.3142|90.0000|6.0216|0.0000|0.0000|0.0000|2017-08-24T07:09:11.640|Freshwater Lake - North America_images_000005.tif|9AD23738-AA6B-4A08-95B6-D8CE7A6F1820
1113|570|2|31|37|938|1145|1808|1|1|0|0.7035|4.5000|0|0.0000|0.0000|0.0000|425.0000|28.0000|20.0000|24.5278|77.3553|73.9166|27.7175|19.6098|136.8304|13.1992|16.5323|10.9043|14.0896|13.1992|54.4195|48.8346|116.9341|56.4197|49697.0000|1.1204|1.0000|1.1144|77.4776|691.7340|0.7597|0.8745|0.9388|0.0000|407.0000|425.0000|136.8304|-75.0000|20.0000|123.6424|121.9082|104.5976|4.4288|38.0000|5.7975|3.8634|38.0000|4.8515|0.0000|0.0000|0.0000|2017-08-24T07:09:11.851|Freshwater Lake - North America_images_000005.tif|632635FE-46C3-4166-938E-15FC709D37ED
1114|603|2|34|31|930|818|1808|1|1|0|0.7035|4.5000|0|0.0000|0.0000|0.0000|389.0000|25.0000|21.0000|22.8889|71.3553|68.9484|24.5149|20.2037|122.5364|12.4907|14.4217|11.6077|12.9366|12.4907|50.1985|45.3394|106.6195|27.8871|41475.0000|1.0416|1.0000|1.1072|109.3934|691.7340|0.8701|0.9286|0.9816|0.0000|366.5000|389.0000|122.5364|15.0000|-90.0000|114.4216|113.5141|90.0103|4.4288|38.0000|5.7975|3.8634|38.0000|4.8515|0.0000|0.0000|0.0000|2017-08-24T07:09:11.851|Freshwater Lake - North America_images_000005.tif|0F8BC217-BED0-4D4B-8446-A7F7238C1D90
1115|639|2|23|55|995|1513|1811|1|1|0|0.7035|4.5000|0|0.0000|0.0000|0.0000|313.0000|45.0000|9.0000|31.1944|100.8701|94.8320|46.3298|8.8320|92.9414|10.8783|28.4917|3.1658|18.7795|10.8783|70.9621|63.5486|161.1086|32.9745|50427.0000|2.5868|5.9590|1.1167|66.3333|692.2190|0.1311|0.7315|0.3583|0.0000|307.0000|313.0000|92.9414|-90.0000|-10.0000|164.7540|164.2652|153.3578|4.1267|36.0000|5.3341|4.4227|36.0000|5.6615|0.0000|0.0000|0.0000|2017-08-24T07:09:12.331|Freshwater Lake - North America_images_000005.tif|EF403518-5C28-444A-BBC1-913463462A0C
1116|664|2|28|42|285|1350|1813|1|1|0|0.7035|4.5000|0|0.0000|0.0000|0.0000|341.0000|34.0000|14.0000|25.5000|81.3553|76.8737|35.0773|12.7437|103.7421|11.4930|20.7533|6.6833|14.7735|11.4930|57.2335|50.9149|137.7273|17.0002|46965.0000|1.5446|2.4431|1.1241|62.3662|692.4380|0.3950|0.6974|0.6234|0.0000|329.0000|341.0000|103.7421|75.0000|-25.0000|141.6950|141.4076|128.9472|3.9097|41.0000|5.3516|4.1252|41.0000|5.4163|0.0000|0.0000|0.0000|2017-08-24T07:09:12.563|Freshwater Lake - North America_images_000005.tif|CFE94F7B-E380-4E39-BEF0-EE926D4F4488
1117|694|2|35|40|948|1267|1819|1|1|0|0.7035|4.5000|0|0.0000|0.0000|0.0000|484.0000|31.0000|25.0000|27.2500|108.4264|82.7632|27.8755|23.6740|160.5651|14.2982|18.6427|14.4217|16.0046|14.2982|76.2780|55.0582|135.9566|24.5636|65803.0000|1.9329|3.8100|1.3854|62.1771|694.8440|0.6171|0.4094|0.9215|0.0000|519.0000|484.0000|160.5651|80.0000|0.0000|146.1364|141.6632|120.7521|4.2920|34.0000|5.6000|3.9728|34.0000|5.2660|0.0000|0.0000|0.0000|2017-08-24T07:09:14.936|Freshwater Lake - North America_images_000005.tif|E22F644C-00DF-41C4-8061-E99FDE87CD30
1118|731|2|51|51|775|1568|1822|1|1|0|0.7035|4.5000|0|0.0000|0.0000|0.0000|1195.0000|49.0000|35.0000|42.4722|140.5685|130.5128|45.2334|34.7878|462.8332|24.2755|31.3057|21.4567|26.7134|24.2755|98.8899|88.6500|117.4736|31.8750|140381.0000|1.3158|1.4387|1.1155|63.9919|695.4380|0.7185|0.7709|0.9345|0.0000|1228.0000|1195.0000|462.8332|-40.0000|30.0000|125.3180|121.6343|106.3272|3.4844|2.0000|3.7553|3.8322|2.0000|4.0946|0.0000|0.0000|0.0000|2017-08-24T07:09:15.543|Freshwater Lake - North America_images_000005.tif|8B623879-1D76-4862-BF73-1C2DE5543A3A
1119|784|2|50|37|897|1521|1828|1|1|0|0.7035|4.5000|0|0.0000|0.0000|0.0000|708.0000|40.0000|26.0000|35.1667|118.6690|107.5403|40.8137|24.5700|253.2345|17.9563|24.9743|15.1253|21.5740|17.9563|83.4836|72.4889|83.1780|41.2690|58890.0000|1.5828|2.5859|1.1517|119.1714|697.1090|0.5021|0.4495|0.7944|0.0000|772.0000|708.0000|253.2345|0.0000|80.0000|87.9223|86.5494|74.7782|4.9576|48.0000|6.2211|5.2059|48.0000|6.4615|0.0000|0.0000|0.0000|2017-08-24T07:09:17.208|Freshwater Lake - North America_images_000005.tif|B57A32A7-5742-426C-83A9-E47D42F4B952
1120|836|2|79|71|966|1415|1830|1|1|0|0.7035|4.5000|0|0.0000|0.0000|0.0000|699.0000|90.0000|11.0000|59.3889|189.2203|183.4832|93.2895|9.5988|249.4501|17.8216|60.1493|4.5728|38.6143|17.8216|133.1165|125.9147|152.7654|31.4731|106783.0000|4.0761|10.7122|1.0572|91.1127|697.6410|0.0000|0.8822|0.2024|0.0000|681.0000|699.0000|249.4501|-40.0000|50.0000|161.1559|157.6323|139.9886|3.9208|47.0000|5.4747|3.8246|47.0000|4.8520|0.0000|0.0000|0.0000|2017-08-24T07:09:17.757|Freshwater Lake - North America_images_000005.tif|B5A10A5A-6182-4D9E-A2B4-481CEC9962E7
1121|917|2|28|37|117|747|1831|1|1|0|0.7035|4.5000|0|0.0000|0.0000|0.0000|381.0000|28.0000|17.0000|23.4167|73.1127|70.8080|27.8103|17.6091|119.3818|12.3289|16.5323|8.7937|13.3079|12.3289|51.4348|46.6477|111.3281|32.5111|42416.0000|1.1165|1.0000|1.1026|99.6875|697.7660|0.6886|0.7900|0.8954|0.0000|360.0000|381.0000|119.3818|75.0000|-5.0000|110.1024|112.2283|110.0210|3.0596|39.0000|4.1995|4.2161|39.0000|5.5669|0.0000|0.0000|0.0000|2017-08-24T07:09:17.874|Freshwater Lake - North America_images_000005.tif|13F89077-EC38-4957-88FA-1F295F2B7538
1122|947|2|44|62|992|1389|1832|1|1|0|0.7035|4.5000|0|0.0000|0.0000|0.0000|768.0000|54.0000|29.0000|44.3056|164.8112|135.8896|64.0083|26.8497|278.5692|18.8331|34.8233|17.2357|28.0032|18.8331|115.9447|92.4326|101.8997|36.4061|78259.0000|2.8145|6.6926|1.2544|89.5034|698.1880|0.1703|0.4584|0.4059|0.0000|1197.5000|768.0000|278.5692|60.0000|-15.0000|106.4414|105.6419|92.8411|4.4815|66.0000|6.1067|4.7928|66.0000|6.3330|0.0000|0.0000|0.0000|2017-08-24T07:09:18.307|Freshwater Lake - North America_images_000005.tif|D5667E49-AD54-4477-9E6C-BBEC27F2C376
1123|993|2|37|35|1020|1282|1835|1|1|0|0.7035|4.5000|0|0.0000|0.0000|0.0000|498.0000|29.0000|23.0000|26.0000|82.4264|78.5205|27.5018|23.0779|166.2468|14.5490|17.2357|13.0147|15.1253|14.5490|57.9870|52.0734|106.7811|29.5872|53177.0000|1.0857|1.0000|1.1136|107.8429|699.6250|0.8754|0.9122|0.9839|0.0000|479.0000|498.0000|166.2468|-40.0000|50.0000|117.2229|115.0261|86.6406|4.5999|37.0000|5.8830|4.2613|37.0000|4.9888|0.0000|0.0000|0.0000|2017-08-24T07:09:19.718|Freshwater Lake - North America_images_000005.tif|B5484600-92B2-4BB7-9B61-B21B2B32208E
1124|1032|2|39|36|979|1691|1837|1|1|0|0.7035|4.5000|0|0.0000|0.0000|0.0000|487.0000|33.0000|22.0000|28.0278|90.4264|84.6417|32.5989|20.1935|161.7811|14.3522|20.0497|12.3113|16.5518|14.3522|63.6150|56.3797|121.2464|24.8966|59047.0000|1.3361|1.5542|1.1283|56.1154|700.2810|0.5951|0.4979|0.8434|0.0000|495.5000|487.0000|161.7811|-65.0000|65.0000|124.9692|123.3634|115.7659|5.0135|94.0000|6.7583|5.3013|94.0000|7.0331|0.0000|0.0000|0.0000|2017-08-24T07:09:20.410|Freshwater Lake - North America_images_000005.tif|DC1E63B0-DCEE-42CE-B84C-60207A2FC00A
1125|1073|2|70|98|384|1326|1837|1|1|0|0.7035|4.5000|0|0.0000|0.0000|0.0000|3169.0000|93.0000|60.0000|76.4444|301.2792|236.9711|82.7183|54.0284|1354.0314|41.5212|62.2598|39.0442|50.6129|41.6971|211.9499|163.5434|79.4402|43.7173|251746.0000|2.2615|4.9006|1.2960|164.9735|700.2810|0.4482|0.5692|0.8332|0.0000|3846.5000|3194.0000|1365.5294|-70.0000|0.0000|83.3288|82.4563|72.0328|5.0135|94.0000|6.7583|5.3013|94.0000|7.0331|0.0000|0.0000|0.0000|2017-08-24T07:09:20.410|Freshwater Lake - North America_images_000005.tif|5913E036-4CC5-4C9D-A7D6-ED48AA7BBE83
1126|1145|2|30|31|562|1454|1840|1|1|0|0.7035|4.5000|0|0.0000|0.0000|0.0000|310.0000|22.0000|20.0000|20.9722|66.8701|62.9236|20.9441|19.0735|91.7922|10.8108|12.3113|10.9043|11.5882|10.8108|47.0431|41.1010|110.5774|31.1321|34279.0000|1.1479|1.0000|1.1446|113.7119|701.2970|0.8721|0.7165|0.9837|0.0000|302.0000|310.0000|91.7922|-80.0000|0.0000|117.1613|118.5839|92.2839|4.5702|41.0000|5.8613|5.0044|41.0000|6.2134|0.0000|0.0000|0.0000|2017-08-24T07:09:21.427|Freshwater Lake - North America_images_000005.tif|1C81535B-92AF-4B6E-90B6-9D206EA1C34A
1127|1177|2|34|39|662|1434|1842|1|1|0|0.7035|4.5000|0|0.0000|0.0000|0.0000|342.0000|32.0000|18.0000|26.6389|90.1838|80.6421|34.1082|16.8981|104.1302|11.5145|19.3463|9.4973|15.5747|11.5145|63.4443|53.5660|156.3801|28.1528|53482.0000|1.8924|3.6730|1.1844|62.7595|701.6560|0.3517|0.4951|0.6011|0.0000|413.5000|342.0000|104.1302|50.0000|-25.0000|159.4444|159.7105|148.7076|3.9897|30.0000|5.3222|4.1902|30.0000|5.4549|0.0000|0.0000|0.0000|2017-08-24T07:09:21.745|Freshwater Lake - North America_images_000005.tif|52665D89-5134-4D94-AF14-C9DE42BF3B7C
1128|1213|2|28|31|974|1247|1849|1|1|0|0.7035|4.5000|0|0.0000|0.0000|0.0000|309.0000|22.0000|18.0000|20.5833|63.4558|61.4393|21.4601|18.3958|91.4094|10.7882|12.3113|9.4973|11.3146|10.7882|44.6412|40.0568|147.5049|29.2693|45579.0000|1.0370|1.0000|1.1144|53.8571|704.8910|0.8784|0.8287|0.9849|0.0000|288.5000|309.0000|91.4094|-80.0000|0.0000|150.2395|151.1715|139.2395|4.6755|40.0000|5.9130|5.0672|40.0000|6.2878|0.0000|0.0000|0.0000|2017-08-24T07:09:24.993|Freshwater Lake - North America_images_000005.tif|9657EDD1-6715-402C-91AA-2AF0E0A2ED19
1129|1243|2|32|30|530|1465|1858|1|1|0|0.7035|4.5000|0|0.0000|0.0000|0.0000|289.0000|24.0000|17.0000|21.1389|68.8701|62.8649|23.5678|16.0966|83.7944|10.3291|13.7183|8.7937|11.7055|10.3291|48.4501|41.0597|122.7855|33.6686|35485.0000|1.3060|1.3766|1.1800|100.0492|707.8750|0.7275|0.7170|0.9035|0.0000|285.0000|289.0000|83.7944|10.0000|-60.0000|125.9066|129.2318|108.9239|4.6085|36.0000|5.7883|5.0097|36.0000|6.2119|0.0000|0.0000|0.0000|2017-08-24T07:09:27.976|Freshwater Lake - North America_images_000005.tif|D578DD46-835D-4A79-9984-35354BD3E0D4
1130|1277|2|54|61|579|1006|1858|1|1|0|0.7035|4.5000|0|0.0000|0.0000|0.0000|724.0000|64.0000|20.0000|45.5556|154.2670|140.2039|65.1908|16.3826|259.9729|18.1936|41.8582|10.9043|28.8826|18.1936|108.5268|95.4677|138.8909|28.4864|100557.0000|2.6158|6.0524|1.1368|74.0930|707.8750|0.0128|0.4019|0.4080|0.0000|867.0000|724.0000|259.9729|-60.0000|45.0000|146.8066|143.2721|127.2831|4.6085|36.0000|5.7883|5.0097|36.0000|6.2119|0.0000|0.0000|0.0000|2017-08-24T07:09:27.976|Freshwater Lake - North America_images_000005.tif|8EE0992F-7ABF-4068-8BF5-092A191A584C
1131|1333|2|65|61|696|1544|1861|1|1|0|0.7035|4.5000|0|0.0000|0.0000|0.0000|2027.0000|58.0000|50.0000|53.6944|176.3675|165.6626|55.0051|48.1073|833.3358|32.5735|37.6373|32.0093|34.6083|32.5735|124.0745|113.3779|99.5363|41.2968|201760.0000|1.2212|1.0000|1.0943|106.7208|708.4690|0.7717|0.7589|0.9666|0.0000|2047.0000|2027.0000|833.3358|-40.0000|20.0000|103.7785|102.8668|91.4016|3.4136|31.0000|4.3850|4.3482|31.0000|5.5516|0.0000|0.0000|0.0000|2017-08-24T07:09:28.562|Freshwater Lake - North America_images_000005.tif|68FD675D-B9EA-41A9-AE03-A5184D624B7C
1132|1400|2|77|74|360|1431|1862|1|1|0|0.7035|4.5000|0|0.0000|0.0000|0.0000|2880.0000|68.0000|61.0000|65.4167|229.5807|202.1178|62.5025|60.5929|1221.3766|39.4348|44.6722|39.7478|42.8549|39.4348|161.5100|139.0241|89.8135|33.4551|258663.0000|1.4564|2.0988|1.1617|61.7413|708.5000|0.7666|0.6791|0.9678|0.0000|3047.0000|2880.0000|1221.3766|25.0000|-45.0000|93.7896|93.2691|81.5062|4.9889|77.0000|6.5053|5.2571|77.0000|6.7794|0.0000|0.0000|0.0000|2017-08-24T07:09:28.606|Freshwater Lake - North America_images_000005.tif|E7D947FC-2B4B-4162-B5F3-97209293C0D7
1133|1479|2|59|158|625|1551|1866|1|2|0|0.7035|4.5000|0|0.0000|0.0000|0.0000|941.0000|154.0000|11.0000|99.7778|322.7939|310.7353|159.2434|8.2520|352.4931|21.1851|105.1732|4.5728|67.0279|21.1851|227.0855|215.4365|102.4665|29.0028|96421.0000|8.8115|25.6432|1.0541|129.9618|709.1090|0.0000|0.4716|0.0942|0.0000|1092.5000|941.0000|352.4931|-70.0000|15.0000|111.6769|108.4718|87.1690|4.3379|107.0000|6.0743|4.5500|107.0000|6.3343|0.0000|0.0000|0.0000|2017-08-24T07:09:29.237|Freshwater Lake - North America_images_000005.tif|86EA4A1E-D8BA-4B6B-91FE-CB058DBC416D
1134|1540|2|33|35|831|992|1867|1|1|0|0.7035|4.5000|0|0.0000|0.0000|0.0000|375.0000|26.0000|22.0000|24.0556|79.3553|72.1264|22.9416|21.5117|117.0215|12.2064|15.1253|12.3113|13.7574|12.2064|55.8265|47.5752|145.5920|21.0227|54597.0000|1.3363|1.5552|1.1734|52.5507|709.2190|0.8196|0.6871|0.9655|0.0000|384.0000|375.0000|117.0215|-85.0000|40.0000|151.7387|149.2347|136.1200|3.9019|33.0000|5.0204|4.2642|33.0000|5.4919|0.0000|0.0000|0.0000|2017-08-24T07:09:29.321|Freshwater Lake - North America_images_000005.tif|CF59C09F-244C-4D83-84FD-4AD5A4C8A343
1135|1575|2|36|58|801|1671|1868|1|2|0|0.7035|4.5000|0|0.0000|0.0000|0.0000|305.0000|48.0000|23.0000|36.4444|116.9533|111.0784|50.3261|21.9881|89.8804|10.6976|30.6023|13.0147|22.4729|10.6976|82.2766|74.9779|158.0000|26.8971|48190.0000|3.5687|9.1017|1.0973|63.4421|710.3590|0.1729|0.1335|0.2575|0.0000|613.0000|305.0000|89.8804|-85.0000|5.0000|163.7377|163.4230|145.2066|4.1016|37.0000|5.3224|4.3781|37.0000|5.6826|0.0000|0.0000|0.0000|2017-08-24T07:09:30.465|Freshwater Lake - North America_images_000005.tif|580531B7-26AE-4B24-B4B9-975D8B7E5DBA
1136|1613|2|37|41|953|1477|1869|1|1|0|0.7035|4.5000|0|0.0000|0.0000|0.0000|503.0000|31.0000|26.0000|29.0278|103.8406|87.9834|29.8642|24.3608|168.2802|14.6377|18.6427|15.1253|17.2553|14.6377|73.0519|58.7306|104.6223|34.5235|52625.0000|1.7059|3.0292|1.2438|78.5055|710.4840|0.5844|0.3513|0.8624|0.0000|545.5000|503.0000|168.2802|-90.0000|15.0000|109.5288|108.2406|95.6243|4.7352|40.0000|6.0607|4.9928|40.0000|6.3212|0.0000|0.0000|0.0000|2017-08-24T07:09:30.585|Freshwater Lake - North America_images_000005.tif|4158CC41-3DEE-4503-B2A8-BA8B7D017757
1137|1652|2|28|49|131|1134|1873|1|2|0|0.7035|4.5000|0|0.0000|0.0000|0.0000|293.0000|38.0000|18.0000|28.9722|91.0122|87.7694|36.8599|14.8970|85.3112|10.4222|23.5673|9.4973|17.2162|10.4222|64.0271|58.5800|153.8430|27.1813|45076.0000|2.2497|4.8619|1.0930|52.0506|712.3590|0.2198|0.2535|0.4721|0.0000|424.0000|293.0000|85.3112|-90.0000|0.0000|154.6212|156.7679|147.8123|3.9236|44.0000|5.1983|4.3026|44.0000|5.7108|0.0000|0.0000|0.0000|2017-08-24T07:09:32.451|Freshwater Lake - North America_images_000005.tif|6A69D103-0BF0-4993-B7EA-8AFF49DD5FA2
1138|1682|2|53|48|283|1644|1879|1|1|0|0.7035|4.5000|0|0.0000|0.0000|0.0000|455.0000|53.0000|16.0000|38.3333|128.1249|117.2510|59.0681|13.6840|148.8545|13.7669|34.1198|8.0903|23.8017|13.7669|90.1359|79.3203|146.1253|29.9518|66487.0000|2.8711|6.8743|1.1364|75.6449|715.0160|0.0590|0.1043|0.3152|0.0000|622.5000|455.0000|148.8545|-45.0000|50.0000|147.4242|149.3297|139.3363|3.7221|39.0000|5.1365|4.1524|39.0000|5.5824|0.0000|0.0000|0.0000|2017-08-24T07:09:35.113|Freshwater Lake - North America_images_000005.tif|28A72815-719B-462F-86C9-3043FEF60AF2
1139|1737|2|41|38|482|1590|1880|1|1|0|0.7035|4.5000|0|0.0000|0.0000|0.0000|538.0000|33.0000|23.0000|29.3611|104.1838|89.0317|31.3835|22.5685|182.5738|15.2466|20.0497|13.0147|17.4898|15.2466|73.2933|59.4681|139.4238|21.9562|75010.0000|1.6055|2.6692|1.2325|65.1720|715.3280|0.7008|0.6176|0.9168|0.0000|572.0000|538.0000|182.5738|50.0000|-55.0000|142.2528|144.5985|128.1989|4.4340|47.0000|5.7154|4.8979|47.0000|6.1823|0.0000|0.0000|0.0000|2017-08-24T07:09:35.422|Freshwater Lake - North America_images_000005.tif|83A937A3-10E0-4459-BD98-097BF957AA11
1140|1780|2|22|56|1033|1217|1883|1|1|0|0.7035|4.5000|0|0.0000|0.0000|0.0000|327.0000|47.0000|9.0000|32.1944|102.6274|97.8121|49.7146|8.6367|98.3254|11.1889|29.8987|3.1658|19.4830|11.1889|72.1984|65.6451|160.6055|33.3084|52518.0000|2.5631|5.8823|1.0998|62.0938|717.2970|0.0850|0.8278|0.3270|0.0000|320.0000|327.0000|98.3254|-80.0000|5.0000|164.4526|163.5015|153.4679|4.1755|48.0000|5.6589|4.4018|48.0000|5.8304|0.0000|0.0000|0.0000|2017-08-24T07:09:37.399|Freshwater Lake - North America_images_000005.tif|FA79B220-D8B6-428B-B67B-43757F19342B
1141|1804|2|30|66|534|1618|1884|1|1|0|0.7035|4.5000|0|0.0000|0.0000|0.0000|312.0000|57.0000|12.0000|39.1111|131.9828|119.4549|60.5078|8.7699|92.5582|10.8558|36.9338|5.2763|24.3489|10.8558|92.8499|80.8708|159.0256|23.1652|49616.0000|4.4429|11.8737|1.1481|47.1391|717.3440|0.0000|0.4688|0.2125|0.0000|421.0000|312.0000|92.5582|-85.0000|10.0000|162.3013|164.0192|147.9135|3.9501|41.0000|5.4116|4.1766|41.0000|5.6031|0.0000|0.0000|0.0000|2017-08-24T07:09:37.463|Freshwater Lake - North America_images_000005.tif|68DA2400-CD21-4772-B150-623D10731BDF
1142|1836|2|84|81|691|1562|1885|1|1|0|0.7035|4.5000|0|0.0000|0.0000|0.0000|3169.0000|75.0000|65.0000|70.9167|260.4092|219.5676|69.7803|63.6045|1354.0314|41.5212|49.5968|42.5618|46.7241|43.0735|183.1979|151.3001|133.3607|32.4111|422620.0000|1.5904|2.6140|1.2108|102.7965|717.4220|0.7554|0.8251|0.9692|0.0000|3674.5000|3393.0000|1457.1722|5.0000|-60.0000|141.5241|140.6933|115.8555|4.7349|65.0000|6.3550|4.0400|65.0000|5.3121|0.0000|0.0000|0.0000|2017-08-24T07:09:37.545|Freshwater Lake - North America_images_000005.tif|79E8D6F9-B966-4E42-9234-2B30BB72C9BA
1143|1922|2|75|35|684|1496|1887|1|1|0|0.7035|4.5000|0|0.0000|0.0000|0.0000|925.0000|65.0000|25.0000|48.3611|182.8112|148.6844|70.7633|20.0259|345.6083|20.9772|42.5618|14.4217|30.8563|20.9772|128.6077|101.4337|154.8022|19.3972|143192.0000|2.8751|6.8872|1.2679|43.0424|718.5160|0.0482|0.3669|0.4355|0.0000|1223.5000|925.0000|345.6083|0.0000|-90.0000|158.3914|156.9362|149.2908|3.3147|33.0000|3.9306|4.2149|33.0000|5.3193|0.0000|0.0000|0.0000|2017-08-24T07:09:38.626|Freshwater Lake - North America_images_000005.tif|8456D37A-43D6-4FBD-A1CC-73D97300B4BD
1144|1999|2|34|30|293|1446|1888|1|1|0|0.7035|4.5000|0|0.0000|0.0000|0.0000|285.0000|27.0000|15.0000|21.6944|71.6985|65.1879|26.7104|14.0793|82.2808|10.2354|15.8287|7.3868|12.0963|10.2354|50.4399|42.6939|127.0982|30.9633|36223.0000|1.4354|2.0125|1.1814|92.9048|718.7970|0.5955|0.6919|0.7961|0.0000|286.0000|285.0000|82.2808|-25.0000|55.0000|130.3088|132.4351|115.4667|4.1783|41.0000|5.4356|4.6201|41.0000|5.8697|0.0000|0.0000|0.0000|2017-08-24T07:09:38.902|Freshwater Lake - North America_images_000005.tif|73D0270C-F5FF-4E5E-9A83-A7C28AC038F4
1145|2|162|35|34|575|1187|1889|1|1|0|0.7035|4.5000|0|0.0000|0.0000|0.0000|463.0000|26.0000|24.0000|25.2500|79.9411|76.2146|25.0110|23.6618|152.0768|13.9151|15.1253|13.7183|14.5976|13.9151|56.2386|50.4512|120.2333|54.4921|55668.0000|1.0984|1.0000|1.1147|42.1286|720.4060|0.9055|0.8764|0.9946|0.0000|446.0000|463.0000|152.0768|15.0000|-90.0000|127.8359|126.7754|104.4600|4.4522|38.0000|5.7828|3.8449|38.0000|5.1103|0.0000|0.0000|0.0000|2017-08-24T07:09:40.512|Freshwater Lake - North America_images_000005.tif|E840CD1F-3895-4B9B-94E7-FB2482E3F26F
1146|39|162|36|36|867|1199|1896|1|1|0|0.7035|4.5000|0|0.0000|0.0000|0.0000|498.0000|29.0000|23.0000|26.2222|83.0122|79.2196|28.1138|22.6212|166.2468|14.5490|17.2357|13.0147|15.2816|14.5490|58.3991|52.5652|125.1767|35.7344|62338.0000|1.1011|1.0000|1.1110|81.9718|723.5310|0.8437|0.8750|0.9739|0.0000|478.0000|498.0000|166.2468|-60.0000|30.0000|133.6948|131.7932|108.9317|4.4350|38.0000|5.7555|3.9886|38.0000|5.2506|0.0000|0.0000|0.0000|2017-08-24T07:09:43.648|Freshwater Lake - North America_images_000005.tif|63F38E51-EAEB-4CF5-B8CA-101B33EEE8F6
1147|77|162|29|33|1014|875|1899|1|1|0|0.7035|4.5000|0|0.0000|0.0000|0.0000|321.0000|24.0000|18.0000|21.3611|68.2843|63.9621|23.7018|17.3673|96.0139|11.0566|13.7183|9.4973|11.8618|11.0566|48.0380|41.8316|87.4361|42.9377|28067.0000|1.1559|1.0000|1.1484|154.5500|724.1250|0.7909|0.8682|0.9467|0.0000|305.5000|321.0000|96.0139|-85.0000|20.0000|93.7819|91.5389|76.9595|3.8993|32.0000|4.9828|4.3135|32.0000|5.5094|0.0000|0.0000|0.0000|2017-08-24T07:09:44.232|Freshwater Lake - North America_images_000005.tif|AB43812A-3FAF-479A-ABAD-92FCA7FB2334
1148|108|162|91|128|403|789|1899|1|1|0|0.7035|4.5000|0|0.0000|0.0000|0.0000|5201.0000|125.0000|78.0000|105.8056|554.9605|329.4828|123.1578|68.3932|2297.2285|54.0825|84.7717|51.7073|71.2685|54.4228|390.4147|228.6254|82.1092|45.5890|427050.0000|4.6567|12.5499|1.7077|151.3740|724.1250|0.0490|0.3419|0.6753|0.0000|7223.5000|5263.0000|2326.2212|-60.0000|10.0000|85.6003|84.8393|75.4491|3.8993|32.0000|4.9828|4.3135|32.0000|5.5094|0.0000|0.0000|0.0000|2017-08-24T07:09:44.232|Freshwater Lake - North America_images_000005.tif|A53A8E7E-E871-4B35-82FC-75B0350399FC
1149|201|162|69|35|414|1669|1902|1|1|0|0.7035|4.5000|0|0.0000|0.0000|0.0000|416.0000|60.0000|25.0000|46.1389|170.2254|142.0150|73.6053|21.5856|133.2424|13.0250|39.0442|14.4217|29.2930|13.0250|119.7536|96.7418|158.3077|27.3209|65856.0000|5.5430|15.3487|1.2379|62.5921|724.4690|0.0000|0.0518|0.1800|0.0000|886.0000|416.0000|133.2424|-20.0000|-90.0000|160.7813|164.0385|146.1250|4.3534|34.0000|5.6831|4.4866|34.0000|5.7569|0.0000|0.0000|0.0000|2017-08-24T07:09:44.571|Freshwater Lake - North America_images_000005.tif|2C5C4C9F-4120-42A0-9294-68252D5537DC
1150|272|162|37|37|859|1577|1905|1|1|0|0.7035|4.5000|0|0.0000|0.0000|0.0000|321.0000|33.0000|16.0000|26.2222|96.4264|79.1769|34.5119|15.4746|96.0139|11.0566|20.0497|8.0903|15.2816|11.0566|67.8360|52.5352|137.2336|14.3819|44052.0000|2.3050|5.0432|1.2912|57.1905|725.7030|0.3411|0.2032|0.5714|0.0000|388.0000|321.0000|96.0139|45.0000|-50.0000|145.0997|143.2773|122.4393|4.0961|35.0000|5.3714|4.5737|35.0000|5.8472|0.0000|0.0000|0.0000|2017-08-24T07:09:45.799|Freshwater Lake - North America_images_000005.tif|B8FFDD25-F2F4-4FE8-BE47-85E13CB34255
1151|311|162|45|36|1025|1119|1906|1|1|0|0.7035|4.5000|0|0.0000|0.0000|0.0000|553.0000|38.0000|21.0000|31.2778|107.0122|95.1021|37.9614|19.8371|188.7299|15.5016|23.5673|11.6077|18.8382|15.5016|75.2831|63.7386|149.7306|24.1746|82801.0000|1.6479|2.8228|1.1811|38.6947|726.1250|0.4780|0.4783|0.7676|0.0000|609.0000|553.0000|188.7299|-35.0000|75.0000|158.2622|154.7324|136.6727|4.2496|36.0000|5.5987|4.0119|36.0000|5.2552|0.0000|0.0000|0.0000|2017-08-24T07:09:46.221|Freshwater Lake - North America_images_000005.tif|47666935-6C26-4979-9106-37BE15607DEF
1152|358|162|32|43|827|1178|1908|1|1|0|0.7035|4.5000|0|0.0000|0.0000|0.0000|448.0000|38.0000|18.0000|28.5556|91.3553|86.3673|37.8245|15.4108|146.0403|13.6361|23.5673|9.4973|16.9231|13.6361|64.2685|57.5936|140.5268|28.3656|62956.0000|1.4824|2.2034|1.1159|80.5679|727.3280|0.4158|0.7406|0.6839|0.0000|442.0000|448.0000|146.0403|55.0000|-30.0000|148.6518|144.3125|130.0045|4.2390|46.0000|5.7552|4.4569|46.0000|5.9076|0.0000|0.0000|0.0000|2017-08-24T07:09:47.435|Freshwater Lake - North America_images_000005.tif|E2630284-0AAA-4104-A834-33E0B29F35EE
1153|392|162|38|39|960|1419|1909|1|1|0|0.7035|4.5000|0|0.0000|0.0000|0.0000|588.0000|33.0000|25.0000|29.4444|98.8701|89.2371|30.8020|24.8640|203.1593|16.0832|20.0497|14.4217|17.5484|16.0832|69.5551|59.6125|136.9558|28.7045|80530.0000|1.3229|1.4809|1.1668|92.1868|727.4690|0.7925|0.7991|0.9556|0.0000|593.0000|588.0000|203.1593|40.0000|-55.0000|142.5085|142.5629|123.8384|3.4165|2.0000|3.6220|4.0682|2.0000|4.1714|0.0000|0.0000|0.0000|2017-08-24T07:09:47.562|Freshwater Lake - North America_images_000005.tif|C578BEC6-EE4E-489E-9872-D658EDAB0F3F
1154|432|162|31|38|202|1603|1911|1|1|0|0.7035|4.5000|0|0.0000|0.0000|0.0000|339.0000|30.0000|20.0000|26.0833|90.7696|79.0211|29.2328|18.1102|102.9664|11.4499|17.9393|10.9043|15.1839|12.1859|63.8564|52.4256|149.9587|30.4577|50836.0000|1.7531|3.1944|1.2180|86.8000|727.8910|0.5904|0.4880|0.8054|0.0000|412.5000|374.0000|116.6285|45.0000|-10.0000|150.8997|153.7345|142.2802|3.8651|34.0000|5.1890|4.3617|34.0000|5.7296|0.0000|0.0000|0.0000|2017-08-24T07:09:48.002|Freshwater Lake - North America_images_000005.tif|18EFEEDB-23A6-4344-9F47-055A623E05CD
1155|465|162|34|107|347|1305|1913|1|1|0|0.7035|4.5000|0|0.0000|0.0000|0.0000|453.0000|99.0000|11.0000|64.3611|215.6396|199.4112|108.4123|6.7184|148.0500|13.7296|66.4808|4.5728|42.1123|13.7296|151.7025|137.1200|141.2031|25.0977|63965.0000|8.1686|23.6202|1.1063|69.1675|728.7030|0.0000|0.1160|0.0978|0.0000|568.5000|453.0000|148.0500|75.0000|-15.0000|145.3289|149.4084|123.5806|3.9762|84.0000|5.6400|4.1853|84.0000|5.8896|0.0000|0.0000|0.0000|2017-08-24T07:09:48.814|Freshwater Lake - North America_images_000005.tif|16D001D5-05FF-4858-A1E5-F1513786989B
1156|501|162|46|45|884|1577|1914|1|1|0|0.7035|4.5000|0|0.0000|0.0000|0.0000|848.0000|39.0000|31.0000|35.3056|121.0122|108.0231|36.6495|30.1765|312.6056|19.9505|24.2707|18.6427|21.6717|19.9505|85.1321|72.8285|145.4587|32.6322|123349.0000|1.3742|1.7437|1.1689|69.8532|728.8130|0.7767|0.7834|0.9581|0.0000|877.5000|848.0000|312.6056|20.0000|-35.0000|148.8373|149.9976|135.2866|4.6890|51.0000|5.9871|5.0148|51.0000|6.3690|0.0000|0.0000|0.0000|2017-08-24T07:09:48.918|Freshwater Lake - North America_images_000005.tif|49532350-52F9-42BF-9A4B-28CEF7C6EFFA
1157|549|162|38|36|673|1245|1916|1|1|0|0.7035|4.5000|0|0.0000|0.0000|0.0000|549.0000|30.0000|24.0000|27.1667|86.4264|82.3481|28.9344|24.1845|187.0866|15.4339|17.9393|13.7183|15.9460|15.4339|60.8010|54.7661|111.5774|25.4968|61256.0000|1.0827|1.0000|1.1102|87.1622|729.7660|0.8702|0.9181|0.9831|0.0000|527.0000|549.0000|187.0866|-40.0000|50.0000|119.7778|118.3260|95.1676|4.3014|39.0000|5.6652|3.8434|39.0000|4.8849|0.0000|0.0000|0.0000|2017-08-24T07:09:49.868|Freshwater Lake - North America_images_000005.tif|03562BE3-F09F-4C47-835A-86364E3A8C23
1158|589|162|24|45|1024|1089|1917|1|1|0|0.7035|4.5000|0|0.0000|0.0000|0.0000|322.0000|36.0000|14.0000|25.9444|86.2843|78.2209|34.2278|12.4704|96.3987|11.0787|22.1603|6.6833|15.0861|11.0787|60.7010|51.8627|159.1770|24.0964|51255.0000|1.8399|3.4941|1.1704|51.2051|729.9530|0.3776|0.6011|0.6179|0.0000|336.0000|322.0000|96.3987|80.0000|0.0000|163.6957|162.4627|151.0311|4.1797|41.0000|5.6123|4.4688|41.0000|5.8139|0.0000|0.0000|0.0000|2017-08-24T07:09:50.058|Freshwater Lake - North America_images_000005.tif|8D382E5C-F772-441D-940E-DB8D7EFACA68
1159|615|162|53|51|892|1470|1921|1|1|0|0.7035|4.5000|0|0.0000|0.0000|0.0000|1030.0000|52.0000|36.0000|43.1389|157.9828|132.4708|45.4518|32.0957|390.9432|22.3106|33.4162|22.1603|27.1825|22.3106|111.1409|90.0275|103.2427|40.0530|106340.0000|1.9283|3.7944|1.2345|89.9149|731.8910|0.5160|0.5845|0.8472|0.0000|1185.0000|1030.0000|390.9432|35.0000|-75.0000|111.5660|107.6913|91.3427|3.1212|38.0000|3.9330|4.3054|38.0000|5.7067|0.0000|0.0000|0.0000|2017-08-24T07:09:51.991|Freshwater Lake - North America_images_000005.tif|51E02531-C2B4-419E-915C-0446CE3D7D6A
1160|670|162|64|60|614|1428|1923|1|1|0|0.7035|4.5000|0|0.0000|0.0000|0.0000|425.0000|72.0000|20.0000|49.6389|181.5391|153.3427|78.5875|18.6820|136.8304|13.1992|47.4862|10.9043|31.7552|13.1992|127.7128|104.7108|158.8047|23.0034|67492.0000|6.1708|17.3284|1.2197|49.8375|732.7340|0.0000|0.3308|0.1659|0.0000|894.0000|425.0000|136.8304|-45.0000|45.0000|160.1365|162.1671|151.7929|4.1948|72.0000|5.9057|4.4005|72.0000|6.0334|0.0000|0.0000|0.0000|2017-08-24T07:09:52.837|Freshwater Lake - North America_images_000005.tif|650FA6FE-F73E-4C1D-9F46-E5A618FB7C6E
1161|736|162|55|51|148|1187|1924|1|1|0|0.7035|4.5000|0|0.0000|0.0000|0.0000|1405.0000|45.0000|41.0000|43.1111|139.2965|132.4407|44.7018|40.0858|555.2597|26.5891|28.4917|25.6777|27.1629|26.5891|97.9951|90.0063|76.9445|34.2894|108107.0000|1.0990|1.0000|1.0888|106.1008|733.0310|0.8940|0.9140|0.9924|0.0000|1375.5000|1405.0000|555.2597|0.0000|-90.0000|86.2690|81.2776|64.8456|4.7743|50.0000|6.1900|4.2532|50.0000|5.6941|0.0000|0.0000|0.0000|2017-08-24T07:09:53.123|Freshwater Lake - North America_images_000005.tif|AF900E26-016C-4C37-8CDF-23449892863C
1162|793|162|32|28|117|423|1924|1|1|0|0.7035|4.5000|0|0.0000|0.0000|0.0000|287.0000|24.0000|17.0000|20.5556|66.0416|61.2873|23.0335|16.0334|83.0372|10.2823|13.7183|8.7937|11.2951|10.2823|46.4603|39.9499|142.7840|22.8020|40979.0000|1.2093|1.0000|1.1630|54.4576|733.0310|0.7593|0.7058|0.9279|0.0000|276.0000|287.0000|83.0372|-20.0000|65.0000|146.8153|145.8467|135.2195|4.7743|50.0000|6.1900|4.2532|50.0000|5.6941|0.0000|0.0000|0.0000|2017-08-24T07:09:53.123|Freshwater Lake - North America_images_000005.tif|E4985D7D-F937-4296-9D53-A04001F41143
1163|827|162|40|63|663|1438|1925|1|1|0|0.7035|4.5000|0|0.0000|0.0000|0.0000|300.0000|60.0000|13.0000|41.1111|142.4680|126.0712|68.0397|11.8695|87.9732|10.5835|39.0442|5.9798|25.7559|10.5835|100.2262|85.5253|162.3933|26.6102|48718.0000|5.3840|14.8469|1.1719|61.9593|733.0780|0.0000|0.4300|0.1601|0.0000|538.5000|300.0000|87.9732|55.0000|-25.0000|164.7233|166.4567|153.5167|4.0792|36.0000|5.4809|4.2364|36.0000|5.4661|0.0000|0.0000|0.0000|2017-08-24T07:09:53.175|Freshwater Lake - North America_images_000005.tif|A4E887AB-1DB8-43C8-96BF-BBA7B162DBDF
1164|869|162|41|67|536|1499|1926|1|1|0|0.7035|4.5000|0|0.0000|0.0000|0.0000|1026.0000|57.0000|31.0000|45.8333|187.0538|140.7232|54.3834|28.9852|389.2098|22.2611|36.9338|18.6427|29.0780|22.2611|131.5923|95.8330|141.7329|16.2594|145418.0000|2.7138|6.3686|1.3731|54.2321|733.1720|0.3295|0.3409|0.6880|0.0000|1286.0000|1026.0000|389.2098|-90.0000|0.0000|149.0526|147.1394|128.3411|4.2221|41.0000|5.6156|4.1237|41.0000|5.4049|0.0000|0.0000|0.0000|2017-08-24T07:09:53.283|Freshwater Lake - North America_images_000005.tif|75F2483B-EACA-41F5-BF43-081071524472
1165|912|162|49|47|737|1499|1930|1|1|0|0.7035|4.5000|0|0.0000|0.0000|0.0000|495.0000|42.0000|35.0000|38.3056|165.2965|117.5076|34.5490|27.3025|165.0278|14.4955|26.3813|21.4567|23.7822|14.4955|116.2861|79.5008|141.2869|27.9737|69937.0000|4.3925|11.7141|1.4627|77.5655|734.7500|0.4008|0.3178|0.6501|0.0000|954.0000|495.0000|165.0278|35.0000|-55.0000|149.2566|148.5980|123.9172|4.2581|40.0000|5.6244|3.9646|40.0000|4.7040|0.0000|0.0000|0.0000|2017-08-24T07:09:54.852|Freshwater Lake - North America_images_000005.tif|5A6A654F-3E21-4A7D-9193-12975D66DD14
1166|963|162|47|50|328|1544|1931|1|1|0|0.7035|4.5000|0|0.0000|0.0000|0.0000|950.0000|45.0000|31.0000|38.4167|127.7401|117.7371|43.5049|29.7648|356.3696|21.3013|28.4917|18.6427|23.8604|21.8992|89.8652|79.6623|147.2874|26.8002|139923.0000|1.3024|1.3520|1.1281|67.6964|734.8280|0.6728|0.7548|0.9137|0.0000|1010.0000|997.0000|376.6571|55.0000|-50.0000|148.0537|151.2316|139.2789|4.6380|35.0000|5.8328|5.0934|35.0000|6.2953|0.0000|0.0000|0.0000|2017-08-24T07:09:54.928|Freshwater Lake - North America_images_000005.tif|39E94301-B7E2-40D5-9C17-5D3923BA1B16
1167|1012|162|28|40|1009|1239|1931|1|1|0|0.7035|4.5000|0|0.0000|0.0000|0.0000|333.0000|30.0000|18.0000|24.6111|84.2843|74.1814|26.9652|17.3669|100.6430|11.3200|17.9393|9.4973|14.1482|11.3200|59.2940|49.0209|138.1652|16.2338|46009.0000|1.6976|2.9999|1.2096|59.7632|734.8280|0.6086|0.6014|0.8243|0.0000|362.0000|333.0000|100.6430|-90.0000|0.0000|149.8649|145.9520|118.4384|4.6380|35.0000|5.8328|5.0934|35.0000|6.2953|0.0000|0.0000|0.0000|2017-08-24T07:09:54.928|Freshwater Lake - North America_images_000005.tif|4718F917-7C40-4D19-814E-CF75CC529690
1168|1042|162|34|50|1004|1391|1935|1|1|0|0.7035|4.5000|0|0.0000|0.0000|0.0000|657.0000|41.0000|24.0000|32.8333|108.1838|99.8098|39.0298|22.2376|231.8477|17.1813|25.6777|13.7183|19.9325|17.1813|76.1073|67.0504|134.7519|26.5066|88532.0000|1.4176|1.9373|1.1351|59.5876|737.4530|0.5586|0.7081|0.8291|0.0000|683.0000|657.0000|231.8477|-85.0000|0.0000|142.1065|137.7763|125.9878|2.7059|33.0000|3.4571|4.0442|33.0000|5.3344|0.0000|0.0000|0.0000|2017-08-24T07:09:57.545|Freshwater Lake - North America_images_000005.tif|8A5AB8D4-5BBD-4CBE-9500-AA57614E0330
1169|1078|162|50|57|803|1593|1940|1|3|0|0.7035|4.5000|0|0.0000|0.0000|0.0000|437.0000|52.0000|23.0000|40.3889|126.3259|123.9956|52.4737|21.8818|141.6284|13.4286|33.4162|13.0147|25.2478|13.4286|88.8703|84.0652|114.9336|37.0114|50226.0000|2.9060|6.9863|1.0572|96.1802|739.3280|0.0625|0.0578|0.3443|0.0000|882.0000|437.0000|141.6284|-50.0000|25.0000|121.4165|119.7346|103.0892|4.5466|36.0000|5.8071|4.8332|36.0000|6.0616|0.0000|0.0000|0.0000|2017-08-24T07:09:59.439|Freshwater Lake - North America_images_000005.tif|4392AFC2-C570-48D1-96FF-93451B669945
1170|1130|162|45|36|544|1641|1941|1|2|0|0.7035|4.5000|0|0.0000|0.0000|0.0000|336.0000|36.0000|18.0000|28.5000|105.9411|86.2974|40.1752|15.5140|101.8040|11.3851|22.1603|9.4973|16.8840|11.3851|74.5296|57.5445|146.0655|22.0926|49078.0000|2.6582|6.1893|1.2952|59.8646|739.6090|0.2849|0.2279|0.4613|0.0000|475.5000|336.0000|101.8040|-25.0000|60.0000|149.0863|151.9137|133.5268|4.4414|47.0000|5.7315|4.8748|47.0000|6.1549|0.0000|0.0000|0.0000|2017-08-24T07:09:59.704|Freshwater Lake - North America_images_000005.tif|79657019-5F96-4905-8295-3F6A020577C3
1171|1177|162|20|97|824|1252|1945|1|1|0|0.7035|4.5000|0|0.0000|0.0000|0.0000|350.0000|87.0000|8.0000|57.1111|193.1127|176.0682|99.4313|5.4577|107.2407|11.6852|58.0388|2.8140|37.0119|11.6852|135.8548|120.6982|137.7600|23.7038|48216.0000|8.4790|24.5969|1.1256|97.9946|740.9380|0.0000|0.1936|0.0899|0.0000|425.5000|350.0000|107.2407|-90.0000|5.0000|141.1571|141.2714|129.6086|4.1281|87.0000|5.8901|4.3239|87.0000|5.9871|0.0000|0.0000|0.0000|2017-08-24T07:10:01.039|Freshwater Lake - North America_images_000005.tif|2B43A557-6687-4F42-92C0-D1A101C3277A
1172|1199|162|33|57|822|481|1947|1|1|0|0.7035|4.5000|0|0.0000|0.0000|0.0000|311.0000|50.0000|9.0000|34.1944|112.5685|104.0609|52.1693|7.9453|92.1751|10.8333|32.0093|3.1658|20.8900|10.8333|79.1919|70.0411|163.8039|24.9987|50943.0000|3.2424|8.0622|1.1306|56.3646|741.3280|0.0419|0.6635|0.2844|0.0000|314.0000|311.0000|92.1751|-75.0000|25.0000|166.7942|166.9775|156.4277|3.5136|41.0000|4.3812|4.2335|41.0000|5.4142|0.0000|0.0000|0.0000|2017-08-24T07:10:01.434|Freshwater Lake - North America_images_000005.tif|F982CD50-B521-48EC-9A6C-9AFD0B09FF0F
1173|1234|162|78|77|226|1430|1950|1|1|0|0.7035|4.5000|0|0.0000|0.0000|0.0000|2606.0000|71.0000|56.0000|65.3056|239.3381|202.2973|68.0251|52.6818|1096.0997|37.3577|46.7828|36.2302|42.7767|37.3577|168.3744|139.1504|81.5238|44.8866|212451.0000|1.7492|3.1809|1.2100|118.0519|742.7970|0.5895|0.6209|0.8964|0.0000|2886.0000|2606.0000|1096.0997|20.0000|-35.0000|84.3596|84.3319|74.8960|5.0165|68.0000|6.5564|5.2812|68.0000|6.8246|0.0000|0.0000|0.0000|2017-08-24T07:10:02.912|Freshwater Lake - North America_images_000005.tif|C9BD0399-FBEF-4F61-915A-28307B7323FE
1174|1314|162|60|72|500|1501|1952|1|1|0|0.7035|4.5000|0|0.0000|0.0000|0.0000|732.0000|76.0000|13.0000|52.0833|174.8944|160.5682|84.0522|11.5744|263.3470|18.3113|50.3002|5.9798|33.4749|18.3113|123.0382|109.7940|84.4344|34.3124|61806.0000|3.3253|8.3266|1.1206|155.3287|743.3130|0.0000|0.8067|0.2589|0.0000|761.5000|732.0000|263.3470|45.0000|-40.0000|92.2910|90.0792|70.3470|4.5060|62.0000|6.0988|4.7380|62.0000|6.3073|0.0000|0.0000|0.0000|2017-08-24T07:10:03.427|Freshwater Lake - North America_images_000005.tif|CAA72BFD-4DA5-411A-89B5-7E56A8DC1C9F
1175|1376|162|32|28|371|886|1953|1|1|0|0.7035|4.5000|0|0.0000|0.0000|0.0000|277.0000|24.0000|17.0000|20.3889|66.8701|61.2371|21.8397|16.6207|79.2634|10.0460|13.7183|8.7937|11.1778|10.0460|47.0431|39.9145|145.8953|23.9789|40413.0000|1.2846|1.2078|1.1786|41.9661|743.6720|0.7667|0.7521|0.9365|0.0000|272.5000|277.0000|79.2634|-20.0000|75.0000|151.1155|149.2671|137.2888|4.0901|37.0000|5.4690|4.3495|37.0000|5.6533|0.0000|0.0000|0.0000|2017-08-24T07:10:03.795|Freshwater Lake - North America_images_000005.tif|CE543AEB-FB50-4D57-A357-7C1CE8C29720
1176|1410|162|32|167|692|1425|1956|1|1|0|0.7035|4.5000|0|0.0000|0.0000|0.0000|1093.0000|158.0000|13.0000|102.9167|333.9828|320.0818|171.4842|9.5675|418.3058|23.0782|107.9873|5.9798|69.2361|23.0782|234.9569|222.0118|119.6295|23.7493|130755.0000|8.1212|23.4708|1.0583|83.3060|744.3910|0.0000|0.2187|0.0944|0.0000|1313.5000|1093.0000|418.3058|80.0000|-5.0000|128.0823|127.8984|100.1747|4.2991|127.0000|6.2648|4.5430|127.0000|6.4533|0.0000|0.0000|0.0000|2017-08-24T07:10:04.503|Freshwater Lake - North America_images_000005.tif|83369357-B01C-4AFF-BDBD-E56B101D618C
1177|1444|162|50|50|896|1598|1958|1|1|0|0.7035|4.5000|0|0.0000|0.0000|0.0000|1262.0000|45.0000|39.0000|41.1389|134.9117|126.2922|41.8569|38.5057|492.2191|25.0342|28.4917|24.2707|25.7755|25.0342|94.9104|85.6808|96.4065|31.3647|121665.0000|1.1477|1.0000|1.1077|75.7417|744.5470|0.8945|0.8616|0.9935|0.0000|1244.0000|1262.0000|492.2191|-50.0000|10.0000|110.1363|102.6450|78.9255|4.9429|40.0000|6.2741|4.1236|40.0000|5.3786|0.0000|0.0000|0.0000|2017-08-24T07:10:04.662|Freshwater Lake - North America_images_000005.tif|AFDB3460-B500-43C8-8860-63DDB1EC5AA7
1178|1496|162|31|114|152|1123|1959|1|1|0|0.7035|4.5000|0|0.0000|0.0000|0.0000|495.0000|104.0000|21.0000|70.1389|253.6812|217.0221|115.3834|17.7254|165.0278|14.4955|69.9982|11.6077|46.1770|14.4955|178.4647|149.5093|162.8808|21.9784|80626.0000|10.3457|30.4693|1.1937|42.5658|745.2190|0.0000|0.1164|0.0925|0.0000|1297.0000|495.0000|165.0278|-90.0000|0.0000|162.4949|167.0364|154.8970|3.8722|109.0000|5.7569|4.2538|109.0000|5.9103|0.0000|0.0000|0.0000|2017-08-24T07:10:05.330|Freshwater Lake - North America_images_000005.tif|D89611DF-8035-4944-B122-7C1D17B11F06
1179|1529|162|42|67|746|1513|1964|1|1|0|0.7035|4.5000|0|0.0000|0.0000|0.0000|368.0000|60.0000|26.0000|44.5556|167.3970|137.3763|66.8014|26.1903|114.2739|12.0623|39.0442|15.1253|28.1791|12.0623|117.7638|93.4785|165.2283|24.2628|60804.0000|6.0595|16.9776|1.2598|58.1067|747.1560|0.1212|0.3454|0.1820|0.0000|903.0000|368.0000|114.2739|-75.0000|20.0000|168.4375|169.9837|154.6223|3.9600|62.0000|5.5956|4.3786|62.0000|5.9047|0.0000|0.0000|0.0000|2017-08-24T07:10:07.272|Freshwater Lake - North America_images_000005.tif|394027F0-0436-4079-B018-962BE40335FB
1180|1573|162|50|75|738|1515|1967|1|1|0|0.7035|4.5000|0|0.0000|0.0000|0.0000|575.0000|72.0000|22.0000|51.0833|178.6518|157.6913|79.1858|18.2517|197.7895|15.8693|47.4862|12.3113|32.7714|15.8693|125.6815|107.7701|159.8748|24.2245|91928.0000|4.4171|11.7919|1.1662|47.5000|748.6090|0.0000|0.2618|0.2217|0.0000|1028.0000|575.0000|197.7895|-70.0000|25.0000|162.5930|163.0696|152.5148|4.2799|73.0000|5.8952|4.5968|73.0000|6.1089|0.0000|0.0000|0.0000|2017-08-24T07:10:08.722|Freshwater Lake - North America_images_000005.tif|A3359326-F7AC-4110-BE75-C74D79885024
1181|1625|162|45|44|995|1271|1968|1|1|0|0.7035|4.5000|0|0.0000|0.0000|0.0000|906.0000|36.0000|34.0000|34.7222|111.7401|105.8854|34.7619|33.2168|337.4444|20.7279|22.1603|20.7533|21.2613|20.7279|78.6092|71.3246|87.3102|30.6865|79103.0000|1.0967|1.0000|1.1021|106.9063|749.2190|0.9340|0.9021|0.9980|0.0000|880.5000|906.0000|337.4444|5.0000|-90.0000|95.5574|94.2627|70.5740|5.1053|53.0000|6.4601|4.3503|53.0000|5.7106|0.0000|0.0000|0.0000|2017-08-24T07:10:09.321|Freshwater Lake - North America_images_000005.tif|12DEB852-B461-409C-B0ED-560BA62ACD85
1182|1672|162|190|117|877|1043|1971|1|1|0|0.7035|4.5000|0|0.0000|0.0000|0.0000|2191.0000|207.0000|46.0000|139.1111|475.1026|433.9132|239.7304|44.4176|907.4517|33.9912|142.4588|29.1953|94.6989|33.9912|334.2347|302.0922|127.3733|26.0176|279075.0000|8.1983|23.7135|1.1064|85.8775|750.4840|0.0000|0.3770|0.0939|0.0000|6081.0000|2191.0000|907.4517|30.0000|-60.0000|133.3441|131.8895|116.2296|4.4798|192.0000|6.5878|4.7387|192.0000|6.7901|0.0000|0.0000|0.0000|2017-08-24T07:10:10.582|Freshwater Lake - North America_images_000005.tif|9E1814FD-281C-465D-BF58-967F4B2FD7DE
1183|1864|162|40|48|789|1531|1974|1|1|0|0.7035|4.5000|0|0.0000|0.0000|0.0000|534.0000|41.0000|24.0000|33.0833|121.4975|100.5325|38.3591|20.9449|180.9352|15.1781|25.6777|13.7183|20.1084|15.1781|85.4735|67.5589|151.2378|31.1519|80761.0000|2.1998|4.6980|1.2652|68.6636|752.0630|0.4399|0.4351|0.7119|0.0000|646.0000|534.0000|180.9352|-70.0000|25.0000|153.7397|154.8614|143.1798|4.4262|33.0000|5.6845|4.8431|33.0000|6.1015|0.0000|0.0000|0.0000|2017-08-24T07:10:12.187|Freshwater Lake - North America_images_000005.tif|FE226D1C-0026-402B-AD43-0BA27C8EBC9F
1184|1906|162|34|36|511|1088|1975|1|1|0|0.7035|4.5000|0|0.0000|0.0000|0.0000|415.0000|26.0000|23.0000|24.5278|79.5980|74.0117|24.0702|22.6128|132.8443|13.0055|15.1253|13.0147|14.0896|13.0055|55.9972|48.9015|142.0530|21.1061|58952.0000|1.2149|1.0000|1.1451|43.6324|752.5780|0.8155|0.6933|0.9689|0.0000|408.5000|415.0000|132.8443|-90.0000|-60.0000|147.7181|145.5614|132.9807|4.1847|45.0000|5.6508|4.3707|45.0000|5.8252|0.0000|0.0000|0.0000|2017-08-24T07:10:12.674|Freshwater Lake - North America_images_000005.tif|2DDDA886-49AF-4A43-877F-91B5E4AFBEA4
1185|1942|162|37|100|341|1502|1979|1|1|0|0.7035|4.5000|0|0.0000|0.0000|0.0000|599.0000|92.0000|18.0000|61.4722|208.2254|190.2702|101.0271|11.1426|207.7121|16.2625|61.5562|9.4973|40.0799|16.2625|146.4866|130.6893|162.2604|20.4245|97194.0000|5.7601|16.0335|1.1209|34.1263|754.1410|0.0000|0.1904|0.1477|0.0000|981.5000|599.0000|207.7121|75.0000|-10.0000|162.8063|165.4858|155.7045|4.3037|49.0000|5.7089|4.5644|49.0000|5.9528|0.0000|0.0000|0.0000|2017-08-24T07:10:14.245|Freshwater Lake - North America_images_000005.tif|747F098B-32BB-4B89-B363-A156BCB9EE60
1186|1981|162|63|42|750|1174|1980|1|1|0|0.7035|4.5000|0|0.0000|0.0000|0.0000|691.0000|55.0000|29.0000|44.5833|212.5685|136.9598|55.4578|27.2305|246.0897|17.7012|35.5267|17.2357|28.1986|17.7012|149.5419|93.1855|153.1274|26.8937|105811.0000|5.2037|14.2778|1.6048|61.5765|754.2660|0.1468|0.1770|0.4610|0.0000|1164.5000|691.0000|246.0897|-35.0000|75.0000|157.7916|156.8538|144.0203|3.8646|59.0000|5.4808|4.1662|59.0000|5.7755|0.0000|0.0000|0.0000|2017-08-24T07:10:14.370|Freshwater Lake - North America_images_000005.tif|117C6342-7AEF-4170-B79A-90BDCB94C2B4
1187|2|331|19|65|1041|1118|1980|1|1|0|0.7035|4.5000|0|0.0000|0.0000|0.0000|383.0000|55.0000|9.0000|37.7500|118.9706|115.5199|60.7345|8.4720|120.1697|12.3695|35.5267|3.1658|23.3914|12.3695|83.6958|78.1025|161.8799|30.3775|62000.0000|2.9408|7.0980|1.0716|59.6404|754.2660|0.0000|0.6738|0.2594|0.0000|368.5000|383.0000|120.1697|-90.0000|0.0000|165.2977|165.1175|154.2402|3.8646|59.0000|5.4808|4.1662|59.0000|5.7755|0.0000|0.0000|0.0000|2017-08-24T07:10:14.370|Freshwater Lake - North America_images_000005.tif|E5EAEBBA-CC97-4852-B8DF-C0C1845AD174
1188|23|331|79|37|773|1006|1983|1|1|0|0.7035|4.5000|0|0.0000|0.0000|0.0000|313.0000|74.0000|11.0000|48.6389|166.4680|149.8128|77.9771|7.8842|92.9414|10.8783|48.8933|4.5728|31.0517|10.8783|117.1102|102.2276|133.0607|22.8346|41648.0000|7.0454|20.0841|1.1456|119.0884|754.8590|0.0000|0.1215|0.1298|0.0000|458.5000|313.0000|92.9414|15.0000|-70.0000|137.7476|134.5655|128.2812|4.1433|40.0000|5.5080|4.2985|40.0000|5.6934|0.0000|0.0000|0.0000|2017-08-24T07:10:14.962|Freshwater Lake - North America_images_000005.tif|C97CEB07-B477-4976-8494-8F0F8A9FBA8F
1189|104|331|73|89|935|1131|1988|1|1|0|0.7035|4.5000|0|0.0000|0.0000|0.0000|2555.0000|88.0000|51.0000|71.5000|332.4508|221.4816|81.2516|44.6228|1072.8407|36.9592|58.7422|32.7127|47.1345|36.9592|233.8791|152.6466|141.7566|23.4859|362188.0000|3.4423|8.6995|1.5322|55.8378|755.7030|0.2426|0.2863|0.7572|0.0000|3343.5000|2555.0000|1072.8407|55.0000|-35.0000|147.7354|144.5773|133.9276|4.5773|33.0000|5.7841|4.7750|33.0000|5.9846|0.0000|0.0000|0.0000|2017-08-24T07:10:15.797|Freshwater Lake - North America_images_000005.tif|81EBCE1E-E220-432D-BDC1-BFE3BC1007B7
1190|179|331|36|26|586|894|1989|1|1|0|0.7035|4.5000|0|0.0000|0.0000|0.0000|283.0000|27.0000|16.0000|21.7500|69.4558|64.8223|25.5718|14.7897|81.5252|10.1883|15.8287|8.0903|12.1354|10.1883|48.8622|42.4367|139.2580|25.8516|39410.0000|1.3565|1.6587|1.1514|65.7581|755.9530|0.6068|0.5637|0.8258|0.0000|276.5000|283.0000|81.5252|-15.0000|-90.0000|144.9753|142.6996|130.4028|4.1649|1000.0000|6.8822|4.2537|1000.0000|6.7916|0.0000|0.0000|0.0000|2017-08-24T07:10:16.040|Freshwater Lake - North America_images_000005.tif|8669814B-FEA7-4D16-829B-1DECDDA231BB
1191|217|331|35|36|831|1558|1990|1|1|0|0.7035|4.5000|0|0.0000|0.0000|0.0000|498.0000|27.0000|25.0000|26.0556|81.0122|78.3450|25.2629|25.1286|166.2468|14.5490|15.8287|14.4217|15.1644|14.5490|56.9921|51.9500|75.9679|30.1653|37832.0000|1.0487|1.0000|1.0971|162.6812|756.7030|0.9497|0.9246|0.9988|0.0000|476.0000|498.0000|166.2468|55.0000|0.0000|82.9237|79.9618|65.4719|4.7183|38.0000|5.9084|4.2019|38.0000|5.4955|0.0000|0.0000|0.0000|2017-08-24T07:10:16.797|Freshwater Lake - North America_images_000005.tif|D193532B-3953-4C99-A51F-DF3A6B1A9614
1192|254|331|62|35|764|1246|1991|1|1|0|0.7035|4.5000|0|0.0000|0.0000|0.0000|311.0000|56.0000|10.0000|38.1389|135.4975|116.3129|64.4644|7.6374|92.1751|10.8333|36.2302|3.8693|23.6650|10.8333|95.3225|78.6604|141.3248|31.9244|43952.0000|4.6978|12.6796|1.2118|100.8264|756.8130|0.0000|0.4190|0.1879|0.0000|404.0000|311.0000|92.1751|-25.0000|70.0000|144.3537|144.8810|133.1093|4.5446|44.0000|5.8974|4.6801|44.0000|6.0372|0.0000|0.0000|0.0000|2017-08-24T07:10:16.922|Freshwater Lake - North America_images_000005.tif|38AE2A6F-46F3-4877-A850-B22AC3B56AAC
1193|318|331|59|44|739|1477|1994|1|1|0|0.7035|4.5000|0|0.0000|0.0000|0.0000|873.0000|49.0000|33.0000|41.8056|169.1543|128.1195|48.1601|26.7694|323.2963|20.2888|31.3057|20.0497|26.2445|20.2888|119.0001|86.9663|145.4456|15.6597|126974.0000|2.6082|6.0280|1.3683|54.8039|757.5470|0.4002|0.2814|0.7322|0.0000|1146.0000|873.0000|323.2963|0.0000|-85.0000|148.8133|149.5922|136.0229|4.3814|51.0000|5.8932|4.8262|51.0000|6.2856|0.0000|0.0000|0.0000|2017-08-24T07:10:17.659|Freshwater Lake - North America_images_000005.tif|2D2B6274-F513-41EE-9A5C-7835998C6C22
1194|379|331|32|28|335|1357|1995|1|1|0|0.7035|4.5000|0|0.0000|0.0000|0.0000|278.0000|23.0000|17.0000|20.3056|67.6985|60.9006|21.9905|16.4805|79.6398|10.0698|13.0147|8.7937|11.1192|10.0698|47.6259|39.6778|119.8273|48.0314|33312.0000|1.3119|1.4145|1.2003|118.2881|757.8590|0.7778|0.7411|0.9374|0.0000|281.0000|278.0000|79.6398|10.0000|-85.0000|123.4820|123.0719|112.1151|3.1149|32.0000|4.1680|4.0138|32.0000|5.3208|0.0000|0.0000|0.0000|2017-08-24T07:10:17.966|Freshwater Lake - North America_images_000005.tif|D3E34654-0C16-4366-ADCC-782206FC1618
1195|413|331|34|38|539|1245|1996|1|1|0|0.7035|4.5000|0|0.0000|0.0000|0.0000|520.0000|29.0000|23.0000|26.6111|83.5980|80.7107|28.8489|23.0642|175.2101|14.9360|17.2357|13.0147|15.5552|14.9360|58.8112|53.6142|116.1538|28.3623|60400.0000|1.0695|1.0000|1.0969|88.9167|758.3130|0.8243|0.8411|0.9706|0.0000|498.0000|520.0000|175.2101|55.0000|-25.0000|124.1615|123.7077|98.2577|4.3070|35.0000|5.6074|4.1204|35.0000|5.2206|0.0000|0.0000|0.0000|2017-08-24T07:10:18.415|Freshwater Lake - North America_images_000005.tif|EC109E68-8E2D-4B0F-A7FF-F2F88BE91678
1196|449|331|67|78|795|1582|1998|1|1|0|0.7035|4.5000|0|0.0000|0.0000|0.0000|521.0000|87.0000|14.0000|58.0278|197.9655|179.4163|99.7383|10.5294|175.6185|14.9534|58.0388|6.6833|37.6568|14.9534|139.2687|123.0536|161.7313|29.2070|84262.0000|5.9859|16.7456|1.1318|83.3049|760.4530|0.0000|0.0549|0.1319|0.0000|864.5000|521.0000|175.6185|50.0000|-40.0000|164.5969|165.8234|152.6795|4.3068|65.0000|5.9345|4.5010|65.0000|6.1068|0.0000|0.0000|0.0000|2017-08-24T07:10:20.553|Freshwater Lake - North America_images_000005.tif|BBDE3952-378C-4E0C-B554-102E7652452D
1197|518|331|41|38|791|1555|1999|1|1|0|0.7035|4.5000|0|0.0000|0.0000|0.0000|513.0000|35.0000|24.0000|30.3611|106.1838|92.3668|34.8971|22.5262|172.3536|14.8138|21.4567|13.7183|18.1933|14.8138|74.7003|61.8143|98.9727|36.0847|50773.0000|1.7490|3.1802|1.2085|94.4737|760.6560|0.4401|0.2619|0.7572|0.0000|585.0000|513.0000|172.3536|35.0000|-75.0000|104.3684|102.8577|89.2047|4.8078|46.0000|6.0020|5.0343|46.0000|6.2677|0.0000|0.0000|0.0000|2017-08-24T07:10:20.754|Freshwater Lake - North America_images_000005.tif|483FCFB1-F6A4-4F29-B62E-842B4A8DA126
1198|561|331|76|78|913|1543|2001|1|1|0|0.7035|4.5000|0|0.0000|0.0000|0.0000|2554.0000|77.0000|46.0000|64.8056|227.9655|200.4764|73.1478|46.3307|1072.3848|36.9514|51.0038|29.1953|42.4250|37.3810|160.3737|137.8694|145.3269|14.6247|371165.0000|1.5851|2.5942|1.1632|57.4845|760.9060|0.5502|0.7843|0.8862|0.0000|2734.0000|2609.0000|1097.4684|-35.0000|40.0000|153.1394|149.9785|133.1977|3.3109|36.0000|4.2235|4.1805|36.0000|5.4778|0.0000|0.0000|0.0000|2017-08-24T07:10:21.023|Freshwater Lake - North America_images_000005.tif|B325F463-9307-4B87-8021-7D39149E1D4E
1199|639|331|59|37|729|1431|2005|1|1|0|0.7035|4.5000|0|0.0000|0.0000|0.0000|303.0000|54.0000|10.0000|36.6944|122.2254|112.3603|59.3480|7.4431|89.1170|10.6521|34.8233|3.8693|22.6488|10.6521|85.9856|75.8797|141.2805|29.6941|42808.0000|3.9235|10.2282|1.1332|84.7212|762.8910|0.0000|0.6072|0.2157|0.0000|356.5000|303.0000|89.1170|-35.0000|60.0000|144.8845|146.7195|129.2475|4.1554|56.0000|5.6930|4.3721|56.0000|5.8188|0.0000|0.0000|0.0000|2017-08-24T07:10:22.997|Freshwater Lake - North America_images_000005.tif|39C607AC-977B-461C-92A5-B7352CB07A0E
1200|700|331|47|42|809|1568|2011|1|1|0|0.7035|4.5000|0|0.0000|0.0000|0.0000|717.0000|40.0000|28.0000|34.1111|118.0833|103.9634|38.8124|24.9751|257.0233|18.0901|24.9743|16.5323|20.8314|18.0901|83.0716|69.9725|96.3194|42.5420|69061.0000|1.5476|2.4544|1.1872|111.6538|764.4840|0.5800|0.6534|0.8571|0.0000|774.5000|717.0000|257.0233|15.0000|-55.0000|100.3626|99.1409|89.2497|4.7750|43.0000|6.1009|5.0953|43.0000|6.3827|0.0000|0.0000|0.0000|2017-08-24T07:10:24.583|Freshwater Lake - North America_images_000005.tif|3EBFB619-445C-4F71-9828-7F1C1E8E6614
1201|749|331|72|49|451|806|2011|1|2|0|0.7035|4.5000|0|0.0000|0.0000|0.0000|762.0000|70.0000|24.0000|50.0278|208.9533|154.1383|64.3971|20.0253|276.0278|18.7470|46.0793|13.7183|32.0288|18.7470|146.9986|105.2705|152.4606|16.0023|116175.0000|4.5597|12.2430|1.3964|44.9091|764.4840|0.0000|0.3176|0.4267|0.0000|1147.0000|762.0000|276.0278|20.0000|-70.0000|156.5210|155.3871|145.1811|4.7750|43.0000|6.1009|5.0953|43.0000|6.3827|0.0000|0.0000|0.0000|2017-08-24T07:10:24.583|Freshwater Lake - North America_images_000005.tif|ED27F3F4-4C26-4C7A-9957-912BD41BFC94
1202|823|331|26|84|542|1442|2017|1|1|0|0.7035|4.5000|0|0.0000|0.0000|0.0000|393.0000|75.0000|8.0000|49.9167|161.9411|153.7504|83.7270|6.3261|124.1168|12.5710|49.5968|2.8140|31.9506|12.5710|113.9256|104.9977|144.3028|24.5196|56711.0000|5.3102|14.6141|1.0850|69.8684|766.3750|0.0000|0.6277|0.1419|0.0000|410.0000|393.0000|124.1168|75.0000|-10.0000|147.1959|150.8015|130.4173|3.9511|67.0000|5.5308|4.2270|67.0000|5.8317|0.0000|0.0000|0.0000|2017-08-24T07:10:26.478|Freshwater Lake - North America_images_000005.tif|969BAC01-153C-422A-AEBE-92484792FD12
1203|851|331|23|207|831|1113|2020|1|1|0|0.7035|4.5000|0|0.0000|0.0000|0.0000|785.0000|197.0000|13.0000|127.6111|411.4975|398.2518|225.0528|9.5006|285.7785|19.0752|135.4238|5.9798|86.6087|19.0752|289.4885|277.0044|164.8854|21.0645|129435.0000|17.1654|51.9075|1.0451|32.8640|767.2810|0.0000|0.1778|0.0394|0.0000|1473.0000|785.0000|285.7785|-90.0000|0.0000|168.1873|167.7478|157.9962|3.9973|1000.0000|6.8154|4.1941|1000.0000|6.7499|0.0000|0.0000|0.0000|2017-08-24T07:10:27.376|Freshwater Lake - North America_images_000005.tif|BACBB9C9-E9A1-4CB6-9867-BD0DBD5B22C2
1204|876|331|264|76|719|1309|2030|1|1|0|0.7035|4.5000|0|0.0000|0.0000|0.0000|2603.0000|255.0000|55.0000|172.0000|611.2864|537.1963|301.1486|55.7516|1094.7309|37.3344|176.2268|35.5267|117.8363|37.3344|430.0400|374.7518|113.3408|37.0807|295026.0000|11.4237|33.8590|1.1475|109.4165|769.7500|0.0000|0.3533|0.0707|0.0000|9248.5000|2603.0000|1094.7309|-5.0000|85.0000|118.9512|117.7353|102.5732|4.5238|232.0000|6.7520|4.7687|232.0000|6.9756|0.0000|0.0000|0.0000|2017-08-24T07:10:29.860|Freshwater Lake - North America_images_000005.tif|CE0AA656-B71C-48E2-AF92-B2949EAC1859
1205|1142|331|20|91|1019|1337|2031|1|1|0|0.7035|4.5000|0|0.0000|0.0000|0.0000|321.0000|81.0000|9.0000|53.4444|172.2843|164.9730|94.3341|6.3191|96.0139|11.0566|53.8178|3.1658|34.4324|11.0566|121.2020|112.8928|157.5140|25.7216|50562.0000|7.3583|21.0693|1.0736|55.7866|769.8130|0.0000|0.1453|0.0914|0.0000|435.0000|321.0000|96.0139|-90.0000|-5.0000|164.1121|165.0748|140.1963|4.0798|97.0000|5.7523|4.4066|97.0000|6.0734|0.0000|0.0000|0.0000|2017-08-24T07:10:29.902|Freshwater Lake - North America_images_000005.tif|954AF4DF-DD94-4A62-8E22-BFAB45D1448F
1206|1164|331|29|51|138|895|2031|1|2|0|0.7035|4.5000|0|0.0000|0.0000|0.0000|356.0000|40.0000|18.0000|31.8333|94.7696|97.0737|48.5963|17.3118|109.5798|11.8119|24.9743|9.4973|19.2290|11.8119|66.6704|65.1256|138.0534|22.1794|49147.0000|2.0076|4.0608|1.0237|78.9524|769.8130|0.2958|0.6758|0.3406|0.0000|550.5000|356.0000|109.5798|-90.0000|0.0000|142.3989|141.4242|129.8062|4.0798|97.0000|5.7523|4.4066|97.0000|6.0734|0.0000|0.0000|0.0000|2017-08-24T07:10:29.902|Freshwater Lake - North America_images_000005.tif|BB2CD676-46C7-470F-9463-F4348E64723B
1207|1195|331|45|64|822|1540|2033|1|1|0|0.7035|4.5000|0|0.0000|0.0000|0.0000|375.0000|63.0000|8.0000|42.0278|138.8528|128.9146|67.8297|7.3486|117.0215|12.2064|41.1547|2.8140|26.4008|12.2064|97.6829|87.5257|166.1040|22.6033|62289.0000|4.0914|10.7605|1.1160|35.6053|770.3130|0.0000|0.7067|0.2051|0.0000|388.0000|375.0000|117.0215|-55.0000|30.0000|169.4107|170.3360|156.5413|4.2258|55.0000|5.8197|4.4245|55.0000|6.0078|0.0000|0.0000|0.0000|2017-08-24T07:10:30.407|Freshwater Lake - North America_images_000005.tif|C3691FD8-1D4B-4DD2-BD33-C8BF62AB5441
1208|1242|331|64|251|545|1312|2035|1|1|0|0.7035|4.5000|0|0.0000|0.0000|0.0000|3011.0000|244.0000|28.0000|161.3056|549.4214|503.7833|276.9439|22.4879|1281.4458|40.3929|168.4882|16.5323|110.3127|43.5076|386.5180|351.2458|122.2116|35.1196|367979.0000|6.9487|19.7793|1.1004|112.4409|771.5630|0.0000|0.1157|0.1140|0.0000|5378.5000|3457.0000|1486.6881|80.0000|-10.0000|132.2507|129.4965|104.1013|4.2559|68.0000|5.9178|3.7324|68.0000|5.1840|0.0000|0.0000|0.0000|2017-08-24T07:10:31.666|Freshwater Lake - North America_images_000005.tif|31F644E9-1599-45F5-AAD9-130661573489
1209|1308|331|36|31|1026|1125|2036|1|1|0|0.7035|4.5000|0|0.0000|0.0000|0.0000|392.0000|27.0000|21.0000|23.4167|73.0122|70.2835|25.1412|19.9995|123.7215|12.5510|15.8287|11.6077|13.3079|12.5510|51.3641|46.2787|119.0255|24.0346|46658.0000|1.0822|1.0000|1.1099|83.1639|772.4060|0.8297|0.9045|0.9672|0.0000|374.0000|392.0000|123.7215|10.0000|-90.0000|131.4413|125.0281|102.4796|4.3604|33.0000|5.6184|3.8913|33.0000|4.9126|0.0000|0.0000|0.0000|2017-08-24T07:10:32.512|Freshwater Lake - North America_images_000005.tif|14C8A755-0347-4765-8383-2121A248D19B
1210|1346|331|48|35|823|535|2039|1|1|0|0.7035|4.5000|0|0.0000|0.0000|0.0000|552.0000|39.0000|25.0000|32.1667|115.3553|98.1660|37.3964|21.8309|188.3189|15.4847|24.2707|14.4217|19.4635|15.4847|81.1525|65.8940|118.8460|25.4561|65603.0000|1.9183|3.7607|1.2316|98.3333|773.0630|0.4616|0.3955|0.7497|0.0000|641.5000|552.0000|188.3189|-20.0000|-90.0000|122.7319|121.8986|111.4094|4.0505|36.0000|5.3573|4.1291|36.0000|5.5719|0.0000|0.0000|0.0000|2017-08-24T07:10:33.158|Freshwater Lake - North America_images_000005.tif|DA24D4F1-44FD-4E05-89E9-69830E32CA1F
1211|1396|331|30|36|571|449|2040|1|1|0|0.7035|4.5000|0|0.0000|0.0000|0.0000|328.0000|28.0000|17.0000|23.0278|76.2843|68.9506|26.3877|16.4030|98.7113|11.2108|16.5323|8.7937|13.0343|11.2108|53.6660|45.3410|142.4878|23.2137|46736.0000|1.4118|1.9126|1.1836|61.0588|773.8130|0.6602|0.6828|0.8652|0.0000|328.5000|328.0000|98.7113|-75.0000|20.0000|147.9360|145.6402|134.1707|3.8704|34.0000|5.2687|4.1634|34.0000|5.3621|0.0000|0.0000|0.0000|2017-08-24T07:10:33.928|Freshwater Lake - North America_images_000005.tif|C9AB0B2A-315F-4DF1-80A7-B182F316A405
1212|1428|331|43|47|190|1495|2041|1|1|0|0.7035|4.5000|0|0.0000|0.0000|0.0000|926.0000|41.0000|33.0000|36.6389|125.8406|111.8955|36.4754|32.5011|346.0384|20.9902|25.6777|20.0497|22.6097|20.9902|88.5289|75.5527|91.5270|37.1800|84754.0000|1.3609|1.6802|1.1717|122.9469|774.1090|0.8408|0.8317|0.9880|0.0000|942.5000|926.0000|346.0384|50.0000|0.0000|99.0864|98.8423|74.2959|4.7757|37.0000|6.0329|4.2238|37.0000|5.4572|0.0000|0.0000|0.0000|2017-08-24T07:10:34.213|Freshwater Lake - North America_images_000005.tif|E613A616-4D66-40CD-AB67-01703E10CCA3
1213|1473|331|46|44|396|1475|2042|1|3|0|0.7035|4.5000|0|0.0000|0.0000|0.0000|415.0000|41.0000|32.0000|36.5278|151.8822|111.4283|37.7740|34.1259|132.8443|13.0055|25.6777|19.3463|22.5316|13.0055|106.8491|75.2241|132.8458|20.7930|55131.0000|4.4234|11.8118|1.4204|71.1742|774.2970|0.2646|0.1636|0.4078|0.0000|859.5000|415.0000|132.8443|-35.0000|-90.0000|138.1446|138.1446|120.4048|4.0574|35.0000|5.3884|4.3123|35.0000|5.6915|0.0000|0.0000|0.0000|2017-08-24T07:10:34.407|Freshwater Lake - North America_images_000005.tif|7EA0338B-43F0-4407-BF2F-F3F50B5C2904
1214|1521|331|36|35|448|1590|2043|1|1|0|0.7035|4.5000|0|0.0000|0.0000|0.0000|433.0000|27.0000|23.0000|25.5000|86.2843|77.1664|26.1204|22.0116|140.0273|13.3525|15.8287|13.0147|14.7735|13.3525|60.7010|51.1208|137.7182|26.1249|59632.0000|1.3683|1.7156|1.1874|83.1282|774.3590|0.7706|0.6198|0.9450|0.0000|449.5000|433.0000|140.0273|-65.0000|30.0000|140.4781|143.3880|125.5358|4.3307|35.0000|5.5991|4.7925|35.0000|6.0441|0.0000|0.0000|0.0000|2017-08-24T07:10:34.473|Freshwater Lake - North America_images_000005.tif|67CE3486-A1F5-47B3-AC74-7D63EABD31C8
1215|1559|331|38|60|772|1537|2047|1|2|0|0.7035|4.5000|0|0.0000|0.0000|0.0000|581.0000|50.0000|28.0000|40.9167|146.2254|125.1234|52.5485|24.7678|200.2664|15.9683|32.0093|16.5323|25.6191|15.9683|102.8696|84.8586|125.2737|31.7249|72784.0000|2.9286|7.0588|1.2122|88.3984|775.2660|0.2026|0.3204|0.4384|0.0000|924.5000|581.0000|200.2664|75.0000|0.0000|131.2134|130.0327|113.6867|4.4428|39.0000|5.8040|4.7230|39.0000|6.1051|0.0000|0.0000|0.0000|2017-08-24T07:10:35.366|Freshwater Lake - North America_images_000005.tif|85706095-E9FC-4B8D-A367-D3A0C3C9685D
1216|1599|331|36|34|495|1367|2050|1|1|0|0.7035|4.5000|0|0.0000|0.0000|0.0000|460.0000|29.0000|23.0000|26.1944|83.6985|78.8898|26.2090|22.9226|150.8677|13.8597|17.2357|13.0147|15.2620|13.8597|58.8819|52.3332|134.8761|27.2367|62043.0000|1.2119|1.0000|1.1251|56.8667|776.5630|0.7909|0.7048|0.9662|0.0000|454.0000|460.0000|150.8677|-20.0000|-85.0000|139.3435|137.1239|128.7870|3.5474|31.0000|4.7939|4.1418|31.0000|5.4840|0.0000|0.0000|0.0000|2017-08-24T07:10:36.665|Freshwater Lake - North America_images_000005.tif|8218D1F7-8E46-429C-96BC-511F4AEFE732
1217|1637|331|42|56|175|1303|2050|1|1|0|0.7035|4.5000|0|0.0000|0.0000|0.0000|915.0000|47.0000|31.0000|38.3056|126.2254|117.3861|42.2495|28.8887|341.3099|20.8463|29.8987|18.6427|23.7822|20.8463|88.7996|79.4154|107.2350|42.9937|98120.0000|1.3857|1.7966|1.1182|78.5093|776.5630|0.6330|0.7462|0.8895|0.0000|938.5000|915.0000|341.3099|75.0000|-30.0000|109.5913|109.9180|101.0601|3.5474|31.0000|4.7939|4.1418|31.0000|5.4840|0.0000|0.0000|0.0000|2017-08-24T07:10:36.665|Freshwater Lake - North America_images_000005.tif|1D0B4335-88C6-47EE-9171-C89B16F7DCAB
1218|1681|331|28|43|719|873|2052|1|1|0|0.7035|4.5000|0|0.0000|0.0000|0.0000|283.0000|36.0000|11.0000|25.5556|82.7696|76.8896|36.1774|10.1484|81.5252|10.1883|22.1603|4.5728|14.8126|10.1883|58.2284|50.9261|149.3180|35.0196|42257.0000|1.9264|3.7880|1.1434|53.9861|777.2810|0.3133|0.8903|0.5105|0.0000|279.5000|283.0000|81.5252|-75.0000|20.0000|152.2403|152.1625|142.6184|3.8762|56.0000|5.4213|4.2613|56.0000|5.8151|0.0000|0.0000|0.0000|2017-08-24T07:10:37.380|Freshwater Lake - North America_images_000005.tif|E8731D29-4432-492E-B900-234DAF5DB5C0
1219|1711|331|32|62|857|1540|2053|1|1|0|0.7035|4.5000|0|0.0000|0.0000|0.0000|352.0000|54.0000|10.0000|37.2778|124.9117|113.8241|59.9361|8.1668|108.0198|11.7275|34.8233|3.8693|23.0592|11.7275|87.8754|76.9095|162.0227|25.5148|57032.0000|3.5274|8.9701|1.1426|49.7636|777.9690|0.0000|0.4779|0.2450|0.0000|378.5000|352.0000|108.0198|-80.0000|15.0000|165.4375|165.7983|153.2756|4.3383|57.0000|5.8546|4.5501|57.0000|6.0631|0.0000|0.0000|0.0000|2017-08-24T07:10:38.095|Freshwater Lake - North America_images_000005.tif|544A1EC1-F9AE-4C3B-9C95-42FA2972CAD4
1220|1745|331|88|81|643|1431|2055|1|2|0|0.7035|4.5000|0|0.0000|0.0000|0.0000|606.0000|101.0000|33.0000|71.7778|232.4092|222.0165|84.1836|24.8458|210.6136|16.3756|67.8877|20.0497|47.3299|16.3756|163.4999|153.0229|142.8482|28.6666|86566.0000|7.0929|20.2336|1.0685|62.1872|779.3750|0.0000|0.3442|0.2003|0.0000|1983.0000|606.0000|210.6136|35.0000|-50.0000|151.7574|151.1007|123.2805|4.2546|33.0000|5.5857|3.5732|33.0000|4.4345|0.0000|0.0000|0.0000|2017-08-24T07:10:39.476|Freshwater Lake - North America_images_000005.tif|55192947-3181-485A-9A9B-0704600F7AA4
1221|1835|331|26|49|926|1299|2055|1|2|0|0.7035|4.5000|0|0.0000|0.0000|0.0000|324.0000|39.0000|15.0000|29.0556|102.7696|88.1322|44.0665|13.6030|97.1689|11.1229|24.2707|7.3868|17.2749|11.1229|72.2984|58.8353|139.4012|29.3075|45166.0000|2.5940|5.9822|1.2288|69.0217|779.3750|0.2208|0.4825|0.3879|0.0000|427.0000|324.0000|97.1689|80.0000|-10.0000|147.1173|144.1481|127.0864|4.2546|33.0000|5.5857|3.5732|33.0000|4.4345|0.0000|0.0000|0.0000|2017-08-24T07:10:39.476|Freshwater Lake - North America_images_000005.tif|697AAA78-ACC0-43B2-8BD0-B9F98A49CF84
1222|1863|331|18|157|1030|1192|2056|1|1|0|0.7035|4.5000|0|0.0000|0.0000|0.0000|1027.0000|147.0000|8.0000|95.6667|306.8701|297.2383|161.6124|8.4310|389.6431|22.2735|100.2488|2.8140|64.1358|22.2735|215.8831|205.9414|158.7926|31.9457|163080.0000|7.2967|20.8755|1.0483|57.6154|779.5940|0.0000|0.8169|0.0999|0.0000|969.5000|1027.0000|389.6431|-90.0000|0.0000|162.8793|161.8199|151.2824|4.1651|151.0000|6.2045|4.4289|151.0000|6.4244|0.0000|0.0000|0.0000|2017-08-24T07:10:39.689|Freshwater Lake - North America_images_000005.tif|561ADAE2-1A83-48A1-B349-DB5A4F5B9377
1223|1883|331|54|53|720|1478|2058|1|1|0|0.7035|4.5000|0|0.0000|0.0000|0.0000|776.0000|44.0000|36.0000|41.0000|178.1249|125.5707|43.4178|33.8160|281.9602|18.9474|27.7883|22.1603|25.6777|18.9474|125.3109|85.1732|142.9485|33.7755|110928.0000|3.2537|8.0983|1.4712|93.0828|780.0470|0.2977|0.1350|0.6525|0.0000|1127.0000|776.0000|281.9602|0.0000|45.0000|149.8041|148.6765|129.1173|4.3292|41.0000|5.6801|3.8665|41.0000|4.9343|0.0000|0.0000|0.0000|2017-08-24T07:10:40.145|Freshwater Lake - North America_images_000005.tif|2A2EDFED-CD5D-48EB-9C07-318DF564B089
1224|1939|331|30|29|413|630|2059|1|1|0|0.7035|4.5000|0|0.0000|0.0000|0.0000|284.0000|21.0000|18.0000|19.6667|60.5269|58.6196|19.3770|18.7394|81.9029|10.2119|11.6077|9.4973|10.6698|10.2119|42.5807|38.0731|129.6232|24.9052|36813.0000|1.0265|1.0000|1.1184|112.4510|780.6250|0.9298|0.8636|0.9953|0.0000|265.5000|284.0000|81.9029|-30.0000|40.0000|141.0458|136.0775|112.5528|3.0726|35.0000|4.1394|4.1974|35.0000|5.2712|0.0000|0.0000|0.0000|2017-08-24T07:10:40.710|Freshwater Lake - North America_images_000005.tif|EADEE1B4-F47E-4D90-8509-91739CF8CC13
1225|1971|331|73|169|974|953|2060|1|1|0|0.7035|4.5000|0|0.0000|0.0000|0.0000|2955.0000|166.0000|48.0000|117.1667|404.6346|364.8699|179.4810|41.8541|1255.7544|39.9859|113.6153|30.6023|79.2610|39.9859|284.6604|253.5202|136.1479|42.1172|402317.0000|4.4092|11.7669|1.1228|84.7675|780.7500|0.0000|0.4000|0.2215|0.0000|5540.5000|2955.0000|1255.7544|75.0000|-15.0000|144.2325|143.9729|117.7323|4.9491|148.0000|6.7265|4.3204|148.0000|5.8492|0.0000|0.0000|0.0000|2017-08-24T07:10:40.859|Freshwater Lake - North America_images_000005.tif|338D717E-A93B-432A-B4F0-1BB1534B31AD
1226|2|584|37|35|321|516|2061|1|1|0|0.7035|4.5000|0|0.0000|0.0000|0.0000|446.0000|31.0000|23.0000|26.7500|88.1838|80.9870|28.9366|20.9623|145.2372|13.5986|18.6427|13.0147|15.6529|13.5986|62.0373|53.8086|107.8767|30.8605|48113.0000|1.3875|1.8049|1.1529|105.3896|780.8440|0.6712|0.5711|0.8896|0.0000|463.0000|446.0000|145.2372|-55.0000|35.0000|115.5673|113.2085|94.5359|3.3822|33.0000|4.6261|3.9544|33.0000|5.2739|0.0000|0.0000|0.0000|2017-08-24T07:10:40.942|Freshwater Lake - North America_images_000005.tif|B224B030-611D-46BB-92C5-A5F080537155
1227|41|584|30|30|396|1495|2065|1|1|0|0.7035|4.5000|0|0.0000|0.0000|0.0000|291.0000|23.0000|18.0000|20.5556|66.2843|61.3730|20.8487|17.9727|84.5524|10.3757|13.0147|9.4973|11.2951|10.3757|46.6310|40.0102|125.3540|26.8738|36478.0000|1.2015|1.0000|1.1655|100.0345|782.2970|0.8654|0.8280|0.9780|0.0000|284.0000|291.0000|84.5524|-45.0000|60.0000|131.4708|132.9691|108.0756|4.3711|38.0000|5.5621|4.7366|38.0000|5.9666|0.0000|0.0000|0.0000|2017-08-24T07:10:42.395|Freshwater Lake - North America_images_000005.tif|3C6CF917-6B53-41C5-9263-76FB25EE2866
1228|73|584|71|67|425|1598|2068|1|1|0|0.7035|4.5000|0|0.0000|0.0000|0.0000|1476.0000|66.0000|37.0000|55.7778|243.5391|172.0412|62.9915|32.6192|586.7060|27.3316|43.2653|22.8637|36.0739|27.3316|171.3298|117.8652|115.1640|38.3815|169982.0000|3.1977|7.9197|1.4536|84.2297|785.0000|0.3325|0.3961|0.7469|0.0000|1912.0000|1476.0000|586.7060|20.0000|-50.0000|122.0481|122.6457|97.8733|4.7305|47.0000|6.1229|3.9157|47.0000|5.1734|0.0000|0.0000|0.0000|2017-08-24T07:10:45.101|Freshwater Lake - North America_images_000005.tif|8EFA0C9F-0209-4F04-A59B-8F82EA526EA1
1229|146|584|24|50|186|1435|2069|1|1|0|0.7035|4.5000|0|0.0000|0.0000|0.0000|300.0000|41.0000|10.0000|28.8611|94.8701|87.6283|42.9033|9.1937|87.9732|10.5835|25.6777|3.8693|17.1380|10.5835|66.7411|58.4808|155.9100|26.9415|46773.0000|2.3874|5.3120|1.1412|54.8736|785.9220|0.1937|0.6897|0.3968|0.0000|298.0000|300.0000|87.9732|75.0000|-15.0000|156.5767|158.7400|150.0467|3.7096|37.0000|5.0703|4.0934|37.0000|5.4459|0.0000|0.0000|0.0000|2017-08-24T07:10:46.039|Freshwater Lake - North America_images_000005.tif|CA8EA5A7-6726-48D2-9B4F-AB10AA1CDE7D
1230|172|584|33|48|925|1602|2070|1|1|0|0.7035|4.5000|0|0.0000|0.0000|0.0000|534.0000|40.0000|21.0000|31.0000|98.6690|94.3135|38.5099|20.9523|180.9352|15.1781|24.9743|11.6077|18.6427|16.8062|69.4136|63.1838|148.8071|24.8127|79463.0000|1.2239|1.0000|1.0986|64.6000|786.0780|0.5744|0.9271|0.8387|0.0000|608.5000|633.0000|221.8351|-75.0000|15.0000|151.9869|149.4963|146.2921|4.0316|1000.0000|6.8620|4.2125|1000.0000|6.8625|0.0000|0.0000|0.0000|2017-08-24T07:10:46.166|Freshwater Lake - North America_images_000005.tif|363D8AD9-6E75-4963-A982-9E6B54512EA8
1231|207|584|29|30|643|1689|2071|1|1|0|0.7035|4.5000|0|0.0000|0.0000|0.0000|293.0000|23.0000|19.0000|20.9444|66.3848|62.7117|20.4300|18.7586|85.3112|10.4222|13.0147|10.2007|11.5686|10.4222|46.7017|40.9519|118.2116|24.1399|34636.0000|1.1969|1.0000|1.1404|89.0000|787.0780|0.8478|0.7522|0.9699|0.0000|287.0000|293.0000|85.3112|40.0000|0.0000|126.0000|123.2662|105.2526|3.2177|36.0000|4.3690|4.0710|36.0000|5.4261|0.0000|0.0000|0.0000|2017-08-24T07:10:47.182|Freshwater Lake - North America_images_000005.tif|4351200E-6787-4495-A7A7-FB183239AE5B
1232|238|584|20|99|326|1481|2077|1|1|0|0.7035|4.5000|0|0.0000|0.0000|0.0000|540.0000|89.0000|10.0000|58.4167|186.0416|180.3162|97.0536|7.6853|183.3936|15.2808|59.4458|3.8693|37.9304|15.2808|130.8803|123.6867|162.8722|22.5731|87951.0000|5.1005|13.9522|1.0582|28.2346|790.2190|0.0000|0.4753|0.1451|0.0000|582.5000|540.0000|183.3936|-90.0000|0.0000|164.1130|166.7685|154.8296|3.8969|82.0000|5.6531|4.3248|82.0000|5.8576|0.0000|0.0000|0.0000|2017-08-24T07:10:50.337|Freshwater Lake - North America_images_000005.tif|2FD80D2C-701A-4DB3-999A-C2F3505811C1
1233|260|584|175|142|748|1357|2079|1|2|0|0.7035|4.5000|0|0.0000|0.0000|0.0000|9901.0000|190.0000|107.0000|158.6111|810.9848|495.0186|184.3501|88.8689|4515.2122|75.8218|130.4992|72.1088|108.4172|75.9971|570.5278|345.0798|115.1282|36.8561|1139884.0000|5.2627|14.4642|1.6533|70.1285|791.2970|0.0000|0.4287|0.6047|0.0000|15642.0000|9945.0000|4536.1165|40.0000|-75.0000|121.8179|118.2245|106.5099|3.7424|105.0000|5.2122|4.5234|105.0000|6.2193|0.0000|0.0000|0.0000|2017-08-24T07:10:51.415|Freshwater Lake - North America_images_000005.tif|FB5C912B-3FF6-4E0C-B4DF-8F95BB06F382
1234|437|584|46|45|732|1538|2080|1|2|0|0.7035|4.5000|0|0.0000|0.0000|0.0000|391.0000|45.0000|21.0000|34.9722|113.0122|107.2236|51.5851|19.6863|123.3263|12.5309|28.4917|11.6077|21.4372|12.5309|79.5041|72.2661|96.9412|39.5386|37904.0000|2.5993|5.9994|1.1002|124.4059|791.5160|0.1515|0.0550|0.3266|0.0000|669.0000|391.0000|123.3263|30.0000|-50.0000|102.1049|100.8824|87.2353|4.4053|38.0000|5.6390|4.7505|38.0000|5.9831|0.0000|0.0000|0.0000|2017-08-24T07:10:51.617|Freshwater Lake - North America_images_000005.tif|3036A054-9B2A-4C9A-86CF-5585CD37B4F9
1235|485|584|33|35|1035|1618|2087|1|1|0|0.7035|4.5000|0|0.0000|0.0000|0.0000|350.0000|26.0000|21.0000|24.1111|81.5980|72.4184|24.4054|20.4132|107.2407|11.6852|15.1253|11.6077|13.7964|11.6852|57.4042|47.7806|141.5057|26.7667|49527.0000|1.5138|2.3259|1.2014|63.8714|793.6720|0.6722|0.4831|0.8804|0.0000|367.0000|350.0000|107.2407|35.0000|-50.0000|146.1143|144.0914|134.7600|3.2095|31.0000|4.2112|4.2630|31.0000|5.3542|0.0000|0.0000|0.0000|2017-08-24T07:10:53.799|Freshwater Lake - North America_images_000005.tif|BA2F0388-16B9-4732-8E2F-9108E818DB85
1236|520|584|36|25|154|1895|2088|1|1|0|0.7035|4.5000|0|0.0000|0.0000|0.0000|312.0000|29.0000|18.0000|23.5833|77.4558|71.0002|25.4294|16.9054|92.5582|10.8558|17.2357|9.4973|13.4251|10.8558|54.4902|46.7829|125.5609|31.4314|39175.0000|1.5302|2.3885|1.1647|61.7143|793.8280|0.6166|0.5796|0.8521|0.0000|318.0000|312.0000|92.5582|35.0000|-45.0000|125.4936|126.5128|123.6410|3.8423|33.0000|5.1359|4.1902|33.0000|5.4601|0.0000|0.0000|0.0000|2017-08-24T07:10:53.928|Freshwater Lake - North America_images_000005.tif|7014FC53-20CE-4689-90E9-9CE21DC60361
1237|558|584|33|33|786|1510|2090|1|1|0|0.7035|4.5000|0|0.0000|0.0000|0.0000|287.0000|27.0000|19.0000|23.0833|82.0416|69.6837|25.3493|16.1443|83.0372|10.2823|15.8287|10.2007|13.0734|10.2823|57.7163|45.8567|148.5505|17.2234|42634.0000|1.8663|3.5841|1.2586|58.5733|794.4690|0.6318|0.7859|0.8091|0.0000|332.5000|287.0000|83.0372|-55.0000|45.0000|152.9582|153.5714|137.0383|4.1464|34.0000|5.4291|4.6054|34.0000|5.8700|0.0000|0.0000|0.0000|2017-08-24T07:10:54.560|Freshwater Lake - North America_images_000005.tif|83B4CD41-7755-47C9-AEEB-628C22B6C680
1238|593|584|37|30|361|1554|2092|1|1|0|0.7035|4.5000|0|0.0000|0.0000|0.0000|317.0000|28.0000|20.0000|23.2778|78.2843|70.3466|25.1861|17.8084|94.4762|10.9677|16.5323|10.9043|13.2102|10.9677|55.0730|46.3231|132.8139|19.3218|42102.0000|1.5384|2.4199|1.1889|75.4857|794.7660|0.6504|0.5251|0.8484|0.0000|338.0000|317.0000|94.4762|-25.0000|-90.0000|136.5174|139.5678|118.0820|4.2536|33.0000|5.4207|4.6712|33.0000|5.8809|0.0000|0.0000|0.0000|2017-08-24T07:10:54.853|Freshwater Lake - North America_images_000005.tif|FF4BBBC0-510D-48A3-BD4D-CB8980451F91
1239|632|584|39|83|749|1480|2095|1|1|0|0.7035|4.5000|0|0.0000|0.0000|0.0000|1187.0000|74.0000|29.0000|56.8333|219.7817|175.2056|74.8503|24.8328|459.3314|24.1834|48.8933|17.2357|36.8165|24.1834|154.6164|120.0914|149.7902|18.6613|177801.0000|3.2383|8.0493|1.2875|51.5736|795.7340|0.0706|0.4152|0.4860|0.0000|1644.5000|1187.0000|459.3314|85.0000|0.0000|152.6150|153.0059|142.4035|4.3183|69.0000|5.9055|4.7058|69.0000|6.2742|0.0000|0.0000|0.0000|2017-08-24T07:10:55.834|Freshwater Lake - North America_images_000005.tif|7C54D816-921D-4488-8C2B-99FA476AD889
1240|673|584|60|44|708|1194|2096|1|2|0|0.7035|4.5000|0|0.0000|0.0000|0.0000|340.0000|57.0000|25.0000|41.6389|129.2548|127.8153|65.7968|23.5537|103.3542|11.4715|36.9338|14.4217|26.1272|11.4715|90.9308|86.7523|138.0441|36.3010|46935.0000|3.9103|10.1862|1.0482|108.5000|795.8440|0.0536|0.2948|0.1773|0.0000|839.0000|340.0000|103.3542|-30.0000|55.0000|142.2353|142.4235|127.7882|4.3987|51.0000|5.8700|4.5794|51.0000|6.0793|0.0000|0.0000|0.0000|2017-08-24T07:10:55.942|Freshwater Lake - North America_images_000005.tif|BE2C07A5-54DB-483B-B620-772BDD38B17E
1241|735|584|40|66|836|1586|2097|1|1|0|0.7035|4.5000|0|0.0000|0.0000|0.0000|805.0000|58.0000|24.0000|43.7500|155.7401|134.4686|57.5352|22.4902|294.2767|19.3568|37.6373|13.7183|27.6124|19.3568|109.5632|91.4329|114.9540|29.0309|92538.0000|2.3977|5.3455|1.1983|98.2500|796.0000|0.1837|0.2686|0.5372|0.0000|970.0000|805.0000|294.2767|65.0000|-15.0000|120.1143|118.6683|105.6981|4.4458|51.0000|5.9688|4.6903|51.0000|6.1869|0.0000|0.0000|0.0000|2017-08-24T07:10:56.123|Freshwater Lake - North America_images_000005.tif|B7BDD66D-167B-40CA-848D-B267EF17F742
1242|777|584|29|29|644|1111|2098|1|1|0|0.7035|4.5000|0|0.0000|0.0000|0.0000|285.0000|20.0000|18.0000|19.6667|60.2843|58.4581|19.3288|18.8109|82.2808|10.2354|10.9043|9.4973|10.6698|10.2354|42.4100|37.9595|136.4070|54.2645|38876.0000|1.0147|1.0000|1.1172|25.7692|796.1720|0.9401|0.8913|0.9977|0.0000|263.5000|285.0000|82.2808|5.0000|45.0000|142.9088|142.2596|122.4175|4.1481|40.0000|5.5184|3.9296|40.0000|5.0266|0.0000|0.0000|0.0000|2017-08-24T07:10:56.291|Freshwater Lake - North America_images_000005.tif|908A0EBD-4134-49CB-8A4F-6374C25A23D3
1243|808|584|97|77|838|1471|2102|1|1|0|0.7035|4.5000|0|0.0000|0.0000|0.0000|3890.0000|88.0000|61.0000|76.9167|255.5219|238.8291|88.6933|58.5297|1686.8785|46.3444|58.7422|39.7478|50.9451|46.5032|179.7597|164.8505|147.6671|35.4586|574425.0000|1.3271|1.5048|1.0904|77.0783|797.6410|0.5327|0.6631|0.8829|0.0000|4032.0000|3915.0000|1698.4615|5.0000|-65.0000|150.8041|149.0260|143.8257|3.2749|39.0000|4.4376|4.2449|39.0000|5.6491|0.0000|0.0000|0.0000|2017-08-24T07:10:57.734|Freshwater Lake - North America_images_000005.tif|3B9FF4DC-1F76-49FC-B9AD-C756D496E861
1244|907|584|59|47|814|1629|2103|1|1|0|0.7035|4.5000|0|0.0000|0.0000|0.0000|1118.0000|50.0000|37.0000|46.0556|208.8112|141.3805|51.4559|36.2329|429.1945|23.3766|32.0093|22.8637|29.2344|23.3766|146.8987|96.2954|143.5233|24.1530|160459.0000|3.1035|7.6188|1.5255|61.7853|797.7810|0.2075|0.0665|0.7188|0.0000|1414.0000|1118.0000|429.1945|-45.0000|-90.0000|148.4016|146.3345|136.1413|3.6148|34.0000|4.3194|4.0875|34.0000|5.4502|0.0000|0.0000|0.0000|2017-08-24T07:10:57.881|Freshwater Lake - North America_images_000005.tif|A9629A54-7606-4A2F-B05B-EC0BAAABB214
1245|968|584|24|78|945|733|2106|1|1|0|0.7035|4.5000|0|0.0000|0.0000|0.0000|284.0000|69.0000|8.0000|45.3611|155.5980|139.9314|78.6251|5.5739|81.9029|10.2119|45.3758|2.8140|28.7458|10.2119|109.4632|95.2760|131.3310|24.3816|37298.0000|6.7839|19.2603|1.1489|115.8403|799.9530|0.0000|0.4524|0.1164|0.0000|381.0000|284.0000|81.9029|85.0000|-10.0000|135.4085|131.6620|129.1021|4.0085|45.0000|5.2975|4.1264|45.0000|5.5732|0.0000|0.0000|0.0000|2017-08-24T07:11:00.077|Freshwater Lake - North America_images_000005.tif|4845D5F5-75F7-4887-ADA0-DC6075FA08B9
1246|994|584|32|37|308|1451|2109|1|1|0|0.7035|4.5000|0|0.0000|0.0000|0.0000|453.0000|27.0000|22.0000|25.1667|78.7696|75.5399|26.5553|21.8631|148.0500|13.7296|15.8287|12.3113|14.5390|13.7296|55.4144|49.9766|124.8852|30.8890|56573.0000|1.0900|1.0000|1.1088|101.1176|800.4840|0.8333|0.8311|0.9750|0.0000|434.0000|453.0000|148.0500|-90.0000|0.0000|127.5166|131.0486|111.7130|4.5806|33.0000|5.8447|4.8334|33.0000|6.0871|0.0000|0.0000|0.0000|2017-08-24T07:11:00.590|Freshwater Lake - North America_images_000005.tif|C8FB2A6A-7809-4FA8-8980-DF54E22F63F5
1247|1028|584|50|58|974|1399|2111|1|1|0|0.7035|4.5000|0|0.0000|0.0000|0.0000|1436.0000|51.0000|39.0000|44.9722|148.4680|137.9021|49.4336|37.2636|568.9786|26.9155|32.7127|24.2707|28.4722|26.9155|104.4472|93.8484|84.5738|37.7405|121448.0000|1.2215|1.0000|1.1129|138.7054|801.0780|0.7465|0.7973|0.9542|0.0000|1442.0000|1436.0000|568.9786|60.0000|-25.0000|89.7263|88.4074|75.1233|5.1239|56.0000|6.5811|5.3004|56.0000|6.7799|0.0000|0.0000|0.0000|2017-08-24T07:11:01.176|Freshwater Lake - North America_images_000005.tif|D7FA90E7-A731-4EA9-89BB-861325C7747D
1248|1080|584|35|43|625|594|2111|1|1|0|0.7035|4.5000|0|0.0000|0.0000|0.0000|615.0000|34.0000|25.0000|30.6111|98.1838|92.7566|33.7989|24.3658|214.3489|16.5202|20.7533|14.4217|18.3692|16.5202|69.0723|62.0885|129.4033|27.1188|79583.0000|1.2474|1.0000|1.1125|60.4023|801.0780|0.6786|0.6773|0.9021|0.0000|610.5000|615.0000|214.3489|70.0000|0.0000|134.4179|132.5707|121.2764|5.1239|56.0000|6.5811|5.3004|56.0000|6.7799|0.0000|0.0000|0.0000|2017-08-24T07:11:01.176|Freshwater Lake - North America_images_000005.tif|55F1742F-D066-4826-AD0E-8B741E81FADC
1249|1117|584|31|27|962|540|2113|1|1|0|0.7035|4.5000|0|0.0000|0.0000|0.0000|289.0000|23.0000|17.0000|20.5000|64.3848|61.3604|21.8386|17.1479|83.7944|10.3291|13.0147|8.7937|11.2560|10.3291|45.2947|40.0013|145.0727|33.8011|41926.0000|1.1415|1.0000|1.1323|81.8136|801.3280|0.8123|0.8112|0.9545|0.0000|273.5000|289.0000|83.7944|15.0000|-90.0000|152.1246|149.2630|134.1176|3.5080|39.0000|4.6962|3.9983|39.0000|5.4293|0.0000|0.0000|0.0000|2017-08-24T07:11:01.442|Freshwater Lake - North America_images_000005.tif|F1B1EA23-3294-4337-A871-1C5ED8599677
1250|1150|584|43|43|917|1483|2115|1|1|0|0.7035|4.5000|0|0.0000|0.0000|0.0000|440.0000|43.0000|18.0000|32.8333|119.1127|99.7346|45.8694|14.3441|142.8304|13.4854|27.0847|9.4973|19.9325|13.4854|83.7958|66.9975|145.0432|25.7251|63819.0000|2.5660|5.8915|1.2507|53.2455|802.3130|0.2501|0.6165|0.4851|0.0000|580.0000|440.0000|142.8304|-40.0000|50.0000|150.9136|150.0455|132.9955|3.9117|44.0000|5.2639|4.3482|44.0000|5.6263|0.0000|0.0000|0.0000|2017-08-24T07:11:02.433|Freshwater Lake - North America_images_000005.tif|E319BEE5-FECC-4202-94F0-B38C12BC84E8
1251|1195|584|31|33|916|1252|2116|1|1|0|0.7035|4.5000|0|0.0000|0.0000|0.0000|394.0000|25.0000|21.0000|23.0833|72.8701|69.8655|23.8704|21.1242|124.5122|12.5910|14.4217|11.6077|13.0734|12.5910|51.2641|45.9846|111.3350|55.7435|43866.0000|1.0725|1.0000|1.1148|81.1692|802.6720|0.8864|0.8795|0.9875|0.0000|372.0000|394.0000|124.5122|40.0000|0.0000|118.9086|116.5939|98.1244|4.4848|39.0000|5.8229|3.9668|39.0000|5.1658|0.0000|0.0000|0.0000|2017-08-24T07:11:02.802|Freshwater Lake - North America_images_000005.tif|80F00455-ACB3-4EEC-8938-9976A77233CF
1252|1228|584|46|38|345|1357|2119|1|1|0|0.7035|4.5000|0|0.0000|0.0000|0.0000|542.0000|37.0000|22.0000|32.0278|111.2548|97.0775|37.7529|20.4874|184.2137|15.3150|22.8637|12.3113|19.3658|15.3150|78.2678|65.1283|111.3616|52.0841|60358.0000|1.8173|3.4165|1.2017|88.8163|803.2500|0.4709|0.4101|0.7481|0.0000|621.0000|542.0000|184.2137|10.0000|70.0000|115.0314|114.5609|103.7343|3.0867|32.0000|3.9629|4.3617|32.0000|5.4747|0.0000|0.0000|0.0000|2017-08-24T07:11:03.365|Freshwater Lake - North America_images_000005.tif|A07E4401-6394-4D9C-A5E0-6B273AA15ECB
1253|1276|584|117|151|960|867|2121|1|1|0|0.7035|4.5000|0|0.0000|0.0000|0.0000|6079.0000|157.0000|49.0000|117.8611|404.3747|367.0397|174.0772|46.6506|2708.6690|58.7264|107.2837|31.3057|79.7495|58.9550|284.4776|255.0467|104.7607|32.8352|636840.0000|2.1248|4.4506|1.1154|86.2346|803.5000|0.0000|0.8548|0.4801|0.0000|6540.5000|6124.0000|2729.8029|-55.0000|30.0000|112.7766|108.1418|95.0982|3.6711|1.0000|3.6711|3.8532|1.0000|3.8532|0.0000|0.0000|0.0000|2017-08-24T07:11:03.600|Freshwater Lake - North America_images_000005.tif|D7E61EE3-9E44-42F6-8773-EEEA29713ED6
1254|1395|584|38|37|773|1189|2129|1|1|0|0.7035|4.5000|0|0.0000|0.0000|0.0000|550.0000|31.0000|24.0000|27.6667|89.8406|84.0586|29.9795|23.5187|187.4973|15.4509|18.6427|13.7183|16.2978|15.4509|63.2029|55.9695|128.3200|55.6152|70576.0000|1.1678|1.0000|1.1292|44.4286|807.0470|0.8082|0.8341|0.9646|0.0000|541.0000|550.0000|187.4973|25.0000|-65.0000|136.5909|135.0545|111.8545|4.4375|36.0000|5.7196|4.0046|36.0000|5.1634|0.0000|0.0000|0.0000|2017-08-24T07:11:07.139|Freshwater Lake - North America_images_000005.tif|1E86E5C7-7739-4F22-81A0-33A0F9BF8356
1255|1435|584|55|38|1015|684|2129|1|2|0|0.7035|4.5000|0|0.0000|0.0000|0.0000|355.0000|47.0000|22.0000|35.4167|109.4975|108.5871|55.2686|18.9437|109.1896|11.7909|29.8987|12.3113|21.7499|11.7909|77.0315|73.2253|158.1718|28.7322|56151.0000|2.6876|6.2843|1.0520|55.2632|807.0470|0.2571|0.6721|0.2648|0.0000|668.5000|355.0000|109.1896|-30.0000|60.0000|162.0394|161.7014|149.7521|4.4375|36.0000|5.7196|4.0046|36.0000|5.1634|0.0000|0.0000|0.0000|2017-08-24T07:11:07.139|Freshwater Lake - North America_images_000005.tif|7C0FBFA9-4742-4F29-97A4-7BBFE32904E0
1256|1492|584|55|55|672|1567|2132|1|1|0|0.7035|4.5000|0|0.0000|0.0000|0.0000|1509.0000|48.0000|45.0000|46.3611|157.4975|142.4880|45.5999|42.6919|601.3521|27.6707|30.6023|28.4917|29.4493|27.6707|110.7995|97.0746|146.8933|28.8749|221662.0000|1.3081|1.3903|1.1414|73.5734|808.2500|0.8516|0.7990|0.9848|0.0000|1560.0000|1509.0000|601.3521|-70.0000|0.0000|148.6117|150.1392|139.8085|3.7551|1.0000|3.7551|3.8924|1.0000|3.8924|0.0000|0.0000|0.0000|2017-08-24T07:11:08.361|Freshwater Lake - North America_images_000005.tif|8CE9F664-8A1C-4704-866C-DDFCCB5B95C8
1257|1549|584|35|37|187|1533|2133|1|1|0|0.7035|4.5000|0|0.0000|0.0000|0.0000|368.0000|28.0000|25.0000|26.1944|91.5980|79.2169|25.3547|23.6894|114.2739|12.0623|16.5323|14.4217|15.2620|12.0623|64.4392|52.5633|126.3261|28.5719|46488.0000|1.8143|3.4063|1.2259|97.6500|809.1560|0.5398|0.3526|0.7783|0.0000|433.0000|368.0000|114.2739|-85.0000|0.0000|135.3967|135.6304|104.7120|4.1262|33.0000|5.4662|3.7586|33.0000|4.7409|0.0000|0.0000|0.0000|2017-08-24T07:11:09.267|Freshwater Lake - North America_images_000005.tif|C4CA115A-1018-493D-857B-6D4371465263
1258|1586|584|22|73|758|1504|2135|1|1|0|0.7035|4.5000|0|0.0000|0.0000|0.0000|283.0000|63.0000|11.0000|42.8056|143.3553|130.6770|76.7080|7.3418|81.5252|10.1883|41.1547|4.5728|26.9480|10.1883|100.8505|88.7655|146.6749|11.3068|41509.0000|5.7787|16.0922|1.1361|33.5865|810.0780|0.0000|0.2631|0.1214|0.0000|462.0000|283.0000|81.5252|-90.0000|-5.0000|153.9647|156.4170|124.8410|4.2535|47.0000|5.7432|4.4958|47.0000|5.9620|0.0000|0.0000|0.0000|2017-08-24T07:11:10.179|Freshwater Lake - North America_images_000005.tif|074B98DE-9BEE-4A3C-9F22-C501DA1EA95E
1259|1610|584|43|72|863|1462|2136|1|1|0|0.7035|4.5000|0|0.0000|0.0000|0.0000|910.0000|67.0000|20.0000|47.5000|157.2965|146.0300|68.9010|17.3373|339.1621|20.7806|43.9688|10.9043|30.2505|20.7806|110.6581|99.5664|104.9451|32.4301|95500.0000|2.1636|4.5789|1.1114|76.8905|810.3750|0.0638|0.6353|0.4591|0.0000|944.0000|910.0000|339.1621|70.0000|-25.0000|107.8615|106.6495|100.4637|3.1075|34.0000|3.9842|4.1406|34.0000|5.4832|0.0000|0.0000|0.0000|2017-08-24T07:11:10.485|Freshwater Lake - North America_images_000005.tif|F546F42B-6CFE-4E35-BC8D-697FCF5C0209
1260|1655|584|28|42|997|772|2136|1|1|0|0.7035|4.5000|0|0.0000|0.0000|0.0000|321.0000|33.0000|17.0000|26.6667|93.3553|80.8248|35.2856|13.2817|96.0139|11.0566|20.0497|8.7937|15.5943|11.0566|65.6755|53.6945|137.6012|17.8907|44170.0000|2.1605|4.5687|1.2231|73.7108|810.3750|0.3551|0.3929|0.5750|0.0000|407.5000|321.0000|96.0139|-80.0000|-10.0000|146.5701|142.9533|123.6012|3.1075|34.0000|3.9842|4.1406|34.0000|5.4832|0.0000|0.0000|0.0000|2017-08-24T07:11:10.485|Freshwater Lake - North America_images_000005.tif|4E2E3392-1C06-47AB-B00B-512833E20B58
1261|1685|584|32|33|407|1292|2138|1|1|0|0.7035|4.5000|0|0.0000|0.0000|0.0000|355.0000|24.0000|20.0000|22.3611|71.9411|67.1411|23.2633|19.5715|109.1896|11.7909|13.7183|10.9043|12.5653|11.7909|50.6106|44.0680|127.4761|48.8813|45254.0000|1.1602|1.0000|1.1485|79.6129|813.1880|0.8614|0.8016|0.9781|0.0000|346.0000|355.0000|109.1896|-80.0000|30.0000|134.5690|133.8986|112.1239|4.6013|34.0000|5.8831|3.6348|34.0000|4.6117|0.0000|0.0000|0.0000|2017-08-24T07:11:13.281|Freshwater Lake - North America_images_000005.tif|E6A3105D-D7AA-46C5-BA83-36B6BAD749B2
1262|1719|584|61|59|894|1473|2143|1|1|0|0.7035|4.5000|0|0.0000|0.0000|0.0000|1895.0000|62.0000|47.0000|53.5278|184.9533|165.2264|56.3462|44.0399|773.8915|31.3903|40.4513|29.8987|34.4911|31.3903|130.1146|113.0710|108.7815|29.7361|206141.0000|1.4365|2.0171|1.1507|99.6994|816.7500|0.7059|0.7195|0.9435|0.0000|1987.5000|1895.0000|773.8915|40.0000|-75.0000|116.8354|112.7441|97.8982|3.4403|33.0000|4.5310|4.2916|33.0000|5.6208|0.0000|0.0000|0.0000|2017-08-24T07:11:16.874|Freshwater Lake - North America_images_000005.tif|D9C58813-5601-4097-A339-735E7EC3E2FD
1263|1782|584|39|44|179|1437|2144|1|1|0|0.7035|4.5000|0|0.0000|0.0000|0.0000|338.0000|36.0000|22.0000|29.8611|101.0538|90.2661|38.4893|16.6328|102.5788|11.4284|22.1603|12.3113|17.8415|11.4284|71.0913|60.3365|159.7367|28.9434|53991.0000|2.4042|5.3668|1.1782|63.2805|818.5780|0.2628|0.4632|0.4896|0.0000|470.5000|338.0000|102.5788|60.0000|-40.0000|159.0651|163.0089|153.5473|3.9930|38.0000|5.2883|4.3798|38.0000|5.7352|0.0000|0.0000|0.0000|2017-08-24T07:11:18.705|Freshwater Lake - North America_images_000005.tif|0756467F-1A22-4522-BBDD-713EEBBCA255
1264|1823|584|66|50|775|1557|2150|1|1|0|0.7035|4.5000|0|0.0000|0.0000|0.0000|315.0000|68.0000|11.0000|45.2778|152.8528|139.0372|76.6407|8.0505|93.7085|10.9231|44.6722|4.5728|28.6872|10.9231|107.5319|94.6469|153.6349|31.4000|48395.0000|5.9024|16.4822|1.1361|85.1094|820.4690|0.0000|0.2202|0.1351|0.0000|477.0000|315.0000|93.7085|30.0000|-55.0000|159.0032|161.8825|135.4254|4.2743|34.0000|5.6636|4.4919|34.0000|5.8866|0.0000|0.0000|0.0000|2017-08-24T07:11:20.571|Freshwater Lake - North America_images_000005.tif|D04A5813-2C96-471C-93CF-A1791B489509
1265|1891|584|63|54|769|1327|2150|1|1|0|0.7035|4.5000|0|0.0000|0.0000|0.0000|314.0000|68.0000|12.0000|45.6111|151.9239|139.9847|76.7318|9.6654|93.3249|10.9007|44.6722|5.2763|28.9217|10.9007|106.8785|95.3135|151.8758|27.2520|47689.0000|5.8494|16.3152|1.1213|80.6080|820.4690|0.0000|0.4027|0.1337|0.0000|572.5000|314.0000|93.3249|40.0000|-50.0000|158.8025|158.9904|135.2357|4.2743|34.0000|5.6636|4.4919|34.0000|5.8866|0.0000|0.0000|0.0000|2017-08-24T07:11:20.571|Freshwater Lake - North America_images_000005.tif|EF3D1172-DB21-482C-B2E8-D8050A002298
1266|1956|584|40|36|779|1183|2151|1|1|0|0.7035|4.5000|0|0.0000|0.0000|0.0000|574.0000|30.0000|26.0000|28.0278|91.5980|85.0320|28.9338|25.3735|197.3769|15.8527|17.9393|15.1253|16.5518|15.8527|64.4392|56.6543|113.4756|58.3770|65135.0000|1.1632|1.0000|1.1374|49.9625|820.9380|0.8712|0.8227|0.9870|0.0000|561.0000|574.0000|197.3769|0.0000|-90.0000|121.4216|119.9443|97.7753|4.6424|41.0000|5.9542|3.9567|41.0000|5.2165|0.0000|0.0000|0.0000|2017-08-24T07:11:21.057|Freshwater Lake - North America_images_000005.tif|BE49F07F-4C4E-41C6-A58E-8452E0A3C339
1267|1998|584|26|107|834|1594|2154|1|1|0|0.7035|4.5000|0|0.0000|0.0000|0.0000|510.0000|98.0000|9.0000|64.1944|211.8406|198.4880|108.0073|7.3069|171.1307|14.7611|65.7772|3.1658|41.9950|14.7611|149.0299|136.4706|163.8902|23.4583|83584.0000|7.0023|19.9481|1.0920|37.1859|822.0940|0.0000|0.5073|0.1108|0.0000|643.0000|510.0000|171.1307|-85.0000|5.0000|168.0255|167.8686|154.5627|3.9165|58.0000|5.3387|4.1647|58.0000|5.6959|0.0000|0.0000|0.0000|2017-08-24T07:11:22.194|Freshwater Lake - North America_images_000005.tif|C6049DF6-E6AB-406C-A861-377F28EF4DA1
1268|2|737|34|37|693|1532|2157|1|1|0|0.7035|4.5000|0|0.0000|0.0000|0.0000|426.0000|30.0000|22.0000|26.2500|88.6274|79.1103|28.0206|20.2477|137.2296|13.2184|17.9393|12.3113|15.3011|13.2184|62.3494|52.4883|147.2793|20.4281|62741.0000|1.4673|2.1430|1.1879|65.4146|823.4840|0.6783|0.5003|0.9077|0.0000|435.0000|426.0000|137.2296|25.0000|-45.0000|150.6690|151.7230|137.2582|4.4820|34.0000|5.7509|4.8783|34.0000|6.1196|0.0000|0.0000|0.0000|2017-08-24T07:11:23.601|Freshwater Lake - North America_images_000005.tif|81A759E4-D9BE-4AE5-B907-39B74E90D8B7
1269|38|737|33|37|787|1555|2160|1|1|0|0.7035|4.5000|0|0.0000|0.0000|0.0000|444.0000|29.0000|20.0000|25.3333|81.3553|76.5130|28.5573|20.1002|144.4345|13.5610|17.2357|10.9043|14.6562|13.5610|57.2335|50.6611|145.6509|25.2943|64669.0000|1.1863|1.0000|1.1297|57.5070|824.6410|0.7341|0.8184|0.9271|0.0000|433.5000|444.0000|144.4345|60.0000|-25.0000|150.5721|150.4189|134.3761|4.4076|39.0000|5.6627|4.8025|39.0000|6.1163|0.0000|0.0000|0.0000|2017-08-24T07:11:24.756|Freshwater Lake - North America_images_000005.tif|5BE2402C-8053-4751-AF5B-81474B042C23
1270|73|737|38|38|588|1275|2162|1|1|0|0.7035|4.5000|0|0.0000|0.0000|0.0000|586.0000|29.0000|27.0000|28.0000|89.2548|84.9987|27.6389|27.0664|202.3324|16.0505|17.2357|15.8287|16.5323|16.0505|62.7908|56.6308|104.0546|26.6012|60976.0000|1.0818|1.0000|1.1088|97.1579|825.6880|0.9291|0.8741|0.9972|0.0000|565.5000|586.0000|202.3324|-80.0000|-35.0000|111.4727|111.0188|87.6007|4.4045|36.0000|5.7048|4.0990|36.0000|5.2573|0.0000|0.0000|0.0000|2017-08-24T07:11:25.811|Freshwater Lake - North America_images_000005.tif|4897CC33-2792-4963-8DD8-8381A9E5656E
1271|113|737|23|228|308|1402|2163|1|1|0|0.7035|4.5000|0|0.0000|0.0000|0.0000|573.0000|218.0000|13.0000|139.5556|448.6690|435.2653|234.6629|9.4693|196.9644|15.8361|150.1972|5.9798|95.0116|15.8361|315.6386|303.0434|139.8429|5.0484|80130.0000|27.9568|85.8173|1.0416|36.3678|825.9060|0.0000|0.3126|0.0265|0.0000|1328.5000|573.0000|196.9644|-90.0000|0.0000|145.6230|151.4747|114.8935|3.4915|48.0000|4.7470|4.0252|48.0000|5.5251|0.0000|0.0000|0.0000|2017-08-24T07:11:26.002|Freshwater Lake - North America_images_000005.tif|255CB260-538B-4F5F-9D8B-66A9D16DC12B
1272|138|737|33|34|1041|1048|2164|1|1|0|0.7035|4.5000|0|0.0000|0.0000|0.0000|429.0000|26.0000|22.0000|24.1667|75.3553|72.4981|25.2084|21.6867|138.4280|13.2760|15.1253|12.3113|13.8355|13.2760|53.0125|47.8367|105.9534|28.7500|45454.0000|1.0533|1.0000|1.1082|93.9846|826.1250|0.8912|0.8657|0.9879|0.0000|406.0000|429.0000|138.4280|30.0000|-50.0000|116.8275|113.7459|86.5431|4.7255|49.0000|6.1082|4.1443|49.0000|5.4266|0.0000|0.0000|0.0000|2017-08-24T07:11:26.246|Freshwater Lake - North America_images_000005.tif|F94F6130-CC15-43A2-B84C-87B30F7BD4D0
1273|173|737|36|37|900|1473|2167|1|1|0|0.7035|4.5000|0|0.0000|0.0000|0.0000|498.0000|30.0000|24.0000|27.0278|87.3553|81.7077|28.9528|22.2951|166.2468|14.5490|17.9393|13.7183|15.8483|14.5490|61.4545|54.3156|117.2450|31.2057|58388.0000|1.2194|1.0000|1.1314|83.2338|827.7970|0.7760|0.8461|0.9497|0.0000|497.0000|498.0000|166.2468|-65.0000|10.0000|122.9096|126.0663|97.7149|5.0142|44.0000|6.2514|5.3815|44.0000|6.6104|0.0000|0.0000|0.0000|2017-08-24T07:11:27.913|Freshwater Lake - North America_images_000005.tif|F93D42B6-E1F7-4147-B4CC-808DBB8A24A3
1274|211|737|27|38|888|478|2168|1|1|0|0.7035|4.5000|0|0.0000|0.0000|0.0000|321.0000|29.0000|16.0000|23.7500|77.1127|71.4788|30.9256|14.3197|96.0139|11.0566|17.2357|8.0903|13.5424|11.0566|54.2488|47.1196|135.6511|20.6970|43544.0000|1.4741|2.1704|1.1513|81.1765|828.3910|0.4708|0.8198|0.7038|0.0000|338.0000|321.0000|96.0139|-85.0000|5.0000|140.8193|139.5670|125.8941|4.4439|49.0000|5.9813|4.6007|49.0000|6.0993|0.0000|0.0000|0.0000|2017-08-24T07:11:28.501|Freshwater Lake - North America_images_000005.tif|D6819A2E-2C5B-4130-842E-D406304EA358
1275|240|737|33|34|826|520|2172|1|1|0|0.7035|4.5000|0|0.0000|0.0000|0.0000|392.0000|26.0000|22.0000|24.0000|76.5269|72.5524|24.0879|21.6468|123.7215|12.5510|15.1253|12.3113|13.7183|12.5510|53.8367|47.8749|140.3112|25.5347|55002.0000|1.1889|1.0000|1.1245|61.2537|829.1090|0.7924|0.7062|0.9518|0.0000|386.5000|392.0000|123.7215|60.0000|20.0000|146.1735|144.1633|130.5306|4.1122|33.0000|5.2769|4.2777|33.0000|5.5645|0.0000|0.0000|0.0000|2017-08-24T07:11:29.208|Freshwater Lake - North America_images_000005.tif|BF822DD8-8493-4811-AB9C-9048ABFAC2BA
1276|275|737|34|37|737|1550|2174|1|1|0|0.7035|4.5000|0|0.0000|0.0000|0.0000|382.0000|29.0000|22.0000|25.2500|81.5980|76.2656|28.4051|19.2001|119.7757|12.3492|17.2357|12.3113|14.5976|12.3492|57.4042|50.4871|111.4607|25.0308|42578.0000|1.3870|1.8028|1.1370|90.8429|830.2810|0.6036|0.4862|0.8275|0.0000|395.5000|382.0000|119.7757|55.0000|-55.0000|116.4555|116.0707|100.4529|4.4024|36.0000|5.7012|4.7928|36.0000|6.0231|0.0000|0.0000|0.0000|2017-08-24T07:11:30.385|Freshwater Lake - North America_images_000005.tif|0FAE15FC-12F5-4F49-898C-773579B87821
1277|311|737|27|45|476|1459|2178|1|1|0|0.7035|4.5000|0|0.0000|0.0000|0.0000|403.0000|36.0000|17.0000|27.5278|99.1127|83.3909|35.2706|15.3826|128.0765|12.7700|22.1603|8.7937|16.2001|12.7700|69.7258|55.4997|144.8511|19.8541|58375.0000|1.9397|3.8330|1.2563|73.7222|834.6090|0.4390|0.6714|0.6931|0.0000|429.5000|403.0000|128.0765|85.0000|0.0000|146.6476|149.2730|135.5409|4.0737|35.0000|5.4084|4.5482|35.0000|5.9031|0.0000|0.0000|0.0000|2017-08-24T07:11:34.695|Freshwater Lake - North America_images_000005.tif|B708B489-65C2-48A3-BFDD-D6B57CA5F364
1278|340|737|29|63|497|1485|2181|1|1|0|0.7035|4.5000|0|0.0000|0.0000|0.0000|426.0000|53.0000|11.0000|37.3056|122.4264|114.2840|57.1390|9.8025|137.2296|13.2184|34.1198|4.5728|23.0787|13.2184|86.1270|77.2330|163.1315|21.0225|69494.0000|2.7998|6.6454|1.1152|30.8455|835.0780|0.0330|0.7744|0.3228|0.0000|423.0000|426.0000|137.2296|-90.0000|10.0000|164.2793|165.5728|157.9178|3.8796|36.0000|5.2279|4.1015|36.0000|5.4494|0.0000|0.0000|0.0000|2017-08-24T07:11:35.171|Freshwater Lake - North America_images_000005.tif|45633C62-B428-45E4-B8FF-86B7F543E1F2
1279|371|737|74|65|465|1494|2185|1|1|0|0.7035|4.5000|0|0.0000|0.0000|0.0000|2190.0000|69.0000|53.0000|60.9167|232.5097|188.0162|64.6102|49.3382|906.9989|33.9827|45.3758|34.1198|39.6891|35.2585|163.5706|129.1036|134.6626|31.9753|294911.0000|1.8361|3.4811|1.2670|73.2718|836.2030|0.5549|0.5806|0.9028|0.0000|2594.5000|2343.0000|976.3766|20.0000|80.0000|139.4347|138.7320|124.8192|4.4429|49.0000|5.8684|4.0527|49.0000|5.2864|0.0000|0.0000|0.0000|2017-08-24T07:11:36.304|Freshwater Lake - North America_images_000005.tif|AE7A3619-A41F-41E8-B615-A5261A8F719A
1280|447|737|21|139|598|1512|2188|1|1|0|0.7035|4.5000|0|0.0000|0.0000|0.0000|735.0000|129.0000|11.0000|83.7500|269.1127|259.9460|137.8037|7.0603|264.6131|18.3553|87.5858|4.5728|55.7524|18.3553|189.3208|179.7063|136.0871|20.2464|100024.0000|7.8410|22.5889|1.0535|60.5462|837.6560|0.0000|0.6606|0.0983|0.0000|753.5000|735.0000|264.6131|-90.0000|0.0000|143.1020|142.8952|120.0517|3.9382|106.0000|5.7165|4.3104|106.0000|6.0678|0.0000|0.0000|0.0000|2017-08-24T07:11:37.746|Freshwater Lake - North America_images_000005.tif|AE972DF3-6F96-4B51-B1A3-65B567F07063
1281|470|737|35|40|1011|1383|2190|1|1|0|0.7035|4.5000|0|0.0000|0.0000|0.0000|438.0000|31.0000|25.0000|27.5278|99.6985|83.2137|28.1044|22.9921|142.0290|13.4476|18.6427|14.4217|16.2001|13.4476|70.1379|55.3751|151.3447|22.9636|66289.0000|1.8059|3.3773|1.2666|44.6703|838.1720|0.6007|0.3505|0.8459|0.0000|497.0000|438.0000|142.0290|-85.0000|0.0000|157.2626|154.2763|143.2991|2.4857|2.0000|2.4857|4.0104|2.0000|4.1834|0.0000|0.0000|0.0000|2017-08-24T07:11:38.280|Freshwater Lake - North America_images_000005.tif|39E75966-2112-49EF-B933-08DCDEC5C222
1282|507|737|60|96|930|1078|2193|1|1|0|0.7035|4.5000|0|0.0000|0.0000|0.0000|331.0000|99.0000|11.0000|64.6944|232.0660|199.7134|110.7493|8.2749|99.8698|11.2764|66.4808|4.5728|42.3468|11.2764|163.2584|137.3326|161.5408|17.4129|53470.0000|12.9475|38.6498|1.1888|40.5373|839.5000|0.0000|0.4576|0.0683|0.0000|727.0000|331.0000|99.8698|-60.0000|30.0000|164.1601|165.2598|153.2326|4.3022|121.0000|6.1845|4.4865|121.0000|6.3477|0.0000|0.0000|0.0000|2017-08-24T07:11:39.617|Freshwater Lake - North America_images_000005.tif|E5792986-6EB1-4513-936E-8DC5AB347834
1283|569|737|23|76|120|886|2195|1|1|0|0.7035|4.5000|0|0.0000|0.0000|0.0000|548.0000|66.0000|11.0000|45.6389|144.0416|140.2619|74.0017|9.7639|186.6759|15.4170|43.2653|4.5728|28.9412|15.4170|101.3333|95.5085|155.3814|34.5496|85149.0000|3.0129|7.3289|1.0610|68.4964|840.5630|0.0000|0.6524|0.2505|0.0000|545.5000|548.0000|186.6759|-90.0000|5.0000|156.0164|157.7628|150.4526|3.8418|103.0000|5.6048|4.2507|103.0000|5.9872|0.0000|0.0000|0.0000|2017-08-24T07:11:40.665|Freshwater Lake - North America_images_000005.tif|0CC06CCD-508C-4C1F-A66D-E030530DF53B
1284|594|737|38|60|739|1591|2197|1|1|0|0.7035|4.5000|0|0.0000|0.0000|0.0000|391.0000|55.0000|10.0000|37.5556|122.7107|114.8383|60.3891|8.6506|123.3263|12.5309|35.5267|3.8693|23.2546|12.5309|86.3270|77.6230|160.8926|27.0845|62909.0000|3.0646|7.4944|1.1121|46.5098|841.8280|0.0000|0.7836|0.2675|0.0000|397.5000|391.0000|123.3263|-70.0000|30.0000|162.5703|164.3836|153.4066|4.1751|52.0000|5.6963|4.4286|52.0000|5.9242|0.0000|0.0000|0.0000|2017-08-24T07:11:41.954|Freshwater Lake - North America_images_000005.tif|065448FD-54B4-4897-ADB8-D393F2836675
1285|634|737|50|43|632|1593|2200|1|1|0|0.7035|4.5000|0|0.0000|0.0000|0.0000|336.0000|49.0000|10.0000|33.7222|108.0244|102.7464|53.0556|8.3550|101.8040|11.3851|31.3057|3.8693|20.5578|11.3851|75.9952|69.1163|161.9821|30.7171|54426.0000|2.7637|6.5293|1.0995|58.1429|843.5000|0.0506|0.7589|0.2966|0.0000|329.0000|336.0000|101.8040|-35.0000|50.0000|164.5208|165.3185|154.4345|3.8114|32.0000|5.1657|4.2612|32.0000|5.6313|0.0000|0.0000|0.0000|2017-08-24T07:11:43.624|Freshwater Lake - North America_images_000005.tif|B41AC37A-86DF-4F02-8B85-FB4F5561D3CA
1286|686|737|35|34|538|1215|2201|1|1|0|0.7035|4.5000|0|0.0000|0.0000|0.0000|459.0000|27.0000|23.0000|25.0833|78.7696|75.9645|25.6799|23.0022|150.4649|13.8412|15.8287|13.0147|14.4804|13.8412|55.4144|50.2753|108.9368|60.8253|50002.0000|1.0757|1.0000|1.1022|98.4412|843.7030|0.8676|0.7744|0.9834|0.0000|441.5000|459.0000|150.4649|-60.0000|60.0000|116.4967|113.3246|97.4619|4.5531|39.0000|5.8716|4.2930|39.0000|5.5689|0.0000|0.0000|0.0000|2017-08-24T07:11:43.819|Freshwater Lake - North America_images_000005.tif|E89F02D1-D8C4-4E89-8D7E-1FCF730AE6BA
1287|723|737|40|47|1017|1226|2205|1|1|0|0.7035|4.5000|0|0.0000|0.0000|0.0000|723.0000|37.0000|27.0000|33.8333|121.5980|102.9231|34.3237|28.2211|259.5514|18.1789|22.8637|15.8287|20.6360|18.1789|85.5442|69.2407|149.2669|17.6487|107920.0000|1.6274|2.7490|1.2355|45.1273|845.0630|0.6878|0.5438|0.9324|0.0000|766.5000|723.0000|259.5514|-90.0000|15.0000|157.0180|154.3485|136.4260|4.3344|35.0000|5.6896|3.9484|35.0000|5.1073|0.0000|0.0000|0.0000|2017-08-24T07:11:45.155|Freshwater Lake - North America_images_000005.tif|EA9F91BA-5ECE-46B1-96B1-A38D06C6A336
1288|765|737|32|40|966|1325|2208|1|1|0|0.7035|4.5000|0|0.0000|0.0000|0.0000|511.0000|31.0000|22.0000|28.0000|90.7696|84.8762|31.7192|21.3612|171.5383|14.7787|18.6427|12.3113|16.5323|14.7787|63.8564|56.5447|118.0313|49.3179|60314.0000|1.2831|1.1918|1.1293|91.8500|845.8750|0.6602|0.7855|0.8898|0.0000|514.5000|511.0000|171.5383|-85.0000|0.0000|128.3014|123.3992|103.6184|4.2193|38.0000|5.5638|4.0146|38.0000|4.6785|0.0000|0.0000|0.0000|2017-08-24T07:11:45.975|Freshwater Lake - North America_images_000005.tif|1E36C557-5E5E-4FC6-A1D4-EEEDF097AAA1
1289|799|737|46|48|247|1558|2212|1|1|0|0.7035|4.5000|0|0.0000|0.0000|0.0000|886.0000|39.0000|34.0000|37.1667|130.6690|113.8902|35.9934|32.3859|328.8649|20.4627|24.2707|20.7533|22.9810|20.4627|91.9256|76.9560|133.4097|30.2233|118201.0000|1.5336|2.4014|1.1945|75.6923|847.0940|0.7573|0.6510|0.9624|0.0000|965.0000|886.0000|328.8649|15.0000|-70.0000|134.8950|138.3792|123.1027|4.5962|38.0000|5.8520|4.9651|38.0000|6.2352|0.0000|0.0000|0.0000|2017-08-24T07:11:47.182|Freshwater Lake - North America_images_000005.tif|DFF46F4E-49C2-4522-A5D7-96A5D42259B7
1290|847|737|89|56|363|1348|2217|1|1|0|0.7035|4.5000|0|0.0000|0.0000|0.0000|674.0000|89.0000|14.0000|60.6389|221.7229|187.4376|96.7233|11.0419|238.9606|17.4429|59.4458|6.6833|39.4937|17.4429|155.9821|128.6966|155.0786|27.4518|104523.0000|5.8043|16.1730|1.2120|60.0899|848.8280|0.0000|0.4743|0.1811|0.0000|858.5000|674.0000|238.9606|-35.0000|65.0000|156.5119|158.4703|147.8961|3.9366|91.0000|5.7679|4.2413|91.0000|5.9901|0.0000|0.0000|0.0000|2017-08-24T07:11:48.946|Freshwater Lake - North America_images_000005.tif|920312B4-37FF-4A0F-A7EE-82D3A6E1A7BE
1291|938|737|39|42|547|1233|2219|1|1|0|0.7035|4.5000|0|0.0000|0.0000|0.0000|360.0000|41.0000|12.0000|29.0833|92.2254|88.4530|42.0419|11.1504|111.1422|11.8958|25.6777|5.2763|17.2944|11.8958|64.8806|59.0609|148.2306|40.4448|53363.0000|1.8801|3.6312|1.0985|66.3919|849.2810|0.2519|0.7831|0.4846|0.0000|353.0000|360.0000|111.1422|50.0000|-40.0000|150.8722|153.6444|136.5222|4.1233|46.0000|5.5716|4.4166|46.0000|5.8707|0.0000|0.0000|0.0000|2017-08-24T07:11:49.388|Freshwater Lake - North America_images_000005.tif|4D5ACE07-1DB3-4E34-8BB6-BEA6DD665389
1292|979|737|44|34|990|1191|2220|1|1|0|0.7035|4.5000|0|0.0000|0.0000|0.0000|557.0000|35.0000|24.0000|29.1111|94.4264|88.0480|32.2613|22.5858|190.3744|15.5690|21.4567|13.7183|17.3139|15.5690|66.4290|58.7760|124.1652|20.2622|69160.0000|1.2739|1.0451|1.1302|46.5000|850.0160|0.7057|0.7594|0.9146|0.0000|554.5000|557.0000|190.3744|15.0000|-90.0000|128.5260|127.0969|116.7074|4.5837|40.0000|5.8662|4.8439|40.0000|6.1496|0.0000|0.0000|0.0000|2017-08-24T07:11:50.112|Freshwater Lake - North America_images_000005.tif|DFCAB3BD-1BBD-4597-8B1A-81D3A5AA0E77
1293|1025|737|44|43|507|1436|2223|1|1|0|0.7035|4.5000|0|0.0000|0.0000|0.0000|829.0000|36.0000|32.0000|33.9444|110.0833|103.5579|33.8399|31.4202|304.4974|19.6900|22.1603|19.3463|20.7141|19.6900|77.4436|69.6872|90.9300|53.6872|75381.0000|1.1633|1.0000|1.1113|108.0625|852.1720|0.8783|0.8009|0.9900|0.0000|819.5000|829.0000|304.4974|-35.0000|-60.0000|98.2509|97.1785|75.8685|4.7655|44.0000|6.0974|4.1781|44.0000|5.4657|0.0000|0.0000|0.0000|2017-08-24T07:11:52.265|Freshwater Lake - North America_images_000005.tif|EDD66A42-E418-4A77-93F1-2FDAC79021C4
1294|1071|737|24|54|341|1566|2228|1|1|0|0.7035|4.5000|0|0.0000|0.0000|0.0000|279.0000|44.0000|14.0000|31.6389|109.2548|96.2089|51.0428|12.1952|80.0165|10.0936|27.7883|6.6833|19.0922|10.0936|76.8608|64.5172|160.4767|26.6221|44773.0000|3.4046|8.5793|1.1913|50.9479|853.5940|0.0786|0.3757|0.2580|0.0000|400.0000|279.0000|80.0165|-90.0000|0.0000|162.6703|163.7563|153.1613|3.9445|43.0000|5.3889|4.2841|43.0000|5.7525|0.0000|0.0000|0.0000|2017-08-24T07:11:53.701|Freshwater Lake - North America_images_000005.tif|FEECEAB2-CC2A-4B53-8FD2-AD661FBCF812
1295|1097|737|38|39|452|1350|2235|1|1|0|0.7035|4.5000|0|0.0000|0.0000|0.0000|640.0000|31.0000|28.0000|29.1944|92.4264|88.7910|29.9127|27.2649|224.7518|16.9164|18.6427|16.5323|17.3725|16.9164|65.0220|59.2987|110.5313|26.8878|70740.0000|1.0622|1.0000|1.0965|103.8750|855.5470|0.9186|0.9292|0.9949|0.0000|614.0000|640.0000|224.7518|-75.0000|0.0000|119.2797|119.0594|90.4578|4.4456|37.0000|5.7690|3.8725|37.0000|5.0568|0.0000|0.0000|0.0000|2017-08-24T07:11:55.676|Freshwater Lake - North America_images_000005.tif|C4727F3F-3D23-4964-A00D-EC70F553B0A4
1296|1137|737|71|65|756|1477|2238|1|4|0|0.7035|4.5000|0|0.0000|0.0000|0.0000|526.0000|68.0000|28.0000|53.3611|197.9239|164.2760|80.1783|25.3281|177.6617|15.0401|44.6722|16.5323|34.3738|15.0401|139.2395|112.4024|147.8232|31.5833|77755.0000|5.9265|16.5584|1.2388|83.9649|856.5940|0.0000|0.1514|0.1895|0.0000|1483.5000|526.0000|177.6617|30.0000|-45.0000|153.9601|152.2947|136.6825|3.9709|38.0000|5.4011|4.0379|38.0000|4.9612|0.0000|0.0000|0.0000|2017-08-24T07:11:56.699|Freshwater Lake - North America_images_000005.tif|7D60BA28-D545-4249-A89B-524A1A506F52
1297|1210|737|29|31|788|396|2243|1|1|0|0.7035|4.5000|0|0.0000|0.0000|0.0000|293.0000|22.0000|19.0000|20.2500|64.2843|60.6027|20.2545|18.5481|85.3112|10.4222|12.3113|10.2007|11.0801|10.4222|45.2240|39.4682|144.2014|13.7881|42251.0000|1.1224|1.0000|1.1458|49.5893|858.5470|0.8977|0.7606|0.9892|0.0000|280.5000|293.0000|85.3112|50.0000|0.0000|150.1911|147.0614|136.3038|4.1783|36.0000|5.4424|4.4969|36.0000|5.7728|0.0000|0.0000|0.0000|2017-08-24T07:11:58.665|Freshwater Lake - North America_images_000005.tif|33EDF42A-F0CE-4F12-BCA2-2CAFE6871675
1298|1241|737|70|71|361|1464|2245|1|1|0|0.7035|4.5000|0|0.0000|0.0000|0.0000|1025.0000|63.0000|46.0000|56.7778|264.1665|175.4759|47.8209|40.8897|388.7765|22.2487|41.1547|29.1953|36.7774|22.2487|185.8411|120.2815|140.7815|32.6654|144301.0000|5.4178|14.9536|1.5451|75.4195|859.1880|0.3159|0.4471|0.6593|0.0000|2094.0000|1025.0000|388.7765|75.0000|-35.0000|146.6517|148.2429|123.9220|4.4489|38.0000|5.7703|3.8373|38.0000|4.9943|0.0000|0.0000|0.0000|2017-08-24T07:11:59.296|Freshwater Lake - North America_images_000005.tif|7E447AB3-F228-4B95-A88F-B06BA81FF406
1299|1313|737|277|57|726|1336|2252|1|1|0|0.7035|4.5000|0|0.0000|0.0000|0.0000|3194.0000|271.0000|23.0000|176.5278|578.2082|551.4177|308.4091|14.6880|1365.5294|41.6971|187.4828|13.0147|121.0216|41.6971|406.7695|384.7566|130.7899|18.9628|417743.0000|8.3296|24.1267|1.0572|61.3481|860.4530|0.0000|0.6180|0.0853|0.0000|3897.5000|3194.0000|1365.5294|10.0000|-80.0000|135.1879|134.3654|122.0820|4.7902|111.0000|6.5672|4.9736|111.0000|6.7422|0.0000|0.0000|0.0000|2017-08-24T07:12:00.561|Freshwater Lake - North America_images_000005.tif|729A3F9B-028E-4CD6-B09F-B0949671C8C1
1300|1592|737|41|52|714|1567|2255|1|1|0|0.7035|4.5000|0|0.0000|0.0000|0.0000|650.0000|42.0000|27.0000|34.5833|129.0122|105.5283|33.9983|25.4392|228.9238|17.0726|26.3813|15.8287|21.1636|17.0726|90.7601|71.0734|135.8354|21.2408|88293.0000|2.0377|4.1613|1.2770|54.1966|861.8590|0.6702|0.7194|0.9180|0.0000|771.5000|650.0000|228.9238|-90.0000|30.0000|140.0554|141.6215|122.9185|4.6236|49.0000|5.9325|5.0533|49.0000|6.3591|0.0000|0.0000|0.0000|2017-08-24T07:12:01.964|Freshwater Lake - North America_images_000005.tif|0FDB925C-EEC7-45ED-A3E4-26C1EEE215C8
1301|1635|737|24|83|612|1315|2259|1|1|0|0.7035|4.5000|0|0.0000|0.0000|0.0000|392.0000|74.0000|9.0000|49.4444|163.9411|152.3681|83.6147|6.7755|123.7215|12.5510|48.8933|3.1658|31.6184|12.5510|115.3326|104.0252|115.3495|30.9505|45217.0000|5.4561|15.0744|1.1087|133.4545|863.9060|0.0000|0.5979|0.1418|0.0000|449.5000|392.0000|123.7215|80.0000|-5.0000|122.0102|119.7730|104.1990|0.0000|1.0000|0.0000|3.4325|1.0000|3.4325|0.0000|0.0000|0.0000|2017-08-24T07:12:04.002|Freshwater Lake - North America_images_000005.tif|B5965CE7-1C3F-42EF-B3FB-458267197885
1302|1661|737|63|57|239|1487|2261|1|1|0|0.7035|4.5000|0|0.0000|0.0000|0.0000|1659.0000|59.0000|41.0000|50.2222|176.3675|154.4379|56.3499|38.0752|668.1481|29.1670|38.3407|25.6777|32.1656|29.1670|124.0745|105.4813|113.6950|29.0262|188620.0000|1.4920|2.2412|1.1763|61.0519|864.1560|0.6398|0.7569|0.9134|0.0000|1748.5000|1659.0000|668.1481|35.0000|-45.0000|119.7806|117.6450|103.6510|3.2317|33.0000|3.9578|4.2080|33.0000|5.4112|0.0000|0.0000|0.0000|2017-08-24T07:12:04.279|Freshwater Lake - North America_images_000005.tif|EBBA337C-B420-4CAB-9938-8C419F5CEF53
1303|1726|737|72|72|910|1349|2265|1|1|0|0.7035|4.5000|0|0.0000|0.0000|0.0000|1785.0000|75.0000|52.0000|63.8889|283.8650|197.7432|75.7678|48.3942|724.5131|30.3723|49.5968|33.4162|41.7801|30.3723|199.6990|135.9466|124.6896|34.5871|222571.0000|3.5923|9.1766|1.4690|93.7692|865.0940|0.0000|0.2198|0.5624|0.0000|2565.0000|1785.0000|724.5131|35.0000|-35.0000|134.0835|132.4140|105.9317|4.7653|80.0000|6.4427|4.1222|80.0000|5.4666|0.0000|0.0000|0.0000|2017-08-24T07:12:05.191|Freshwater Lake - North America_images_000005.tif|146F3F3B-3D29-413B-87B4-7F7ACE6D7D52
1304|1800|737|29|33|595|620|2269|1|1|0|0.7035|4.5000|0|0.0000|0.0000|0.0000|278.0000|23.0000|18.0000|20.8889|69.4558|62.6143|22.2261|16.6729|79.6398|10.0698|13.0147|9.4973|11.5296|10.0698|48.8622|40.8834|152.2086|22.2170|42314.0000|1.3809|1.7748|1.1952|46.6613|866.7030|0.7537|0.6862|0.9170|0.0000|279.5000|278.0000|79.6398|-90.0000|-35.0000|156.6942|155.3813|144.3561|4.1594|44.0000|5.5580|4.2948|44.0000|5.7785|0.0000|0.0000|0.0000|2017-08-24T07:12:06.801|Freshwater Lake - North America_images_000005.tif|5CC85AD3-FB1B-416F-979E-A23DD02B0AFC
1305|1831|737|37|38|994|1131|2276|1|1|0|0.7035|4.5000|0|0.0000|0.0000|0.0000|556.0000|30.0000|26.0000|28.0278|90.1838|84.5572|27.3916|26.1683|189.9632|15.5521|17.9393|15.1253|16.5518|15.5521|63.4443|56.3202|105.7014|53.5653|58770.0000|1.1641|1.0000|1.1265|95.6709|869.4690|0.8684|0.7664|0.9866|0.0000|548.5000|556.0000|189.9632|-35.0000|50.0000|114.6673|112.8705|88.2338|4.6674|48.0000|6.0447|3.9148|48.0000|5.2722|0.0000|0.0000|0.0000|2017-08-24T07:12:09.565|Freshwater Lake - North America_images_000005.tif|2B0193A0-1380-4F24-BE12-6ADF3B98B021
1306|1870|737|85|43|283|1173|2282|1|1|0|0.7035|4.5000|0|0.0000|0.0000|0.0000|391.0000|81.0000|9.0000|53.3056|188.1249|164.4193|86.2246|6.7705|123.3263|12.5309|53.8178|3.1658|34.3347|12.5309|132.3459|112.5032|134.9642|27.2486|52771.0000|7.2029|20.5799|1.1764|118.3593|873.3910|0.0000|0.3554|0.1331|0.0000|514.5000|391.0000|123.3263|15.0000|-70.0000|137.2711|138.2430|127.5780|3.8257|54.0000|5.3272|4.2044|54.0000|5.6588|0.0000|0.0000|0.0000|2017-08-24T07:12:13.506|Freshwater Lake - North America_images_000005.tif|1D4FE280-70AC-4EB7-8DAD-5EE9EDC55ED2
1307|1957|737|41|41|739|1307|2286|1|1|0|0.7035|4.5000|0|0.0000|0.0000|0.0000|655.0000|32.0000|28.0000|30.1944|100.0833|91.9130|30.4017|27.6412|231.0120|17.1503|19.3463|16.5323|18.0760|17.1503|70.4086|61.4950|107.1557|49.4613|70187.0000|1.2169|1.0000|1.1449|97.1512|874.6250|0.8724|0.8492|0.9879|0.0000|653.0000|655.0000|231.0120|20.0000|-45.0000|115.1695|114.4626|89.7588|4.6719|45.0000|5.9981|3.8855|45.0000|5.0084|0.0000|0.0000|0.0000|2017-08-24T07:12:14.745|Freshwater Lake - North America_images_000005.tif|C4856171-4A6C-4031-9D4C-210C0598B11B
1308|2000|737|30|41|652|864|2286|1|1|0|0.7035|4.5000|0|0.0000|0.0000|0.0000|424.0000|32.0000|20.0000|25.9167|85.1127|77.9255|29.7473|18.5595|136.4312|13.1799|19.3463|10.9043|15.0666|13.1799|59.8768|51.6548|125.0354|46.1588|53015.0000|1.3596|1.6739|1.1592|79.0789|874.6250|0.6641|0.7352|0.8783|0.0000|420.5000|424.0000|136.4312|70.0000|0.0000|132.4363|129.7925|112.9811|4.6719|45.0000|5.9981|3.8855|45.0000|5.0084|0.0000|0.0000|0.0000|2017-08-24T07:12:14.745|Freshwater Lake - North America_images_000005.tif|0841C855-5F75-4E5D-B069-0FBE12FB408A
1309|2|967|43|39|760|814|2294|1|1|0|0.7035|4.5000|0|0.0000|0.0000|0.0000|608.0000|38.0000|25.0000|32.2778|106.7696|98.1208|36.8726|23.2003|211.4432|16.4079|23.5673|14.4217|19.5417|16.4079|75.1124|65.8622|140.3240|25.3909|85317.0000|1.4920|2.2412|1.1404|56.6354|876.9840|0.5605|0.5726|0.8158|0.0000|654.5000|608.0000|211.4432|30.0000|-55.0000|144.9967|142.7961|133.6628|3.7455|32.0000|5.0361|4.2674|32.0000|5.5319|0.0000|0.0000|0.0000|2017-08-24T07:12:17.099|Freshwater Lake - North America_images_000005.tif|73640FF8-4DBF-4A9E-B4BB-5545E483788C
1310|47|967|67|169|796|1557|2295|1|1|0|0.7035|4.5000|0|0.0000|0.0000|0.0000|929.0000|167.0000|11.0000|108.8889|373.5635|338.7956|190.9631|7.0141|347.3287|21.0293|114.3188|4.5728|73.4376|21.0293|262.8019|235.1770|162.2702|27.1424|150749.0000|11.9537|35.5256|1.1175|63.3079|879.0470|0.0000|0.6371|0.0648|0.0000|1259.5000|929.0000|347.3287|65.0000|-20.0000|165.8482|166.0474|153.5102|3.8770|5.0000|4.5231|4.0183|5.0000|4.5189|0.0000|0.0000|0.0000|2017-08-24T07:12:19.159|Freshwater Lake - North America_images_000005.tif|395832B4-8286-4171-BEB5-B91E419B506D
1311|116|967|35|56|643|1492|2298|1|2|0|0.7035|4.5000|0|0.0000|0.0000|0.0000|314.0000|46.0000|24.0000|34.6111|173.1543|105.6910|47.4322|27.7905|93.3249|10.9007|29.1953|13.7183|21.1832|10.9007|121.8141|71.1879|147.2675|20.7958|46242.0000|7.5985|21.8255|1.7112|60.3439|880.2340|0.4308|0.6418|0.2646|0.0000|700.5000|314.0000|93.3249|-85.0000|0.0000|151.3535|155.6274|129.2484|4.5772|62.0000|6.0753|4.7254|62.0000|6.1874|0.0000|0.0000|0.0000|2017-08-24T07:12:20.339|Freshwater Lake - North America_images_000005.tif|90CCF37D-712A-48EF-B536-E62D2CF574F2
1312|153|967|32|34|678|1581|2300|1|1|0|0.7035|4.5000|0|0.0000|0.0000|0.0000|321.0000|25.0000|20.0000|22.6111|74.5269|68.2704|23.4701|19.5060|96.0139|11.0566|14.4217|10.9043|12.7412|11.0566|52.4297|44.8625|150.9159|34.5817|48444.0000|1.3769|1.7564|1.1687|65.2462|881.2030|0.6658|0.5689|0.8777|0.0000|331.5000|321.0000|96.0139|-80.0000|50.0000|152.8131|153.9128|144.2492|4.1651|76.0000|5.7094|4.5872|76.0000|6.0609|0.0000|0.0000|0.0000|2017-08-24T07:12:21.333|Freshwater Lake - North America_images_000005.tif|3F6C6D39-0A99-4266-962B-72653B1EFB17
1313|187|967|40|44|957|1379|2302|1|1|0|0.7035|4.5000|0|0.0000|0.0000|0.0000|783.0000|34.0000|30.0000|32.3333|103.4975|98.8369|33.5873|29.7667|284.9297|19.0469|20.7533|17.9393|19.5807|19.0469|72.8105|66.3660|110.7267|28.0534|86699.0000|1.0886|1.0000|1.0971|56.8427|881.5310|0.8897|0.8864|0.9899|0.0000|760.0000|783.0000|284.9297|-90.0000|0.0000|118.2095|118.8940|91.8442|5.0811|43.0000|6.3609|4.0718|43.0000|5.2758|0.0000|0.0000|0.0000|2017-08-24T07:12:21.640|Freshwater Lake - North America_images_000005.tif|2EEC3FEB-8A3B-4A96-A873-7B9BA4978383
1314|229|967|30|36|930|1143|2304|1|1|0|0.7035|4.5000|0|0.0000|0.0000|0.0000|324.0000|26.0000|20.0000|23.0000|77.3553|69.2179|24.7358|17.7719|97.1689|11.1229|15.1253|10.9043|13.0147|11.1229|54.4195|45.5290|120.1296|33.3941|38922.0000|1.4697|2.1526|1.1953|117.0746|881.8590|0.7032|0.6787|0.8894|0.0000|337.0000|324.0000|97.1689|-90.0000|0.0000|127.8735|123.9259|109.7222|4.1194|33.0000|5.4387|4.2149|33.0000|5.6146|0.0000|0.0000|0.0000|2017-08-24T07:12:21.970|Freshwater Lake - North America_images_000005.tif|117FF60D-45ED-44B8-B57B-725080ACED4F
1315|261|967|43|45|448|1383|2307|1|1|0|0.7035|4.5000|0|0.0000|0.0000|0.0000|660.0000|37.0000|32.0000|33.8611|149.0538|103.0670|33.5656|31.1378|233.1017|17.2277|22.8637|19.3463|20.6555|18.2084|104.8593|69.3419|138.3530|14.8388|91313.0000|2.4386|5.4785|1.5122|72.1462|883.2500|0.4922|0.2262|0.8807|0.0000|817.0000|725.0000|260.3945|70.0000|-70.0000|145.7288|144.3061|123.9000|4.3072|37.0000|5.6117|4.0258|37.0000|5.0404|0.0000|0.0000|0.0000|2017-08-24T07:12:23.342|Freshwater Lake - North America_images_000005.tif|77848DA4-5F74-46CA-BA2A-1DFC98EFDCD6
1316|306|967|36|32|150|683|2308|1|1|0|0.7035|4.5000|0|0.0000|0.0000|0.0000|344.0000|26.0000|21.0000|23.3889|77.0122|70.2441|24.3979|19.4807|104.9069|11.5573|15.1253|11.6077|13.2883|11.5573|54.1781|46.2510|76.2762|38.9904|26239.0000|1.3720|1.7333|1.1714|164.9692|883.4380|0.7012|0.5673|0.8987|0.0000|355.5000|344.0000|104.9069|0.0000|50.0000|80.7326|80.0203|67.2297|4.2477|37.0000|5.5083|4.5528|37.0000|5.7998|0.0000|0.0000|0.0000|2017-08-24T07:12:23.532|Freshwater Lake - North America_images_000005.tif|878B08BE-4694-4784-98CD-76FA0D03371E
1317|344|967|52|51|987|1388|2309|1|2|0|0.7035|4.5000|0|0.0000|0.0000|0.0000|388.0000|50.0000|30.0000|39.5833|136.9117|121.2202|41.0741|27.8462|122.1416|12.4706|32.0093|17.9393|24.6811|12.4706|96.3174|82.1127|117.1546|41.2523|45456.0000|3.8445|9.9776|1.1730|77.6066|884.0780|0.0052|0.1807|0.4012|0.0000|890.0000|388.0000|122.1416|-40.0000|25.0000|124.0644|122.5206|103.8686|4.5792|40.0000|5.8235|4.7104|40.0000|6.0095|0.0000|0.0000|0.0000|2017-08-24T07:12:24.175|Freshwater Lake - North America_images_000005.tif|32CD6D6F-64B0-4BF2-A419-E127A0A0C243
1318|398|967|37|37|722|1233|2312|1|1|0|0.7035|4.5000|0|0.0000|0.0000|0.0000|545.0000|29.0000|26.0000|27.6389|89.3553|83.6716|27.8226|25.2146|185.4445|15.3660|17.2357|15.1253|16.2782|15.3660|62.8615|55.6972|108.1872|59.4854|58962.0000|1.1658|1.0000|1.1286|70.1013|885.3750|0.8722|0.8465|0.9844|0.0000|534.0000|545.0000|185.4445|15.0000|-45.0000|115.7945|114.1505|93.5908|4.5545|37.0000|5.8553|4.0079|37.0000|5.0510|0.0000|0.0000|0.0000|2017-08-24T07:12:25.467|Freshwater Lake - North America_images_000005.tif|16A80469-F7C7-4AB0-BDEB-7E82AF15DEE9
1319|437|967|37|36|372|1484|2313|1|1|0|0.7035|4.5000|0|0.0000|0.0000|0.0000|315.0000|29.0000|23.0000|26.7500|101.9411|80.8884|29.2105|21.8196|93.7085|10.9231|17.2357|13.0147|15.6529|10.9231|71.7156|53.7392|143.4286|36.3038|45180.0000|2.6253|6.0832|1.3345|77.2609|885.7340|0.3901|0.3739|0.6034|0.0000|417.0000|315.0000|93.7085|-65.0000|40.0000|146.1778|147.0794|135.2857|3.6715|32.0000|4.8268|4.1222|32.0000|5.4435|0.0000|0.0000|0.0000|2017-08-24T07:12:25.847|Freshwater Lake - North America_images_000005.tif|6A37BDC8-E323-4424-9728-0DA73C5724DF
1320|476|967|30|29|1042|955|2315|1|1|0|0.7035|4.5000|0|0.0000|0.0000|0.0000|277.0000|21.0000|19.0000|19.7500|62.5269|58.7760|19.8782|17.9019|79.2634|10.0460|11.6077|10.2007|10.7284|10.0460|43.9877|38.1832|102.2599|53.7232|28326.0000|1.1232|1.0000|1.1520|130.6415|887.3280|0.8841|0.8559|0.9857|0.0000|264.0000|277.0000|79.2634|10.0000|-90.0000|109.5451|105.9567|92.2563|4.3072|40.0000|5.7009|3.7995|40.0000|4.9856|0.0000|0.0000|0.0000|2017-08-24T07:12:27.449|Freshwater Lake - North America_images_000005.tif|5381C75B-A90D-4A9C-A318-A52BA269A577
1321|508|967|35|30|1031|1760|2316|1|1|0|0.7035|4.5000|0|0.0000|0.0000|0.0000|292.0000|28.0000|16.0000|22.2222|73.1127|66.6181|26.0060|15.1895|84.9317|10.3990|16.5323|8.0903|12.4676|10.3990|51.4348|43.7001|121.1267|23.7249|35369.0000|1.4568|2.1005|1.1770|91.2813|887.6090|0.6150|0.5737|0.8198|0.0000|300.0000|292.0000|84.9317|-30.0000|55.0000|130.5822|126.4315|107.1062|4.4185|37.0000|5.7684|4.6827|37.0000|6.0317|0.0000|0.0000|0.0000|2017-08-24T07:12:27.701|Freshwater Lake - North America_images_000005.tif|C8767A48-C411-43CB-9B3B-3B01FC6EAB4E
1322|545|967|20|91|731|1525|2317|1|1|0|0.7035|4.5000|0|0.0000|0.0000|0.0000|687.0000|81.0000|10.0000|54.7778|172.3848|169.2717|88.8868|10.0663|244.4108|17.6407|53.8178|3.8693|35.3704|17.6407|121.2727|115.9169|158.8734|29.6842|109146.0000|3.4422|8.6989|1.0462|50.3892|887.9220|0.0000|0.9149|0.2186|0.0000|649.5000|687.0000|244.4108|-90.0000|0.0000|161.6492|161.8413|152.0146|4.1979|67.0000|5.8171|4.4941|67.0000|6.1154|0.0000|0.0000|0.0000|2017-08-24T07:12:28.024|Freshwater Lake - North America_images_000005.tif|D9EEF30B-93E2-4B8A-BC5B-2149534BB2C7
1323|567|967|31|170|953|1296|2318|1|1|0|0.7035|4.5000|0|0.0000|0.0000|0.0000|635.0000|161.0000|9.0000|103.3611|340.5685|322.0039|175.7028|5.5843|222.6681|16.8378|110.0978|3.1658|69.5488|16.8378|239.5899|223.3640|146.7811|10.7828|93206.0000|14.5353|43.6412|1.0726|39.8488|888.1410|0.0000|0.3142|0.0523|0.0000|824.0000|635.0000|222.6681|-85.0000|5.0000|154.7780|155.8677|125.8882|3.8145|133.0000|5.7416|4.2030|133.0000|6.0450|0.0000|0.0000|0.0000|2017-08-24T07:12:28.260|Freshwater Lake - North America_images_000005.tif|FD69CEC7-92DD-42FD-829B-3BD6FB48F845
1324|600|967|26|140|575|1548|2320|1|1|0|0.7035|4.5000|0|0.0000|0.0000|0.0000|789.0000|131.0000|9.0000|84.8056|275.8406|262.9668|138.1814|7.9485|287.4768|19.1318|88.9928|3.1658|56.4950|19.1318|194.0539|181.8314|143.2383|17.6672|113015.0000|7.6741|22.0637|1.0672|44.3726|889.2500|0.0000|0.4071|0.1049|0.0000|880.0000|789.0000|287.4768|85.0000|-5.0000|147.8428|147.4170|133.2497|3.6437|59.0000|5.2265|4.0644|59.0000|5.6013|0.0000|0.0000|0.0000|2017-08-24T07:12:29.350|Freshwater Lake - North America_images_000005.tif|810F5AED-E6F2-4567-A9AE-8B8B2F0D30A9
1325|628|967|36|29|624|1370|2321|1|1|0|0.7035|4.5000|0|0.0000|0.0000|0.0000|385.0000|27.0000|19.0000|23.3889|74.2843|70.2547|25.8063|19.0933|120.9581|12.4100|15.8287|10.2007|13.2883|12.4100|52.2590|46.2584|97.1662|48.3948|37409.0000|1.1406|1.0000|1.1297|137.4242|889.4690|0.7927|0.8599|0.9514|0.0000|368.5000|385.0000|120.9581|15.0000|-90.0000|103.8831|104.3584|80.5117|4.5367|34.0000|5.7852|3.9902|34.0000|5.0489|0.0000|0.0000|0.0000|2017-08-24T07:12:29.561|Freshwater Lake - North America_images_000005.tif|D68AF78F-4C71-47A4-8D9F-EB32653B42D8
1326|666|967|32|41|571|796|2322|1|1|0|0.7035|4.5000|0|0.0000|0.0000|0.0000|482.0000|32.0000|22.0000|27.3889|91.9411|82.8253|30.3076|20.8235|159.7549|14.2621|19.3463|12.3113|16.1023|14.2621|64.6806|55.1018|114.5290|36.4239|55203.0000|1.3956|1.8413|1.1738|128.8780|889.5310|0.6955|0.7540|0.9077|0.0000|494.5000|482.0000|159.7549|75.0000|0.0000|121.7324|118.1846|104.5685|4.3735|37.0000|5.6062|4.5240|37.0000|5.7991|0.0000|0.0000|0.0000|2017-08-24T07:12:29.658|Freshwater Lake - North America_images_000005.tif|46E872CE-151A-4552-BDDE-CD0545FF7B0C
1327|700|967|33|31|530|1213|2325|1|1|0|0.7035|4.5000|0|0.0000|0.0000|0.0000|337.0000|27.0000|20.0000|23.1111|72.2843|69.3753|23.8546|19.3059|102.1913|11.4068|15.8287|10.9043|13.0929|11.4068|50.8520|45.6398|83.5668|60.5971|28162.0000|1.2338|1.0000|1.1142|135.6250|890.5780|0.7301|0.6415|0.9112|0.0000|325.0000|337.0000|102.1913|35.0000|-45.0000|83.9941|84.4807|81.6320|3.1059|32.0000|3.9509|4.1335|32.0000|5.4449|0.0000|0.0000|0.0000|2017-08-24T07:12:30.700|Freshwater Lake - North America_images_000005.tif|55612C66-A6C6-49F5-9012-17DE3AE47E0C
1328|735|967|62|72|747|1457|2326|1|1|0|0.7035|4.5000|0|0.0000|0.0000|0.0000|2217.0000|63.0000|51.0000|56.6944|196.0244|175.0737|57.5531|49.7039|919.2263|34.2110|41.1547|32.7127|36.7188|34.2110|137.9032|119.9986|136.1561|42.6887|301858.0000|1.3793|1.7672|1.1492|89.0174|890.8130|0.8042|0.8232|0.9763|0.0000|2325.5000|2217.0000|919.2263|85.0000|10.0000|141.1935|140.0848|126.5444|4.4832|56.0000|6.0659|3.7202|56.0000|4.7837|0.0000|0.0000|0.0000|2017-08-24T07:12:30.910|Freshwater Lake - North America_images_000005.tif|260F90E0-5EED-4E1F-9BDB-7D6BA2786093
1329|799|967|28|32|1024|1240|2327|1|1|0|0.7035|4.5000|0|0.0000|0.0000|0.0000|294.0000|23.0000|18.0000|20.3333|63.1127|60.6140|21.5314|17.4816|85.6909|10.4453|13.0147|9.4973|11.1387|10.4453|44.3998|39.4762|138.3537|27.9133|40676.0000|1.0781|1.0000|1.1247|81.2407|891.9530|0.8565|0.9148|0.9733|0.0000|278.0000|294.0000|85.6909|-85.0000|0.0000|142.8367|143.3707|126.7959|4.5758|35.0000|5.8457|4.9689|35.0000|6.2256|0.0000|0.0000|0.0000|2017-08-24T07:12:32.075|Freshwater Lake - North America_images_000005.tif|9FA15222-F146-412B-811C-0542EC62E3FC
1330|829|967|32|29|467|1226|2328|1|1|0|0.7035|4.5000|0|0.0000|0.0000|0.0000|323.0000|23.0000|19.0000|21.2778|66.2843|63.7455|22.0158|18.8529|96.7837|11.1008|13.0147|10.2007|11.8032|11.1008|46.6310|41.6792|143.3498|16.2436|46302.0000|1.0825|1.0000|1.1188|38.0345|892.3750|0.8591|0.8472|0.9790|0.0000|305.5000|323.0000|96.7837|-30.0000|-90.0000|151.7461|149.0526|128.9257|4.0350|54.0000|5.4726|4.2372|54.0000|5.7262|0.0000|0.0000|0.0000|2017-08-24T07:12:32.468|Freshwater Lake - North America_images_000005.tif|BF98833C-1AEB-4741-A734-258F54DED648
1331|863|967|33|34|175|1357|2330|1|1|0|0.7035|4.5000|0|0.0000|0.0000|0.0000|294.0000|30.0000|16.0000|23.6111|80.8701|71.1164|26.8147|15.2086|85.6909|10.4453|17.9393|8.0903|13.4447|10.4453|56.8921|46.8646|145.4626|17.7508|42766.0000|1.7702|3.2539|1.2140|60.6849|893.1250|0.5729|0.6984|0.7878|0.0000|326.0000|294.0000|85.6909|45.0000|-35.0000|146.6190|151.5816|133.0068|3.9138|36.0000|5.2794|4.3509|36.0000|5.7057|0.0000|0.0000|0.0000|2017-08-24T07:12:33.216|Freshwater Lake - North America_images_000005.tif|E886DCCF-0A27-47DB-8D56-9B9AC41CE152
1332|898|967|88|306|782|1351|2331|1|1|0|0.7035|4.5000|0|0.0000|0.0000|0.0000|4196.0000|303.0000|40.0000|199.5556|739.8721|624.2985|345.2915|30.3126|1828.8215|48.2548|209.9948|24.9743|137.2216|48.2548|520.5000|436.0282|113.9314|35.2743|478056.0000|10.3817|30.5823|1.1937|98.1677|894.7030|0.0000|0.0767|0.0889|0.0000|8590.0000|4196.0000|1828.8215|75.0000|-15.0000|120.1606|118.5643|102.4733|4.0306|218.0000|6.1464|4.4448|218.0000|6.5825|0.0000|0.0000|0.0000|2017-08-24T07:12:34.809|Freshwater Lake - North America_images_000005.tif|8F2C0CB4-7362-4592-A2A0-7B1BA325BD86
1333|988|967|35|45|329|1617|2333|1|1|0|0.7035|4.5000|0|0.0000|0.0000|0.0000|506.0000|37.0000|23.0000|30.6944|109.5980|93.2410|33.8918|21.5122|169.5013|14.6907|22.8637|13.0147|18.4278|14.6907|77.1022|62.4293|146.9269|32.2776|74345.0000|1.8891|3.6615|1.2350|72.2041|894.9530|0.4910|0.3994|0.7996|0.0000|569.0000|506.0000|169.5013|-75.0000|10.0000|147.6818|150.4289|139.7787|3.9950|1000.0000|6.8114|4.1364|1000.0000|6.8015|0.0000|0.0000|0.0000|2017-08-24T07:12:35.054|Freshwater Lake - North America_images_000005.tif|63D32A98-4F34-4EE8-9C64-3737895CF8D4
1334|1025|967|30|83|920|1414|2334|1|1|0|0.7035|4.5000|0|0.0000|0.0000|0.0000|1090.0000|73.0000|17.0000|53.3889|171.9411|164.6470|79.7237|17.9371|417.0002|23.0422|48.1898|8.7937|34.3933|23.0422|120.9606|112.6634|120.3725|38.8802|131206.0000|2.1584|4.5614|1.0736|77.5062|895.0160|0.0000|0.8840|0.4157|0.0000|1095.0000|1090.0000|417.0002|-90.0000|-5.0000|133.3211|127.9440|100.5688|4.5197|62.0000|6.1490|3.9765|62.0000|5.1857|0.0000|0.0000|0.0000|2017-08-24T07:12:35.128|Freshwater Lake - North America_images_000005.tif|AA17BB08-4401-49A8-A99C-5506D740F254
1335|1057|967|39|28|462|450|2335|1|1|0|0.7035|4.5000|0|0.0000|0.0000|0.0000|317.0000|30.0000|18.0000|24.3333|86.8701|73.8727|25.6812|17.2807|94.4762|10.9677|17.9393|9.4973|13.9527|10.9677|61.1131|48.8037|123.2587|26.5731|39073.0000|1.8944|3.6797|1.2522|100.5316|897.4220|0.6322|0.5998|0.8425|0.0000|359.0000|317.0000|94.4762|15.0000|-90.0000|129.4006|126.8770|113.8265|3.9171|34.0000|5.2675|4.2017|34.0000|5.5568|0.0000|0.0000|0.0000|2017-08-24T07:12:37.507|Freshwater Lake - North America_images_000005.tif|EB3D2F3F-B6DE-4732-BF81-98847F8254A6
1336|1098|967|67|66|719|1374|2339|1|1|0|0.7035|4.5000|0|0.0000|0.0000|0.0000|1709.0000|62.0000|47.0000|54.8333|212.1665|169.3097|57.1289|41.8372|690.4889|29.6506|40.4513|29.8987|35.4095|29.6506|149.2591|115.9436|84.2528|44.2030|143988.0000|2.0961|4.3553|1.2873|118.5707|899.8750|0.5368|0.5463|0.8679|0.0000|2056.5000|1709.0000|690.4889|-65.0000|55.0000|89.0158|87.5986|75.8941|5.1769|82.0000|6.6284|5.4189|82.0000|6.8831|0.0000|0.0000|0.0000|2017-08-24T07:12:39.997|Freshwater Lake - North America_images_000005.tif|DDEABA4E-84A1-4950-AF1A-C60B02975694
1337|1167|967|40|37|986|1270|2340|1|1|0|0.7035|4.5000|0|0.0000|0.0000|0.0000|630.0000|31.0000|27.0000|29.1389|91.8406|87.9767|29.5954|27.1476|220.5860|16.7588|18.6427|15.8287|17.3335|16.7588|64.6099|58.7259|112.0984|30.1134|70622.0000|1.0654|1.0000|1.1002|91.1772|900.1560|0.9167|0.9007|0.9947|0.0000|603.5000|630.0000|220.5860|10.0000|-90.0000|121.5762|119.7778|93.3921|4.7584|39.0000|6.0830|4.0336|39.0000|5.1728|0.0000|0.0000|0.0000|2017-08-24T07:12:40.248|Freshwater Lake - North America_images_000005.tif|0D840A73-7F94-45DA-BDC3-753A1F76CD19
1338|1209|967|65|87|804|1224|2341|1|2|0|0.7035|4.5000|0|0.0000|0.0000|0.0000|466.0000|92.0000|12.0000|61.3889|250.6346|189.6058|90.1661|11.6385|153.2868|13.9704|61.5562|5.2763|40.0213|13.9704|176.3214|130.2219|157.7296|17.8382|73502.0000|10.7272|31.6689|1.3540|38.9852|900.2810|0.0000|0.2706|0.1436|0.0000|850.5000|466.0000|153.2868|-60.0000|35.0000|159.2682|159.7811|153.1202|4.0797|96.0000|5.8702|4.3654|96.0000|6.1839|0.0000|0.0000|0.0000|2017-08-24T07:12:40.396|Freshwater Lake - North America_images_000005.tif|49B69826-52DA-4478-BE00-C05C0D569223
1339|1276|967|28|35|507|1298|2344|1|1|0|0.7035|4.5000|0|0.0000|0.0000|0.0000|282.0000|26.0000|17.0000|21.9444|76.2843|66.1502|23.3963|16.1276|81.1477|10.1647|15.1253|8.7937|12.2721|10.1647|53.6660|43.3709|148.2447|17.7157|41805.0000|1.6421|2.8021|1.2374|41.5000|901.3910|0.7023|0.6706|0.8893|0.0000|305.5000|282.0000|81.1477|65.0000|5.0000|152.0319|151.4149|140.5745|3.3088|30.0000|3.7984|3.9075|30.0000|5.2417|0.0000|0.0000|0.0000|2017-08-24T07:12:41.502|Freshwater Lake - North America_images_000005.tif|6C23ECA8-2E2B-42B4-9A0A-8F1D65F31C31
1340|1306|967|34|55|882|1572|2347|1|1|0|0.7035|4.5000|0|0.0000|0.0000|0.0000|508.0000|48.0000|13.0000|34.4722|111.7401|104.9659|51.1591|12.9358|170.3159|14.7259|30.6023|5.9798|21.0854|14.7259|78.6092|70.6778|136.3524|23.4998|69267.0000|1.9559|3.8874|1.1122|70.6250|903.0310|0.1682|0.8622|0.4646|0.0000|495.0000|508.0000|170.3159|70.0000|-20.0000|141.2126|139.8504|127.6791|4.5921|39.0000|5.8128|4.7489|39.0000|5.9982|0.0000|0.0000|0.0000|2017-08-24T07:12:43.132|Freshwater Lake - North America_images_000005.tif|A64400FF-85D2-4F5F-AAB3-3FAFDCCE2AA6
1341|1342|967|18|130|977|1300|2348|1|1|0|0.7035|4.5000|0|0.0000|0.0000|0.0000|468.0000|120.0000|8.0000|78.0556|247.7990|242.0624|135.8033|5.1605|154.0940|14.0071|81.2542|2.8140|51.7464|14.0071|174.3266|167.1251|165.1859|19.7426|77307.0000|10.4410|30.7690|1.0431|27.5744|903.1410|0.0000|0.6604|0.0645|0.0000|544.5000|468.0000|154.0940|-90.0000|0.0000|168.0299|167.9316|158.6624|3.8370|48.0000|5.2267|4.2845|48.0000|5.6773|0.0000|0.0000|0.0000|2017-08-24T07:12:43.252|Freshwater Lake - North America_images_000005.tif|96258EF4-0E11-464E-9C18-9848D45B6EC9
1342|1362|967|64|121|226|1468|2349|1|1|0|0.7035|4.5000|0|0.0000|0.0000|0.0000|1102.0000|119.0000|16.0000|79.8889|273.2792|247.9910|134.0106|11.8196|422.2238|23.1860|80.5508|8.0903|53.0361|23.1860|192.2519|171.2959|126.9474|24.5502|139896.0000|5.3929|14.8750|1.1223|81.3051|903.2660|0.0000|0.6644|0.1551|0.0000|1463.5000|1102.0000|422.2238|-70.0000|25.0000|131.1806|132.2069|114.9719|4.2184|79.0000|5.9527|4.4798|79.0000|6.1649|0.0000|0.0000|0.0000|2017-08-24T07:12:43.370|Freshwater Lake - North America_images_000005.tif|B23EB3E9-B5B4-4210-8A96-DD879E0164AF
1343|1428|967|28|47|493|1655|2351|1|1|0|0.7035|4.5000|0|0.0000|0.0000|0.0000|316.0000|37.0000|18.0000|27.4167|114.1838|83.2739|31.0727|16.8430|94.0923|10.9454|22.8637|9.4973|16.1219|10.9454|80.3283|55.4174|131.8513|15.1870|41665.0000|3.2833|8.1928|1.4495|55.0000|904.1090|0.4517|0.4035|0.6442|0.0000|398.0000|316.0000|94.0923|-90.0000|0.0000|141.6108|139.0000|114.1994|3.9116|2.0000|4.0746|3.7845|2.0000|3.9245|0.0000|0.0000|0.0000|2017-08-24T07:12:44.231|Freshwater Lake - North America_images_000005.tif|1E7BFF16-6168-45D6-8BB9-E5D04E4AAFC3
1344|1458|967|82|141|461|1399|2351|1|6|0|0.7035|4.5000|0|0.0000|0.0000|0.0000|4195.0000|132.0000|70.0000|106.7778|586.9188|332.4961|118.4582|69.4813|1828.3570|48.2487|89.6963|46.0793|71.9524|50.3976|412.8974|230.7453|146.9709|27.2919|616543.0000|6.0207|16.8553|1.7894|64.7665|904.1090|0.0000|0.1115|0.6147|0.0000|7188.0000|4553.0000|1994.8495|-70.0000|5.0000|150.4586|150.1702|139.3702|3.9116|2.0000|4.0746|3.7845|2.0000|3.9245|0.0000|0.0000|0.0000|2017-08-24T07:12:44.231|Freshwater Lake - North America_images_000005.tif|D9B67472-C648-4FD4-A0ED-D1500DEFEDDB
1345|1542|967|33|50|358|1637|2354|1|1|0|0.7035|4.5000|0|0.0000|0.0000|0.0000|632.0000|43.0000|23.0000|33.6111|114.1838|102.3435|41.3982|20.4018|221.4187|16.7904|27.0847|13.0147|20.4797|16.7904|80.3283|68.8329|109.2579|26.7028|69051.0000|1.6417|2.8003|1.1670|94.8641|904.9530|0.4559|0.4930|0.7556|0.0000|681.5000|632.0000|221.4187|-70.0000|0.0000|113.7658|112.8861|100.3307|4.3751|40.0000|5.6772|4.7048|40.0000|6.0188|0.0000|0.0000|0.0000|2017-08-24T07:12:45.063|Freshwater Lake - North America_images_000005.tif|28FF7F32-719D-4216-9CAE-DC74F2B1155F
1346|1577|967|64|61|699|1517|2356|1|1|0|0.7035|4.5000|0|0.0000|0.0000|0.0000|1529.0000|54.0000|50.0000|52.1111|175.5391|160.7268|52.2897|48.2841|610.2375|27.8743|34.8233|32.0093|33.4944|31.8882|123.4918|109.9056|93.8607|35.7248|143513.0000|1.2575|1.0000|1.1236|94.5195|905.4380|0.8102|0.7071|0.9803|0.0000|1991.5000|1950.0000|798.6358|0.0000|-65.0000|99.9176|98.3192|82.8234|4.8896|70.0000|6.3081|5.0618|70.0000|6.5087|0.0000|0.0000|0.0000|2017-08-24T07:12:45.549|Freshwater Lake - North America_images_000005.tif|F9E0F12B-97FD-4E55-A855-C0997BAB41B1
1347|1643|967|37|36|523|1333|2358|1|1|0|0.7035|4.5000|0|0.0000|0.0000|0.0000|540.0000|29.0000|26.0000|27.6944|89.6985|83.9513|27.5550|25.4464|183.3936|15.2808|17.2357|15.1253|16.3173|15.2808|63.1029|55.8940|89.0148|52.9427|48068.0000|1.1857|1.0000|1.1290|129.3827|907.1410|0.8464|0.7469|0.9775|0.0000|527.0000|540.0000|183.3936|20.0000|-90.0000|94.4981|94.7741|75.6630|4.7039|35.0000|5.9778|3.9245|35.0000|5.0588|0.0000|0.0000|0.0000|2017-08-24T07:12:47.263|Freshwater Lake - North America_images_000005.tif|67E86457-7B2D-43C0-A620-FA936D25F755
1348|1682|967|38|34|855|1418|2362|1|1|0|0.7035|4.5000|0|0.0000|0.0000|0.0000|542.0000|30.0000|24.0000|27.1667|86.1838|82.4981|28.7793|24.1448|184.2137|15.3150|17.9393|13.7183|15.9460|15.3150|60.6303|54.8717|147.0886|22.7622|79722.0000|1.0905|1.0000|1.1049|45.7333|907.5780|0.8442|0.7977|0.9780|0.0000|519.0000|542.0000|184.2137|-45.0000|-90.0000|155.0129|151.7712|134.8487|4.4843|36.0000|5.7359|4.6876|36.0000|5.8705|0.0000|0.0000|0.0000|2017-08-24T07:12:47.699|Freshwater Lake - North America_images_000005.tif|C4F03AC2-49EF-41BF-8538-A00429959A56
1349|1722|967|52|42|924|1395|2364|1|1|0|0.7035|4.5000|0|0.0000|0.0000|0.0000|890.0000|42.0000|31.0000|38.3056|132.8112|117.4480|44.1638|27.9161|330.5797|20.5160|26.3813|18.6427|23.7822|20.5160|93.4327|79.4589|80.7034|46.4373|71826.0000|1.5771|2.5648|1.1759|135.6087|907.7500|0.5246|0.5366|0.8302|0.0000|989.5000|890.0000|330.5797|0.0000|-80.0000|88.9382|85.2989|68.5303|4.6656|41.0000|5.9735|4.1155|41.0000|5.4459|0.0000|0.0000|0.0000|2017-08-24T07:12:47.868|Freshwater Lake - North America_images_000005.tif|EBE485D9-1C4A-4FF5-AB28-F85DE46380C9
1350|1776|967|135|82|498|455|2364|1|1|0|0.7035|4.5000|0|0.0000|0.0000|0.0000|4151.0000|127.0000|58.0000|97.8056|347.0193|304.2122|123.2925|49.9054|1807.9253|47.9783|86.1788|37.6373|65.6405|48.1321|244.1281|210.8475|137.7454|34.2698|571781.0000|2.2948|5.0096|1.1578|72.6327|907.7500|0.0389|0.3126|0.6011|0.0000|5444.5000|4176.0000|1819.5333|-15.0000|70.0000|142.9990|140.9868|129.3674|4.6656|41.0000|5.9735|4.1155|41.0000|5.4459|0.0000|0.0000|0.0000|2017-08-24T07:12:47.868|Freshwater Lake - North America_images_000005.tif|8FA51FE7-BA8E-42C3-8F70-8D2391D57A4D
1351|1913|967|24|40|829|1580|2367|1|1|0|0.7035|4.5000|0|0.0000|0.0000|0.0000|382.0000|32.0000|14.0000|25.6667|78.7279|77.6257|33.4597|14.8567|119.7757|12.3492|19.3463|6.6833|14.8908|12.3492|55.3851|51.4439|116.0524|27.1576|44332.0000|1.2912|1.2672|1.0766|130.0933|909.1090|0.4897|0.8164|0.7258|0.0000|354.0000|382.0000|119.7757|-75.0000|0.0000|125.3220|122.7120|99.4764|4.3852|37.0000|5.6855|3.9889|37.0000|5.0720|0.0000|0.0000|0.0000|2017-08-24T07:12:49.201|Freshwater Lake - North America_images_000005.tif|FAD22925-F4B0-4135-8782-95E9A5ABBDA0
1352|1939|967|20|66|912|1658|2368|1|1|0|0.7035|4.5000|0|0.0000|0.0000|0.0000|394.0000|56.0000|10.0000|37.7778|123.2132|115.4787|54.6505|9.3690|124.5122|12.5910|36.2302|3.8693|23.4109|12.5910|86.6805|78.0735|156.8680|31.9151|61806.0000|3.0663|7.4996|1.1102|60.8547|909.3130|0.0271|0.7760|0.3263|0.0000|386.5000|394.0000|124.5122|-90.0000|0.0000|163.8046|160.8680|146.4315|3.7517|37.0000|5.1163|4.2874|37.0000|5.3657|0.0000|0.0000|0.0000|2017-08-24T07:12:49.402|Freshwater Lake - North America_images_000005.tif|C5F7F7F0-AD0A-4C3E-AC57-EE45C78CA2C2
1353|1961|967|31|33|763|1610|2371|1|1|0|0.7035|4.5000|0|0.0000|0.0000|0.0000|327.0000|24.0000|20.0000|22.1944|72.7696|66.4541|22.4948|19.2085|98.3254|11.1889|13.7183|10.9043|12.4480|11.1889|51.1934|43.5847|140.8410|29.2837|46055.0000|1.2887|1.2458|1.1746|69.2581|910.0160|0.7925|0.6835|0.9517|0.0000|328.5000|327.0000|98.3254|-80.0000|25.0000|146.3792|146.9878|126.6361|4.3651|39.0000|5.6657|4.7363|39.0000|6.0297|0.0000|0.0000|0.0000|2017-08-24T07:12:50.119|Freshwater Lake - North America_images_000005.tif|D0604F4F-9C9E-4E5F-ADEC-8C9009EBA548
1354|1994|967|38|37|162|1368|2372|1|1|0|0.7035|4.5000|0|0.0000|0.0000|0.0000|527.0000|30.0000|23.0000|27.5000|87.2548|83.2919|29.8207|22.8380|178.0706|15.0574|17.9393|13.0147|16.1805|15.0574|61.3838|55.4301|130.2657|35.6835|68650.0000|1.1496|1.0000|1.1074|89.1216|910.2030|0.7819|0.8152|0.9512|0.0000|515.0000|527.0000|178.0706|35.0000|-60.0000|132.7571|135.6338|118.7173|4.6442|35.0000|5.9050|4.8542|35.0000|6.0720|0.0000|0.0000|0.0000|2017-08-24T07:12:50.319|Freshwater Lake - North America_images_000005.tif|F023A29C-057D-40F3-ABFB-8B5A314899BF
1355|2|1275|39|42|685|1533|2377|1|2|0|0.7035|4.5000|0|0.0000|0.0000|0.0000|377.0000|38.0000|19.0000|29.1667|89.5980|88.6278|30.9696|18.2584|117.8077|12.2473|23.5673|10.2007|17.3530|12.2473|63.0322|59.1839|130.1645|35.4734|49072.0000|1.6945|2.9889|1.0650|88.5513|915.1560|0.3979|0.5661|0.7428|0.0000|458.5000|377.0000|117.8077|45.0000|-45.0000|136.7374|138.1512|112.0239|4.6985|42.0000|5.8924|4.9647|42.0000|6.1913|0.0000|0.0000|0.0000|2017-08-24T07:12:55.251|Freshwater Lake - North America_images_000005.tif|81D6F0B9-2E48-497F-8DDE-228AF9FD8B70
1356|43|1275|46|61|816|1172|2380|1|1|0|0.7035|4.5000|0|0.0000|0.0000|0.0000|932.0000|52.0000|35.0000|43.0278|171.6396|132.1194|45.5433|30.4687|348.6193|21.0684|33.4162|21.4567|27.1043|21.3912|120.7485|89.7802|146.1288|31.1496|136192.0000|2.4497|5.5146|1.3449|79.1699|915.8750|0.5127|0.4745|0.8116|0.0000|1188.0000|957.0000|359.3865|75.0000|5.0000|149.9442|150.4313|136.2564|3.5715|40.0000|4.8404|4.0978|40.0000|5.4758|0.0000|0.0000|0.0000|2017-08-24T07:12:55.969|Freshwater Lake - North America_images_000005.tif|E022A42C-44B9-4CDF-8EC8-5A02B1FD2A4E
1357|91|1275|33|117|143|1169|2383|1|1|0|0.7035|4.5000|0|0.0000|0.0000|0.0000|844.0000|108.0000|11.0000|71.0833|232.5685|220.1163|118.5348|9.5157|310.8974|19.8959|72.8123|4.5728|46.8414|19.8959|163.6119|151.6861|135.8780|20.5770|114681.0000|5.0998|13.9497|1.0786|63.2083|916.4060|0.0000|0.8194|0.1520|0.0000|917.0000|844.0000|310.8974|-85.0000|10.0000|138.6919|139.3128|128.0391|4.2168|49.0000|5.6763|4.3806|49.0000|5.8876|0.0000|0.0000|0.0000|2017-08-24T07:12:56.519|Freshwater Lake - North America_images_000005.tif|F934F181-1389-44A4-B74E-665110DC3B49
1358|126|1275|42|40|500|1474|2386|1|1|0|0.7035|4.5000|0|0.0000|0.0000|0.0000|660.0000|34.0000|27.0000|31.4444|104.1838|95.5227|32.1246|26.8222|233.1017|17.2277|20.7533|15.8287|18.9554|17.2277|73.2933|64.0345|127.8955|29.8812|84411.0000|1.3087|1.3942|1.1446|64.7742|917.4380|0.7765|0.6858|0.9596|0.0000|676.5000|660.0000|233.1017|50.0000|-70.0000|132.4409|131.0667|119.9636|3.7063|40.0000|5.0446|4.2311|40.0000|5.5517|0.0000|0.0000|0.0000|2017-08-24T07:12:57.545|Freshwater Lake - North America_images_000005.tif|AE9C0A60-0E6F-462A-9B37-7DAE0912F921
1359|170|1275|71|57|510|1420|2388|1|3|0|0.7035|4.5000|0|0.0000|0.0000|0.0000|991.0000|60.0000|45.0000|51.0000|183.6396|157.3381|54.2094|28.9919|374.0632|21.8237|39.0442|28.4917|32.7127|21.8237|129.1905|107.5216|151.2926|28.2618|149931.0000|2.7080|6.3500|1.2015|64.4909|917.6410|0.2580|0.3347|0.6678|0.0000|1651.0000|991.0000|374.0632|10.0000|-60.0000|152.8517|153.9617|145.4258|4.4256|47.0000|5.6981|4.7370|47.0000|6.0776|0.0000|0.0000|0.0000|2017-08-24T07:12:57.753|Freshwater Lake - North America_images_000005.tif|E2CC7748-A95B-4EA2-9A4F-8382CFC1299D
1360|243|1275|141|25|427|1181|2389|1|1|0|0.7035|4.5000|0|0.0000|0.0000|0.0000|1714.0000|131.0000|15.0000|88.4444|280.7696|274.9688|146.5335|15.3310|692.7249|29.6986|88.9928|7.3868|59.0549|29.6986|197.5214|190.2748|118.8821|18.7304|203764.0000|3.6600|9.3917|1.0381|51.2296|917.9220|0.0000|0.8511|0.2011|0.0000|1678.0000|1714.0000|692.7249|0.0000|-90.0000|122.4078|122.1826|111.1062|4.3361|90.0000|6.1466|4.5928|90.0000|6.3830|0.0000|0.0000|0.0000|2017-08-24T07:12:58.027|Freshwater Lake - North America_images_000005.tif|6C3D6577-2662-4B5F-916E-6FB3F0D9FC7B
1361|386|1275|66|44|888|1542|2391|1|1|0|0.7035|4.5000|0|0.0000|0.0000|0.0000|871.0000|60.0000|18.0000|44.5556|150.1249|136.9954|63.9583|17.8922|322.4401|20.2619|39.0442|9.4973|28.1791|20.2619|105.6129|93.2105|127.2331|35.4647|110820.0000|2.0591|4.2326|1.1331|78.4651|918.2030|0.1391|0.6812|0.5029|0.0000|890.0000|871.0000|322.4401|25.0000|-65.0000|135.2273|131.9242|114.9564|4.2096|56.0000|5.7996|3.8656|56.0000|5.0948|0.0000|0.0000|0.0000|2017-08-24T07:12:58.314|Freshwater Lake - North America_images_000005.tif|9F3D0659-9AFF-498C-9D2F-8942C7DBD25E
1362|454|1275|30|32|593|1754|2395|1|1|0|0.7035|4.5000|0|0.0000|0.0000|0.0000|288.0000|23.0000|18.0000|20.8889|67.6985|62.3445|20.4808|18.5389|83.4157|10.3057|13.0147|9.4973|11.5296|10.3057|47.6259|40.6936|123.9236|17.6975|35690.0000|1.2664|1.0000|1.1704|84.4915|921.3440|0.8085|0.6749|0.9610|0.0000|283.0000|288.0000|83.4157|-80.0000|45.0000|132.3785|129.3160|110.0972|4.0024|50.0000|5.5111|4.4373|50.0000|5.7808|0.0000|0.0000|0.0000|2017-08-24T07:13:01.430|Freshwater Lake - North America_images_000005.tif|FF53ADB1-7AEF-4F46-9883-451401C68018
1363|486|1275|68|72|543|1384|2395|1|2|0|0.7035|4.5000|0|0.0000|0.0000|0.0000|472.0000|81.0000|26.0000|57.7500|206.8528|178.6351|89.8290|24.2379|155.7094|14.0803|53.8178|15.1253|37.4614|14.0803|145.5209|122.5040|162.0106|22.3710|76469.0000|7.2139|20.6147|1.1879|50.2692|921.3440|0.0000|0.3404|0.1388|0.0000|1279.5000|472.0000|155.7094|35.0000|-40.0000|163.4301|165.7119|154.1949|4.0024|50.0000|5.5111|4.4373|50.0000|5.7808|0.0000|0.0000|0.0000|2017-08-24T07:13:01.430|Freshwater Lake - North America_images_000005.tif|662F28D7-AC9E-4027-8E62-19BF6EB1FCAD
1364|556|1275|37|32|727|464|2402|1|1|0|0.7035|4.5000|0|0.0000|0.0000|0.0000|369.0000|28.0000|20.0000|24.7222|83.9411|74.5122|27.2324|18.3605|114.6660|12.0829|16.5323|10.9043|14.2263|12.0829|59.0526|49.2536|120.6314|31.7614|44513.0000|1.5195|2.3479|1.1989|105.9054|923.3910|0.6563|0.6291|0.8711|0.0000|396.5000|369.0000|114.6660|20.0000|-80.0000|127.3577|125.0705|109.3848|3.9741|36.0000|5.2221|4.3481|36.0000|5.7016|0.0000|0.0000|0.0000|2017-08-24T07:13:03.495|Freshwater Lake - North America_images_000005.tif|83BA274E-F20C-4899-AB0B-B71DAE76CA54
1365|595|1275|48|62|588|1408|2403|1|1|0|0.7035|4.5000|0|0.0000|0.0000|0.0000|668.0000|57.0000|26.0000|43.7500|156.7107|134.4760|65.2883|23.1754|236.4483|17.3509|36.9338|15.1253|27.6124|17.3509|110.2460|91.4381|83.4566|42.8489|55749.0000|2.9256|7.0491|1.2057|167.9706|924.1880|0.0856|0.3148|0.3544|0.0000|1034.0000|668.0000|236.4483|-75.0000|30.0000|89.9296|87.8129|72.4251|4.6501|64.0000|6.2692|4.8679|64.0000|6.4194|0.0000|0.0000|0.0000|2017-08-24T07:13:04.312|Freshwater Lake - North America_images_000005.tif|3CAF5021-7D87-4DB7-992A-74415AB639C5
1366|645|1275|33|47|840|478|2405|1|1|0|0.7035|4.5000|0|0.0000|0.0000|0.0000|586.0000|38.0000|23.0000|30.9444|101.5980|93.7409|36.5171|20.9224|202.3324|16.0505|23.5673|13.0147|18.6036|16.0505|71.4742|62.7810|143.9949|27.2877|84381.0000|1.4017|1.8684|1.1385|59.0111|924.7500|0.5870|0.7112|0.8425|0.0000|600.5000|586.0000|202.3324|65.0000|0.0000|149.5580|146.8669|136.2611|2.9754|36.0000|3.5026|4.0653|36.0000|5.3367|0.0000|0.0000|0.0000|2017-08-24T07:13:04.856|Freshwater Lake - North America_images_000005.tif|B03E8BA1-4D94-4821-8B2D-002159CC2937
1367|680|1275|91|53|899|1450|2406|1|1|0|0.7035|4.5000|0|0.0000|0.0000|0.0000|2102.0000|88.0000|31.0000|66.3056|226.1249|205.5018|90.9301|31.3078|867.1962|33.2287|58.7422|18.6427|43.4802|33.2287|159.0789|141.4048|104.6156|37.1844|219902.0000|1.9358|3.8196|1.1250|92.5366|926.0780|0.1075|0.7540|0.5788|0.0000|2256.0000|2102.0000|867.1962|20.0000|-80.0000|110.9596|108.0775|95.4144|3.3010|42.0000|4.1516|4.2317|42.0000|5.6453|0.0000|0.0000|0.0000|2017-08-24T07:13:06.178|Freshwater Lake - North America_images_000005.tif|3B30A7FD-CA17-4392-9320-062D9EA2FEE1
1368|773|1275|26|71|880|1593|2409|1|1|0|0.7035|4.5000|0|0.0000|0.0000|0.0000|335.0000|61.0000|10.0000|41.3889|140.1838|127.1333|67.0995|7.1503|101.4168|11.3634|39.7478|3.8693|25.9513|11.3634|98.6193|86.2725|161.8955|30.6950|54235.0000|4.6681|12.5858|1.1431|85.3798|938.9840|0.0000|0.3633|0.1873|0.0000|391.0000|335.0000|101.4168|-90.0000|-10.0000|165.8567|167.3433|149.6388|4.4704|56.0000|5.9265|4.7053|56.0000|6.1193|0.0000|0.0000|0.0000|2017-08-24T07:13:19.086|Freshwater Lake - North America_images_000005.tif|592D39AC-557C-4308-B510-363BE6F44693
1369|801|1275|47|37|168|425|2409|1|1|0|0.7035|4.5000|0|0.0000|0.0000|0.0000|404.0000|38.0000|25.0000|31.8889|123.2965|97.0991|40.3076|23.4235|128.4732|12.7897|23.5673|14.4217|19.2681|12.7897|86.7391|65.1435|143.2698|39.6287|57881.0000|2.9944|7.2696|1.3315|78.3689|938.9840|0.2591|0.2441|0.4734|0.0000|580.0000|404.0000|128.4732|-30.0000|70.0000|146.3267|146.6411|135.4431|4.4704|56.0000|5.9265|4.7053|56.0000|6.1193|0.0000|0.0000|0.0000|2017-08-24T07:13:19.086|Freshwater Lake - North America_images_000005.tif|92796E11-2F2A-4F1E-8292-EF2C84046F32
1370|850|1275|64|56|276|1435|2410|1|1|0|0.7035|4.5000|0|0.0000|0.0000|0.0000|1545.0000|55.0000|45.0000|49.8333|163.7817|153.5169|52.5749|44.1333|617.3506|28.0363|35.5267|28.4917|31.8920|30.5970|115.2204|104.8334|95.1049|39.8566|146937.0000|1.1800|1.0000|1.0991|93.8511|939.0310|0.8126|0.8703|0.9777|0.0000|1805.0000|1809.0000|735.2736|15.0000|-80.0000|98.9074|99.4362|85.1799|4.7993|54.0000|6.2646|5.0388|54.0000|6.4660|0.0000|0.0000|0.0000|2017-08-24T07:13:19.129|Freshwater Lake - North America_images_000005.tif|0A98FE36-7A87-4393-97C1-BEC8C08DE6EE
1371|916|1275|30|29|240|1077|2410|1|1|0|0.7035|4.5000|0|0.0000|0.0000|0.0000|286.0000|23.0000|18.0000|19.8889|61.6985|59.8595|20.8890|17.6015|82.6589|10.2589|13.0147|9.4973|10.8261|10.2589|43.4049|38.9454|137.3077|16.4277|39270.0000|1.0592|1.0000|1.1145|60.2264|939.0310|0.8445|0.7519|0.9761|0.0000|266.5000|286.0000|82.6589|30.0000|-70.0000|142.0944|140.8357|128.5734|4.7993|54.0000|6.2646|5.0388|54.0000|6.4660|0.0000|0.0000|0.0000|2017-08-24T07:13:19.129|Freshwater Lake - North America_images_000005.tif|5FFF11D7-E6EB-4A2F-BDB2-7AE2FE3197FA
1372|948|1275|61|81|202|837|2410|1|2|0|0.7035|4.5000|0|0.0000|0.0000|0.0000|2400.0000|74.0000|50.0000|62.0833|220.9533|191.8985|63.3316|49.5344|1002.2763|35.7231|48.8933|32.0093|40.5099|35.7231|155.4406|131.8348|81.9992|44.6379|196798.0000|1.6188|2.7175|1.1791|83.7739|939.0310|0.6690|0.7586|0.9454|0.0000|2615.5000|2400.0000|1002.2763|-75.0000|0.0000|87.5812|85.9042|72.2429|4.7993|54.0000|6.2646|5.0388|54.0000|6.4660|0.0000|0.0000|0.0000|2017-08-24T07:13:19.129|Freshwater Lake - North America_images_000005.tif|F6B741DA-7962-4A47-ABDA-FD5EC81948AF
1373|1011|1275|48|132|218|587|2410|1|1|0|0.7035|4.5000|0|0.0000|0.0000|0.0000|941.0000|126.0000|15.0000|82.7778|282.1665|257.3078|130.7533|12.5531|352.4931|21.1851|85.4753|7.3868|55.0684|21.1851|198.5041|177.8503|157.9607|25.6839|148641.0000|6.7330|19.1001|1.1161|51.3268|939.0310|0.0000|0.1162|0.1389|0.0000|1286.5000|941.0000|352.4931|70.0000|-15.0000|159.0000|160.9649|151.7205|4.7993|54.0000|6.2646|5.0388|54.0000|6.4660|0.0000|0.0000|0.0000|2017-08-24T07:13:19.129|Freshwater Lake - North America_images_000005.tif|E1DA1F94-BB78-4F4A-B02C-16633789D6C8
