017
num-fields|65
id|int32
image_x|int32
image_y|int32
image_w|int32
image_h|int32
src_x|int32
src_y|int32
src_image|int32
cal_image|int32
ppc|int32
camera|int32
cal_const|double
fringe_size|double
sphere_count|int32
raw_sphere_volume|double
raw_sphere_complement|double
raw_sphere_unknown|double
raw_area|double
raw_feret_max|double
raw_feret_min|double
raw_feret_mean|double
raw_perimeter|double
raw_convex_perimeter|double
raw_legendre_major|double
raw_legendre_minor|double
abd_area|double
abd_diameter|double
length|double
width|double
esd_diameter|double
fd_diameter|double
perimeter|double
convex_perimeter|double
intensity|double
sigma_intensity|double
sum_intensity|double
compactness|double
elongation|double
roughness|double
edge_gradient|double
elapsed_time|double
circle_fit|double
symmetry|double
circularity_hu|double
intensity_calimage|double
raw_convex_hull_area|double
raw_filled_area|double
filled_area|double
feret_max_angle|double
feret_min_angle|double
avg_red|double
avg_green|double
avg_blue|double
ch1_peak|double
ch1_width|double
ch1_area|double
ch2_peak|double
ch2_width|double
ch2_area|double
ch3_peak|double
ch3_width|double
ch3_area|double
timestamp|timestamp
collage_file|string
image_id|guid
1|2|2|37|40|409|1434|32|1|1|0|0.7035|4.5000|0|0.0000|0.0000|0.0000|578.0000|33.0000|24.0000|28.9722|95.5980|87.8936|31.6836|23.5407|199.0276|15.9189|20.0497|13.7183|17.2162|15.9189|67.2532|58.6674|83.9740|34.9655|48537.0000|1.2582|1.0000|1.1463|119.0595|2.8750|0.7534|0.7524|0.9447|0.0000|574.5000|578.0000|199.0276|55.0000|-25.0000|90.4256|92.2024|65.3564|4.5163|36.0000|5.8176|4.2709|36.0000|5.3629|0.0000|0.0000|0.0000|2018-12-19T09:00:02.993|10X_100FOV_FlowCam Cyano Sample Run_images_000001.tif|3D7D75C3-35DE-4846-90EC-EC2BB94F13CA
2|41|2|118|145|944|1114|33|1|1|0|0.7035|4.5000|0|0.0000|0.0000|0.0000|7029.0000|140.0000|67.0000|112.5556|381.7716|350.7421|137.9498|69.2061|3155.6594|63.3870|95.3243|43.9688|76.0171|64.3318|268.5763|243.5813|129.7463|37.6571|911987.0000|1.6042|2.6644|1.1026|69.5482|4.4210|0.3076|0.7391|0.7729|0.0000|7471.5000|7230.0000|3250.4382|-75.0000|35.0000|140.4483|135.3826|114.5906|4.8296|153.0000|6.6382|4.3728|153.0000|6.2598|0.0000|0.0000|0.0000|2018-12-19T09:00:04.538|10X_100FOV_FlowCam Cyano Sample Run_images_000001.tif|D6A338F9-8181-40A8-ACCF-1FAACE34D2EB
3|161|2|62|58|941|1315|34|1|1|0|0.7035|4.5000|0|0.0000|0.0000|0.0000|1708.0000|56.0000|48.0000|52.4444|212.5097|161.4417|49.8046|48.2201|690.0417|29.6410|36.2302|30.6023|33.7289|30.8851|149.5006|110.4085|132.7523|33.9342|226741.0000|1.9531|3.8781|1.3541|51.7419|5.6090|0.8083|0.7645|0.9750|0.0000|1988.5000|1840.0000|749.1834|-30.0000|-90.0000|135.2453|135.1604|127.0878|3.6101|35.0000|4.1481|4.1178|35.0000|5.4208|0.0000|0.0000|0.0000|2018-12-19T09:00:05.733|10X_100FOV_FlowCam Cyano Sample Run_images_000001.tif|A43EA2A2-C4A8-4C46-A26B-838F1B5B315B
4|225|2|261|174|252|1448|35|1|2|0|0.7035|4.5000|0|0.0000|0.0000|0.0000|5049.0000|267.0000|99.0000|198.3889|924.3057|619.9257|300.6743|88.2123|2226.1926|53.2398|184.6688|66.4808|136.4008|53.2398|650.2491|432.9520|142.7435|40.0800|720712.0000|13.4653|40.2777|1.5019|68.5057|7.4060|0.0000|0.0139|0.1309|0.0000|17065.5000|5049.0000|2226.1926|20.0000|-70.0000|143.5361|148.0313|132.0562|4.9489|161.0000|6.5297|5.3629|161.0000|6.9775|0.0000|0.0000|0.0000|2018-12-19T09:00:07.542|10X_100FOV_FlowCam Cyano Sample Run_images_000001.tif|0A5CC72D-6A86-4F99-A637-5E1F093FC9C6
5|488|2|99|158|970|931|36|1|1|0|0.7035|4.5000|0|0.0000|0.0000|0.0000|5549.0000|162.0000|56.0000|114.6111|411.9310|356.6604|148.2941|50.9909|2460.0881|55.9668|110.8012|36.2302|77.4632|56.4550|289.7935|247.7448|115.4001|39.9117|640355.0000|2.3938|5.3327|1.1697|63.0698|7.4840|0.0201|0.6527|0.5841|0.0000|5921.0000|5641.0000|2503.1924|65.0000|-35.0000|128.2377|122.1254|97.3121|4.9928|127.0000|6.7629|4.1034|127.0000|5.5607|0.0000|0.0000|0.0000|2018-12-19T09:00:07.618|10X_100FOV_FlowCam Cyano Sample Run_images_000001.tif|B95A5F93-D5C9-4628-9999-49B9F10E7246
6|589|2|48|41|524|882|36|1|1|0|0.7035|4.5000|0|0.0000|0.0000|0.0000|845.0000|40.0000|31.0000|36.2222|137.9828|110.7253|40.1222|28.5813|311.3244|19.9096|24.9743|18.6427|22.3166|19.9096|97.0709|74.7295|134.9160|46.9216|114004.0000|1.7930|3.3329|1.2990|74.7107|7.4840|0.5738|0.5571|0.8867|0.0000|912.5000|845.0000|311.3244|-40.0000|-90.0000|139.8746|138.6462|125.7527|4.9928|127.0000|6.7629|4.1034|127.0000|5.5607|0.0000|0.0000|0.0000|2018-12-19T09:00:07.618|10X_100FOV_FlowCam Cyano Sample Run_images_000001.tif|38201D77-B1B8-4CB2-BD65-49ACB51811FA
7|639|2|146|434|107|567|38|1|1|0|0.7035|4.5000|0|0.0000|0.0000|0.0000|15796.0000|429.0000|122.0000|300.0833|1121.6610|939.4990|490.0526|105.9270|7329.3823|96.6026|298.6358|82.6612|207.9429|96.7635|789.0885|657.7718|80.3265|37.7132|1268838.0000|6.3178|17.7918|1.1996|127.3306|7.8280|0.0000|0.3314|0.1605|0.0000|35223.5000|15847.0000|7353.8226|80.0000|-5.0000|82.3790|82.6982|74.8979|3.6116|203.0000|4.9327|4.7167|203.0000|6.6605|0.0000|0.0000|0.0000|2018-12-19T09:00:07.954|10X_100FOV_FlowCam Cyano Sample Run_images_000001.tif|7633D2E7-67C3-4335-A34B-3350DE64A592
8|787|2|91|120|873|1293|39|1|1|0|0.7035|4.5000|0|0.0000|0.0000|0.0000|5732.0000|114.0000|79.0000|98.1111|379.9483|304.9119|117.0058|69.5576|2545.8476|56.9339|77.0332|52.4108|65.8554|56.9339|267.2936|211.3398|81.6518|38.4412|468028.0000|2.0042|4.0493|1.2648|109.4134|8.3750|0.2299|0.3653|0.7878|0.0000|6610.5000|5732.0000|2545.8476|55.0000|-25.0000|88.7432|86.5321|69.3910|5.0448|122.0000|6.9320|5.3539|122.0000|7.2359|0.0000|0.0000|0.0000|2018-12-19T09:00:08.491|10X_100FOV_FlowCam Cyano Sample Run_images_000001.tif|79A1EA79-060E-48F1-B541-C079050985B9
9|880|2|205|125|571|1431|40|1|1|0|0.7035|4.5000|0|0.0000|0.0000|0.0000|3848.0000|195.0000|114.0000|149.8889|986.0042|468.1114|174.2849|113.3006|1667.4249|46.0764|134.0168|77.0332|102.2811|46.3507|693.6540|326.1506|139.1336|40.6045|535386.0000|19.8832|60.4484|2.1268|81.0520|8.6250|0.0000|0.3094|0.2293|0.0000|13858.0000|3891.0000|1687.3418|0.0000|85.0000|147.5434|145.1297|124.1627|3.9708|56.0000|5.4779|4.1349|56.0000|5.1306|0.0000|0.0000|0.0000|2018-12-19T09:00:08.736|10X_100FOV_FlowCam Cyano Sample Run_images_000001.tif|4875E615-4212-439D-A2EA-B3E17BA854A2
10|1087|2|23|64|970|1130|41|1|1|0|0.7035|4.5000|0|0.0000|0.0000|0.0000|575.0000|54.0000|13.0000|39.0556|130.1838|119.7620|59.5398|12.9232|197.7895|15.8693|34.8233|5.9798|24.3099|15.8693|91.5843|81.0868|141.3965|42.0656|81303.0000|2.3455|5.1754|1.1295|88.4538|8.9680|0.0665|0.7136|0.3945|0.0000|578.0000|575.0000|197.7895|-90.0000|0.0000|138.7252|142.8626|139.5513|4.5217|70.0000|6.1550|4.8143|70.0000|6.4866|0.0000|0.0000|0.0000|2018-12-19T09:00:09.079|10X_100FOV_FlowCam Cyano Sample Run_images_000001.tif|90BF7720-4FC6-4E8E-801B-EAE4E1D1BEFC
11|1112|2|103|107|799|1322|42|1|1|0|0.7035|4.5000|0|0.0000|0.0000|0.0000|6432.0000|100.0000|83.0000|93.7222|316.8772|291.2788|97.4567|84.4138|2874.5630|60.4980|67.1843|55.2248|62.7678|60.4980|222.9231|201.7489|75.5159|37.4197|485718.0000|1.2423|1.0000|1.1050|118.8507|10.0000|0.8299|0.8967|0.9853|0.0000|6498.0000|6432.0000|2874.5630|-50.0000|35.0000|89.6996|82.7015|55.9815|4.9932|102.0000|6.7846|4.2918|102.0000|5.9597|0.0000|0.0000|0.0000|2018-12-19T09:00:10.119|10X_100FOV_FlowCam Cyano Sample Run_images_000001.tif|6C153D37-E355-4200-83A4-8293EB6D1BA4
12|1217|2|87|87|161|1259|43|1|1|0|0.7035|4.5000|0|0.0000|0.0000|0.0000|3970.0000|79.0000|67.0000|74.5556|269.0366|230.8848|73.9972|68.7483|1723.9528|46.8509|52.4108|43.9688|49.2841|46.8509|189.2672|159.2617|85.9204|31.5500|341104.0000|1.4508|2.0764|1.1884|108.2704|10.5930|0.8609|0.8809|0.9909|0.0000|4066.5000|3970.0000|1723.9528|10.0000|60.0000|98.9169|93.4378|66.2005|4.5740|81.0000|6.2941|4.1962|81.0000|5.7641|0.0000|0.0000|0.0000|2018-12-19T09:00:10.701|10X_100FOV_FlowCam Cyano Sample Run_images_000001.tif|23B18835-340F-4CF6-A676-DBDC1A5B448A
13|1306|2|116|117|169|1029|44|1|1|0|0.7035|4.5000|0|0.0000|0.0000|0.0000|8199.0000|109.0000|104.0000|106.1667|380.1909|330.4086|104.3944|101.4017|3708.2226|68.7128|73.5157|69.9982|71.5225|69.0627|267.4643|229.2767|79.6161|39.0325|652772.0000|1.3894|1.8133|1.1666|118.9024|10.7030|0.8647|0.8284|0.9954|0.0000|8542.0000|8279.0000|3746.0760|20.0000|-65.0000|88.2121|84.6967|66.3760|4.8948|133.0000|6.7284|4.2652|133.0000|6.0874|0.0000|0.0000|0.0000|2018-12-19T09:00:10.819|10X_100FOV_FlowCam Cyano Sample Run_images_000001.tif|9CE8CA73-DF48-4486-99AE-AF267540ED56
14|1424|2|33|75|903|1191|45|1|2|0|0.7035|4.5000|0|0.0000|0.0000|0.0000|980.0000|65.0000|22.0000|48.0278|148.4264|147.6668|59.6640|21.9620|369.3108|21.6846|42.5618|12.3113|30.6218|21.6846|104.4180|100.7178|141.8316|51.9903|138995.0000|1.7889|3.3187|1.0367|56.3750|11.1870|0.1633|0.7141|0.6174|0.0000|1062.0000|980.0000|369.3108|75.0000|0.0000|144.1255|144.9786|134.7306|4.0576|64.0000|5.6804|4.3964|64.0000|6.0144|0.0000|0.0000|0.0000|2018-12-19T09:00:11.299|10X_100FOV_FlowCam Cyano Sample Run_images_000001.tif|CC9834E8-D56B-40CF-852A-102F5759FF8D
15|1459|2|59|323|268|1318|46|1|1|0|0.7035|4.5000|0|0.0000|0.0000|0.0000|2986.0000|314.0000|49.0000|206.9722|710.5168|647.0911|365.1639|40.7262|1269.9740|40.2117|217.7332|31.3057|142.4392|40.2117|499.8486|452.0628|137.6845|33.9142|411126.0000|13.4539|40.2419|1.1057|91.7776|11.2960|0.0000|0.2874|0.0563|0.0000|9010.0000|2986.0000|1269.9740|85.0000|0.0000|141.5941|144.4136|122.9943|3.9416|120.0000|5.8339|4.3192|120.0000|6.1485|0.0000|0.0000|0.0000|2018-12-19T09:00:11.425|10X_100FOV_FlowCam Cyano Sample Run_images_000001.tif|CB0996FC-0E48-4C50-ABB5-092A69839155
16|1520|2|30|42|612|1015|47|1|1|0|0.7035|4.5000|0|0.0000|0.0000|0.0000|449.0000|33.0000|18.0000|26.6111|83.5980|80.3131|32.8947|17.7517|146.4421|13.6549|20.0497|9.4973|15.5552|13.6549|58.8112|53.3345|66.2762|41.8843|29758.0000|1.2386|1.0000|1.1027|153.1528|11.5460|0.5696|0.7085|0.8183|0.0000|433.0000|449.0000|146.4421|-80.0000|15.0000|66.9198|66.7127|65.1069|3.0892|33.0000|3.9361|4.1876|33.0000|5.3099|0.0000|0.0000|0.0000|2018-12-19T09:00:11.670|10X_100FOV_FlowCam Cyano Sample Run_images_000001.tif|881DE4CD-3131-4180-81F6-0EF7B96DE114
17|1552|2|36|85|137|1110|48|1|1|0|0.7035|4.5000|0|0.0000|0.0000|0.0000|781.0000|76.0000|21.0000|53.3056|180.3675|164.5755|83.9166|16.7257|284.0810|19.0185|50.3002|11.6077|34.3347|19.0185|126.8885|112.6131|140.8963|41.7641|110040.0000|3.3148|8.2931|1.1268|89.3481|13.0620|0.0000|0.1135|0.2716|0.0000|1133.5000|781.0000|284.0810|-85.0000|10.0000|139.6120|145.7900|131.7964|4.4737|46.0000|5.8978|5.0251|46.0000|6.3868|0.0000|0.0000|0.0000|2018-12-19T09:00:13.187|10X_100FOV_FlowCam Cyano Sample Run_images_000001.tif|F4E90717-4D71-49C6-BD3D-BC184DF00413
18|1590|2|46|153|653|1300|49|1|1|0|0.7035|4.5000|0|0.0000|0.0000|0.0000|1933.0000|145.0000|22.0000|97.1667|327.2376|302.2089|158.4733|16.9264|790.9838|31.7350|98.8418|12.3113|65.1910|31.7350|230.2117|209.4382|146.2975|46.5827|282793.0000|4.4084|11.7645|1.0992|64.5522|13.8590|0.0000|0.5449|0.1938|0.0000|2336.5000|1933.0000|790.9838|80.0000|-10.0000|149.6968|151.0693|135.6777|4.0211|130.0000|5.9616|4.3561|130.0000|6.2812|0.0000|0.0000|0.0000|2018-12-19T09:00:13.971|10X_100FOV_FlowCam Cyano Sample Run_images_000001.tif|48ACE363-DE68-4C1F-9F66-8F17DCA0A476
19|1638|2|39|85|760|1309|50|1|1|0|0.7035|4.5000|0|0.0000|0.0000|0.0000|1073.0000|77.0000|19.0000|54.3333|178.8112|167.4753|83.3262|16.9898|409.6070|22.8370|51.0038|10.2007|35.0577|22.8370|125.7937|114.6531|148.8155|46.8921|159679.0000|2.3713|5.2594|1.0972|48.4161|14.3750|0.0000|0.7969|0.3778|0.0000|1114.0000|1073.0000|409.6070|75.0000|-15.0000|152.2908|153.1771|138.9832|3.9109|92.0000|5.5559|4.2749|92.0000|6.0121|0.0000|0.0000|0.0000|2018-12-19T09:00:14.486|10X_100FOV_FlowCam Cyano Sample Run_images_000001.tif|6E40B221-9FB7-4EC9-BC27-4ACD2F606293
20|1679|2|80|78|619|1481|51|1|1|0|0.7035|4.5000|0|0.0000|0.0000|0.0000|2552.0000|71.0000|68.0000|69.7222|245.8234|216.1789|68.0036|67.8012|1071.4731|36.9356|46.7828|44.6722|45.8838|44.4896|172.9368|148.9161|121.8864|39.6027|311054.0000|1.3343|1.5442|1.1613|85.1389|14.6710|0.9060|0.8918|0.9952|0.0000|3663.0000|3604.0000|1554.5570|-65.0000|-90.0000|128.7190|127.7469|107.8045|4.5330|71.0000|6.1771|4.7947|71.0000|6.4505|0.0000|0.0000|0.0000|2018-12-19T09:00:14.801|10X_100FOV_FlowCam Cyano Sample Run_images_000001.tif|8024032B-1326-4578-96B0-E278A1138324
21|1761|2|59|281|715|1367|52|1|1|0|0.7035|4.5000|0|0.0000|0.0000|0.0000|3199.0000|271.0000|49.0000|180.5000|628.8600|563.7779|304.1564|45.6095|1367.8294|41.7322|187.4828|31.3057|123.8160|41.7322|442.4030|393.4520|142.5108|42.4167|455892.0000|9.8375|28.8707|1.1244|81.7709|17.5310|0.0000|0.3017|0.0861|0.0000|8005.0000|3199.0000|1367.8294|-90.0000|0.0000|146.1519|147.9816|130.3873|4.0584|223.0000|6.2051|4.4382|223.0000|6.5965|0.0000|0.0000|0.0000|2018-12-19T09:00:17.642|10X_100FOV_FlowCam Cyano Sample Run_images_000001.tif|20AEDFC9-8BAF-4126-AF66-50C922234A6A
22|1822|2|33|57|822|1197|53|1|1|0|0.7035|4.5000|0|0.0000|0.0000|0.0000|769.0000|49.0000|21.0000|37.2778|129.2548|114.0561|48.7620|20.5999|278.9929|18.8474|31.3057|11.6077|23.0592|18.8474|90.9308|77.0727|144.9402|53.4651|111459.0000|1.7288|3.1098|1.1798|47.3707|19.3590|0.3747|0.7497|0.6989|0.0000|769.5000|769.0000|278.9929|70.0000|-10.0000|147.1912|148.2445|137.5345|3.8026|1.0000|3.8026|4.0163|1.0000|4.0163|0.0000|0.0000|0.0000|2018-12-19T09:00:19.487|10X_100FOV_FlowCam Cyano Sample Run_images_000001.tif|081886D9-C84E-4671-AA43-B968547253B6
23|1857|2|55|40|654|1406|54|1|1|0|0.7035|4.5000|0|0.0000|0.0000|0.0000|879.0000|48.0000|24.0000|37.4444|119.6396|114.7286|48.2640|23.3126|325.8656|20.3692|30.6023|13.7183|23.1764|20.3692|84.1665|77.5458|84.5358|29.0751|74307.0000|1.2958|1.3043|1.0854|131.3267|20.0460|0.4729|0.8319|0.7791|0.0000|850.0000|879.0000|325.8656|-40.0000|55.0000|94.1183|90.7600|68.6644|4.3381|38.0000|5.7242|3.6801|38.0000|4.6840|0.0000|0.0000|0.0000|2018-12-19T09:00:20.167|10X_100FOV_FlowCam Cyano Sample Run_images_000001.tif|29A3CE91-1A08-4B6B-8383-41B26F7D2F62
24|1914|2|30|31|1015|1137|55|1|1|0|0.7035|4.5000|0|0.0000|0.0000|0.0000|276.0000|23.0000|19.0000|20.7222|73.1127|62.0841|21.2511|17.6747|78.8872|10.0221|13.0147|10.2007|11.4123|10.0221|51.4348|40.5104|132.3370|55.4938|36525.0000|1.5412|2.4305|1.2697|75.6094|21.0460|0.7522|0.5751|0.9199|0.0000|291.0000|276.0000|78.8872|55.0000|5.0000|135.3333|133.8261|128.2971|4.0494|44.0000|5.4847|4.4941|44.0000|5.9147|0.0000|0.0000|0.0000|2018-12-19T09:00:21.172|10X_100FOV_FlowCam Cyano Sample Run_images_000001.tif|C58B330D-7959-4B9B-B945-ED3FC2925571
25|1946|2|25|43|1043|942|55|1|1|0|0.7035|4.5000|0|0.0000|0.0000|0.0000|362.0000|33.0000|15.0000|25.2222|81.3553|76.0800|33.2328|14.0526|111.9243|11.9376|20.0497|7.3868|14.5781|11.9376|57.2335|50.3565|142.2182|44.2229|51483.0000|1.4550|2.0932|1.1366|84.8169|21.0460|0.4643|0.7853|0.7081|0.0000|355.0000|362.0000|111.9243|-90.0000|0.0000|144.2210|145.9834|134.0967|4.0494|44.0000|5.4847|4.4941|44.0000|5.9147|0.0000|0.0000|0.0000|2018-12-19T09:00:21.172|10X_100FOV_FlowCam Cyano Sample Run_images_000001.tif|09EDC12A-40D6-4D7C-85DB-9C9ECCBEBE8F
26|2|438|152|83|457|1577|57|1|3|0|0.7035|4.5000|0|0.0000|0.0000|0.0000|5741.0000|147.0000|65.0000|119.0833|774.5757|370.9196|140.3205|62.0713|2550.0673|56.9811|100.2488|42.5618|80.6094|60.1357|544.9140|257.7762|133.5043|22.4616|766448.0000|7.5081|21.5409|2.1139|39.2789|23.0460|0.2554|0.6720|0.6878|0.0000|7850.5000|6359.0000|2840.2361|30.0000|-85.0000|141.4097|138.3761|120.9159|4.8698|47.0000|6.2783|3.6558|47.0000|4.6622|0.0000|0.0000|0.0000|2018-12-19T09:00:23.146|10X_100FOV_FlowCam Cyano Sample Run_images_000001.tif|6EF46CCD-D482-41C0-97D3-1184D3EC1FA8
27|156|438|129|141|461|1235|60|1|1|0|0.7035|4.5000|0|0.0000|0.0000|0.0000|10708.0000|138.0000|114.0000|126.1111|461.7889|392.8968|126.0700|112.0312|4898.9125|78.9778|93.9172|77.0332|85.5534|79.8629|324.8685|273.2371|85.0046|43.4877|910229.0000|1.5512|2.4680|1.1890|158.0427|24.2180|0.7797|0.8092|0.9794|0.0000|11479.0000|10940.0000|5009.3308|70.0000|15.0000|92.8345|89.2016|73.7838|4.4835|86.0000|6.2025|4.4115|86.0000|6.0104|0.0000|0.0000|0.0000|2018-12-19T09:00:24.331|10X_100FOV_FlowCam Cyano Sample Run_images_000001.tif|1D6DFA99-52B2-4E41-8769-DAEC8E56A9BE
28|287|438|129|124|333|1463|62|1|1|0|0.7035|4.5000|0|0.0000|0.0000|0.0000|3628.0000|122.0000|106.0000|115.8333|569.0021|360.8567|129.0529|96.1470|1565.6471|44.6480|82.6612|71.4052|78.3230|44.6480|400.2930|250.6969|138.3721|50.0202|502014.0000|7.1015|20.2607|1.5967|59.7395|24.7650|0.0566|0.3143|0.3567|0.0000|7940.0000|3628.0000|1565.6471|70.0000|-30.0000|144.4355|143.0105|126.9396|3.8075|41.0000|5.3326|3.7392|41.0000|4.8997|0.0000|0.0000|0.0000|2018-12-19T09:00:24.884|10X_100FOV_FlowCam Cyano Sample Run_images_000001.tif|12B747BE-F039-4914-858C-57FF2CC40671
29|418|438|125|121|303|1277|63|1|1|0|0.7035|4.5000|0|0.0000|0.0000|0.0000|8588.0000|132.0000|104.0000|117.1389|471.7056|364.7172|112.9691|102.5680|3892.3625|70.3982|89.6963|69.9982|79.2415|70.9402|331.8449|253.4128|93.6784|38.3906|804510.0000|2.0317|4.1414|1.3095|109.9597|25.1710|0.6674|0.6907|0.9532|0.0000|9782.0000|8715.0000|3952.5214|-55.0000|75.0000|104.2322|99.3826|78.4616|4.7253|99.0000|6.4819|4.2751|99.0000|5.9531|0.0000|0.0000|0.0000|2018-12-19T09:00:25.310|10X_100FOV_FlowCam Cyano Sample Run_images_000001.tif|B61A8DCE-361A-4233-8647-7029E56DB85C
30|545|438|226|152|205|1445|64|1|2|0|0.7035|4.5000|0|0.0000|0.0000|0.0000|4348.0000|217.0000|135.0000|170.9722|1071.0580|534.2034|200.4249|114.5991|1899.4579|49.1779|149.4938|91.8068|117.1132|49.3041|753.4893|372.6463|133.9699|34.6485|582501.0000|20.8946|63.6266|2.0220|94.0877|25.5000|0.0000|0.3421|0.2087|0.0000|18174.0000|4369.0000|1909.2233|-5.0000|-65.0000|141.7622|139.4552|120.2249|4.0479|51.0000|5.5294|4.0791|51.0000|5.0857|0.0000|0.0000|0.0000|2018-12-19T09:00:25.637|10X_100FOV_FlowCam Cyano Sample Run_images_000001.tif|6874DF45-893A-4B84-ADBC-52927FE95545
31|773|438|39|31|758|1220|66|1|1|0|0.7035|4.5000|0|0.0000|0.0000|0.0000|447.0000|30.0000|21.0000|25.8889|85.1127|77.9863|28.2766|20.4930|145.6387|13.6174|17.9393|11.6077|15.0471|13.6174|59.8768|51.6976|140.8881|53.4466|62977.0000|1.2896|1.2543|1.1582|69.8816|27.3590|0.7522|0.8016|0.9334|0.0000|445.5000|447.0000|145.6387|5.0000|-90.0000|143.6443|144.3982|132.9172|3.8356|40.0000|5.2302|4.2142|40.0000|5.6593|0.0000|0.0000|0.0000|2018-12-19T09:00:27.500|10X_100FOV_FlowCam Cyano Sample Run_images_000001.tif|12549B11-9E6A-4096-B098-ECFCFE6C745D
32|814|438|164|158|805|1359|67|1|1|0|0.7035|4.5000|0|0.0000|0.0000|0.0000|4474.0000|210.0000|118.0000|159.8333|1052.3229|498.9163|186.0460|112.4881|1958.0723|49.9309|144.5693|79.8473|109.2770|50.6383|740.3092|347.8219|142.7801|36.6056|638798.0000|19.1821|58.2453|2.1284|73.4211|27.7030|0.0000|0.4344|0.2475|0.0000|15213.0000|4594.0000|2013.9443|40.0000|-35.0000|150.3418|147.5326|130.5706|4.0582|79.0000|5.7014|3.9015|79.0000|5.1356|0.0000|0.0000|0.0000|2018-12-19T09:00:27.835|10X_100FOV_FlowCam Cyano Sample Run_images_000001.tif|6B8E8B74-697C-496B-A050-5AD4B7B26B59
33|980|438|197|137|132|1263|70|1|1|0|0.7035|4.5000|0|0.0000|0.0000|0.0000|8730.0000|201.0000|67.0000|151.9444|554.7422|473.9752|216.3087|58.4224|3959.6281|71.0039|138.2378|43.9688|103.7271|72.5968|390.2611|330.2758|138.2782|41.4862|1207169.0000|2.6884|6.2870|1.1816|92.6972|31.6400|0.0000|0.6818|0.4620|0.0000|10528.5000|9109.0000|4139.2789|-30.0000|65.0000|137.4392|141.4853|132.3247|3.5157|1.0000|3.5157|3.7778|1.0000|3.7778|0.0000|0.0000|0.0000|2018-12-19T09:00:31.778|10X_100FOV_FlowCam Cyano Sample Run_images_000001.tif|76A430B3-4B21-4174-A32A-C2077CC0E6A2
34|1179|438|31|100|582|1565|72|1|1|0|0.7035|4.5000|0|0.0000|0.0000|0.0000|1134.0000|91.0000|16.0000|62.0833|206.4680|192.2333|98.2463|15.1730|436.1720|23.5659|60.8528|8.0903|40.5099|23.6718|145.2502|132.0704|139.2787|44.6415|157942.0000|2.9679|7.1848|1.0998|57.8717|33.6560|0.0000|0.7289|0.2945|0.0000|1183.5000|1143.0000|440.0997|-80.0000|5.0000|141.5838|144.5397|128.0908|4.2177|84.0000|5.8271|4.6203|84.0000|6.3058|0.0000|0.0000|0.0000|2018-12-19T09:00:33.777|10X_100FOV_FlowCam Cyano Sample Run_images_000001.tif|5DE521B5-52FB-492A-91A9-44BEBB73F318
35|1212|438|245|240|125|1241|73|1|1|0|0.7035|4.5000|0|0.0000|0.0000|0.0000|5321.0000|237.0000|182.0000|219.2222|1374.1535|685.7023|201.3152|177.1566|2353.3525|54.7392|163.5637|124.8713|151.0571|55.5336|966.7170|479.2258|138.3561|34.7274|736193.0000|27.4810|84.3222|2.0172|77.2750|34.6400|0.0000|0.2769|0.1936|0.0000|30582.0000|5468.0000|2422.1542|75.0000|-40.0000|145.1415|143.5914|125.4774|3.8361|50.0000|5.4252|4.1839|50.0000|5.1543|0.0000|0.0000|0.0000|2018-12-19T09:00:34.782|10X_100FOV_FlowCam Cyano Sample Run_images_000001.tif|D699F625-09B6-4DEF-B4BD-F8175CB553CB
36|1459|438|104|364|311|1216|75|1|1|0|0.7035|4.5000|0|0.0000|0.0000|0.0000|3879.0000|364.0000|49.0000|238.1389|821.9138|744.9130|424.4169|39.4795|1681.7828|46.2743|252.9083|31.3057|164.3650|46.2743|578.2164|520.8805|139.0085|40.7862|539214.0000|13.8587|41.5143|1.1101|108.3365|34.8900|0.0000|0.1924|0.0544|0.0000|11042.0000|3879.0000|1681.7828|75.0000|-10.0000|140.9961|143.0394|130.3403|3.7682|142.0000|5.7471|4.2664|142.0000|6.1626|0.0000|0.0000|0.0000|2018-12-19T09:00:35.030|10X_100FOV_FlowCam Cyano Sample Run_images_000001.tif|B0EEAF82-8598-4437-B715-D4F8F5B0DDC1
37|1565|438|224|127|523|1462|77|1|1|0|0.7035|4.5000|0|0.0000|0.0000|0.0000|5174.0000|218.0000|117.0000|164.9167|1121.2174|514.9064|196.8181|104.0813|2284.6057|53.9338|150.1972|79.1437|112.8531|53.9338|788.7764|359.0709|135.8446|43.0792|702860.0000|19.3350|58.7256|2.1967|80.3887|35.7650|0.0000|0.1524|0.2658|0.0000|16339.5000|5174.0000|2284.6057|-15.0000|-90.0000|144.6424|142.1927|120.0207|4.2176|42.0000|5.6346|3.8432|42.0000|4.7489|0.0000|0.0000|0.0000|2018-12-19T09:00:35.872|10X_100FOV_FlowCam Cyano Sample Run_images_000001.tif|462CECE7-E5FC-44D9-B680-1785822CDBC1
38|1791|438|176|168|527|1503|79|1|1|0|0.7035|4.5000|0|0.0000|0.0000|0.0000|12318.0000|169.0000|105.0000|149.8333|787.8620|467.5338|154.9263|112.5498|5666.0877|84.9370|115.7258|70.7018|102.2420|87.4718|554.2609|325.7443|133.1340|28.3767|1639945.0000|3.7889|9.8011|1.7015|68.2301|36.4060|0.2684|0.5165|0.9053|0.0000|14087.5000|13037.0000|6009.3247|65.0000|-55.0000|143.1245|139.0580|117.6910|4.6432|97.0000|6.4397|3.8999|97.0000|5.4674|0.0000|0.0000|0.0000|2018-12-19T09:00:36.534|10X_100FOV_FlowCam Cyano Sample Run_images_000001.tif|B40B9DC5-92AB-4803-8C8F-225B5918ACF8
39|1969|438|59|66|245|476|79|1|2|0|0.7035|4.5000|0|0.0000|0.0000|0.0000|1140.0000|59.0000|45.0000|52.3333|305.6640|161.3769|59.0846|39.8180|438.7903|23.6365|38.3407|28.4917|33.6507|26.9574|215.0346|110.3629|157.4886|30.5022|179537.0000|5.1632|14.1499|1.9484|63.3194|36.4060|0.1957|0.3014|0.7223|0.0000|1979.5000|1440.0000|570.7500|-70.0000|15.0000|157.7737|158.6912|155.0316|4.6432|97.0000|6.4397|3.8999|97.0000|5.4674|0.0000|0.0000|0.0000|2018-12-19T09:00:36.534|10X_100FOV_FlowCam Cyano Sample Run_images_000001.tif|669710BF-A879-4140-8C22-2249E923E793
40|2|804|167|173|135|1264|84|1|8|0|0.7035|4.5000|0|0.0000|0.0000|0.0000|12001.0000|187.0000|130.0000|159.8056|1467.3839|499.0382|140.8184|135.3729|5514.8746|83.7959|128.3888|88.2892|109.2575|86.5072|1032.3046|347.9076|133.5777|28.4704|1603066.0000|13.4274|40.1586|2.9672|52.5189|38.8590|0.1915|0.4157|0.8517|0.0000|17178.5000|12761.0000|5877.5254|-40.0000|20.0000|139.6469|138.3361|121.9366|4.5192|124.0000|6.3893|3.8920|124.0000|5.4328|0.0000|0.0000|0.0000|2018-12-19T09:00:38.986|10X_100FOV_FlowCam Cyano Sample Run_images_000001.tif|28D76E58-92FF-4A7D-9D48-BB077846CA28
41|171|804|31|102|468|1550|85|1|1|0|0.7035|4.5000|0|0.0000|0.0000|0.0000|1506.0000|93.0000|21.0000|65.2500|212.3259|201.8844|100.6680|19.8908|600.0199|27.6400|62.2598|11.6077|42.7376|27.6400|149.3713|138.8599|131.9741|44.0764|198753.0000|2.3822|5.2949|1.0757|54.8122|40.2650|0.0000|0.6683|0.3642|0.0000|1575.0000|1506.0000|600.0199|85.0000|0.0000|133.4077|137.3373|120.8858|4.2612|78.0000|5.9725|4.6040|78.0000|6.3013|0.0000|0.0000|0.0000|2018-12-19T09:00:40.379|10X_100FOV_FlowCam Cyano Sample Run_images_000001.tif|23B2ABB0-9683-446E-8D7D-41169641A84C
42|204|804|36|123|667|1318|87|1|1|0|0.7035|4.5000|0|0.0000|0.0000|0.0000|1199.0000|115.0000|17.0000|77.5000|255.8822|240.3645|129.9426|13.1320|464.5846|24.3213|77.7368|8.7937|51.3555|24.3213|180.0131|165.9307|138.9008|44.3847|166542.0000|4.3456|11.5657|1.0849|115.5169|43.2340|0.0000|0.5612|0.1790|0.0000|1390.5000|1199.0000|464.5846|80.0000|-10.0000|139.0334|140.2152|136.2786|4.0840|107.0000|5.9047|4.4629|107.0000|6.3153|0.0000|0.0000|0.0000|2018-12-19T09:00:43.355|10X_100FOV_FlowCam Cyano Sample Run_images_000001.tif|D3033D80-2C23-4280-98D9-46155EEE0FF7
43|242|804|33|77|553|1203|88|1|1|0|0.7035|4.5000|0|0.0000|0.0000|0.0000|1202.0000|67.0000|23.0000|50.1944|168.3259|154.3988|70.0916|22.4975|465.8985|24.3557|43.9688|13.0147|32.1460|24.3557|118.4173|105.4538|145.5707|54.8077|174976.0000|1.8758|3.6165|1.1229|55.8693|43.8430|0.1557|0.8280|0.5648|0.0000|1240.5000|1202.0000|465.8985|-90.0000|0.0000|147.4850|148.8303|138.4260|4.0471|73.0000|5.7273|4.4726|73.0000|6.1644|0.0000|0.0000|0.0000|2018-12-19T09:00:43.953|10X_100FOV_FlowCam Cyano Sample Run_images_000001.tif|716A7251-7DEE-4343-8B41-030A19B6E12F
44|277|804|23|53|113|767|91|1|1|0|0.7035|4.5000|0|0.0000|0.0000|0.0000|423.0000|44.0000|12.0000|31.8611|101.6985|96.7614|47.5558|11.7426|136.0322|13.1606|27.7883|5.2763|19.2485|13.1606|71.5449|64.9059|137.4586|39.3416|58145.0000|1.9457|3.8531|1.1023|100.9355|47.4680|0.1825|0.8685|0.4489|0.0000|421.5000|423.0000|136.0322|-80.0000|-5.0000|138.3168|139.1702|133.7801|3.7029|54.0000|5.2495|4.0628|54.0000|5.5255|0.0000|0.0000|0.0000|2018-12-19T09:00:47.603|10X_100FOV_FlowCam Cyano Sample Run_images_000001.tif|AF059312-6933-4279-AABC-19773FF15145
45|302|804|96|162|504|1332|93|1|1|0|0.7035|4.5000|0|0.0000|0.0000|0.0000|8285.0000|155.0000|65.0000|126.0556|434.9361|392.9818|164.2208|68.0163|3748.9153|69.0888|105.8768|42.5618|85.5144|70.2439|305.9775|273.2969|134.3103|34.5544|1112761.0000|1.7602|3.2194|1.1196|43.2222|48.9680|0.1671|0.9550|0.6893|0.0000|8779.0000|8552.0000|3875.3132|60.0000|-15.0000|141.7890|138.9308|122.3888|4.8798|98.0000|6.5560|4.1859|98.0000|5.3681|0.0000|0.0000|0.0000|2018-12-19T09:00:49.090|10X_100FOV_FlowCam Cyano Sample Run_images_000001.tif|0481FF9F-1335-4F94-88C5-3DAC6B75D3B2
46|400|804|127|160|436|1252|94|1|1|0|0.7035|4.5000|0|0.0000|0.0000|0.0000|9653.0000|154.0000|104.0000|130.8889|591.3869|408.0259|130.0819|103.2785|4397.4244|74.8263|105.1732|69.9982|88.9146|75.7380|416.0407|283.8805|85.4163|41.9379|824524.0000|2.8169|6.7004|1.4655|130.4147|49.4680|0.4977|0.5328|0.9120|0.0000|11668.5000|9880.0000|4505.2358|70.0000|-20.0000|93.2902|89.7358|73.9344|4.7767|96.0000|6.5128|4.1844|96.0000|5.8592|0.0000|0.0000|0.0000|2018-12-19T09:00:49.581|10X_100FOV_FlowCam Cyano Sample Run_images_000001.tif|A1EF0BFF-A34C-449C-9F89-03D6A797559D
47|529|804|150|113|540|1336|95|1|4|0|0.7035|4.5000|0|0.0000|0.0000|0.0000|8665.0000|139.0000|102.0000|121.7222|568.8011|379.2793|120.1555|97.5442|3928.8345|70.7273|94.6208|68.5913|82.4658|70.7273|400.1516|263.6572|77.9525|32.9704|675458.0000|2.9713|7.1956|1.5177|124.4483|49.9680|0.4951|0.5283|0.9212|0.0000|10240.0000|8665.0000|3928.8345|0.0000|-70.0000|89.1956|83.9563|61.8702|4.9897|98.0000|6.7234|4.2999|98.0000|6.0160|0.0000|0.0000|0.0000|2018-12-19T09:00:50.085|10X_100FOV_FlowCam Cyano Sample Run_images_000001.tif|D2EF9A61-58BC-404B-9FB4-6DD1ECDBFF9D
48|681|804|133|117|813|1400|96|1|1|0|0.7035|4.5000|0|0.0000|0.0000|0.0000|2131.0000|128.0000|84.0000|110.2222|519.9138|343.0852|131.8221|92.9748|880.3045|33.4789|86.8822|55.9282|74.3756|33.6334|365.7594|238.1947|145.6828|31.4176|310450.0000|10.0096|29.4121|1.5355|100.3540|50.9370|0.0000|0.3716|0.2103|0.0000|6264.0000|2149.0000|888.4449|-60.0000|40.0000|154.8146|151.0648|131.6443|3.8081|53.0000|5.3630|4.1175|53.0000|4.8715|0.0000|0.0000|0.0000|2018-12-19T09:00:51.066|10X_100FOV_FlowCam Cyano Sample Run_images_000001.tif|17B91666-05C6-46B5-9EA9-DA475DB13020
49|816|804|40|35|772|60|97|1|1|0|0.7035|4.5000|0|0.0000|0.0000|0.0000|458.0000|30.0000|21.0000|27.0000|96.4264|81.8530|29.3930|21.0244|150.0621|13.8226|17.9393|11.6077|15.8287|13.8226|67.8360|54.4178|120.4672|31.6957|55174.0000|1.6155|2.7058|1.2466|80.3095|51.3120|0.6334|0.4695|0.8930|0.0000|470.0000|458.0000|150.0621|0.0000|-60.0000|122.0349|121.0590|118.7424|0.0000|3.0000|0.0000|4.1532|3.0000|4.4823|0.0000|0.0000|0.0000|2018-12-19T09:00:51.442|10X_100FOV_FlowCam Cyano Sample Run_images_000001.tif|9E9203F3-3E52-46BD-B3B9-E3ADBEDBEEED
50|858|804|27|128|803|1356|99|1|1|0|0.7035|4.5000|0|0.0000|0.0000|0.0000|1416.0000|118.0000|17.0000|80.1944|259.0122|248.5610|127.5554|14.6976|560.1257|26.7053|79.8473|8.7937|53.2510|26.7053|182.2151|171.6969|145.9237|54.2776|206628.0000|3.7702|9.7419|1.0613|65.6397|52.1870|0.0000|0.7844|0.2187|0.0000|1482.5000|1416.0000|560.1257|-90.0000|0.0000|149.5565|151.3828|133.7938|4.1018|100.0000|5.9340|4.5731|100.0000|6.3651|0.0000|0.0000|0.0000|2018-12-19T09:00:52.329|10X_100FOV_FlowCam Cyano Sample Run_images_000001.tif|81DBFCB3-07A9-4FB7-83E0-1AD072C4D406
51|887|804|106|125|274|1520|100|1|1|0|0.7035|4.5000|0|0.0000|0.0000|0.0000|3054.0000|125.0000|69.0000|98.9167|523.8305|307.7261|115.3944|65.9767|1301.1858|40.7028|84.7717|45.3758|66.4221|40.7028|368.5148|213.3196|108.3759|38.5794|330980.0000|7.1499|20.4132|1.7275|122.7770|52.5620|0.0000|0.2454|0.4402|0.0000|5457.5000|3054.0000|1301.1858|70.0000|-35.0000|110.5062|111.2862|101.8654|3.3261|45.0000|4.2459|4.2622|45.0000|5.4678|0.0000|0.0000|0.0000|2018-12-19T09:00:52.680|10X_100FOV_FlowCam Cyano Sample Run_images_000001.tif|1EF450D0-43C0-4669-BA5E-96B2A4144EF5
52|995|804|67|33|609|1557|101|1|1|0|0.7035|4.5000|0|0.0000|0.0000|0.0000|757.0000|58.0000|21.0000|42.8056|147.0538|131.0154|62.6062|18.3755|273.9114|18.6750|37.6373|11.6077|26.9480|18.8044|103.4523|89.0036|129.2827|46.7743|97867.0000|2.2465|4.8516|1.1623|80.8438|52.8430|0.0981|0.4602|0.4582|0.0000|904.0000|766.0000|277.7219|-5.0000|85.0000|131.6579|132.7464|121.5561|3.8701|49.0000|5.3942|4.3068|49.0000|5.8366|0.0000|0.0000|0.0000|2018-12-19T09:00:52.977|10X_100FOV_FlowCam Cyano Sample Run_images_000001.tif|E7663F43-EB82-4FEA-8304-08119964C593
53|1064|804|128|219|361|1555|103|1|2|0|0.7035|4.5000|0|0.0000|0.0000|0.0000|3580.0000|212.0000|113.0000|159.6111|1025.6610|498.2540|171.4838|107.6609|1543.4695|44.3306|145.9762|76.3298|109.1207|44.3306|721.5525|347.3559|129.8394|31.9541|464825.0000|23.3838|71.4483|2.0773|76.5158|57.5150|0.0000|0.2417|0.2224|0.0000|15319.5000|3580.0000|1543.4695|-85.0000|10.0000|139.0061|136.8061|112.6478|3.9099|44.0000|5.3873|3.8390|44.0000|4.9389|0.0000|0.0000|0.0000|2018-12-19T09:00:57.647|10X_100FOV_FlowCam Cyano Sample Run_images_000001.tif|804D8FC3-78F0-4832-B5D7-02879DC910C4
54|1194|804|36|34|712|1378|103|1|1|0|0.7035|4.5000|0|0.0000|0.0000|0.0000|418.0000|27.0000|22.0000|25.1667|83.0122|75.7640|25.3327|21.5533|134.0389|13.0638|15.8287|12.3113|14.5390|13.0638|58.3991|50.1342|139.0933|50.1850|58141.0000|1.3119|1.4144|1.1649|70.3380|57.5150|0.8166|0.8117|0.9622|0.0000|423.5000|418.0000|134.0389|-45.0000|55.0000|140.6435|141.4665|133.9593|3.9099|44.0000|5.3873|3.8390|44.0000|4.9389|0.0000|0.0000|0.0000|2018-12-19T09:00:57.647|10X_100FOV_FlowCam Cyano Sample Run_images_000001.tif|38F840E1-8BA1-42AD-BA24-E7428D53A569
55|1232|804|183|136|792|1240|105|1|3|0|0.7035|4.5000|0|0.0000|0.0000|0.0000|3206.0000|211.0000|117.0000|157.9722|991.6194|493.1298|185.7457|108.1105|1371.0497|41.7813|145.2728|79.1437|107.9677|42.0678|697.6042|343.7511|143.6787|38.6442|460634.0000|24.0989|73.6955|2.0294|68.2042|58.1250|0.0000|0.2370|0.1790|0.0000|14699.5000|3247.0000|1389.9164|35.0000|-80.0000|151.1953|149.0168|130.3150|4.0096|74.0000|5.7290|4.3893|74.0000|6.0509|0.0000|0.0000|0.0000|2018-12-19T09:00:58.229|10X_100FOV_FlowCam Cyano Sample Run_images_000001.tif|38524716-0143-4DC9-BB90-4B1DDD69437A
56|1417|804|78|73|372|1108|105|1|1|0|0.7035|4.5000|0|0.0000|0.0000|0.0000|998.0000|88.0000|23.0000|61.4444|202.9361|189.7669|98.3340|17.8191|377.0895|21.9118|58.7422|13.0147|40.0604|21.9118|142.7655|130.3353|146.9078|36.2089|146614.0000|3.2838|8.1944|1.0954|87.2561|58.1250|0.0000|0.0952|0.2545|0.0000|1330.5000|998.0000|377.0895|-45.0000|45.0000|145.8136|148.2996|144.5491|4.0096|74.0000|5.7290|4.3893|74.0000|6.0509|0.0000|0.0000|0.0000|2018-12-19T09:00:58.229|10X_100FOV_FlowCam Cyano Sample Run_images_000001.tif|D1CE1AFB-814F-45CB-988C-1FAC8203E345
57|1497|804|122|127|654|1177|106|1|1|0|0.7035|4.5000|0|0.0000|0.0000|0.0000|9883.0000|121.0000|110.0000|117.2778|429.9483|365.3291|118.4342|108.2968|4506.6609|75.7500|81.9578|74.2193|79.3392|76.1998|302.4686|253.8433|77.7816|36.8852|768716.0000|1.4716|2.1603|1.1916|143.0475|58.2500|0.7797|0.8067|0.9883|0.0000|10282.5000|9996.0000|4560.3489|30.0000|-5.0000|89.8893|83.4005|62.1402|4.9813|129.0000|6.8511|4.3806|129.0000|6.1227|0.0000|0.0000|0.0000|2018-12-19T09:00:58.380|10X_100FOV_FlowCam Cyano Sample Run_images_000001.tif|5A55398C-8F3F-4A51-84DF-337BD4C933BB
58|1621|804|47|57|725|1631|107|1|1|0|0.7035|4.5000|0|0.0000|0.0000|0.0000|379.0000|58.0000|13.0000|39.3056|160.0244|120.4983|60.1281|10.1376|118.5945|12.2882|37.6373|5.9798|24.4857|12.2882|112.5772|81.6048|146.1425|30.7889|55388.0000|5.3768|14.8242|1.3795|92.5882|59.7180|0.0000|0.2463|0.2596|0.0000|483.5000|379.0000|118.5945|50.0000|-35.0000|152.4142|154.0950|128.1451|3.8472|34.0000|5.2705|4.3402|34.0000|5.6824|0.0000|0.0000|0.0000|2018-12-19T09:00:59.834|10X_100FOV_FlowCam Cyano Sample Run_images_000001.tif|84E3A362-BD1B-4883-9263-D7B13FC667EB
59|1670|804|33|38|1034|1439|108|1|1|0|0.7035|4.5000|0|0.0000|0.0000|0.0000|332.0000|29.0000|22.0000|25.4444|87.8406|76.8504|27.5700|19.7990|100.2563|11.2982|17.2357|12.3113|14.7344|12.4504|61.7959|50.8985|139.1566|14.3378|46200.0000|1.5866|2.5998|1.2141|82.4933|60.5000|0.6170|0.4645|0.8554|0.0000|405.5000|387.0000|121.7470|-80.0000|5.0000|147.4367|143.9066|126.6084|3.8163|60.0000|5.4558|4.1863|60.0000|5.8110|0.0000|0.0000|0.0000|2018-12-19T09:01:00.610|10X_100FOV_FlowCam Cyano Sample Run_images_000001.tif|0605CB4F-6AC9-419B-A534-7F9C77D519CB
60|1705|804|25|83|701|1262|108|1|1|0|0.7035|4.5000|0|0.0000|0.0000|0.0000|778.0000|74.0000|14.0000|50.9722|163.3553|156.9989|82.0358|12.7152|282.8084|18.9758|48.8933|6.6833|32.6932|18.9758|114.9205|107.2830|143.8946|41.6376|111950.0000|2.7295|6.4191|1.0712|87.1895|60.5000|0.0000|0.6527|0.2875|0.0000|789.0000|778.0000|282.8084|80.0000|-5.0000|143.2082|144.6928|142.5681|3.8163|60.0000|5.4558|4.1863|60.0000|5.8110|0.0000|0.0000|0.0000|2018-12-19T09:01:00.610|10X_100FOV_FlowCam Cyano Sample Run_images_000001.tif|93DAAE6D-F86F-4A3F-955A-7CFB2AE9C3AF
61|1732|804|122|167|840|1370|109|1|1|0|0.7035|4.5000|0|0.0000|0.0000|0.0000|9827.0000|158.0000|79.0000|134.4722|505.2031|419.0036|163.1294|82.7388|4480.0592|75.5261|107.9873|52.4108|91.4354|77.0959|355.4104|291.6033|132.4278|31.7852|1301368.0000|1.9868|3.9910|1.2188|63.4580|61.5460|0.3037|0.7543|0.7781|0.0000|10555.0000|10223.0000|4668.2379|45.0000|-20.0000|143.2864|138.4495|116.4742|4.8559|108.0000|6.5801|3.8798|108.0000|5.3822|0.0000|0.0000|0.0000|2018-12-19T09:01:01.672|10X_100FOV_FlowCam Cyano Sample Run_images_000001.tif|A51F36F6-4098-4C6E-B9D0-6CCB0043858E
62|1856|804|24|86|524|1567|110|1|1|0|0.7035|4.5000|0|0.0000|0.0000|0.0000|706.0000|77.0000|14.0000|52.4444|170.2843|161.5684|85.1873|11.1624|252.3932|17.9264|51.0038|6.6833|33.7289|17.9264|119.7950|110.4976|144.4433|38.3988|101977.0000|3.2684|8.1452|1.0841|100.8889|61.9530|0.0000|0.7657|0.2436|0.0000|759.0000|706.0000|252.3932|-85.0000|0.0000|149.2096|149.5623|132.5708|3.9367|51.0000|5.3999|4.3418|51.0000|5.8792|0.0000|0.0000|0.0000|2018-12-19T09:01:02.071|10X_100FOV_FlowCam Cyano Sample Run_images_000001.tif|9A445754-6DA5-4AAE-B783-7812BA85DF8C
63|2|1025|215|198|763|1221|111|1|1|0|0.7035|4.5000|0|0.0000|0.0000|0.0000|6401.0000|243.0000|139.0000|191.5278|1364.7392|598.2806|230.6767|130.6309|2859.9846|60.3444|167.7848|94.6208|131.5741|60.8829|960.0940|417.7247|141.3403|41.5926|904719.0000|22.7671|69.5107|2.2984|69.5500|66.1400|0.0000|0.0516|0.2359|0.0000|23116.5000|6510.0000|2911.2524|-45.0000|50.0000|149.2511|146.5254|128.1654|4.0161|97.0000|5.7886|4.0235|97.0000|5.5962|0.0000|0.0000|0.0000|2018-12-19T09:01:06.266|10X_100FOV_FlowCam Cyano Sample Run_images_000001.tif|04FB5336-6B49-49E5-83A6-EAEBD10D4CED
64|219|1025|76|253|397|1060|112|1|1|0|0.7035|4.5000|0|0.0000|0.0000|0.0000|4333.0000|243.0000|66.0000|167.8056|587.5290|523.9728|270.1433|59.1921|1892.4836|49.0875|167.7848|43.2653|114.8855|49.0875|413.3267|365.4491|144.4904|53.4475|626077.0000|6.3396|17.8604|1.1310|48.5886|66.3430|0.0000|0.3849|0.1443|0.0000|9462.0000|4333.0000|1892.4836|-90.0000|0.0000|149.6056|148.7981|134.0778|4.0521|49.0000|5.4659|3.6082|49.0000|4.7697|0.0000|0.0000|0.0000|2018-12-19T09:01:06.459|10X_100FOV_FlowCam Cyano Sample Run_images_000001.tif|C957745E-8CF2-46CC-A2DE-6EBC6F6DD651
65|297|1025|32|118|153|1201|113|1|1|0|0.7035|4.5000|0|0.0000|0.0000|0.0000|1092.0000|109.0000|15.0000|73.0278|237.1543|225.9990|120.2496|12.5637|417.8706|23.0662|73.5157|7.3868|48.2093|23.0662|166.8381|155.8245|139.6310|40.2474|152477.0000|4.0985|10.7832|1.0707|103.1176|67.2030|0.0000|0.6249|0.1902|0.0000|1235.5000|1092.0000|417.8706|-80.0000|5.0000|141.8462|142.3800|133.3535|3.7155|58.0000|5.2863|4.2518|58.0000|5.7092|0.0000|0.0000|0.0000|2018-12-19T09:01:07.311|10X_100FOV_FlowCam Cyano Sample Run_images_000001.tif|A6EFF93E-5D5B-49A7-AC23-D4CCBBF85FE2
66|331|1025|123|77|442|984|115|1|2|0|0.7035|4.5000|0|0.0000|0.0000|0.0000|1496.0000|116.0000|65.0000|95.6944|482.6346|297.2995|122.5789|72.9655|595.5802|27.5375|78.4403|42.5618|64.1553|27.9453|339.5334|205.9844|152.2767|24.4735|227806.0000|12.0680|35.8849|1.6483|52.5287|69.4060|0.0000|0.4291|0.1922|0.0000|4394.5000|1536.0000|613.3490|20.0000|-75.0000|160.1845|158.0602|137.9171|3.9257|208.0000|6.0181|4.3308|208.0000|6.4351|0.0000|0.0000|0.0000|2018-12-19T09:01:09.533|10X_100FOV_FlowCam Cyano Sample Run_images_000001.tif|559B0E7A-AB72-4436-995F-F59469345012
67|456|1025|41|187|257|953|115|1|1|0|0.7035|4.5000|0|0.0000|0.0000|0.0000|2132.0000|178.0000|26.0000|118.9167|409.9239|370.3676|198.0602|20.3972|880.7566|33.4875|122.0572|15.1253|80.4921|33.5648|288.3815|257.3879|149.8968|36.5090|319580.0000|6.2457|17.5645|1.1204|67.1854|69.4060|0.0000|0.0961|0.1375|0.0000|3199.0000|2141.0000|884.8266|-85.0000|5.0000|148.2308|150.5052|149.3283|3.9257|208.0000|6.0181|4.3308|208.0000|6.4351|0.0000|0.0000|0.0000|2018-12-19T09:01:09.533|10X_100FOV_FlowCam Cyano Sample Run_images_000001.tif|17988FA1-D2F9-4317-8B6E-655B85EA019B
68|499|1025|31|34|966|1052|116|1|1|0|0.7035|4.5000|0|0.0000|0.0000|0.0000|329.0000|24.0000|20.0000|22.3056|73.1127|66.7730|22.1868|19.3608|99.0973|11.2327|13.7183|10.9043|12.5262|11.2327|51.4348|43.8091|141.0243|51.0972|46397.0000|1.2929|1.2817|1.1741|77.5000|71.1250|0.8281|0.7224|0.9662|0.0000|333.0000|329.0000|99.0973|-90.0000|20.0000|143.3283|143.9088|134.5198|3.4832|42.0000|4.8857|4.1424|42.0000|5.3907|0.0000|0.0000|0.0000|2018-12-19T09:01:11.251|10X_100FOV_FlowCam Cyano Sample Run_images_000001.tif|AFB77357-A5B6-40FB-9375-DF77A40AA84A
69|532|1025|32|46|250|424|117|1|1|0|0.7035|4.5000|0|0.0000|0.0000|0.0000|430.0000|37.0000|20.0000|29.6389|95.0122|90.1325|36.8246|19.1164|138.8276|13.2951|22.8637|10.9043|17.6852|15.2808|66.8411|60.2425|153.0163|28.0962|65797.0000|1.3303|1.5225|1.1095|55.2289|71.6710|0.5394|0.7549|0.7988|0.0000|524.5000|540.0000|183.3936|55.0000|-25.0000|154.4326|154.6488|149.2698|3.7025|38.0000|4.3588|4.3217|38.0000|5.4239|0.0000|0.0000|0.0000|2018-12-19T09:01:11.806|10X_100FOV_FlowCam Cyano Sample Run_images_000001.tif|FA63A01E-A465-4FDD-B23D-EA65B162C32E
70|566|1025|78|131|473|1088|118|1|1|0|0.7035|4.5000|0|0.0000|0.0000|0.0000|3505.0000|133.0000|36.0000|96.6111|325.2792|300.4519|144.7147|33.0017|1508.8382|43.8305|90.3997|22.1603|64.8002|44.2443|228.8339|208.2022|129.9261|38.5441|455391.0000|2.3605|5.2242|1.0991|84.2465|72.5780|0.0000|0.8776|0.4123|0.0000|3778.5000|3567.0000|1537.4648|-70.0000|20.0000|140.2571|136.1124|113.8579|4.5405|105.0000|6.3045|3.9166|105.0000|5.2230|0.0000|0.0000|0.0000|2018-12-19T09:01:12.689|10X_100FOV_FlowCam Cyano Sample Run_images_000001.tif|3E5614DE-C883-445B-A27B-C12ADEDC50CC
71|646|1025|24|128|280|1437|119|1|1|0|0.7035|4.5000|0|0.0000|0.0000|0.0000|1039.0000|118.0000|14.0000|79.2222|265.6396|245.7358|131.1162|11.8553|394.8451|22.4217|79.8473|6.6833|52.5671|22.4217|186.8775|169.7094|139.5409|36.3964|144983.0000|5.4046|14.9119|1.1012|98.5466|74.6710|0.0000|0.5364|0.1527|0.0000|1287.0000|1039.0000|394.8451|-90.0000|0.0000|144.6092|145.2782|126.3859|3.8997|35.0000|5.2760|4.3517|35.0000|5.6899|0.0000|0.0000|0.0000|2018-12-19T09:01:14.788|10X_100FOV_FlowCam Cyano Sample Run_images_000001.tif|26F8F2A7-EBDE-434B-AE9C-9CB7A472EE53
72|672|1025|44|88|604|359|119|1|1|0|0.7035|4.5000|0|0.0000|0.0000|0.0000|1942.0000|78.0000|34.0000|61.0000|232.8528|188.6692|83.4322|31.1579|795.0345|31.8162|51.7073|20.7533|39.7478|31.8162|163.8119|129.5630|107.5901|50.5258|208940.0000|2.2218|4.7703|1.2643|73.0721|74.6710|0.1441|0.6764|0.6235|0.0000|2171.0000|1942.0000|795.0345|-90.0000|0.0000|111.1380|110.3095|100.8986|3.8997|35.0000|5.2760|4.3517|35.0000|5.6899|0.0000|0.0000|0.0000|2018-12-19T09:01:14.788|10X_100FOV_FlowCam Cyano Sample Run_images_000001.tif|F58F99C9-BD07-4F08-98B7-12D724B6DFEB
73|718|1025|49|43|974|1482|120|1|1|0|0.7035|4.5000|0|0.0000|0.0000|0.0000|786.0000|42.0000|29.0000|36.6944|139.3970|111.9328|40.3243|26.9374|286.2030|19.0894|26.3813|17.2357|22.6488|19.4684|98.0658|75.5790|124.2570|37.7974|97666.0000|1.9020|3.7054|1.2975|87.3934|75.4060|0.6261|0.5989|0.8803|0.0000|909.0000|813.0000|297.6809|30.0000|-70.0000|130.4288|128.5229|113.4517|3.3062|1.0000|3.3062|3.6494|1.0000|3.6494|0.0000|0.0000|0.0000|2018-12-19T09:01:15.529|10X_100FOV_FlowCam Cyano Sample Run_images_000001.tif|3A91C5B2-C7CF-496D-9188-B1B55F495D26
74|769|1025|55|33|531|1231|121|1|1|0|0.7035|4.5000|0|0.0000|0.0000|0.0000|788.0000|46.0000|23.0000|35.5278|113.2548|108.3267|45.0861|22.3770|287.0521|19.1177|29.1953|13.0147|21.8281|19.1177|79.6748|73.0421|98.6345|27.2173|77724.0000|1.2953|1.3003|1.0908|101.5100|75.4840|0.4860|0.8057|0.7920|0.0000|763.0000|788.0000|287.0521|-10.0000|-90.0000|108.4962|105.5888|81.1878|4.2108|34.0000|5.4984|3.6037|34.0000|4.3519|0.0000|0.0000|0.0000|2018-12-19T09:01:15.594|10X_100FOV_FlowCam Cyano Sample Run_images_000001.tif|96627CA6-0864-49EE-9DE8-977179B12E0B
75|826|1025|179|123|146|1271|122|1|1|0|0.7035|4.5000|0|0.0000|0.0000|0.0000|12681.0000|179.0000|101.0000|154.2500|703.5462|481.6618|172.8992|109.4737|5839.3324|86.2257|122.7608|67.8877|105.3491|90.7463|494.9448|335.6833|136.6615|35.1061|1733004.0000|2.8143|6.6920|1.4744|67.0437|76.7030|0.3484|0.5452|0.8510|0.0000|14854.0000|13996.0000|6467.6623|20.0000|80.0000|142.4406|140.9172|126.1162|4.5062|73.0000|6.1688|4.3022|73.0000|5.9990|0.0000|0.0000|0.0000|2018-12-19T09:01:16.826|10X_100FOV_FlowCam Cyano Sample Run_images_000001.tif|28CC0691-9613-4A9A-93B1-4D3D3A04F10C
76|1007|1025|44|62|444|1400|124|1|1|0|0.7035|4.5000|0|0.0000|0.0000|0.0000|1060.0000|53.0000|26.0000|42.6111|146.4680|131.1022|55.0381|24.9316|403.9589|22.6790|34.1198|15.1253|26.8112|22.6790|103.0402|89.0646|94.1264|50.3612|99774.0000|1.6105|2.6876|1.1569|105.2835|78.9680|0.4084|0.7761|0.7394|0.0000|1106.0000|1060.0000|403.9589|-80.0000|20.0000|102.8009|99.8292|79.6264|4.4169|43.0000|5.8203|4.0116|43.0000|5.2340|0.0000|0.0000|0.0000|2018-12-19T09:01:19.068|10X_100FOV_FlowCam Cyano Sample Run_images_000001.tif|B46586C2-54D9-4B45-8ED7-0C0A341F5021
77|1053|1025|112|128|561|1560|125|1|1|0|0.7035|4.5000|0|0.0000|0.0000|0.0000|1842.0000|125.0000|80.0000|104.0000|507.8305|323.6652|124.3064|85.5248|750.0812|30.9036|84.7717|53.1142|69.9982|30.9867|357.2588|224.5327|138.8654|38.7528|255790.0000|11.0872|32.8009|1.5911|77.4989|79.1400|0.0122|0.4090|0.2070|0.0000|5741.5000|1851.0000|754.1221|70.0000|-25.0000|146.5869|144.5597|124.7617|3.9356|69.0000|5.5480|4.3572|69.0000|5.9374|0.0000|0.0000|0.0000|2018-12-19T09:01:19.260|10X_100FOV_FlowCam Cyano Sample Run_images_000001.tif|FD036C6E-E2A4-4C6E-9BE0-FEE4BD98AC70
78|1167|1025|28|72|350|1303|125|1|1|0|0.7035|4.5000|0|0.0000|0.0000|0.0000|644.0000|63.0000|16.0000|44.6944|146.1838|137.2381|69.1799|12.8606|226.4199|16.9790|41.1547|8.0903|28.2768|16.9790|102.8403|93.3813|145.5109|39.1937|93709.0000|2.6406|6.1326|1.1013|91.0222|79.1400|0.0000|0.6099|0.3312|0.0000|703.0000|644.0000|226.4199|75.0000|-10.0000|144.9425|147.0963|142.6289|3.9356|69.0000|5.5480|4.3572|69.0000|5.9374|0.0000|0.0000|0.0000|2018-12-19T09:01:19.260|10X_100FOV_FlowCam Cyano Sample Run_images_000001.tif|F71F4467-7658-42FC-AC00-BBB028103944
79|1197|1025|124|59|860|1861|126|1|1|0|0.7035|4.5000|0|0.0000|0.0000|0.0000|1037.0000|124.0000|23.0000|83.5000|327.1787|259.2224|147.1685|13.6086|393.9778|22.3971|84.0683|13.0147|55.5765|22.3971|230.1702|179.1972|137.4474|30.5250|142533.0000|8.2145|23.7646|1.2845|77.1429|79.2810|0.0000|0.2055|0.1209|0.0000|1858.0000|1037.0000|393.9778|-25.0000|70.0000|145.9267|143.1620|123.0357|4.0530|1000.0000|6.8634|4.1428|1000.0000|6.8184|0.0000|0.0000|0.0000|2018-12-19T09:01:19.400|10X_100FOV_FlowCam Cyano Sample Run_images_000001.tif|0580C0EE-052B-40C1-9B4E-E5BD50DA99F9
80|1323|1025|46|38|864|1566|128|1|1|0|0.7035|4.5000|0|0.0000|0.0000|0.0000|493.0000|39.0000|19.0000|30.9444|105.3970|93.9068|42.4704|17.2019|164.2156|14.4598|24.2707|10.2007|18.6036|14.4598|74.1468|62.8977|108.4097|28.8553|53446.0000|1.7931|3.3331|1.1788|101.2045|80.1090|0.2900|0.2866|0.5979|0.0000|551.0000|493.0000|164.2156|-40.0000|60.0000|116.2535|114.1034|94.2069|4.0242|51.0000|5.5840|4.3849|51.0000|5.9064|0.0000|0.0000|0.0000|2018-12-19T09:01:20.238|10X_100FOV_FlowCam Cyano Sample Run_images_000001.tif|D4BC9240-BFB5-457D-AE61-9C6FF90A242C
81|1371|1025|23|86|560|1324|129|1|1|0|0.7035|4.5000|0|0.0000|0.0000|0.0000|777.0000|77.0000|13.0000|52.9167|169.1127|162.9934|84.7449|12.4563|282.3842|18.9616|51.0038|5.9798|34.0611|19.0894|118.9708|111.5001|144.5058|36.7529|112281.0000|2.8955|6.9526|1.0670|92.9625|83.6090|0.0000|0.6164|0.2728|0.0000|808.5000|786.0000|286.2030|-85.0000|0.0000|146.8906|147.3514|137.9653|3.7808|75.0000|5.4956|4.1953|75.0000|5.8725|0.0000|0.0000|0.0000|2018-12-19T09:01:23.747|10X_100FOV_FlowCam Cyano Sample Run_images_000001.tif|9A0D6021-729A-4BFB-B9F7-D1161AF52762
82|1396|1025|110|118|319|1438|131|1|1|0|0.7035|4.5000|0|0.0000|0.0000|0.0000|7790.0000|118.0000|100.0000|106.6111|400.2914|331.9521|107.5863|95.1566|3514.8327|66.8971|79.8473|67.1843|71.8352|67.2962|281.6050|230.3626|87.0587|35.9522|678187.0000|1.6183|2.7160|1.2224|124.4103|85.7500|0.7365|0.7472|0.9726|0.0000|8363.0000|7879.0000|3556.8953|55.0000|0.0000|97.5444|92.6748|72.0377|4.3736|77.0000|6.0628|4.1031|77.0000|5.5263|0.0000|0.0000|0.0000|2018-12-19T09:01:25.869|10X_100FOV_FlowCam Cyano Sample Run_images_000001.tif|8D2798AD-AC0E-4616-94AE-9081A962A3B4
83|1508|1025|104|85|228|1441|133|1|1|0|0.7035|4.5000|0|0.0000|0.0000|0.0000|1658.0000|96.0000|75.0000|86.1389|371.9310|267.3442|117.8402|75.2036|667.7017|29.1572|64.3702|49.5968|57.4330|29.3516|261.6535|184.9109|144.1592|38.6070|239016.0000|6.5603|18.5559|1.4150|77.2204|89.4060|0.1900|0.4897|0.2187|0.0000|4468.0000|1678.0000|676.6334|10.0000|-90.0000|145.4041|149.1496|133.9035|4.4094|72.0000|5.9701|4.8097|72.0000|6.3803|0.0000|0.0000|0.0000|2018-12-19T09:01:29.523|10X_100FOV_FlowCam Cyano Sample Run_images_000001.tif|D48AF7C9-B6D2-4537-821C-E67996FB0507
84|1614|1025|23|145|495|1571|135|1|1|0|0.7035|4.5000|0|0.0000|0.0000|0.0000|1024.0000|135.0000|13.0000|89.5000|372.5097|277.9232|149.6080|11.2124|388.3433|22.2363|91.8068|5.9798|59.7975|22.4586|262.0606|192.3532|151.6475|23.7137|155287.0000|10.5974|31.2606|1.3624|58.6734|90.8900|0.0000|0.4151|0.1179|0.0000|1343.0000|1042.0000|396.1463|-90.0000|0.0000|156.3516|157.3281|138.7588|3.6773|103.0000|5.4869|4.0962|103.0000|5.9383|0.0000|0.0000|0.0000|2018-12-19T09:01:31.021|10X_100FOV_FlowCam Cyano Sample Run_images_000001.tif|2E092C26-FBBA-4C46-90C8-10A834D9911A
85|1639|1025|161|236|430|1094|136|1|1|0|0.7035|4.5000|0|0.0000|0.0000|0.0000|4744.0000|254.0000|94.0000|186.8889|691.0021|583.9530|302.2368|95.7151|2083.8482|51.5096|175.5232|62.9633|128.3106|51.5096|486.1200|407.6452|145.9578|50.4920|692424.0000|8.0095|23.1193|1.1925|70.4316|92.1400|0.0000|0.3893|0.1202|0.0000|16791.5000|4744.0000|2083.8482|60.0000|-30.0000|147.9718|149.4522|138.3151|4.5560|176.0000|6.3653|4.8860|176.0000|6.7679|0.0000|0.0000|0.0000|2018-12-19T09:01:32.263|10X_100FOV_FlowCam Cyano Sample Run_images_000001.tif|FEA4F1ED-98B0-41C4-A90C-646181371C6C
86|1802|1025|26|106|397|1331|137|1|1|0|0.7035|4.5000|0|0.0000|0.0000|0.0000|969.0000|97.0000|15.0000|65.8056|210.5269|203.7119|109.9271|11.9510|364.5622|21.5447|65.0738|7.3868|43.1285|21.5447|148.1057|140.1456|139.2270|44.6823|134911.0000|3.6398|9.3277|1.0568|124.3085|93.3280|0.0000|0.7601|0.2018|0.0000|1023.0000|969.0000|364.5622|-85.0000|5.0000|139.7688|139.5924|138.2993|3.8061|85.0000|5.5198|4.1425|85.0000|5.8562|0.0000|0.0000|0.0000|2018-12-19T09:01:33.457|10X_100FOV_FlowCam Cyano Sample Run_images_000001.tif|E2FCBA4A-600D-4B67-B1A8-113E238B7582
87|1830|1025|26|48|502|1053|137|1|1|0|0.7035|4.5000|0|0.0000|0.0000|0.0000|505.0000|38.0000|16.0000|29.5833|93.4558|90.2625|39.9656|16.3138|169.0942|14.6730|23.5673|8.0903|17.6461|14.6730|65.7462|60.3339|142.2396|48.9036|71831.0000|1.3763|1.7535|1.0897|57.5930|93.3280|0.4091|0.7875|0.6901|0.0000|479.0000|505.0000|169.0942|-90.0000|0.0000|145.0653|147.0020|131.8614|3.8061|85.0000|5.5198|4.1425|85.0000|5.8562|0.0000|0.0000|0.0000|2018-12-19T09:01:33.457|10X_100FOV_FlowCam Cyano Sample Run_images_000001.tif|4B203F83-A9D7-4693-B165-0FDCBD076841
88|1858|1025|24|43|482|1590|138|1|1|0|0.7035|4.5000|0|0.0000|0.0000|0.0000|310.0000|34.0000|12.0000|25.4167|81.4558|76.8372|36.7817|11.1380|91.7922|10.8108|20.7533|5.2763|14.7149|10.8108|57.3042|50.8892|116.7613|34.6404|36196.0000|1.7032|3.0197|1.1261|110.8108|94.4530|0.3162|0.7453|0.5345|0.0000|306.5000|310.0000|91.7922|70.0000|-10.0000|117.9452|121.6581|106.7677|3.9518|51.0000|5.3695|4.4445|51.0000|5.8710|0.0000|0.0000|0.0000|2018-12-19T09:01:34.568|10X_100FOV_FlowCam Cyano Sample Run_images_000001.tif|09F19244-5208-45B4-BD16-C6035DA2FFB7
89|1884|1025|35|110|239|1465|139|1|1|0|0.7035|4.5000|0|0.0000|0.0000|0.0000|1080.0000|100.0000|19.0000|68.3889|232.3675|211.9248|107.6810|16.1980|412.6503|22.9217|67.1843|10.2007|44.9458|22.9217|163.4705|145.9233|134.7204|41.3605|145498.0000|3.9785|10.4026|1.1202|81.7381|94.9530|0.0000|0.3585|0.2319|0.0000|1462.0000|1080.0000|412.6503|-90.0000|5.0000|134.4472|140.5722|123.3509|4.2370|97.0000|6.0780|4.7719|97.0000|6.5626|0.0000|0.0000|0.0000|2018-12-19T09:01:35.088|10X_100FOV_FlowCam Cyano Sample Run_images_000001.tif|14A7F83E-5729-4805-BF19-FFAE1611F656
90|1921|1025|24|60|208|1384|141|1|1|0|0.7035|4.5000|0|0.0000|0.0000|0.0000|596.0000|51.0000|14.0000|37.3889|120.0416|113.9511|54.0983|14.4410|206.4696|16.2137|32.7127|6.6833|23.1373|16.2137|84.4493|76.9988|146.2785|43.0844|87182.0000|1.9240|3.7799|1.0968|62.9292|97.9060|0.1707|0.7102|0.4841|0.0000|580.5000|596.0000|206.4696|85.0000|0.0000|146.8943|150.9849|136.8372|4.1241|34.0000|5.3423|4.4967|34.0000|5.7390|0.0000|0.0000|0.0000|2018-12-19T09:01:38.022|10X_100FOV_FlowCam Cyano Sample Run_images_000001.tif|D09266DB-A009-4C4D-8304-5DC58AA7CF7A
91|1947|1025|41|34|889|15|141|1|1|0|0.7035|4.5000|0|0.0000|0.0000|0.0000|517.0000|32.0000|22.0000|27.8333|100.6690|84.3768|30.4785|22.1676|173.9854|14.8837|19.3463|12.3113|16.4150|14.8837|70.8206|56.1933|150.2476|29.5244|77678.0000|1.5599|2.5006|1.2603|52.7931|97.9060|0.6950|0.5647|0.9269|0.0000|525.5000|517.0000|173.9854|10.0000|-75.0000|152.1315|151.2070|147.6286|4.1241|34.0000|5.3423|4.4967|34.0000|5.7390|0.0000|0.0000|0.0000|2018-12-19T09:01:38.022|10X_100FOV_FlowCam Cyano Sample Run_images_000001.tif|8A411DC3-89B6-4912-B6EF-EEB83F3E8139
92|1990|1025|33|38|934|3|141|1|1|0|0.7035|4.5000|0|0.0000|0.0000|0.0000|367.0000|34.0000|17.0000|25.5556|88.7696|76.9793|31.7652|15.1358|113.8819|12.0416|20.7533|8.7937|14.8126|12.0416|62.4494|50.9892|135.4169|23.4190|49698.0000|1.7086|3.0388|1.2248|70.5641|97.9060|0.5226|0.6444|0.7548|0.0000|379.5000|367.0000|113.8819|55.0000|-45.0000|141.7439|139.4496|125.0899|4.1241|34.0000|5.3423|4.4967|34.0000|5.7390|0.0000|0.0000|0.0000|2018-12-19T09:01:38.022|10X_100FOV_FlowCam Cyano Sample Run_images_000001.tif|4911D26E-405F-434C-B169-C77388CCBD00
93|2|1280|103|106|209|1359|142|1|1|0|0.7035|4.5000|0|0.0000|0.0000|0.0000|6625.0000|104.0000|92.0000|97.1944|350.8356|302.1380|95.1688|90.0500|2965.3665|61.4461|69.9982|61.5562|65.2105|61.6749|246.8128|209.3883|81.6207|40.2884|540737.0000|1.4681|2.1460|1.1787|105.8738|98.0780|0.8417|0.8327|0.9897|0.0000|7002.5000|6672.0000|2987.4897|50.0000|-35.0000|90.5944|86.5478|68.5200|4.7767|84.0000|6.4572|4.0666|84.0000|5.6323|0.0000|0.0000|0.0000|2018-12-19T09:01:38.206|10X_100FOV_FlowCam Cyano Sample Run_images_000001.tif|E778AD3F-ACDC-4818-812A-C3F3D1314E66
94|107|1280|49|27|216|163|142|1|1|0|0.7035|4.5000|0|0.0000|0.0000|0.0000|438.0000|40.0000|16.0000|29.6111|100.1838|90.0563|40.9452|13.9480|142.0290|13.4476|24.9743|8.0903|17.6657|13.4476|70.4793|60.1889|138.0639|43.6476|60472.0000|1.8235|3.4379|1.1710|83.2135|98.0780|0.3236|0.6693|0.5961|0.0000|450.5000|438.0000|142.0290|5.0000|-85.0000|136.5982|139.5753|135.6918|4.7767|84.0000|6.4572|4.0666|84.0000|5.6323|0.0000|0.0000|0.0000|2018-12-19T09:01:38.206|10X_100FOV_FlowCam Cyano Sample Run_images_000001.tif|B0EA9380-A4A3-43A7-892F-6F32B305738A
95|158|1280|225|278|764|1275|143|1|2|0|0.7035|4.5000|0|0.0000|0.0000|0.0000|8355.0000|269.0000|194.0000|236.1944|1997.8073|738.8030|223.3318|165.2522|3782.0445|69.3934|186.0757|133.3133|162.9970|70.4881|1405.4574|516.5822|140.9688|37.4158|1177794.0000|36.8931|113.8942|2.7207|80.4784|98.3120|0.0000|0.2070|0.2840|0.0000|35211.0000|8609.0000|3902.3087|-85.0000|-20.0000|149.6250|146.5141|126.7819|3.7565|47.0000|5.2983|3.7275|47.0000|4.8076|0.0000|0.0000|0.0000|2018-12-19T09:01:38.442|10X_100FOV_FlowCam Cyano Sample Run_images_000001.tif|1050FFD8-4224-4EB9-B02E-A98B68889544
96|385|1280|106|108|618|1456|144|1|1|0|0.7035|4.5000|0|0.0000|0.0000|0.0000|6998.0000|108.0000|93.0000|101.0556|394.5341|314.4434|97.8624|93.5737|3141.0477|63.2401|72.8123|62.2598|67.9269|63.8023|277.5547|218.0452|81.3552|39.2494|569324.0000|1.7405|3.1504|1.2729|117.4680|98.4530|0.7852|0.8065|0.9886|0.0000|7508.5000|7117.0000|3197.1465|-60.0000|-10.0000|91.3737|86.5899|67.2615|4.9197|87.0000|6.5657|4.3275|87.0000|5.8447|0.0000|0.0000|0.0000|2018-12-19T09:01:38.566|10X_100FOV_FlowCam Cyano Sample Run_images_000001.tif|A408888B-338C-4CB0-B8DA-A9B7C06724A9
97|493|1280|24|197|231|1389|145|1|1|0|0.7035|4.5000|0|0.0000|0.0000|0.0000|1812.0000|187.0000|14.0000|122.4444|408.7523|382.0796|211.2424|12.2131|736.6192|30.6250|128.3888|6.6833|82.9739|30.6250|287.5572|265.6272|129.2649|38.9001|234228.0000|7.3376|21.0041|1.0826|110.3622|99.2650|0.0000|0.4407|0.1031|0.0000|2167.5000|1812.0000|736.6192|-90.0000|0.0000|131.7257|133.8653|119.2870|3.9701|155.0000|5.9348|4.4038|155.0000|6.3885|0.0000|0.0000|0.0000|2018-12-19T09:01:39.393|10X_100FOV_FlowCam Cyano Sample Run_images_000001.tif|A6930171-79B1-43C7-8BE0-22F0A63B72CB
98|519|1280|74|229|938|1274|146|1|1|0|0.7035|4.5000|0|0.0000|0.0000|0.0000|8242.0000|219.0000|64.0000|151.7500|578.6589|473.4728|197.7990|58.5618|3728.5677|68.9011|150.9008|41.8582|103.5904|69.0976|407.0865|329.9224|88.4439|50.1623|728955.0000|3.2154|7.9762|1.2339|78.5365|99.9840|0.0000|0.5780|0.4959|0.0000|9811.5000|8287.0000|3749.8618|-90.0000|0.0000|92.1906|91.1586|81.6824|3.5967|56.0000|4.8831|4.0774|56.0000|5.6134|0.0000|0.0000|0.0000|2018-12-19T09:01:40.101|10X_100FOV_FlowCam Cyano Sample Run_images_000001.tif|007C37C2-8902-4FDD-9158-6B0D5F4FCA25
99|595|1280|28|39|943|1282|147|1|1|0|0.7035|4.5000|0|0.0000|0.0000|0.0000|371.0000|30.0000|17.0000|24.0833|78.5269|72.3411|28.4205|16.8275|115.4506|12.1242|17.9393|8.7937|13.7769|12.1242|55.2437|47.7262|141.8652|51.1791|52632.0000|1.3227|1.4793|1.1575|52.0580|101.4210|0.6601|0.7596|0.8660|0.0000|361.0000|371.0000|115.4506|-85.0000|10.0000|145.2803|145.9488|132.4286|3.6718|32.0000|4.9325|3.9796|32.0000|5.3411|0.0000|0.0000|0.0000|2018-12-19T09:01:41.527|10X_100FOV_FlowCam Cyano Sample Run_images_000001.tif|8930E25F-0BDB-4305-9054-9975CA73B239
100|625|1280|110|117|898|1131|148|1|1|0|0.7035|4.5000|0|0.0000|0.0000|0.0000|7384.0000|109.0000|96.0000|102.9444|396.5341|320.2890|100.2809|94.6797|3323.0989|65.0469|73.5157|64.3702|69.2556|65.0469|278.9617|222.1576|70.4051|37.6904|519871.0000|1.6946|2.9891|1.2557|116.8410|102.9370|0.7809|0.8003|0.9886|0.0000|7706.0000|7384.0000|3323.0989|80.0000|-60.0000|82.7974|76.1246|54.4507|4.8505|115.0000|6.6777|4.2589|115.0000|5.9886|0.0000|0.0000|0.0000|2018-12-19T09:01:43.067|10X_100FOV_FlowCam Cyano Sample Run_images_000001.tif|89672A1C-93FF-4736-917C-EFC537ADA8A0
101|737|1280|66|60|632|1232|149|1|1|0|0.7035|4.5000|0|0.0000|0.0000|0.0000|996.0000|69.0000|26.0000|51.0833|177.4386|157.6663|73.4997|20.6946|376.2247|21.8866|45.3758|15.1253|32.7714|21.8866|124.8281|107.7525|145.8745|49.8752|145291.0000|2.5155|5.7281|1.1585|56.0980|103.0150|0.0187|0.3539|0.4350|0.0000|1215.5000|996.0000|376.2247|30.0000|-55.0000|149.2580|149.2892|137.8273|2.5465|35.0000|3.1514|4.1350|35.0000|5.4060|0.0000|0.0000|0.0000|2018-12-19T09:01:43.143|10X_100FOV_FlowCam Cyano Sample Run_images_000001.tif|271AB17E-A4C6-4C9C-BA88-6677583181BE
102|805|1280|41|80|445|1460|150|1|1|0|0.7035|4.5000|0|0.0000|0.0000|0.0000|957.0000|70.0000|31.0000|53.0556|193.5807|163.7739|77.9921|28.9607|359.3865|21.3912|46.0793|18.6427|34.1589|21.3912|136.1840|112.0492|108.8986|29.1047|104216.0000|3.1160|7.6587|1.2154|77.7394|103.6400|0.0266|0.3412|0.3521|0.0000|1535.0000|957.0000|359.3865|-90.0000|0.0000|116.2090|114.7847|94.5664|4.0663|60.0000|5.6425|4.3589|60.0000|5.9729|0.0000|0.0000|0.0000|2018-12-19T09:01:43.757|10X_100FOV_FlowCam Cyano Sample Run_images_000001.tif|64DD4E99-7C2D-44E0-B2E8-AC562C74CB64
103|848|1280|35|72|618|1300|151|1|1|0|0.7035|4.5000|0|0.0000|0.0000|0.0000|1023.0000|63.0000|22.0000|46.1944|151.7401|141.8332|65.3668|20.4847|387.9101|22.2239|41.1547|12.3113|29.3320|22.2239|106.7492|96.6139|146.1466|54.1395|149508.0000|1.7911|3.3262|1.1049|49.0956|104.5310|0.1658|0.7273|0.5552|0.0000|1033.5000|1023.0000|387.9101|-85.0000|5.0000|149.0684|150.1632|137.1163|3.8893|64.0000|5.5401|4.1748|64.0000|5.7891|0.0000|0.0000|0.0000|2018-12-19T09:01:44.643|10X_100FOV_FlowCam Cyano Sample Run_images_000001.tif|CFFF629A-1B8C-4655-9F8C-AA5E5ED43DF5
104|885|1280|116|125|255|1257|153|1|1|0|0.7035|4.5000|0|0.0000|0.0000|0.0000|7491.0000|117.0000|87.0000|104.7222|370.8183|326.1775|111.7770|89.7060|3373.6057|65.5394|79.1437|58.0388|70.5063|66.9466|260.8707|226.3001|87.0892|43.9659|652385.0000|1.4027|1.8727|1.1528|146.1154|105.0460|0.7349|0.8617|0.9671|0.0000|7966.5000|7801.0000|3520.0308|-80.0000|35.0000|93.6814|91.0136|76.8825|4.8233|105.0000|6.5087|4.2807|105.0000|5.8565|0.0000|0.0000|0.0000|2018-12-19T09:01:45.176|10X_100FOV_FlowCam Cyano Sample Run_images_000001.tif|E817A83A-6E82-41EA-BDC9-543010534F5E
105|1003|1280|27|123|645|1517|154|1|1|0|0.7035|4.5000|0|0.0000|0.0000|0.0000|992.0000|114.0000|14.0000|76.1944|248.3259|236.2504|128.0110|10.5994|374.4955|21.8363|77.0332|6.6833|50.4370|21.8363|174.6973|163.0364|149.0786|34.0442|147886.0000|4.9468|13.4665|1.0715|81.0687|105.3590|0.0000|0.5901|0.1531|0.0000|1139.0000|992.0000|374.4955|-85.0000|5.0000|154.6976|154.5363|136.2006|4.0307|68.0000|5.6812|4.4211|68.0000|6.1152|0.0000|0.0000|0.0000|2018-12-19T09:01:45.489|10X_100FOV_FlowCam Cyano Sample Run_images_000001.tif|0670120D-88ED-4411-A099-BE7ED02CDD38
106|1032|1280|50|188|901|934|155|1|1|0|0.7035|4.5000|0|0.0000|0.0000|0.0000|3218.0000|178.0000|40.0000|121.6389|410.5929|378.6485|200.1227|31.7787|1376.5707|41.8653|122.0572|24.9743|82.4072|41.8653|288.8521|263.2135|149.6004|54.4314|481414.0000|4.1690|11.0063|1.0974|51.6351|106.1710|0.0000|0.0883|0.1996|0.0000|4928.5000|3218.0000|1376.5707|-90.0000|0.0000|152.1731|152.9133|142.1159|4.6101|169.0000|6.3811|4.9740|169.0000|6.7905|0.0000|0.0000|0.0000|2018-12-19T09:01:46.271|10X_100FOV_FlowCam Cyano Sample Run_images_000001.tif|CBBED0F8-6E11-4CA1-ADC0-86E601DA4308
107|1084|1280|40|85|973|1144|156|1|1|0|0.7035|4.5000|0|0.0000|0.0000|0.0000|1174.0000|76.0000|30.0000|55.1111|186.6518|169.9958|79.9628|27.1175|453.6444|24.0333|50.3002|17.9393|35.6049|24.0333|131.3095|116.4263|146.5988|51.2944|172107.0000|2.3615|5.2276|1.1278|49.2244|106.3120|0.0000|0.4293|0.4193|0.0000|1533.0000|1174.0000|453.6444|-85.0000|0.0000|148.2973|150.5988|138.0716|4.3930|82.0000|6.1250|4.7947|82.0000|6.5205|0.0000|0.0000|0.0000|2018-12-19T09:01:46.421|10X_100FOV_FlowCam Cyano Sample Run_images_000001.tif|580C61B3-2883-4549-A770-E3DBF16CF0F9
108|1126|1280|28|64|231|1357|158|1|1|0|0.7035|4.5000|0|0.0000|0.0000|0.0000|751.0000|54.0000|18.0000|39.2500|128.1838|120.5011|55.4405|17.5307|271.3732|18.5883|34.8233|9.4973|24.4466|18.5883|90.1773|81.6068|137.2969|51.3499|103110.0000|1.7411|3.1525|1.1050|57.3846|107.3750|0.2183|0.8667|0.5656|0.0000|737.0000|751.0000|271.3732|-90.0000|0.0000|136.2530|142.6458|127.1758|4.3629|60.0000|5.8550|4.7309|60.0000|6.2263|0.0000|0.0000|0.0000|2018-12-19T09:01:47.486|10X_100FOV_FlowCam Cyano Sample Run_images_000001.tif|F004630A-04CC-41D6-BAF9-547495C57256
109|1156|1280|22|39|487|1626|160|1|1|0|0.7035|4.5000|0|0.0000|0.0000|0.0000|277.0000|29.0000|12.0000|23.1389|74.0416|69.4897|31.3973|11.6192|79.2634|10.0460|17.2357|5.2763|13.1125|10.0460|52.0883|45.7203|150.3249|33.5493|41640.0000|1.5749|2.5567|1.1393|85.5224|107.8590|0.4313|0.7076|0.6294|0.0000|270.5000|277.0000|79.2634|-90.0000|0.0000|156.2094|157.3430|134.2599|3.5715|37.0000|4.9309|4.2827|37.0000|5.3943|0.0000|0.0000|0.0000|2018-12-19T09:01:47.970|10X_100FOV_FlowCam Cyano Sample Run_images_000001.tif|856765DA-9EE0-4F6A-A365-18AF2D62E533
110|1180|1280|38|52|878|1460|169|1|1|0|0.7035|4.5000|0|0.0000|0.0000|0.0000|530.0000|46.0000|17.0000|34.1667|115.1543|104.2513|48.2996|15.9979|179.2978|15.1092|29.1953|8.7937|20.8705|15.1092|81.0111|70.1750|142.4792|46.8874|75514.0000|1.9910|4.0053|1.1544|81.1515|119.1090|0.1981|0.1998|0.5213|0.0000|584.0000|530.0000|179.2978|60.0000|-25.0000|145.3509|146.6811|133.1151|3.8923|49.0000|5.2927|4.2279|49.0000|5.7223|0.0000|0.0000|0.0000|2018-12-19T09:01:59.222|10X_100FOV_FlowCam Cyano Sample Run_images_000001.tif|F901E298-1B14-421F-809C-8D86587AC5D6
111|1220|1280|27|116|354|1804|170|1|1|0|0.7035|4.5000|0|0.0000|0.0000|0.0000|765.0000|111.0000|9.0000|73.6111|237.3553|227.9733|123.9563|8.2234|277.2983|18.7901|74.9228|3.1658|48.6197|18.7901|166.9795|157.2135|140.8144|24.8144|107723.0000|5.8604|16.3498|1.0621|65.4009|119.8280|0.0000|0.7678|0.1262|0.0000|796.5000|765.0000|277.2983|80.0000|-5.0000|150.1150|148.2418|122.7059|4.3376|116.0000|6.2123|4.7178|116.0000|6.6100|0.0000|0.0000|0.0000|2018-12-19T09:01:59.941|10X_100FOV_FlowCam Cyano Sample Run_images_000001.tif|95C4AA3A-3807-4CFD-8DF8-50091DFF21D5
112|1249|1280|38|45|969|1203|170|1|1|0|0.7035|4.5000|0|0.0000|0.0000|0.0000|637.0000|37.0000|27.0000|31.4722|120.8112|95.4144|33.2236|25.7096|223.5014|16.8692|22.8637|15.8287|18.9749|16.8692|84.9907|63.9583|100.8556|35.8374|64245.0000|1.8233|3.4372|1.3288|99.7184|119.8280|0.5933|0.5256|0.9192|0.0000|675.0000|637.0000|223.5014|70.0000|-25.0000|102.4380|102.1476|97.6829|4.3376|116.0000|6.2123|4.7178|116.0000|6.6100|0.0000|0.0000|0.0000|2018-12-19T09:01:59.941|10X_100FOV_FlowCam Cyano Sample Run_images_000001.tif|EBD272A2-2810-4290-AFC5-BEBB970DB804
113|1289|1280|126|54|107|1168|170|1|1|0|0.7035|4.5000|0|0.0000|0.0000|0.0000|3211.0000|118.0000|37.0000|86.7778|307.8234|269.6411|119.8307|36.4559|1373.3500|41.8163|79.8473|22.8637|57.8824|41.8163|216.5538|186.5268|140.2283|41.5308|450273.0000|2.3483|5.1845|1.1610|62.6223|119.8280|0.0000|0.5368|0.5212|0.0000|3497.0000|3211.0000|1373.3500|-10.0000|80.0000|139.0287|144.0950|133.0744|4.3376|116.0000|6.2123|4.7178|116.0000|6.6100|0.0000|0.0000|0.0000|2018-12-19T09:01:59.941|10X_100FOV_FlowCam Cyano Sample Run_images_000001.tif|462F3A5F-8F0E-4D14-99B0-B2C207E09438
114|1417|1280|41|93|366|1409|174|1|1|0|0.7035|4.5000|0|0.0000|0.0000|0.0000|1859.0000|84.0000|29.0000|61.7778|207.7817|190.4850|88.8930|27.1642|757.7148|31.0605|55.9282|17.2357|40.2949|31.0605|146.1744|130.8404|82.7084|52.7687|153755.0000|1.8481|3.5221|1.1172|99.6649|124.1560|0.0750|0.8504|0.5479|0.0000|1896.5000|1859.0000|757.7148|80.0000|-10.0000|90.4513|88.6218|68.1630|4.4835|72.0000|6.1395|3.9990|72.0000|5.3469|0.0000|0.0000|0.0000|2018-12-19T09:02:04.269|10X_100FOV_FlowCam Cyano Sample Run_images_000001.tif|CC5E1531-7D39-4C03-9F0B-17F252820306
115|1460|1280|138|115|929|1214|175|1|2|0|0.7035|4.5000|0|0.0000|0.0000|0.0000|1958.0000|127.0000|98.0000|109.2778|617.8965|339.8400|113.6085|100.8733|802.2379|31.9600|86.1788|65.7772|73.7112|32.5647|434.6902|235.9117|138.0327|31.7748|270268.0000|14.9962|45.0899|1.8426|76.0233|124.5620|0.0000|0.1728|0.2235|0.0000|7366.5000|2026.0000|832.8848|0.0000|-70.0000|146.0567|142.6083|126.0250|3.8140|57.0000|5.3643|3.7189|57.0000|4.8015|0.0000|0.0000|0.0000|2018-12-19T09:02:04.673|10X_100FOV_FlowCam Cyano Sample Run_images_000001.tif|18D2FDD8-1804-41E7-A104-42CA9FA43E1F
116|1600|1280|36|121|140|1040|176|1|1|0|0.7035|4.5000|0|0.0000|0.0000|0.0000|1065.0000|111.0000|22.0000|76.4722|255.0955|236.9983|126.5808|16.3650|406.1307|22.7399|74.9228|12.3113|50.6324|22.7399|179.4597|163.5626|142.6404|37.9508|151912.0000|4.8623|13.1998|1.0972|98.2314|124.8750|0.0000|0.3680|0.1665|0.0000|1668.5000|1065.0000|406.1307|-90.0000|5.0000|144.5324|145.5362|136.2423|3.7883|98.0000|5.5265|4.3321|98.0000|5.9837|0.0000|0.0000|0.0000|2018-12-19T09:02:04.992|10X_100FOV_FlowCam Cyano Sample Run_images_000001.tif|5D857291-08C2-4CBC-9778-ADC4216E1221
117|1638|1280|34|36|886|1851|177|1|1|0|0.7035|4.5000|0|0.0000|0.0000|0.0000|450.0000|30.0000|21.0000|25.3333|80.1838|76.5277|28.3489|20.6927|146.8439|13.6736|17.9393|11.6077|14.6562|13.8412|56.4093|50.6715|107.6689|32.2705|48451.0000|1.1147|1.0000|1.1132|96.6522|125.8280|0.7870|0.9362|0.9488|0.0000|440.0000|459.0000|150.4649|-60.0000|40.0000|113.0156|114.1267|92.9244|5.0774|106.0000|6.7370|3.9627|106.0000|5.6025|0.0000|0.0000|0.0000|2018-12-19T09:02:05.942|10X_100FOV_FlowCam Cyano Sample Run_images_000001.tif|301C2E6D-CC01-4575-B9A4-3A1E879282D8
118|1674|1280|142|161|456|1567|177|1|1|0|0.7035|4.5000|0|0.0000|0.0000|0.0000|15901.0000|183.0000|127.0000|166.1667|736.1493|519.2744|160.5039|141.9763|7379.7019|96.9336|125.5748|86.1788|113.7325|100.2498|517.8810|362.1438|128.6698|26.4834|2045978.0000|2.5409|5.8104|1.4300|58.2200|125.8280|0.5632|0.7036|0.9412|0.0000|17623.5000|16972.0000|7893.2626|-50.0000|5.0000|138.8873|134.9054|112.5371|5.0774|106.0000|6.7370|3.9627|106.0000|5.6025|0.0000|0.0000|0.0000|2018-12-19T09:02:05.942|10X_100FOV_FlowCam Cyano Sample Run_images_000001.tif|30422333-5FF1-4E4B-9BC5-9349A4A7F4D8
119|1818|1280|113|144|947|1358|178|1|1|0|0.7035|4.5000|0|0.0000|0.0000|0.0000|2444.0000|142.0000|101.0000|127.1667|679.4285|396.3797|152.3986|111.9471|1022.2878|36.0779|96.7313|67.8877|86.2960|36.0779|477.9779|275.6874|136.7606|32.9097|334243.0000|15.0306|45.1979|1.7338|68.4221|127.0150|0.0000|0.3678|0.1741|0.0000|9232.0000|2444.0000|1022.2878|60.0000|-10.0000|146.5622|142.9333|120.8875|3.7787|59.0000|5.3758|3.9722|59.0000|5.2155|0.0000|0.0000|0.0000|2018-12-19T09:02:07.146|10X_100FOV_FlowCam Cyano Sample Run_images_000001.tif|2AC10268-9207-47BF-A8E6-938F1C93F8C4
120|1933|1280|78|461|887|1137|179|1|1|0|0.7035|4.5000|0|0.0000|0.0000|0.0000|4709.0000|451.0000|68.0000|295.8333|1018.7250|926.2712|499.7125|59.1650|2067.5311|51.3075|314.1128|44.6722|204.9530|51.3075|716.6730|648.4660|144.3417|43.4196|679705.0000|17.5378|53.0778|1.1052|100.8810|127.1090|0.0000|0.1825|0.0474|0.0000|16824.0000|4709.0000|2067.5311|-90.0000|0.0000|147.2954|146.0214|139.9176|3.9139|367.0000|6.2360|4.2694|367.0000|6.5991|0.0000|0.0000|0.0000|2018-12-19T09:02:07.232|10X_100FOV_FlowCam Cyano Sample Run_images_000001.tif|EABB68BB-7B1B-4886-B1C2-3843754B7FB8
121|2|1743|93|99|282|1261|180|1|1|0|0.7035|4.5000|0|0.0000|0.0000|0.0000|4879.0000|94.0000|74.0000|85.4167|323.7645|265.2475|85.6544|74.5575|2146.8200|52.2821|62.9633|48.8933|56.9249|52.2821|227.7683|183.4359|79.6296|40.3044|388513.0000|1.7097|3.0425|1.2417|109.1514|127.6560|0.7405|0.7810|0.9635|0.0000|5196.0000|4879.0000|2146.8200|50.0000|-60.0000|90.2843|85.3579|64.3056|4.7332|80.0000|6.4286|4.1753|80.0000|5.6863|0.0000|0.0000|0.0000|2018-12-19T09:02:07.764|10X_100FOV_FlowCam Cyano Sample Run_images_000001.tif|B26D8D58-9027-4E23-90B8-D2E0314C35BB
122|97|1743|42|64|926|1411|181|1|1|0|0.7035|4.5000|0|0.0000|0.0000|0.0000|839.0000|56.0000|28.0000|44.3611|158.9533|136.0272|63.0006|26.3192|308.7630|19.8275|36.2302|16.5323|28.0423|19.8275|111.8236|92.5294|105.3826|28.9586|88416.0000|2.3964|5.3414|1.2085|90.7299|127.7340|0.1384|0.4013|0.4583|0.0000|1174.5000|839.0000|308.7630|-75.0000|15.0000|113.2384|110.7437|91.8915|4.2029|68.0000|5.8160|4.5228|68.0000|6.1711|0.0000|0.0000|0.0000|2018-12-19T09:02:07.848|10X_100FOV_FlowCam Cyano Sample Run_images_000001.tif|A86A7EF4-96D6-4396-BD82-8F1CE181DB8D
123|141|1743|95|119|507|1295|183|1|1|0|0.7035|4.5000|0|0.0000|0.0000|0.0000|5245.0000|110.0000|78.0000|97.1667|415.6051|301.6570|101.7577|73.0073|2317.8029|54.3242|74.2193|51.7073|65.1910|54.4228|292.3782|209.0499|90.5480|49.2136|474924.0000|2.6117|6.0392|1.3986|106.5234|130.5150|0.3820|0.4605|0.8545|0.0000|6270.0000|5263.0000|2326.2212|80.0000|-15.0000|97.6711|94.4336|80.2093|4.2441|66.0000|5.8422|4.0219|66.0000|5.5580|0.0000|0.0000|0.0000|2018-12-19T09:02:10.623|10X_100FOV_FlowCam Cyano Sample Run_images_000001.tif|0F0B9068-F617-4E3E-9A0E-E9A377C46D8C
124|238|1743|32|60|553|1432|185|1|1|0|0.7035|4.5000|0|0.0000|0.0000|0.0000|860.0000|51.0000|22.0000|37.8056|120.6690|115.4865|49.3830|22.1865|317.7341|20.1135|32.7127|12.3113|23.4305|20.1135|84.8906|78.0790|96.2256|28.7235|82754.0000|1.3474|1.6128|1.0872|133.7009|132.1400|0.4178|0.9247|0.7472|0.0000|828.5000|860.0000|317.7341|-80.0000|0.0000|108.2395|103.7674|76.8442|4.1322|36.0000|5.4665|3.7372|36.0000|4.7447|0.0000|0.0000|0.0000|2018-12-19T09:02:12.257|10X_100FOV_FlowCam Cyano Sample Run_images_000001.tif|065F98B3-3397-4700-8C47-84B42731FF5D
125|272|1743|211|163|296|1425|187|1|1|0|0.7035|4.5000|0|0.0000|0.0000|0.0000|4647.0000|222.0000|108.0000|174.6111|1130.6316|545.1540|214.0051|105.8146|2038.6357|50.9477|153.0112|72.8123|119.6732|51.1569|795.3993|380.3501|138.3807|37.2297|643055.0000|21.7224|66.2279|2.0912|83.5518|133.4210|0.0000|0.2388|0.2092|0.0000|17226.5000|4683.0000|2055.4122|-25.0000|60.0000|145.2044|143.7517|125.1909|4.0426|39.0000|5.4970|3.7850|39.0000|5.0556|0.0000|0.0000|0.0000|2018-12-19T09:02:13.541|10X_100FOV_FlowCam Cyano Sample Run_images_000001.tif|54880CB0-83BC-4C77-A32D-3F07F5C6B6D3
126|485|1743|44|30|872|1600|188|1|1|0|0.7035|4.5000|0|0.0000|0.0000|0.0000|303.0000|36.0000|11.0000|26.6667|87.0122|80.4487|38.6344|10.4676|89.1170|10.6521|22.1603|4.5728|15.5943|10.6521|61.2131|53.4299|138.2904|29.4317|41902.0000|1.9884|3.9966|1.1457|96.6933|133.7810|0.2801|0.7046|0.4816|0.0000|308.0000|303.0000|89.1170|-35.0000|65.0000|143.6898|144.3828|124.2574|3.8988|48.0000|5.3503|4.1924|48.0000|5.7008|0.0000|0.0000|0.0000|2018-12-19T09:02:13.894|10X_100FOV_FlowCam Cyano Sample Run_images_000001.tif|FB218AEF-910A-43DA-AADD-CC1122DEC0D5
127|2|2|217|324|596|1166|192|1|1|0|0.7035|4.5000|0|0.0000|0.0000|0.0000|5124.0000|332.0000|163.0000|255.9722|1073.9209|801.3553|422.8746|184.1990|2261.2354|53.6572|230.3963|111.5048|176.9107|53.6572|755.5034|560.5877|143.4012|37.7067|734788.0000|17.9112|54.2514|1.3477|101.3797|137.2340|0.0000|0.4398|0.0613|0.0000|36916.5000|5124.0000|2261.2354|-70.0000|40.0000|145.7235|146.5455|136.3675|4.3299|210.0000|6.3251|4.7016|210.0000|6.6256|0.0000|0.0000|0.0000|2018-12-19T09:02:17.364|10X_100FOV_FlowCam Cyano Sample Run_images_000002.tif|A5A66D19-B790-4769-B0B0-68728798108A
128|221|2|35|36|687|1142|193|1|1|0|0.7035|4.5000|0|0.0000|0.0000|0.0000|346.0000|33.0000|14.0000|25.0000|78.6690|75.2039|33.8718|13.3296|105.6842|11.6001|20.0497|6.6833|14.4217|11.6001|55.3436|49.7402|145.4306|41.8435|50319.0000|1.4234|1.9620|1.1127|86.2769|138.9530|0.4455|0.7505|0.6650|0.0000|337.5000|346.0000|105.6842|-50.0000|40.0000|144.5289|146.1474|144.4364|3.7595|38.0000|5.1432|4.2925|38.0000|5.6151|0.0000|0.0000|0.0000|2018-12-19T09:02:19.085|10X_100FOV_FlowCam Cyano Sample Run_images_000002.tif|92B80E59-D6E5-4804-91CD-1B4FD8E40CE5
129|258|2|30|73|176|1331|194|1|1|0|0.7035|4.5000|0|0.0000|0.0000|0.0000|713.0000|64.0000|18.0000|45.1944|159.3970|138.9593|67.3203|15.2577|255.3389|18.0307|41.8582|9.4973|28.6285|18.0307|112.1358|94.5921|143.4853|47.1102|102305.0000|2.8357|6.7607|1.1855|70.0282|139.9680|0.0213|0.3821|0.3811|0.0000|860.5000|713.0000|255.3389|-85.0000|5.0000|144.6213|148.5905|133.0884|3.8429|64.0000|5.4642|4.3878|64.0000|5.9946|0.0000|0.0000|0.0000|2018-12-19T09:02:20.087|10X_100FOV_FlowCam Cyano Sample Run_images_000002.tif|9CC2473C-D199-4BDC-88C4-F500D9BF622E
130|290|2|78|162|873|1408|195|1|1|0|0.7035|4.5000|0|0.0000|0.0000|0.0000|8432.0000|159.0000|68.0000|130.8333|544.2082|407.7991|164.2433|71.8557|3818.4939|69.7270|108.6908|44.6722|88.8755|71.1906|382.8505|283.7209|132.6764|35.1460|1118727.0000|2.6861|6.2794|1.3494|67.9548|140.5930|0.1312|0.5337|0.6952|0.0000|9367.0000|8774.0000|3980.4760|-70.0000|0.0000|141.6686|137.4694|119.8495|4.9131|108.0000|6.5381|3.9636|108.0000|5.5397|0.0000|0.0000|0.0000|2018-12-19T09:02:20.722|10X_100FOV_FlowCam Cyano Sample Run_images_000002.tif|C95EFDC3-C6D3-4137-A52D-A8BD08279186
131|370|2|34|62|1049|799|197|1|1|0|0.7035|4.5000|0|0.0000|0.0000|0.0000|506.0000|56.0000|13.0000|38.7778|126.3259|118.6458|60.2502|11.1240|169.5013|14.6907|36.2302|5.9798|24.1144|14.6907|88.8703|80.3016|145.6561|40.2672|73702.0000|2.5097|5.7094|1.1067|91.3874|141.5780|0.0409|0.6997|0.3433|0.0000|520.5000|506.0000|169.5013|70.0000|-20.0000|148.3103|146.9348|142.0909|3.8404|76.0000|5.5559|4.3695|76.0000|5.9502|0.0000|0.0000|0.0000|2018-12-19T09:02:21.683|10X_100FOV_FlowCam Cyano Sample Run_images_000002.tif|1E02F816-1FB4-4991-A166-30E79AED0DAE
132|406|2|28|53|790|1424|198|1|1|0|0.7035|4.5000|0|0.0000|0.0000|0.0000|539.0000|43.0000|16.0000|32.5833|105.1127|99.2113|44.8121|15.6257|182.9837|15.2637|27.0847|8.0903|19.7566|15.2637|73.9468|66.6294|148.9629|49.6171|80291.0000|1.6312|2.7626|1.1098|63.9896|142.2810|0.3167|0.7372|0.6094|0.0000|528.5000|539.0000|182.9837|-90.0000|10.0000|152.3043|153.2004|139.3228|3.9104|37.0000|5.3206|4.1979|37.0000|5.6192|0.0000|0.0000|0.0000|2018-12-19T09:02:22.407|10X_100FOV_FlowCam Cyano Sample Run_images_000002.tif|A40C4A7F-C31E-4FCC-9BB5-2A4D39462D8B
133|436|2|49|137|330|1354|199|1|1|0|0.7035|4.5000|0|0.0000|0.0000|0.0000|1575.0000|131.0000|20.0000|87.7222|292.5097|272.4409|142.6444|15.8062|630.6988|28.3378|88.9928|10.9043|58.5468|28.3378|205.7806|188.4964|144.6717|45.2281|227858.0000|4.3230|11.4943|1.0917|65.2406|143.3430|0.0000|0.3910|0.1947|0.0000|1833.5000|1575.0000|630.6988|70.0000|-15.0000|145.6654|150.4210|133.0095|4.2408|105.0000|6.1243|4.5984|105.0000|6.5103|0.0000|0.0000|0.0000|2018-12-19T09:02:23.458|10X_100FOV_FlowCam Cyano Sample Run_images_000002.tif|E4DAE4C8-39DA-4362-B5C7-EF5E600D27CD
134|487|2|91|155|415|1441|200|1|3|0|0.7035|4.5000|0|0.0000|0.0000|0.0000|6005.0000|145.0000|57.0000|118.2222|710.3158|367.9139|149.7977|58.5264|2673.9245|58.3485|98.8418|36.9338|80.0036|60.0261|499.7072|255.6617|140.4221|27.7526|843235.0000|6.3359|17.8488|1.9546|42.0706|143.4840|0.0986|0.4672|0.6239|0.0000|7474.0000|6337.0000|2829.8930|-90.0000|15.0000|145.2145|143.9261|131.7269|3.5569|72.0000|5.0506|4.3685|72.0000|5.8862|0.0000|0.0000|0.0000|2018-12-19T09:02:23.620|10X_100FOV_FlowCam Cyano Sample Run_images_000002.tif|A6011A52-46FB-437B-BA8C-CDCB75C2DD02
135|580|2|81|145|778|1391|204|1|1|0|0.7035|4.5000|0|0.0000|0.0000|0.0000|1860.0000|149.0000|22.0000|99.7778|338.8772|310.3057|164.4354|17.7102|758.1639|31.0697|101.6557|12.3113|67.0279|31.0697|238.4001|215.1343|149.8065|40.6563|278640.0000|4.9132|13.3603|1.1081|59.9448|145.3120|0.0000|0.3834|0.1732|0.0000|2497.0000|1860.0000|758.1639|60.0000|-25.0000|152.9054|154.1726|140.0527|3.9954|119.0000|5.9359|4.3907|119.0000|6.2809|0.0000|0.0000|0.0000|2018-12-19T09:02:25.416|10X_100FOV_FlowCam Cyano Sample Run_images_000002.tif|BB24C551-F27A-41B6-AED4-9C0D778A39BB
136|663|2|40|179|497|1344|205|1|1|0|0.7035|4.5000|0|0.0000|0.0000|0.0000|1627.0000|171.0000|17.0000|112.2500|366.3675|349.7126|187.8110|11.7723|653.8691|28.8536|117.1328|8.7937|75.8021|28.8536|257.7395|242.8571|145.6951|39.8786|237046.0000|6.5650|18.5708|1.0613|96.6977|145.7960|0.0000|0.5280|0.1170|0.0000|1806.0000|1627.0000|653.8691|80.0000|-10.0000|147.2010|148.5046|139.5943|4.4631|90.0000|5.9679|4.9697|90.0000|6.4087|0.0000|0.0000|0.0000|2018-12-19T09:02:25.920|10X_100FOV_FlowCam Cyano Sample Run_images_000002.tif|797DEB69-38FD-4C17-8644-9DF69F442D83
137|705|2|38|190|169|908|206|1|1|0|0.7035|4.5000|0|0.0000|0.0000|0.0000|2121.0000|181.0000|21.0000|120.7222|395.8822|376.0448|209.1597|14.9217|875.7834|33.3928|124.1677|11.6077|81.7623|33.7018|278.5031|261.3818|144.1245|38.9081|305688.0000|5.7819|16.1023|1.0655|74.3910|148.0310|0.0000|0.6225|0.1249|0.0000|2727.0000|2157.0000|892.0639|85.0000|-5.0000|143.3475|145.4055|141.9444|4.2179|200.0000|6.1087|4.5554|200.0000|6.4955|0.0000|0.0000|0.0000|2018-12-19T09:02:28.170|10X_100FOV_FlowCam Cyano Sample Run_images_000002.tif|DFC17D9C-FB6E-46DB-99CD-69AC9562607A
138|745|2|137|99|391|1347|208|1|1|0|0.7035|4.5000|0|0.0000|0.0000|0.0000|1658.0000|152.0000|17.0000|100.4444|337.4457|312.2351|168.4694|13.9837|667.7017|29.1572|103.7662|8.7937|67.4969|29.1572|237.3930|216.4916|136.2654|42.0961|225928.0000|5.4653|15.1035|1.0965|120.6103|149.0460|0.0000|0.4653|0.1477|0.0000|1995.0000|1658.0000|667.7017|30.0000|-55.0000|135.5175|138.3191|132.5404|4.7388|87.0000|6.2414|5.0085|87.0000|6.5486|0.0000|0.0000|0.0000|2018-12-19T09:02:29.153|10X_100FOV_FlowCam Cyano Sample Run_images_000002.tif|425958E5-4618-4A07-BAEC-1E9F63B519FA
139|884|2|66|109|292|1333|209|1|1|0|0.7035|4.5000|0|0.0000|0.0000|0.0000|1862.0000|103.0000|43.0000|77.0000|296.3087|238.9740|119.7200|35.0330|759.0622|31.0881|69.2948|27.0847|51.0038|31.0881|208.4532|164.9525|142.5687|50.7506|265463.0000|3.7523|9.6850|1.2637|68.6288|149.2030|0.0000|0.0674|0.3047|0.0000|2931.5000|1862.0000|759.0622|-75.0000|15.0000|143.3072|146.3045|134.9850|4.2789|87.0000|5.9644|4.6810|87.0000|6.3965|0.0000|0.0000|0.0000|2018-12-19T09:02:29.324|10X_100FOV_FlowCam Cyano Sample Run_images_000002.tif|B81DF7A3-04E9-404F-81E6-6AA665E98DC8
140|952|2|81|157|606|1358|210|1|1|0|0.7035|4.5000|0|0.0000|0.0000|0.0000|7946.0000|153.0000|64.0000|126.4444|409.6396|393.8749|164.9169|67.2608|3588.5677|67.5952|104.4698|41.8582|85.7879|69.3717|288.1815|273.9252|137.8991|35.0544|1095746.0000|1.5992|2.6462|1.0520|47.7212|151.0000|0.1338|0.8730|0.6703|0.0000|8557.5000|8350.0000|3779.6779|-70.0000|5.0000|146.7497|142.8575|124.7954|4.6800|106.0000|6.3328|3.9769|106.0000|5.6565|0.0000|0.0000|0.0000|2018-12-19T09:02:31.109|10X_100FOV_FlowCam Cyano Sample Run_images_000002.tif|C86C5294-0301-46E9-A7DC-54EA1FB542BF
141|1035|2|121|99|704|1444|212|1|1|0|0.7035|4.5000|0|0.0000|0.0000|0.0000|6435.0000|112.0000|89.0000|97.0000|350.9777|301.7425|94.3644|88.2016|2875.9740|60.5128|75.6262|59.4458|65.0738|60.8090|246.9128|209.1101|96.6399|29.7602|621878.0000|1.5093|2.3083|1.1808|126.3410|153.5460|0.7471|0.6964|0.9913|0.0000|6741.0000|6495.0000|2904.1959|10.0000|-90.0000|110.3211|101.7602|81.3632|4.0388|47.0000|5.5456|4.2276|47.0000|5.6184|0.0000|0.0000|0.0000|2018-12-19T09:02:33.650|10X_100FOV_FlowCam Cyano Sample Run_images_000002.tif|0651BFAB-BEB1-4340-AC09-ABA230ACCB66
142|1158|2|167|155|706|1355|213|1|2|0|0.7035|4.5000|0|0.0000|0.0000|0.0000|4951.0000|207.0000|93.0000|150.4167|932.5483|469.1183|174.1846|74.0732|2180.4266|52.6897|142.4588|62.2598|102.6524|52.7912|656.0477|326.8590|136.4971|41.4311|675797.0000|13.9272|41.7296|2.0071|82.6775|153.7030|0.0000|0.1722|0.3532|0.0000|12700.0000|4969.0000|2188.8306|35.0000|-55.0000|144.5245|141.1363|124.3294|3.9247|95.0000|5.7319|4.0261|95.0000|5.5146|0.0000|0.0000|0.0000|2018-12-19T09:02:33.822|10X_100FOV_FlowCam Cyano Sample Run_images_000002.tif|FD32BE90-4D60-4709-A7BF-2D09309B628B
143|1327|2|40|58|632|1661|214|1|1|0|0.7035|4.5000|0|0.0000|0.0000|0.0000|846.0000|52.0000|22.0000|38.6944|128.2254|118.5476|51.1977|21.2548|311.7514|19.9232|33.4162|12.3113|24.0558|19.9232|90.2066|80.2325|84.4941|39.7715|71482.0000|1.5466|2.4506|1.1243|117.5182|155.1560|0.3569|0.7883|0.7011|0.0000|844.5000|846.0000|311.7514|65.0000|-25.0000|94.0485|90.9338|68.1418|4.4101|37.0000|5.7662|3.4000|37.0000|4.2201|0.0000|0.0000|0.0000|2018-12-19T09:02:35.270|10X_100FOV_FlowCam Cyano Sample Run_images_000002.tif|801CFE60-126F-4248-BE6B-C0B2231A5D28
144|1369|2|28|109|753|1585|214|1|1|0|0.7035|4.5000|0|0.0000|0.0000|0.0000|806.0000|100.0000|12.0000|67.4167|223.5980|208.7027|109.4553|10.4688|294.7021|19.3708|67.1843|5.2763|44.2619|19.8275|157.3012|143.6566|144.3387|27.7867|116337.0000|4.7420|12.8195|1.0950|67.3019|155.1560|0.0000|0.7326|0.1767|0.0000|882.0000|839.0000|308.7630|-85.0000|5.0000|152.4653|149.7940|130.5310|4.4101|37.0000|5.7662|3.4000|37.0000|4.2201|0.0000|0.0000|0.0000|2018-12-19T09:02:35.270|10X_100FOV_FlowCam Cyano Sample Run_images_000002.tif|7C707D36-313A-453A-A002-8201BE73D0C8
145|1399|2|28|150|314|1395|215|1|1|0|0.7035|4.5000|0|0.0000|0.0000|0.0000|1397.0000|140.0000|18.0000|93.0833|301.9828|289.5753|158.1928|12.6129|551.7223|26.5042|95.3243|9.4973|62.3184|26.5042|212.4449|200.5505|140.0329|43.3220|195626.0000|5.1947|14.2494|1.0593|118.5053|155.4840|0.0000|0.4909|0.1413|0.0000|1743.0000|1397.0000|551.7223|-90.0000|0.0000|141.2155|141.4710|136.7516|3.9455|119.0000|5.8166|4.2483|119.0000|6.0896|0.0000|0.0000|0.0000|2018-12-19T09:02:35.593|10X_100FOV_FlowCam Cyano Sample Run_images_000002.tif|238B4520-3D62-4F1C-8237-15646BE4A62E
146|1429|2|31|37|137|1079|217|1|1|0|0.7035|4.5000|0|0.0000|0.0000|0.0000|390.0000|29.0000|19.0000|24.5556|79.1127|74.0020|29.0079|17.6096|122.9313|12.5108|17.2357|10.2007|14.1091|12.5108|55.6558|48.8947|145.2821|48.8044|56660.0000|1.2771|1.1160|1.1383|56.4714|156.2340|0.6471|0.7688|0.8624|0.0000|389.5000|390.0000|122.9313|65.0000|-30.0000|144.8410|148.9462|138.2410|3.5581|39.0000|4.9344|4.1620|39.0000|5.5510|0.0000|0.0000|0.0000|2018-12-19T09:02:36.346|10X_100FOV_FlowCam Cyano Sample Run_images_000002.tif|11BED2AD-C7DD-4891-A52C-DBF951D48ECA
147|1462|2|146|176|288|1445|218|1|1|0|0.7035|4.5000|0|0.0000|0.0000|0.0000|11182.0000|166.0000|90.0000|142.6944|521.9138|445.0618|164.3449|95.3896|5124.5580|80.7762|113.6153|60.1493|97.2198|83.1741|367.1664|309.9352|130.6671|30.1825|1461119.0000|1.8323|3.4681|1.1847|79.5400|156.4370|0.4107|0.8270|0.8343|0.0000|12169.5000|11830.0000|5433.3366|-90.0000|25.0000|139.3091|136.3473|116.2285|4.4384|31.0000|5.6467|4.1338|31.0000|5.3616|0.0000|0.0000|0.0000|2018-12-19T09:02:36.551|10X_100FOV_FlowCam Cyano Sample Run_images_000002.tif|52F2F9F9-265E-47AF-A8F2-AE91F912DA0D
148|1610|2|73|98|889|1481|219|1|2|0|0.7035|4.5000|0|0.0000|0.0000|0.0000|1166.0000|92.0000|46.0000|71.4167|277.3797|221.1811|96.7147|33.2394|450.1467|23.9404|61.5562|29.1953|47.0759|24.2180|195.1366|152.4352|148.7358|32.7780|173426.0000|5.1451|14.0928|1.2801|84.6173|156.7030|0.0000|0.0316|0.2897|0.0000|2461.0000|1190.0000|460.6444|65.0000|-20.0000|150.2427|151.6235|142.4683|4.3608|113.0000|6.0632|4.7689|113.0000|6.5358|0.0000|0.0000|0.0000|2018-12-19T09:02:36.811|10X_100FOV_FlowCam Cyano Sample Run_images_000002.tif|9CA00962-1E39-4530-BD1A-966F2B515E4F
149|1685|2|26|67|851|1508|221|1|1|0|0.7035|4.5000|0|0.0000|0.0000|0.0000|572.0000|58.0000|13.0000|40.6389|129.1127|124.2556|63.1920|11.9720|196.5520|15.8195|37.6373|5.9798|25.4237|15.8195|90.8308|84.2481|141.9878|41.7396|81217.0000|2.3192|5.0894|1.0781|106.7583|159.1090|0.0199|0.7196|0.3521|0.0000|578.0000|572.0000|196.5520|-85.0000|5.0000|144.7098|144.2325|136.6066|4.2943|50.0000|5.6046|4.5878|50.0000|6.0045|0.0000|0.0000|0.0000|2018-12-19T09:02:39.239|10X_100FOV_FlowCam Cyano Sample Run_images_000002.tif|9542083C-85BD-4F3D-B97E-E4465935A6C8
150|1713|2|47|31|453|1889|222|1|1|0|0.7035|4.5000|0|0.0000|0.0000|0.0000|694.0000|39.0000|25.0000|34.5000|133.2548|104.9365|38.1008|25.1585|247.3494|17.7464|24.2707|14.4217|21.1050|17.7464|93.7448|70.6571|110.2738|41.1754|76530.0000|2.0361|4.1559|1.3268|67.6167|159.3750|0.4923|0.4651|0.8478|0.0000|733.5000|694.0000|247.3494|-25.0000|-90.0000|108.7579|110.5850|110.2853|3.6288|30.0000|4.3194|4.2872|30.0000|5.3745|0.0000|0.0000|0.0000|2018-12-19T09:02:39.486|10X_100FOV_FlowCam Cyano Sample Run_images_000002.tif|82FC754F-5C5D-4B27-BF20-677A6B435009
151|1762|2|34|37|121|1853|222|1|1|0|0.7035|4.5000|0|0.0000|0.0000|0.0000|496.0000|28.0000|23.0000|26.0833|81.0122|78.4160|27.3846|23.1743|165.4340|14.5133|16.5323|13.0147|15.1839|14.5133|56.9921|51.9999|111.2621|46.4663|55186.0000|1.0530|1.0000|1.0960|83.0290|159.3750|0.8637|0.8622|0.9814|0.0000|470.0000|496.0000|165.4340|-75.0000|30.0000|109.1996|111.2722|112.0101|3.6288|30.0000|4.3194|4.2872|30.0000|5.3745|0.0000|0.0000|0.0000|2018-12-19T09:02:39.486|10X_100FOV_FlowCam Cyano Sample Run_images_000002.tif|E1609565-D907-4EEE-B2DE-A5BA921313CE
152|1798|2|37|39|835|1314|222|1|1|0|0.7035|4.5000|0|0.0000|0.0000|0.0000|506.0000|30.0000|25.0000|27.9167|94.6690|84.7230|29.0510|24.3095|169.5013|14.6907|17.9393|14.4217|16.4736|15.2124|66.5996|56.4369|142.6324|35.4294|72172.0000|1.3306|1.5240|1.1801|108.0988|159.3750|0.7756|0.7159|0.9512|0.0000|541.0000|536.0000|181.7543|-75.0000|20.0000|145.2095|144.9368|137.1067|3.6288|30.0000|4.3194|4.2872|30.0000|5.3745|0.0000|0.0000|0.0000|2018-12-19T09:02:39.486|10X_100FOV_FlowCam Cyano Sample Run_images_000002.tif|DC9AB70E-A8CF-403C-B2EE-6C66127C7FFF
153|1837|2|50|49|693|1548|224|1|1|0|0.7035|4.5000|0|0.0000|0.0000|0.0000|790.0000|48.0000|22.0000|38.2222|129.2965|117.0347|48.3156|21.9780|287.9014|19.1460|30.6023|12.3113|23.7236|19.1460|90.9601|79.1682|145.3899|40.6400|114858.0000|1.6840|2.9516|1.1489|83.9266|161.1870|0.4180|0.7126|0.7140|0.0000|832.0000|790.0000|287.9014|40.0000|-50.0000|147.3380|147.4823|140.5367|3.8868|34.0000|5.2301|4.3011|34.0000|5.6241|0.0000|0.0000|0.0000|2018-12-19T09:02:41.300|10X_100FOV_FlowCam Cyano Sample Run_images_000002.tif|0ABEB05B-2FA4-4793-924B-D70241B31861
154|2|328|177|121|815|1414|225|1|1|0|0.7035|4.5000|0|0.0000|0.0000|0.0000|3053.0000|172.0000|105.0000|133.8056|905.8032|417.0778|155.9550|100.1512|1300.7266|40.6957|117.8363|70.7018|90.9665|40.6957|637.2326|290.2485|140.8002|31.2893|429863.0000|21.3861|65.1710|2.1955|82.1434|162.5150|0.0000|0.4756|0.2263|0.0000|11183.5000|3053.0000|1300.7266|10.0000|-75.0000|150.5876|146.9394|124.9987|4.0596|56.0000|5.5853|3.9799|56.0000|5.0893|0.0000|0.0000|0.0000|2018-12-19T09:02:42.634|10X_100FOV_FlowCam Cyano Sample Run_images_000002.tif|7839073F-04E3-463C-8176-2F7A24C53E29
155|181|328|29|177|800|1368|228|1|1|0|0.7035|4.5000|0|0.0000|0.0000|0.0000|1669.0000|167.0000|19.0000|110.2778|358.4680|343.2238|185.0169|13.1431|672.6134|29.2643|114.3188|10.2007|74.4147|29.2643|252.1822|238.2922|148.0497|41.4338|247095.0000|6.1268|17.1898|1.0583|94.5251|165.9210|0.0000|0.5684|0.1235|0.0000|2010.0000|1669.0000|672.6134|-90.0000|0.0000|150.2978|149.7855|143.7759|4.5997|136.0000|6.2217|4.9948|136.0000|6.6079|0.0000|0.0000|0.0000|2018-12-19T09:02:46.046|10X_100FOV_FlowCam Cyano Sample Run_images_000002.tif|E8FF1D4C-4091-4A7E-BE16-A619641E9675
156|212|328|57|51|977|1267|229|1|1|0|0.7035|4.5000|0|0.0000|0.0000|0.0000|659.0000|56.0000|22.0000|42.0833|144.8528|129.2039|61.5517|19.3728|232.6837|17.2123|36.2302|12.3113|26.4399|17.3970|101.9039|87.7292|144.6434|36.1560|95320.0000|2.4884|5.6403|1.1616|90.2250|166.9370|0.1143|0.1499|0.4104|0.0000|911.0000|671.0000|237.7042|40.0000|-50.0000|145.3263|148.2079|137.3384|4.6195|69.0000|6.0905|5.0142|69.0000|6.5078|0.0000|0.0000|0.0000|2018-12-19T09:02:47.061|10X_100FOV_FlowCam Cyano Sample Run_images_000002.tif|4B3CFE7F-C55D-4EF6-84BC-23427973F066
157|271|328|23|113|801|1223|231|1|1|0|0.7035|4.5000|0|0.0000|0.0000|0.0000|802.0000|103.0000|13.0000|69.3889|228.8112|214.5110|118.1647|9.5219|293.0009|19.3148|69.2948|5.9798|45.6493|19.3148|160.9687|147.7427|140.6022|38.7751|112763.0000|5.1948|14.2498|1.0895|106.0711|168.0310|0.0000|0.5931|0.1453|0.0000|987.0000|802.0000|293.0009|-90.0000|0.0000|147.1421|147.4414|124.6683|3.1608|41.0000|4.1036|4.1942|41.0000|5.4475|0.0000|0.0000|0.0000|2018-12-19T09:02:48.156|10X_100FOV_FlowCam Cyano Sample Run_images_000002.tif|5FD1D883-E51E-44AD-A2E5-7E6D5BD2E127
158|296|328|28|69|904|1314|233|1|1|0|0.7035|4.5000|0|0.0000|0.0000|0.0000|752.0000|59.0000|16.0000|43.3056|140.1838|132.9057|64.7030|15.5202|271.7961|18.6027|38.3407|8.0903|27.2997|18.6027|98.6193|90.3334|148.1955|47.9477|111443.0000|2.0795|4.3005|1.0917|58.0620|169.5930|0.0626|0.5560|0.4325|0.0000|783.5000|752.0000|271.7961|-90.0000|5.0000|150.4136|152.4003|139.0120|4.1947|76.0000|5.8301|4.5768|76.0000|6.2524|0.0000|0.0000|0.0000|2018-12-19T09:02:49.719|10X_100FOV_FlowCam Cyano Sample Run_images_000002.tif|2EE4D677-8E16-403A-A0C3-774667AD6645
159|326|328|82|93|958|1277|235|1|3|0|0.7035|4.5000|0|0.0000|0.0000|0.0000|2147.0000|93.0000|70.0000|79.3056|408.3747|246.2941|86.4591|63.2605|887.5403|33.6162|62.2598|46.0793|52.6257|33.6162|287.2916|170.1021|140.4662|49.3541|301581.0000|6.1812|17.3613|1.6889|67.6609|175.0620|0.0602|0.2710|0.4764|0.0000|4168.0000|2147.0000|887.5403|60.0000|-70.0000|147.9460|144.7830|129.1337|3.8523|54.0000|5.4576|3.5691|54.0000|4.6141|0.0000|0.0000|0.0000|2018-12-19T09:02:55.202|10X_100FOV_FlowCam Cyano Sample Run_images_000002.tif|5E76F3F3-964E-4E04-85C5-A9459AE25EE5
160|410|328|41|61|344|1032|237|1|1|0|0.7035|4.5000|0|0.0000|0.0000|0.0000|1117.0000|52.0000|29.0000|42.1944|140.2254|129.4940|52.1554|27.8291|428.7586|23.3648|33.4162|17.2357|26.5180|23.3648|98.6486|87.9333|110.8818|59.6883|123855.0000|1.4008|1.8646|1.1219|117.3607|175.3590|0.4925|0.7581|0.8139|0.0000|1121.5000|1117.0000|428.7586|-85.0000|15.0000|109.7565|111.1361|110.7431|4.0695|1000.0000|6.9393|4.2279|1000.0000|6.9433|0.0000|0.0000|0.0000|2018-12-19T09:02:55.468|10X_100FOV_FlowCam Cyano Sample Run_images_000002.tif|C85C2A0D-F0B6-4C1E-BB56-F811A19B6660
161|453|328|32|64|148|1108|238|1|1|0|0.7035|4.5000|0|0.0000|0.0000|0.0000|743.0000|56.0000|17.0000|40.4722|131.2548|124.0999|58.4967|16.4600|267.9916|18.4721|36.2302|8.7937|25.3064|18.4721|92.3378|84.1385|145.9529|51.3704|108443.0000|1.8452|3.5120|1.0974|57.7203|176.0460|0.1585|0.8096|0.5124|0.0000|732.0000|743.0000|267.9916|70.0000|-10.0000|145.4307|150.4051|137.3728|4.2223|61.0000|5.8001|4.6817|61.0000|6.2651|0.0000|0.0000|0.0000|2018-12-19T09:02:56.159|10X_100FOV_FlowCam Cyano Sample Run_images_000002.tif|11E6E2CA-07B5-403A-ABBC-8ECDB741504B
162|487|328|31|48|794|1293|239|1|1|0|0.7035|4.5000|0|0.0000|0.0000|0.0000|576.0000|38.0000|20.0000|30.8333|102.1838|93.8359|37.6817|20.1359|198.2021|15.8858|23.5673|10.9043|18.5255|15.8858|71.8863|62.8478|144.6007|53.9210|83290.0000|1.4426|2.0423|1.1438|61.2857|176.7180|0.5442|0.7389|0.8036|0.0000|571.5000|576.0000|198.2021|-90.0000|10.0000|148.6024|149.3455|133.7205|3.9651|46.0000|5.4316|4.5066|46.0000|5.9189|0.0000|0.0000|0.0000|2018-12-19T09:02:56.838|10X_100FOV_FlowCam Cyano Sample Run_images_000002.tif|41043BD0-EDDF-4EAE-8253-00EDB47222A3
163|520|328|29|51|641|1493|240|1|1|0|0.7035|4.5000|0|0.0000|0.0000|0.0000|558.0000|43.0000|16.0000|32.5833|103.6985|99.1783|45.1971|16.0108|190.7857|15.5858|27.0847|8.0903|19.7566|15.5858|72.9519|66.6062|142.6470|47.9875|79597.0000|1.5336|2.4014|1.0953|58.2316|176.9060|0.3166|0.8677|0.6180|0.0000|547.0000|558.0000|190.7857|65.0000|-10.0000|145.4427|147.3369|132.4176|4.0119|34.0000|5.3840|4.2111|34.0000|5.6174|0.0000|0.0000|0.0000|2018-12-19T09:02:57.045|10X_100FOV_FlowCam Cyano Sample Run_images_000002.tif|28F94943-7E2C-44D3-8AFB-30C793280D0D
164|551|328|176|101|707|1299|241|1|1|0|0.7035|4.5000|0|0.0000|0.0000|0.0000|3047.0000|179.0000|57.0000|127.8056|453.8305|398.2929|205.6822|55.8612|1297.9715|40.6525|122.7608|36.9338|86.7455|40.6525|319.2698|277.0333|141.1969|54.6579|430227.0000|5.3790|14.8313|1.1525|55.3655|176.9840|0.0000|0.3969|0.1708|0.0000|7296.5000|3047.0000|1297.9715|-30.0000|70.0000|141.2347|145.6190|132.4785|4.5950|174.0000|6.6828|4.9308|174.0000|7.0487|0.0000|0.0000|0.0000|2018-12-19T09:02:57.110|10X_100FOV_FlowCam Cyano Sample Run_images_000002.tif|33406D38-DBE6-453B-9D21-D4818432F9D5
165|729|328|60|27|751|1600|242|1|1|0|0.7035|4.5000|0|0.0000|0.0000|0.0000|429.0000|51.0000|14.0000|36.0833|120.6690|110.1312|54.9982|11.3930|138.4280|13.2760|32.7127|6.6833|22.2189|13.2760|84.8906|74.3115|139.4476|36.1789|59823.0000|2.7010|6.3274|1.1424|80.8879|177.0930|0.0664|0.2922|0.3463|0.0000|518.5000|429.0000|138.4280|-15.0000|80.0000|142.9161|144.5408|128.1259|3.9585|34.0000|5.3780|4.4330|34.0000|5.7235|0.0000|0.0000|0.0000|2018-12-19T09:02:57.196|10X_100FOV_FlowCam Cyano Sample Run_images_000002.tif|D90FB222-7EC2-4A63-8CD6-605FBC93BC8A
166|791|328|31|48|438|1402|242|1|1|0|0.7035|4.5000|0|0.0000|0.0000|0.0000|330.0000|41.0000|14.0000|29.6944|109.7401|90.3631|41.3344|12.9451|99.4835|11.2546|25.6777|6.6833|17.7243|11.8329|77.2022|60.4047|151.3545|21.8289|49947.0000|2.6844|6.2740|1.2781|45.4255|177.0930|0.2307|0.3746|0.4846|0.0000|421.5000|357.0000|109.9702|65.0000|-25.0000|154.0000|153.3727|146.4515|3.9585|34.0000|5.3780|4.4330|34.0000|5.7235|0.0000|0.0000|0.0000|2018-12-19T09:02:57.196|10X_100FOV_FlowCam Cyano Sample Run_images_000002.tif|95371C05-A547-46D2-BC73-0C1A117C0E0D
167|824|328|107|112|267|1322|244|1|1|0|0.7035|4.5000|0|0.0000|0.0000|0.0000|6979.0000|111.0000|94.0000|102.1944|368.4335|317.8396|102.4640|89.4090|3132.0930|63.1499|74.9228|62.9633|68.7280|63.5430|259.1930|220.4344|81.5799|38.5960|569346.0000|1.5296|2.3864|1.1758|138.6286|179.9370|0.7304|0.7687|0.9724|0.0000|7470.5000|7062.0000|3171.2155|55.0000|-25.0000|92.0064|86.7455|67.4448|4.8410|91.0000|6.5317|4.0817|91.0000|5.7358|0.0000|0.0000|0.0000|2018-12-19T09:03:00.071|10X_100FOV_FlowCam Cyano Sample Run_images_000002.tif|FBD2A38F-F617-4C2C-8D74-9AFB39980831
168|933|328|33|39|610|1161|245|1|1|0|0.7035|4.5000|0|0.0000|0.0000|0.0000|452.0000|31.0000|19.0000|26.3333|87.0122|79.6604|29.7861|19.6779|147.6478|13.7110|18.6427|10.2007|15.3597|13.7110|61.2131|52.8753|145.4403|53.0728|65739.0000|1.3329|1.5369|1.1577|62.7467|180.4370|0.7020|0.8679|0.9032|0.0000|446.5000|452.0000|147.6478|50.0000|-25.0000|147.9889|149.1018|137.2544|3.8994|33.0000|5.1895|4.2614|33.0000|5.5968|0.0000|0.0000|0.0000|2018-12-19T09:03:00.570|10X_100FOV_FlowCam Cyano Sample Run_images_000002.tif|55AD5A03-E7C8-41BE-89D5-2AA69E45A4DC
169|968|328|29|38|1002|1334|246|1|1|0|0.7035|4.5000|0|0.0000|0.0000|0.0000|309.0000|32.0000|15.0000|23.7778|76.1838|71.2149|31.1413|12.8105|91.4094|10.7882|19.3463|7.3868|13.5619|10.7882|53.5953|46.9339|137.9256|43.9785|42619.0000|1.4947|2.2517|1.1419|92.2000|180.7650|0.4860|0.7689|0.6939|0.0000|307.0000|309.0000|91.4094|65.0000|-35.0000|139.9935|141.1974|130.8188|3.8505|38.0000|5.1194|4.2815|38.0000|5.6157|0.0000|0.0000|0.0000|2018-12-19T09:03:00.891|10X_100FOV_FlowCam Cyano Sample Run_images_000002.tif|3B4EDE60-F784-413A-918A-1B1AB71D9E00
170|999|328|32|155|691|1502|247|1|1|0|0.7035|4.5000|0|0.0000|0.0000|0.0000|1623.0000|145.0000|20.0000|96.8889|338.0244|301.4908|161.1241|15.1152|652.0853|28.8142|98.8418|10.9043|64.9956|28.8142|237.8002|208.9330|142.7683|37.5636|231713.0000|5.6023|15.5358|1.1382|63.9841|182.9530|0.0000|0.4496|0.1578|0.0000|2034.0000|1623.0000|652.0853|-90.0000|5.0000|146.2902|149.1768|128.8343|4.1023|112.0000|5.9720|4.4758|112.0000|6.3542|0.0000|0.0000|0.0000|2018-12-19T09:03:03.053|10X_100FOV_FlowCam Cyano Sample Run_images_000002.tif|B8134CF2-BD6A-4F5B-9B3F-291F7D8E7A82
171|1033|328|37|134|950|1244|248|1|1|0|0.7035|4.5000|0|0.0000|0.0000|0.0000|1533.0000|124.0000|18.0000|85.6111|283.6396|265.9930|142.2596|14.9521|612.0154|27.9149|84.0683|9.4973|57.0617|27.9149|199.5405|183.9603|131.5082|45.7144|201602.0000|4.1762|11.0293|1.0847|81.1472|183.3120|0.0000|0.7164|0.1908|0.0000|1784.5000|1533.0000|612.0154|-90.0000|5.0000|141.8558|137.6869|115.4188|3.8351|44.0000|5.3436|3.8025|44.0000|4.9165|0.0000|0.0000|0.0000|2018-12-19T09:03:03.433|10X_100FOV_FlowCam Cyano Sample Run_images_000002.tif|E41AEEA9-1501-4CE0-A572-AE91C434FC8B
172|1072|328|31|100|989|1317|250|1|1|0|0.7035|4.5000|0|0.0000|0.0000|0.0000|929.0000|91.0000|18.0000|61.6111|202.8112|190.1383|99.5729|14.5575|347.3287|21.0293|60.8528|9.4973|40.1777|21.0293|142.6777|130.5965|143.7589|37.5832|133552.0000|3.5234|8.9574|1.0925|91.7622|183.5620|0.0000|0.3405|0.2336|0.0000|1160.0000|929.0000|347.3287|85.0000|-5.0000|146.2433|147.9139|134.6297|1.3010|1.0000|1.3010|3.6135|1.0000|3.6135|0.0000|0.0000|0.0000|2018-12-19T09:03:03.688|10X_100FOV_FlowCam Cyano Sample Run_images_000002.tif|2EF34C47-6520-4CE1-8036-718E45F16A41
173|1105|328|28|44|288|1625|253|1|1|0|0.7035|4.5000|0|0.0000|0.0000|0.0000|403.0000|35.0000|18.0000|27.0278|91.3553|81.5975|32.7729|16.7807|128.0765|12.7700|21.4567|9.4973|15.8483|13.1220|64.2685|54.2381|137.4988|26.8802|55412.0000|1.5775|2.5663|1.1849|61.5062|185.7340|0.5322|0.5693|0.7908|0.0000|426.5000|421.0000|135.2346|-80.0000|0.0000|143.0918|141.4864|127.4888|3.9005|65.0000|5.5464|3.9520|65.0000|5.1492|0.0000|0.0000|0.0000|2018-12-19T09:03:05.849|10X_100FOV_FlowCam Cyano Sample Run_images_000002.tif|046A4A1F-57DA-4FAA-A73C-EE03C0851CCF
174|1135|328|159|128|705|1481|253|1|2|0|0.7035|4.5000|0|0.0000|0.0000|0.0000|2756.0000|151.0000|115.0000|129.1389|776.0631|402.5520|145.8110|110.1927|1164.6181|38.5076|103.0628|77.7368|87.6835|38.6661|545.9604|280.0296|137.7605|30.9007|379668.0000|17.2587|52.2007|1.9497|88.3715|185.7340|0.0000|0.3484|0.2117|0.0000|10059.5000|2777.0000|1174.2233|-10.0000|-85.0000|146.8037|143.2246|123.6020|3.9005|65.0000|5.5464|3.9520|65.0000|5.1492|0.0000|0.0000|0.0000|2018-12-19T09:03:05.849|10X_100FOV_FlowCam Cyano Sample Run_images_000002.tif|014CE3C4-73C9-40F8-AA6E-F66AFE78777C
175|1296|328|127|271|107|1625|255|1|1|0|0.7035|4.5000|0|0.0000|0.0000|0.0000|3598.0000|283.0000|24.0000|183.5278|661.7544|573.5155|299.6507|17.1448|1551.7849|44.4499|195.9248|13.7183|125.9461|44.6348|465.5442|400.3024|125.2927|41.7273|450803.0000|9.6107|28.1575|1.1630|84.0550|186.9840|0.0000|0.5151|0.1025|0.0000|4699.0000|3626.0000|1564.7229|-70.0000|25.0000|129.1807|129.0220|116.5250|3.1414|39.0000|4.1155|4.0347|39.0000|5.3931|0.0000|0.0000|0.0000|2018-12-19T09:03:07.084|10X_100FOV_FlowCam Cyano Sample Run_images_000002.tif|DC971D2D-E37D-49E7-94FA-343617CE1C4D
176|1425|328|23|76|692|1587|256|1|1|0|0.7035|4.5000|0|0.0000|0.0000|0.0000|603.0000|66.0000|13.0000|45.7778|149.5980|140.3312|73.0661|11.3532|209.3697|16.3272|43.2653|5.9798|29.0389|16.3272|105.2422|95.5572|137.8342|38.1342|83114.0000|2.9534|7.1383|1.1014|113.5290|187.9370|0.0000|0.6266|0.2808|0.0000|656.5000|603.0000|209.3697|-90.0000|0.0000|142.7297|144.5141|122.8905|4.0283|57.0000|5.5474|4.4422|57.0000|6.0285|0.0000|0.0000|0.0000|2018-12-19T09:03:08.063|10X_100FOV_FlowCam Cyano Sample Run_images_000002.tif|59FD3350-78D0-4DBD-82E2-9973432CBDB1
177|1450|328|26|49|618|1142|260|1|1|0|0.7035|4.5000|0|0.0000|0.0000|0.0000|441.0000|39.0000|14.0000|29.8056|93.6985|90.2123|42.0333|13.7504|143.2313|13.5044|24.2707|6.6833|17.8025|13.5044|65.9169|60.2986|148.3492|39.8120|65422.0000|1.5842|2.5910|1.0932|63.1882|189.3900|0.3028|0.8354|0.5742|0.0000|429.5000|441.0000|143.2313|-90.0000|5.0000|148.0522|149.2857|146.6009|3.8928|41.0000|5.2247|4.1936|41.0000|5.6242|0.0000|0.0000|0.0000|2018-12-19T09:03:09.515|10X_100FOV_FlowCam Cyano Sample Run_images_000002.tif|10DC0822-AEF3-4C7F-8A99-ECF85B5B50E2
178|1478|328|55|47|810|1304|263|1|1|0|0.7035|4.5000|0|0.0000|0.0000|0.0000|1218.0000|46.0000|36.0000|42.1944|142.8112|129.5199|45.1199|34.6949|472.9092|24.5383|29.1953|22.1603|26.5180|24.5383|100.4677|87.9515|75.4097|44.9086|91849.0000|1.3325|1.5345|1.1423|143.8000|190.5150|0.7675|0.8754|0.9574|0.0000|1252.0000|1218.0000|472.9092|-10.0000|75.0000|78.0928|81.7504|61.9606|5.0147|58.0000|6.4750|3.9997|58.0000|5.3151|0.0000|0.0000|0.0000|2018-12-19T09:03:10.641|10X_100FOV_FlowCam Cyano Sample Run_images_000002.tif|36C49FC2-AF15-45AD-BB49-F913228704B2
179|1535|328|144|162|308|1514|265|1|2|0|0.7035|4.5000|0|0.0000|0.0000|0.0000|8065.0000|156.0000|72.0000|131.4444|657.6783|409.7110|155.1439|75.7665|3644.8372|68.1231|106.5803|47.4862|89.3054|71.1694|462.6767|285.0659|130.8066|29.5558|1054955.0000|3.9252|10.2338|1.6231|69.4653|192.3280|0.3223|0.7742|0.7491|0.0000|9705.0000|8769.0000|3978.1068|-80.0000|35.0000|138.8908|136.1012|117.3348|4.6781|90.0000|6.3106|4.1144|90.0000|5.3569|0.0000|0.0000|0.0000|2018-12-19T09:03:12.428|10X_100FOV_FlowCam Cyano Sample Run_images_000002.tif|D72A049A-5CF4-4B7F-A28D-E048082359F8
180|1681|328|29|74|703|1610|267|1|1|0|0.7035|4.5000|0|0.0000|0.0000|0.0000|662.0000|64.0000|17.0000|45.4444|157.3970|139.9479|69.9962|14.7783|233.9380|17.2586|41.8582|8.7937|28.8044|17.2586|110.7288|95.2876|139.6949|35.5138|92478.0000|2.9780|7.2171|1.1620|81.8071|194.7810|0.0000|0.2285|0.3294|0.0000|810.5000|662.0000|233.9380|-90.0000|5.0000|143.9698|146.2991|125.0861|4.1383|50.0000|5.6399|4.4439|50.0000|5.9603|0.0000|0.0000|0.0000|2018-12-19T09:03:14.907|10X_100FOV_FlowCam Cyano Sample Run_images_000002.tif|065FCDDB-8527-4FE9-9F68-F5C032333095
181|1712|328|209|137|520|1406|268|1|1|0|0.7035|4.5000|0|0.0000|0.0000|0.0000|5059.0000|205.0000|123.0000|159.2778|1037.0752|497.0446|195.5626|108.0023|2230.8641|53.2956|141.0517|83.3648|108.8862|53.2956|729.5824|346.5051|138.8907|39.1569|702648.0000|16.9179|51.1295|2.1055|84.5251|195.8750|0.0000|0.3303|0.2581|0.0000|16041.0000|5059.0000|2230.8641|15.0000|-75.0000|146.9798|144.5384|124.7343|4.1407|76.0000|5.7359|3.8252|76.0000|5.2631|0.0000|0.0000|0.0000|2018-12-19T09:03:15.992|10X_100FOV_FlowCam Cyano Sample Run_images_000002.tif|49CAF21A-50A7-4653-B4FC-97D7D935EF49
182|1923|328|35|63|606|1661|269|1|1|0|0.7035|4.5000|0|0.0000|0.0000|0.0000|733.0000|53.0000|25.0000|40.8889|136.3259|125.3524|53.3203|23.0257|263.7690|18.3260|34.1198|14.4217|25.5996|20.5692|95.9053|85.0197|150.1228|36.8786|110040.0000|1.6543|2.8457|1.1280|59.6694|196.4210|0.3186|0.5037|0.6749|0.0000|931.0000|894.0000|332.2950|-90.0000|0.0000|152.1432|152.5143|144.6166|3.9209|44.0000|5.2822|4.4969|44.0000|5.8973|0.0000|0.0000|0.0000|2018-12-19T09:03:16.536|10X_100FOV_FlowCam Cyano Sample Run_images_000002.tif|1829A3D4-F362-454B-B792-3E848CA8DA3A
183|1960|328|33|53|435|1557|269|1|1|0|0.7035|4.5000|0|0.0000|0.0000|0.0000|426.0000|45.0000|12.0000|32.4167|109.2548|98.6256|46.4529|11.8902|137.2296|13.2184|28.4917|5.2763|19.6394|13.2184|76.8608|66.2174|145.0634|31.9308|61797.0000|2.2298|4.7966|1.1607|63.9063|196.4210|0.2073|0.8574|0.4718|0.0000|427.5000|426.0000|137.2296|-75.0000|20.0000|146.2277|150.3216|134.2770|3.9209|44.0000|5.2822|4.4969|44.0000|5.8973|0.0000|0.0000|0.0000|2018-12-19T09:03:16.536|10X_100FOV_FlowCam Cyano Sample Run_images_000002.tif|31D424D0-8618-4E68-9158-FFD4DE65F2A3
184|2|601|124|117|619|1314|270|1|1|0|0.7035|4.5000|0|0.0000|0.0000|0.0000|8652.0000|114.0000|103.0000|108.1111|375.5046|336.7814|107.8073|102.6804|3922.6763|70.6718|77.0332|69.2948|72.8904|70.7656|264.1675|233.7600|57.7117|28.3000|499322.0000|1.2936|1.2869|1.1301|160.8656|197.3430|0.8683|0.8591|0.9965|0.0000|8800.0000|8674.0000|3933.0979|0.0000|-75.0000|65.6924|61.7527|46.7397|5.0791|111.0000|6.7981|4.3608|111.0000|6.1360|0.0000|0.0000|0.0000|2018-12-19T09:03:17.464|10X_100FOV_FlowCam Cyano Sample Run_images_000002.tif|B2021786-0613-47DA-A1D9-360D3AF9508D
185|128|601|39|47|251|1350|272|1|1|0|0.7035|4.5000|0|0.0000|0.0000|0.0000|616.0000|44.0000|19.0000|33.1389|107.4975|100.9358|42.6300|18.7916|214.7643|16.5362|27.7883|10.2007|20.1475|16.5362|75.6245|67.8426|140.3409|51.5663|86450.0000|1.4928|2.2442|1.1147|64.4946|197.9680|0.4324|0.7486|0.7227|0.0000|612.5000|616.0000|214.7643|-60.0000|25.0000|140.7208|143.7614|133.4448|3.9847|48.0000|5.4319|4.3879|48.0000|5.8616|0.0000|0.0000|0.0000|2018-12-19T09:03:18.102|10X_100FOV_FlowCam Cyano Sample Run_images_000002.tif|1DBC73FC-5331-4A23-99A5-C2E96E947D37
186|169|601|30|65|862|1313|274|1|1|0|0.7035|4.5000|0|0.0000|0.0000|0.0000|621.0000|56.0000|19.0000|40.6389|140.7696|124.5025|59.4799|14.4604|216.8420|16.6160|36.2302|10.2007|25.4237|16.6160|99.0314|84.4218|157.1739|36.9810|97605.0000|2.5393|5.8052|1.1731|66.2462|199.8430|0.0967|0.5581|0.4220|0.0000|735.0000|621.0000|216.8420|-85.0000|5.0000|157.9791|158.8519|153.6119|4.1263|66.0000|5.5976|4.5457|66.0000|6.0492|0.0000|0.0000|0.0000|2018-12-19T09:03:19.953|10X_100FOV_FlowCam Cyano Sample Run_images_000002.tif|EDF859EE-EA96-4ED6-980A-1D48A44E9D17
187|201|601|82|37|639|1655|275|1|2|0|0.7035|4.5000|0|0.0000|0.0000|0.0000|285.0000|75.0000|17.0000|50.5000|197.7817|155.5703|81.9733|14.5529|82.2808|10.2354|49.5968|8.7937|32.3610|10.2354|139.1394|106.2780|137.2667|13.2124|39121.0000|10.9224|32.2827|1.3092|52.8343|200.4530|0.0000|0.1229|0.1047|0.0000|713.0000|285.0000|82.2808|-20.0000|75.0000|147.8140|145.8737|116.3754|3.9486|52.0000|5.5014|4.0832|52.0000|5.2259|0.0000|0.0000|0.0000|2018-12-19T09:03:20.566|10X_100FOV_FlowCam Cyano Sample Run_images_000002.tif|89F8F14E-9333-487A-BDB9-1649EF310447
188|285|601|134|145|582|1516|275|1|1|0|0.7035|4.5000|0|0.0000|0.0000|0.0000|3068.0000|139.0000|94.0000|121.4167|642.1980|378.5155|146.1335|99.5227|1307.6151|40.8033|94.6208|62.9633|82.2509|41.0605|451.7863|263.1199|133.8709|34.5350|410716.0000|10.5732|31.1846|1.7170|83.7559|200.4530|0.0000|0.3437|0.2529|0.0000|8759.0000|3104.0000|1324.1529|65.0000|-30.0000|141.9192|139.5825|119.6030|3.9486|52.0000|5.5014|4.0832|52.0000|5.2259|0.0000|0.0000|0.0000|2018-12-19T09:03:20.566|10X_100FOV_FlowCam Cyano Sample Run_images_000002.tif|C5AE3BC4-AB3C-4831-BEA9-19C1DC133474
189|421|601|129|125|773|1056|275|1|1|0|0.7035|4.5000|0|0.0000|0.0000|0.0000|2265.0000|127.0000|99.0000|114.8333|737.2275|357.5133|121.1432|108.7307|940.9808|34.6135|86.1788|66.4808|77.6195|34.9622|518.6395|248.3449|144.0826|36.0693|326347.0000|18.7476|56.8797|2.0884|72.3960|200.4530|0.0000|0.0405|0.2217|0.0000|8477.5000|2307.0000|960.0333|15.0000|65.0000|153.3422|150.0909|128.7845|3.9486|52.0000|5.5014|4.0832|52.0000|5.2259|0.0000|0.0000|0.0000|2018-12-19T09:03:20.566|10X_100FOV_FlowCam Cyano Sample Run_images_000002.tif|A2872354-82A4-4F5A-8004-593B9E3C7616
190|552|601|33|34|115|1781|276|1|1|0|0.7035|4.5000|0|0.0000|0.0000|0.0000|352.0000|28.0000|18.0000|23.4722|74.1838|70.5476|26.5224|17.9961|108.0198|11.7275|16.5323|9.4973|13.3469|12.0829|52.1883|46.4645|110.5597|29.9072|38917.0000|1.1868|1.0000|1.1232|121.1111|201.7960|0.7309|0.7672|0.9147|0.0000|355.0000|369.0000|114.6660|40.0000|-45.0000|113.0142|113.5625|103.6619|4.0553|70.0000|5.6967|4.4340|70.0000|5.9674|0.0000|0.0000|0.0000|2018-12-19T09:03:21.923|10X_100FOV_FlowCam Cyano Sample Run_images_000002.tif|DEEB8C68-05D5-415C-9281-0F950D6E9F02
191|587|601|26|62|1047|814|276|1|1|0|0.7035|4.5000|0|0.0000|0.0000|0.0000|513.0000|52.0000|13.0000|37.9444|124.7696|116.1462|58.0348|11.7770|172.3536|14.8138|33.4162|5.9798|23.5281|14.8138|87.7754|78.5431|139.0448|37.8237|71330.0000|2.4149|5.4013|1.1175|90.5789|201.7960|0.0781|0.7340|0.3725|0.0000|525.0000|513.0000|172.3536|-90.0000|5.0000|140.8265|141.8694|132.7953|4.0553|70.0000|5.6967|4.4340|70.0000|5.9674|0.0000|0.0000|0.0000|2018-12-19T09:03:21.923|10X_100FOV_FlowCam Cyano Sample Run_images_000002.tif|8223C1A0-6F1C-4C3C-8DBB-D943397C7CA6
192|615|601|32|110|645|1470|277|1|1|0|0.7035|4.5000|0|0.0000|0.0000|0.0000|1425.0000|101.0000|19.0000|69.4167|233.1543|214.9224|110.0727|17.8917|564.1086|26.8001|67.8877|10.2007|45.6689|26.8001|164.0241|148.0322|143.8084|48.3603|204927.0000|3.0357|7.4019|1.1080|60.0184|202.0150|0.0000|0.5481|0.2918|0.0000|1577.0000|1425.0000|564.1086|-85.0000|5.0000|146.5635|148.3228|133.8926|4.1199|85.0000|5.8996|4.5170|85.0000|6.2741|0.0000|0.0000|0.0000|2018-12-19T09:03:22.124|10X_100FOV_FlowCam Cyano Sample Run_images_000002.tif|07A31653-C305-478F-8A97-BFFF61C4311D
193|649|601|91|132|514|1698|279|1|2|0|0.7035|4.5000|0|0.0000|0.0000|0.0000|1797.0000|122.0000|75.0000|104.2222|535.4457|324.3334|124.9971|76.9939|729.8924|30.4849|82.6612|49.5968|70.1546|30.4849|376.6860|225.0028|133.1914|36.7529|239345.0000|12.6962|37.8598|1.6741|78.6447|205.0930|0.0026|0.3615|0.2123|0.0000|5616.0000|1797.0000|729.8924|-90.0000|30.0000|141.0540|139.4001|118.0317|3.6614|75.0000|4.8746|4.2666|75.0000|5.7089|0.0000|0.0000|0.0000|2018-12-19T09:03:25.194|10X_100FOV_FlowCam Cyano Sample Run_images_000002.tif|28AB4031-0FFE-4C12-BBDE-3A67D0D264A7
194|742|601|114|150|375|1266|279|1|1|0|0.7035|4.5000|0|0.0000|0.0000|0.0000|7188.0000|147.0000|83.0000|121.1389|527.6467|377.4339|148.3404|77.2112|3230.6283|64.1355|100.2488|55.2248|82.0555|64.8619|371.1995|262.3590|130.3879|28.7125|937228.0000|3.0168|7.3413|1.4149|76.8803|205.0930|0.0000|0.2310|0.6687|0.0000|9094.0000|7344.0000|3304.2224|55.0000|-30.0000|135.1080|133.4297|122.6106|3.6614|75.0000|4.8746|4.2666|75.0000|5.7089|0.0000|0.0000|0.0000|2018-12-19T09:03:25.194|10X_100FOV_FlowCam Cyano Sample Run_images_000002.tif|D58E3016-64CF-4D87-916B-A86DE890E837
195|858|601|217|184|574|587|279|1|1|0|0.7035|4.5000|0|0.0000|0.0000|0.0000|5746.0000|224.0000|164.0000|197.9167|1477.7514|618.8330|181.1832|139.6681|2552.4116|57.0073|154.4183|112.2083|136.0686|57.1955|1039.5981|432.1833|141.1857|42.1936|811253.0000|30.0549|92.4093|2.4055|64.0359|205.0930|0.0000|0.1272|0.2813|0.0000|26527.5000|5782.0000|2569.2926|20.0000|80.0000|147.9544|146.0151|129.1279|3.6614|75.0000|4.8746|4.2666|75.0000|5.7089|0.0000|0.0000|0.0000|2018-12-19T09:03:25.194|10X_100FOV_FlowCam Cyano Sample Run_images_000002.tif|995F7F2D-5C41-401E-A36E-0C15DEBF45DD
196|1077|601|138|298|297|1165|280|1|2|0|0.7035|4.5000|0|0.0000|0.0000|0.0000|18044.0000|289.0000|121.0000|211.5278|1031.3179|661.3366|288.1599|103.0730|8407.8162|103.4658|200.1457|81.9578|145.6441|105.8126|725.5321|462.0845|84.8380|52.6985|1530816.0000|4.4909|12.0254|1.5701|132.1926|206.0780|0.0000|0.2514|0.5124|0.0000|25236.5000|18847.0000|8793.5604|-85.0000|5.0000|91.9306|89.1841|73.6255|4.1739|80.0000|5.7043|3.9137|80.0000|5.0233|0.0000|0.0000|0.0000|2018-12-19T09:03:26.190|10X_100FOV_FlowCam Cyano Sample Run_images_000002.tif|8553F224-9C88-4E1C-B6D8-7988BCB9D7F4
197|1217|601|51|34|116|857|281|1|1|0|0.7035|4.5000|0|0.0000|0.0000|0.0000|752.0000|42.0000|24.0000|33.4722|106.6690|102.1666|41.1336|23.3602|271.7961|18.6027|26.3813|13.7183|20.3819|18.6027|75.0416|68.7085|91.1184|25.0902|68521.0000|1.2041|1.0000|1.0922|114.9892|208.9680|0.5821|0.8764|0.8558|0.0000|724.5000|752.0000|271.7961|5.0000|-90.0000|98.8883|96.6822|77.2726|4.2628|46.0000|5.7446|3.9771|46.0000|5.3258|0.0000|0.0000|0.0000|2018-12-19T09:03:29.103|10X_100FOV_FlowCam Cyano Sample Run_images_000002.tif|C6E037B6-9895-4BF3-A671-2CD60F39D64F
198|1270|601|34|57|347|1248|283|1|1|0|0.7035|4.5000|0|0.0000|0.0000|0.0000|748.0000|49.0000|20.0000|36.6944|122.6690|112.2489|48.1640|20.0962|270.1047|18.5448|31.3057|10.9043|22.6488|18.5448|86.2976|75.8014|143.4385|53.4264|107292.0000|1.6009|2.6523|1.1385|62.1376|209.3590|0.3727|0.8893|0.6994|0.0000|746.0000|748.0000|270.1047|-80.0000|10.0000|144.3570|146.7647|136.5749|4.0655|45.0000|5.4837|4.5154|45.0000|5.9543|0.0000|0.0000|0.0000|2018-12-19T09:03:29.479|10X_100FOV_FlowCam Cyano Sample Run_images_000002.tif|5DC218A6-6E84-413D-88FC-D9E1506B9CC5
199|1306|601|145|182|625|330|283|1|3|0|0.7035|4.5000|0|0.0000|0.0000|0.0000|2580.0000|171.0000|119.0000|149.8056|957.5189|467.8210|148.3150|136.1502|1084.2397|37.1550|117.1328|80.5508|102.2225|37.4974|673.6145|325.9463|138.7430|26.7875|357957.0000|27.8049|85.3399|2.0666|67.5585|209.3590|0.0000|0.0924|0.1648|0.0000|14097.0000|2624.0000|1104.3133|-55.0000|20.0000|147.1884|144.9624|123.3120|4.0655|45.0000|5.4837|4.5154|45.0000|5.9543|0.0000|0.0000|0.0000|2018-12-19T09:03:29.479|10X_100FOV_FlowCam Cyano Sample Run_images_000002.tif|AEF69F64-147E-491A-AA1E-7BB095EC157D
200|1453|601|131|133|764|1506|284|1|1|0|0.7035|4.5000|0|0.0000|0.0000|0.0000|2979.0000|130.0000|112.0000|121.9722|692.8011|380.1529|130.7289|113.2062|1266.7626|40.1608|88.2892|75.6262|82.6417|40.4941|487.3856|264.2718|141.8369|34.9637|422532.0000|12.6265|37.6407|1.8443|73.2204|210.5620|0.0000|0.2847|0.2576|0.0000|8922.0000|3025.0000|1287.8715|-25.0000|60.0000|149.0050|146.6240|129.7210|3.7333|49.0000|5.3091|4.1364|49.0000|5.1997|0.0000|0.0000|0.0000|2018-12-19T09:03:30.674|10X_100FOV_FlowCam Cyano Sample Run_images_000002.tif|2E40A75E-6D32-4A21-923D-ED8489CD69FF
201|1586|601|98|240|396|1407|285|1|1|0|0.7035|4.5000|0|0.0000|0.0000|0.0000|3078.0000|243.0000|30.0000|159.6944|537.3452|498.3742|263.1352|25.7170|1312.2082|40.8749|167.7848|17.9393|109.1793|40.8749|378.0223|347.4405|144.7758|46.5323|445620.0000|7.4650|21.4052|1.0880|66.5203|211.7030|0.0000|0.3496|0.1121|0.0000|4811.0000|3078.0000|1312.2082|-75.0000|20.0000|148.0270|149.9805|133.3047|4.0894|140.0000|5.9265|4.5042|140.0000|6.2986|0.0000|0.0000|0.0000|2018-12-19T09:03:31.808|10X_100FOV_FlowCam Cyano Sample Run_images_000002.tif|4A982AD0-437E-4C91-989A-D427A777042F
202|1686|601|28|109|487|1200|286|1|1|0|0.7035|4.5000|0|0.0000|0.0000|0.0000|1051.0000|100.0000|15.0000|67.9722|220.4264|210.7653|111.9388|13.5467|400.0514|22.5690|67.1843|7.3868|44.6527|22.5690|155.0700|145.1076|143.1694|39.9785|150471.0000|3.6789|9.4517|1.0687|86.3510|211.9530|0.0000|0.3551|0.2105|0.0000|1188.0000|1051.0000|400.0514|80.0000|-5.0000|142.1970|143.7203|142.4586|3.7824|106.0000|5.5716|4.1990|106.0000|5.9794|0.0000|0.0000|0.0000|2018-12-19T09:03:32.065|10X_100FOV_FlowCam Cyano Sample Run_images_000002.tif|2F9FBFE1-6529-4058-B1B1-A8C4905F60E2
203|1716|601|52|261|959|1175|287|1|1|0|0.7035|4.5000|0|0.0000|0.0000|0.0000|2783.0000|251.0000|38.0000|165.3611|558.5341|516.5054|278.8822|33.8578|1176.9681|38.7113|173.4128|23.5673|113.1658|38.7113|392.9287|360.1958|147.3216|39.3285|409996.0000|8.9202|25.9853|1.0909|89.1772|213.6710|0.0000|0.3590|0.0898|0.0000|5588.0000|2783.0000|1176.9681|-90.0000|-5.0000|146.3669|149.1617|144.0481|4.4954|255.0000|6.6976|4.8570|255.0000|7.0872|0.0000|0.0000|0.0000|2018-12-19T09:03:33.799|10X_100FOV_FlowCam Cyano Sample Run_images_000002.tif|85BA9692-5F0C-4FF5-AE1F-DED50CFF692F
204|1770|601|24|81|843|1336|289|1|1|0|0.7035|4.5000|0|0.0000|0.0000|0.0000|751.0000|71.0000|14.0000|49.3611|161.2548|152.1272|78.5128|12.9693|271.3732|18.5883|46.7828|6.6833|31.5598|18.5883|113.4428|103.8557|138.8975|42.4192|104312.0000|2.7553|6.5024|1.0923|97.5338|216.9210|0.0000|0.6416|0.3020|0.0000|797.5000|751.0000|271.3732|-90.0000|0.0000|138.6099|139.5206|137.8029|4.0178|63.0000|5.5296|4.4247|63.0000|6.0016|0.0000|0.0000|0.0000|2018-12-19T09:03:37.061|10X_100FOV_FlowCam Cyano Sample Run_images_000002.tif|1B07037F-63C7-4D51-B64D-88E458333465
205|1796|601|159|178|538|1283|290|1|1|0|0.7035|4.5000|0|0.0000|0.0000|0.0000|13813.0000|169.0000|106.0000|151.3056|527.9138|471.8947|163.1866|114.7028|6380.1565|90.1303|115.7258|71.4052|103.2777|91.4748|371.3874|328.8122|132.5793|31.0391|1831318.0000|1.5603|2.5021|1.1295|49.7359|217.0620|0.5534|0.9112|0.9097|0.0000|14615.5000|14214.0000|6571.9302|-85.0000|-25.0000|140.7507|137.2969|120.2107|3.0418|35.0000|4.0631|4.0343|35.0000|5.3542|0.0000|0.0000|0.0000|2018-12-19T09:03:37.201|10X_100FOV_FlowCam Cyano Sample Run_images_000002.tif|1523B778-6E41-4A3B-961F-2F52D44D3DA0
206|1957|601|44|46|396|1490|291|1|1|0|0.7035|4.5000|0|0.0000|0.0000|0.0000|841.0000|41.0000|29.0000|35.8611|118.9117|109.5395|38.0308|29.5145|309.6167|19.8549|25.6777|17.2357|22.0625|19.8549|83.6544|73.8953|135.9310|40.8110|114318.0000|1.3380|1.5639|1.1321|100.1058|217.6710|0.7021|0.5938|0.9241|0.0000|859.0000|841.0000|309.6167|40.0000|-25.0000|136.8407|139.7015|128.2604|4.2811|36.0000|5.6432|4.5944|36.0000|5.9974|0.0000|0.0000|0.0000|2018-12-19T09:03:37.813|10X_100FOV_FlowCam Cyano Sample Run_images_000002.tif|DD52FB3E-18EB-408A-BA11-CD6A46738629
207|2|901|46|45|799|1251|294|1|1|0|0.7035|4.5000|0|0.0000|0.0000|0.0000|926.0000|37.0000|34.0000|35.8333|118.4680|109.3923|34.7661|34.1390|346.0384|20.9902|22.8637|20.7533|22.0430|20.9902|83.3422|73.7917|104.0691|54.9112|96368.0000|1.2061|1.0000|1.1294|128.0303|218.8750|0.8648|0.7927|0.9932|0.0000|919.5000|926.0000|346.0384|-70.0000|20.0000|104.9870|105.0248|101.8661|3.6550|34.0000|4.0435|4.2882|34.0000|5.5648|0.0000|0.0000|0.0000|2018-12-19T09:03:39.012|10X_100FOV_FlowCam Cyano Sample Run_images_000002.tif|6E6F5AC1-3628-49F4-949E-D0EA7F415004
208|50|901|32|49|558|1813|295|1|1|0|0.7035|4.5000|0|0.0000|0.0000|0.0000|575.0000|40.0000|19.0000|31.1667|101.0122|94.8866|40.5222|18.3478|197.7895|15.8693|24.9743|10.2007|18.7600|15.8693|71.0621|63.5870|113.2957|23.4337|65145.0000|1.4121|1.9138|1.1176|87.1798|219.2960|0.4566|0.8650|0.7400|0.0000|568.0000|575.0000|197.7895|-80.0000|15.0000|121.8070|118.3426|100.1826|4.1239|54.0000|5.6578|3.7916|54.0000|5.1960|0.0000|0.0000|0.0000|2018-12-19T09:03:39.410|10X_100FOV_FlowCam Cyano Sample Run_images_000002.tif|29D0246B-82F0-4A77-A0AA-14DEB6C81982
209|84|901|62|57|1010|1015|295|1|1|0|0.7035|4.5000|0|0.0000|0.0000|0.0000|1785.0000|52.0000|46.0000|49.0833|162.3675|151.1308|50.2935|45.6548|724.5131|30.3723|33.4162|29.1953|31.3644|30.4568|114.2255|103.1548|115.3350|31.6782|205873.0000|1.1694|1.0000|1.1073|96.7143|219.2960|0.8603|0.8280|0.9902|0.0000|1778.0000|1794.0000|728.5474|0.0000|60.0000|123.0543|121.0807|101.1266|4.1239|54.0000|5.6578|3.7916|54.0000|5.1960|0.0000|0.0000|0.0000|2018-12-19T09:03:39.410|10X_100FOV_FlowCam Cyano Sample Run_images_000002.tif|576135D4-51BD-43F1-945C-D6321A186E88
210|148|901|23|90|350|1279|297|1|1|0|0.7035|4.5000|0|0.0000|0.0000|0.0000|815.0000|80.0000|13.0000|55.0556|174.2843|169.9942|89.4622|12.3205|298.5324|19.4962|53.1142|5.9798|35.5659|19.4962|122.6090|116.4252|145.2675|40.6711|118393.0000|2.9658|7.1782|1.0531|95.9277|223.5460|0.0000|0.6607|0.2545|0.0000|863.5000|815.0000|298.5324|-90.0000|0.0000|144.0380|145.5325|145.2724|3.8536|43.0000|5.3778|4.2077|43.0000|5.6867|0.0000|0.0000|0.0000|2018-12-19T09:03:43.674|10X_100FOV_FlowCam Cyano Sample Run_images_000002.tif|94C47549-58A0-4FF7-B15B-F8A749D66D13
211|173|901|40|57|849|216|297|1|1|0|0.7035|4.5000|0|0.0000|0.0000|0.0000|885.0000|47.0000|30.0000|39.2500|146.2254|119.9999|46.3800|25.1448|328.4364|20.4494|29.8987|17.9393|24.4466|20.4494|102.8696|81.2542|98.1695|43.3048|86880.0000|1.9226|3.7752|1.2660|100.0547|223.5460|0.5063|0.6659|0.8097|0.0000|990.0000|885.0000|328.4364|-90.0000|0.0000|105.2972|102.4757|87.0147|3.8536|43.0000|5.3778|4.2077|43.0000|5.6867|0.0000|0.0000|0.0000|2018-12-19T09:03:43.674|10X_100FOV_FlowCam Cyano Sample Run_images_000002.tif|F5ED96E6-4899-492A-9B3C-4EE32AAA3445
212|215|901|95|101|712|1208|300|1|1|0|0.7035|4.5000|0|0.0000|0.0000|0.0000|5858.0000|96.0000|79.0000|88.9722|311.7645|276.2649|94.5207|79.2118|2604.9396|57.5909|64.3702|52.4108|59.4262|57.6531|219.3263|191.1866|68.8535|36.8166|403344.0000|1.3177|1.4498|1.1472|130.3309|226.2030|0.8206|0.8803|0.9828|0.0000|5902.0000|5870.0000|2610.5693|40.0000|-35.0000|78.9309|73.6171|55.6740|5.0441|101.0000|6.7700|4.3303|101.0000|6.0077|0.0000|0.0000|0.0000|2018-12-19T09:03:46.316|10X_100FOV_FlowCam Cyano Sample Run_images_000002.tif|D9B12CCF-D1AE-42C8-BF44-FA1BE01B290D
213|312|901|31|116|428|1379|302|1|1|0|0.7035|4.5000|0|0.0000|0.0000|0.0000|1541.0000|106.0000|21.0000|73.9722|243.8822|229.2851|119.1416|18.6277|615.5720|27.9959|71.4052|11.6077|48.8737|27.9959|171.5711|158.1363|144.4238|52.2086|222557.0000|3.0715|7.5163|1.0850|58.3839|230.3750|0.0000|0.4117|0.2699|0.0000|1798.0000|1541.0000|615.5720|-90.0000|0.0000|145.8164|148.7969|135.3381|4.1688|98.0000|5.9078|4.5270|98.0000|6.3060|0.0000|0.0000|0.0000|2018-12-19T09:03:50.486|10X_100FOV_FlowCam Cyano Sample Run_images_000002.tif|6CB24842-5DE4-4F12-A6F4-6658FB755A3E
214|345|901|29|35|984|1832|303|1|1|0|0.7035|4.5000|0|0.0000|0.0000|0.0000|312.0000|25.0000|18.0000|21.9722|79.6985|66.1900|23.9698|17.2604|92.5582|10.8558|14.4217|9.4973|12.2917|10.8558|56.0679|43.3989|138.4487|32.8161|43196.0000|1.6201|2.7223|1.2919|66.1408|231.5310|0.7084|0.5524|0.9106|0.0000|321.0000|312.0000|92.5582|-90.0000|25.0000|142.7372|140.9199|131.9327|4.5472|37.0000|5.7740|4.9264|37.0000|6.1914|0.0000|0.0000|0.0000|2018-12-19T09:03:51.667|10X_100FOV_FlowCam Cyano Sample Run_images_000002.tif|934536B3-14E5-49BF-B886-CB1FDBD41DFF
215|376|901|32|77|857|1572|303|1|1|0|0.7035|4.5000|0|0.0000|0.0000|0.0000|540.0000|68.0000|14.0000|47.0000|165.9828|144.4690|72.2112|11.4454|183.3936|15.2808|44.6722|6.6833|29.8987|15.2808|116.7689|98.4682|140.2796|29.3097|75751.0000|4.0600|10.6610|1.1859|84.4161|231.5310|0.0000|0.5365|0.2572|0.0000|698.0000|540.0000|183.3936|-85.0000|15.0000|143.8852|147.8074|124.0685|4.5472|37.0000|5.7740|4.9264|37.0000|6.1914|0.0000|0.0000|0.0000|2018-12-19T09:03:51.667|10X_100FOV_FlowCam Cyano Sample Run_images_000002.tif|CAE3DED3-57A5-4688-95D9-81618A21ECF3
216|410|901|39|349|335|1209|304|1|1|0|0.7035|4.5000|0|0.0000|0.0000|0.0000|4857.0000|339.0000|29.0000|222.3056|729.5219|695.1275|387.1756|17.5949|2136.5543|52.1569|235.3208|17.2357|153.2262|52.1569|513.2187|485.8564|145.6870|50.5584|707602.0000|8.7196|25.3541|1.0563|55.5210|232.5780|0.0000|0.6870|0.0823|0.0000|6122.0000|4857.0000|2136.5543|-90.0000|0.0000|147.0235|149.9261|136.8672|4.0580|276.0000|6.2798|4.4726|276.0000|6.6852|0.0000|0.0000|0.0000|2018-12-19T09:03:52.695|10X_100FOV_FlowCam Cyano Sample Run_images_000002.tif|39B63767-F993-4DA0-AEA9-20924468D77C
217|451|901|31|122|922|1442|305|1|1|0|0.7035|4.5000|0|0.0000|0.0000|0.0000|1444.0000|112.0000|21.0000|76.3056|255.5391|236.6767|122.9389|18.0499|572.5218|26.9992|75.6262|11.6077|50.5152|26.9992|179.7718|163.3363|140.9120|48.5415|203477.0000|3.5986|9.1967|1.1006|64.2479|233.0460|0.0000|0.3025|0.2382|0.0000|1794.0000|1444.0000|572.5218|-90.0000|0.0000|143.6738|145.1240|131.5644|4.1235|93.0000|5.9277|4.4126|93.0000|6.2544|0.0000|0.0000|0.0000|2018-12-19T09:03:53.166|10X_100FOV_FlowCam Cyano Sample Run_images_000002.tif|64EFE5E1-EEBB-4DCF-A0F2-89DEC13AB424
218|484|901|72|51|494|1112|308|1|1|0|0.7035|4.5000|0|0.0000|0.0000|0.0000|1201.0000|65.0000|35.0000|51.4722|207.6812|158.6154|63.9106|31.1136|465.4605|24.3443|42.5618|21.4567|33.0449|24.3443|146.1037|108.4202|112.2664|49.7271|134832.0000|2.8579|6.8319|1.3476|94.3242|234.9370|0.1981|0.3171|0.6053|0.0000|1557.5000|1201.0000|465.4605|20.0000|-70.0000|118.0566|116.7719|101.1940|4.3348|42.0000|5.7801|3.9241|42.0000|5.0860|0.0000|0.0000|0.0000|2018-12-19T09:03:55.046|10X_100FOV_FlowCam Cyano Sample Run_images_000002.tif|ED8E1055-9BC3-40ED-B200-93D5BD348ED2
219|558|901|104|155|769|1345|311|1|1|0|0.7035|4.5000|0|0.0000|0.0000|0.0000|2837.0000|148.0000|78.0000|116.1389|566.8011|361.9549|143.7568|85.9265|1201.6828|39.1156|100.9523|51.7073|78.5380|39.1826|398.7446|251.4695|137.5795|40.9398|390313.0000|8.9829|26.1824|1.5857|93.8452|236.5780|0.0000|0.2963|0.2584|0.0000|6673.0000|2846.0000|1205.8038|-80.0000|15.0000|146.7152|142.9528|123.5241|3.9133|39.0000|5.2697|4.3332|39.0000|5.6869|0.0000|0.0000|0.0000|2018-12-19T09:03:56.698|10X_100FOV_FlowCam Cyano Sample Run_images_000002.tif|A7BDDD9E-DCE0-4678-9F9D-589ACB3FEB9D
220|664|901|141|139|691|1528|314|1|1|0|0.7035|4.5000|0|0.0000|0.0000|0.0000|2282.0000|146.0000|93.0000|123.4167|625.5118|384.7375|149.6238|102.7227|948.6906|34.7550|99.5452|62.2598|83.6579|34.8297|440.0476|267.4971|139.1266|38.3305|317487.0000|13.5905|40.6713|1.6451|87.7694|240.1710|0.0000|0.3971|0.1771|0.0000|7827.5000|2291.0000|952.7733|55.0000|-35.0000|147.1915|144.7883|124.9378|3.9061|38.0000|5.3172|3.5320|38.0000|4.4883|0.0000|0.0000|0.0000|2018-12-19T09:04:00.285|10X_100FOV_FlowCam Cyano Sample Run_images_000002.tif|601C6FEF-3339-4B9D-9AA0-F7DD0482FE67
221|807|901|123|137|262|1353|318|1|1|0|0.7035|4.5000|0|0.0000|0.0000|0.0000|5423.0000|158.0000|52.0000|113.2500|395.3869|352.6230|151.4886|48.0101|2401.0868|55.2916|107.9873|33.4162|76.5056|55.5068|278.1547|244.9045|120.4160|34.5522|653016.0000|2.2772|4.9521|1.1358|64.3625|241.6560|0.0000|0.6586|0.5509|0.0000|5749.5000|5463.0000|2419.8132|-55.0000|45.0000|130.3450|126.9021|103.8966|4.7125|95.0000|6.3976|4.0414|95.0000|5.4865|0.0000|0.0000|0.0000|2018-12-19T09:04:01.765|10X_100FOV_FlowCam Cyano Sample Run_images_000002.tif|4198C354-0ED4-4C45-A30E-6C58D1D04548
222|932|901|77|51|350|1453|319|1|1|0|0.7035|4.5000|0|0.0000|0.0000|0.0000|950.0000|71.0000|35.0000|54.4722|210.2082|168.0244|79.5692|32.5248|356.3696|21.3013|46.7828|21.4567|35.1554|21.3013|147.8815|115.0394|141.7147|42.1762|134629.0000|3.7014|9.5233|1.2855|83.3771|242.0930|0.1100|0.4123|0.3274|0.0000|1628.0000|950.0000|356.3696|15.0000|-75.0000|144.2726|146.6158|131.1421|4.0965|52.0000|5.6327|4.5554|52.0000|6.0414|0.0000|0.0000|0.0000|2018-12-19T09:04:02.211|10X_100FOV_FlowCam Cyano Sample Run_images_000002.tif|C4EA3001-2408-4B55-8976-335CF66180A1
223|1011|901|86|95|653|959|319|1|2|0|0.7035|4.5000|0|0.0000|0.0000|0.0000|1478.0000|107.0000|42.0000|78.4722|292.0071|243.3275|129.0643|31.4954|587.5931|27.3523|72.1088|26.3813|52.0394|27.3523|205.4270|168.0151|144.5724|44.6838|213678.0000|4.5909|12.3419|1.2227|80.9482|242.0930|0.0000|0.2630|0.2132|0.0000|2770.0000|1478.0000|587.5931|-50.0000|40.0000|147.8870|147.7957|136.9479|4.0965|52.0000|5.6327|4.5554|52.0000|6.0414|0.0000|0.0000|0.0000|2018-12-19T09:04:02.211|10X_100FOV_FlowCam Cyano Sample Run_images_000002.tif|C5688C8D-D1E5-4AA3-BB77-AA735A75006E
224|1099|901|26|64|667|1555|320|1|1|0|0.7035|4.5000|0|0.0000|0.0000|0.0000|538.0000|54.0000|16.0000|38.9444|130.7696|119.0189|58.6387|12.4354|182.5738|15.2466|34.8233|8.0903|24.2316|15.2466|91.9964|80.5640|137.0056|41.3570|73709.0000|2.5294|5.7732|1.1419|113.7500|243.5150|0.0677|0.6552|0.3813|0.0000|611.5000|538.0000|182.5738|-90.0000|0.0000|140.2491|139.9089|130.0706|3.8838|42.0000|5.3377|4.2310|42.0000|5.6637|0.0000|0.0000|0.0000|2018-12-19T09:04:03.643|10X_100FOV_FlowCam Cyano Sample Run_images_000002.tif|9FD2ED5C-82F8-4B32-B688-7A4D69204742
225|1127|901|31|32|434|1020|321|1|1|0|0.7035|4.5000|0|0.0000|0.0000|0.0000|318.0000|23.0000|20.0000|21.7778|73.6985|65.3779|20.5422|20.1125|94.8604|10.9900|13.0147|10.9043|12.1549|10.9900|51.8469|42.8276|142.5629|49.6021|45335.0000|1.3592|1.6719|1.2106|66.0615|244.9370|0.8637|0.7990|0.9798|0.0000|319.5000|318.0000|94.8604|15.0000|-20.0000|143.8176|145.0597|137.0629|3.8997|44.0000|5.2617|4.3029|44.0000|5.7153|0.0000|0.0000|0.0000|2018-12-19T09:04:05.053|10X_100FOV_FlowCam Cyano Sample Run_images_000002.tif|3546F4FA-6473-4AFF-9EAB-3FFAA0CDB5EA
226|1160|901|26|57|795|1583|324|1|1|0|0.7035|4.5000|0|0.0000|0.0000|0.0000|541.0000|48.0000|15.0000|35.3056|114.7696|107.8142|51.7485|13.9451|183.8036|15.2979|30.6023|7.3868|21.6717|15.2979|80.7404|72.6815|137.8817|39.6283|74594.0000|1.9375|3.8255|1.1109|76.7404|246.3280|0.1653|0.6699|0.4796|0.0000|551.5000|541.0000|183.8036|75.0000|-5.0000|140.6876|142.7911|127.2403|4.2330|38.0000|5.5439|4.4638|38.0000|5.8143|0.0000|0.0000|0.0000|2018-12-19T09:04:06.446|10X_100FOV_FlowCam Cyano Sample Run_images_000002.tif|10E038A1-B222-4BEB-823E-283728C79498
227|1188|901|34|42|547|1450|325|1|1|0|0.7035|4.5000|0|0.0000|0.0000|0.0000|482.0000|36.0000|17.0000|28.3333|94.0833|85.7466|35.5434|17.6746|159.7549|14.2621|22.1603|8.7937|16.7667|14.2621|66.1876|57.1570|147.2199|49.6042|70960.0000|1.4614|2.1192|1.1580|64.2125|246.6400|0.5378|0.7529|0.7789|0.0000|478.0000|482.0000|159.7549|-65.0000|30.0000|149.8320|151.0083|138.7158|3.9288|36.0000|5.1316|4.4095|36.0000|5.7025|0.0000|0.0000|0.0000|2018-12-19T09:04:06.769|10X_100FOV_FlowCam Cyano Sample Run_images_000002.tif|D28ACD6D-4AFD-4D96-8BF0-0BC873F0FF9C
228|1224|901|40|58|678|1442|326|1|1|0|0.7035|4.5000|0|0.0000|0.0000|0.0000|1098.0000|49.0000|30.0000|40.9167|148.9117|125.5403|49.6786|28.8595|420.4822|23.1382|31.3057|17.9393|25.6191|23.2457|104.7594|85.1519|107.0255|56.0188|117514.0000|1.5940|2.6272|1.2303|48.5896|246.8120|0.5175|0.6477|0.8540|0.0000|1125.5000|1107.0000|424.4014|-85.0000|0.0000|115.4982|112.7295|92.6157|4.4216|42.0000|5.7811|3.9189|42.0000|4.6835|0.0000|0.0000|0.0000|2018-12-19T09:04:06.952|10X_100FOV_FlowCam Cyano Sample Run_images_000002.tif|25AEC2EB-AB74-4868-9C0E-D9AA58AD3D5D
229|1266|901|36|80|588|1598|327|1|1|0|0.7035|4.5000|0|0.0000|0.0000|0.0000|809.0000|73.0000|16.0000|50.7778|174.8112|156.3111|78.8507|13.9250|295.9785|19.4127|48.1898|8.0903|32.5564|19.4127|122.9797|106.7991|132.7021|42.5920|107356.0000|3.0059|7.3066|1.1515|95.6433|247.4530|0.0000|0.5856|0.3213|0.0000|881.5000|809.0000|295.9785|75.0000|-15.0000|135.9543|138.3399|120.4067|4.0697|62.0000|5.6435|4.4009|62.0000|6.0314|0.0000|0.0000|0.0000|2018-12-19T09:04:07.579|10X_100FOV_FlowCam Cyano Sample Run_images_000002.tif|86B64542-4BA7-4D74-B48E-28872392DB4D
230|1304|901|32|108|645|1401|328|1|1|0|0.7035|4.5000|0|0.0000|0.0000|0.0000|1010.0000|99.0000|16.0000|67.2778|221.7401|207.9094|110.5137|12.3348|382.2810|22.0621|66.4808|8.0903|44.1642|22.0621|155.9942|143.0985|131.7020|44.4352|133019.0000|3.8740|10.0712|1.0901|120.7621|248.5000|0.0000|0.6199|0.2080|0.0000|1158.5000|1010.0000|382.2810|80.0000|-5.0000|132.3119|133.7119|127.4683|4.0827|80.0000|5.8244|4.4611|80.0000|6.2006|0.0000|0.0000|0.0000|2018-12-19T09:04:08.632|10X_100FOV_FlowCam Cyano Sample Run_images_000002.tif|57B2EFAB-8CBB-4E89-A2C2-F3000ED2D1A8
231|1338|901|34|35|668|1443|329|1|1|0|0.7035|4.5000|0|0.0000|0.0000|0.0000|300.0000|29.0000|13.0000|23.0556|73.4975|69.6481|30.7521|13.0457|87.9732|10.5835|17.2357|5.9798|13.0539|10.5835|51.7055|45.8317|152.0167|34.2878|45605.0000|1.4329|2.0021|1.1282|68.7797|248.8120|0.4789|0.5590|0.6846|0.0000|300.5000|300.0000|87.9732|40.0000|-45.0000|153.4400|155.1933|145.1400|3.8315|41.0000|5.2435|4.3495|41.0000|5.7084|0.0000|0.0000|0.0000|2018-12-19T09:04:08.940|10X_100FOV_FlowCam Cyano Sample Run_images_000002.tif|69C9C5DA-6AFE-4423-88D2-DDAAC84A0D3B
232|1374|901|165|186|242|1461|330|1|1|0|0.7035|4.5000|0|0.0000|0.0000|0.0000|13302.0000|176.0000|110.0000|155.0278|890.8742|483.7356|157.5197|122.5383|6135.9187|88.3883|120.6502|74.2193|105.8963|91.0578|626.7300|337.1422|125.9834|31.7107|1675831.0000|4.4827|11.9996|1.8589|59.2624|249.3280|0.2097|0.4897|0.9008|0.0000|15207.0000|14089.0000|6512.1401|-90.0000|30.0000|135.9957|132.3343|109.7046|4.9551|107.0000|6.6970|4.0597|107.0000|5.6168|0.0000|0.0000|0.0000|2018-12-19T09:04:09.443|10X_100FOV_FlowCam Cyano Sample Run_images_000002.tif|A176B0EF-EB25-48B2-865A-24319547C131
233|1541|901|32|35|120|1024|331|1|1|0|0.7035|4.5000|0|0.0000|0.0000|0.0000|300.0000|28.0000|19.0000|23.7500|83.0122|71.2361|26.0786|17.1727|87.9732|10.5835|16.5323|10.2007|13.5424|10.5835|58.3991|46.9488|130.9600|47.3404|39288.0000|1.8279|3.4529|1.2439|66.7887|250.4210|0.5427|0.3878|0.7835|0.0000|332.0000|300.0000|87.9732|-65.0000|30.0000|133.8767|137.4500|117.2033|3.6950|41.0000|5.0817|4.3070|41.0000|5.6688|0.0000|0.0000|0.0000|2018-12-19T09:04:10.552|10X_100FOV_FlowCam Cyano Sample Run_images_000002.tif|7A786850-8115-48A7-821E-40238D9F04E2
234|1575|901|222|268|714|1162|332|1|3|0|0.7035|4.5000|0|0.0000|0.0000|0.0000|9423.0000|256.0000|182.0000|226.2222|2120.7779|707.6334|219.5176|161.5672|4288.2428|73.8915|176.9303|124.8713|155.9816|74.1120|1491.9673|494.6543|141.1401|41.2926|1329963.0000|37.7668|116.6392|3.0162|78.8082|250.7960|0.0000|0.1185|0.3248|0.0000|35768.0000|9477.0000|4313.8717|-90.0000|-30.0000|149.5719|146.5172|127.3597|3.7517|35.0000|5.1847|3.7569|35.0000|4.5814|0.0000|0.0000|0.0000|2018-12-19T09:04:10.910|10X_100FOV_FlowCam Cyano Sample Run_images_000002.tif|26F9E09D-72C0-41E3-9EFB-C4955988ACC0
235|1799|901|57|81|213|998|333|1|1|0|0.7035|4.5000|0|0.0000|0.0000|0.0000|1304.0000|78.0000|20.0000|56.3889|187.7229|174.0763|83.9440|20.4715|510.6910|25.4996|51.7073|10.9043|36.5038|25.4996|132.0631|119.2969|148.2140|54.9363|193271.0000|2.1505|4.5356|1.1070|65.7355|250.8750|0.0127|0.8019|0.4448|0.0000|1341.0000|1304.0000|510.6910|60.0000|-30.0000|147.9663|151.5215|141.8305|4.2418|104.0000|6.0626|4.6719|104.0000|6.4824|0.0000|0.0000|0.0000|2018-12-19T09:04:10.994|10X_100FOV_FlowCam Cyano Sample Run_images_000002.tif|6284DC59-5819-4F26-A791-DDEDE7788F64
236|1858|901|127|142|769|1173|334|1|1|0|0.7035|4.5000|0|0.0000|0.0000|0.0000|1813.0000|174.0000|52.0000|120.6667|440.0904|375.8727|197.4811|52.1036|737.0677|30.6344|119.2433|33.4162|81.7233|30.6344|309.6036|261.2607|136.8599|42.1330|248127.0000|8.5011|24.6665|1.1850|123.9896|251.0460|0.0000|0.3912|0.1107|0.0000|5433.0000|1813.0000|737.0677|-50.0000|40.0000|140.1886|140.0474|129.3326|3.5175|34.0000|3.8603|4.1973|34.0000|5.3299|0.0000|0.0000|0.0000|2018-12-19T09:04:11.155|10X_100FOV_FlowCam Cyano Sample Run_images_000002.tif|DA6D0F4F-B8D4-49DF-AE51-3ECF227C33EF
237|1987|901|47|151|722|1488|337|1|1|0|0.7035|4.5000|0|0.0000|0.0000|0.0000|1558.0000|141.0000|32.0000|97.0556|340.2082|301.8345|155.3433|25.5624|623.1331|28.1673|96.0277|19.3463|65.1129|28.1673|239.3365|209.1748|139.2420|38.6755|216939.0000|5.9117|16.5116|1.1442|93.4721|253.5150|0.0000|0.0856|0.1601|0.0000|2882.5000|1558.0000|623.1331|-90.0000|-5.0000|143.7439|145.2824|125.6605|3.8634|116.0000|5.7011|4.3061|116.0000|6.1710|0.0000|0.0000|0.0000|2018-12-19T09:04:13.645|10X_100FOV_FlowCam Cyano Sample Run_images_000002.tif|AA324E40-71D4-44DA-95B1-C897EE3DF872
238|2|1252|111|114|868|1265|338|1|1|0|0.7035|4.5000|0|0.0000|0.0000|0.0000|7821.0000|109.0000|99.0000|104.3611|355.3208|325.1389|104.3126|100.3973|3529.4824|67.0364|73.5157|66.4808|70.2523|68.6383|249.9682|225.5695|90.6917|40.8531|709300.0000|1.2279|1.0000|1.1082|160.8071|254.5000|0.8875|0.9421|0.9940|0.0000|8246.5000|8182.0000|3700.1798|-70.0000|-20.0000|102.1051|96.1378|75.6419|4.9270|118.0000|6.7349|4.1475|118.0000|5.8904|0.0000|0.0000|0.0000|2018-12-19T09:04:14.627|10X_100FOV_FlowCam Cyano Sample Run_images_000002.tif|BB0E5A86-FCAB-44DC-A920-359DAD190D43
239|115|1252|47|156|643|1552|340|1|1|0|0.7035|4.5000|0|0.0000|0.0000|0.0000|2955.0000|146.0000|29.0000|105.3611|562.4508|327.6624|145.1065|29.4347|1255.7544|39.9859|99.5452|17.2357|70.9558|40.5950|395.6841|227.3447|125.2058|31.2555|369983.0000|8.2838|23.9826|1.7405|58.0380|256.5930|0.0000|0.5613|0.3530|0.0000|3742.0000|3039.0000|1294.2985|-90.0000|-5.0000|135.5621|131.1401|109.6291|4.5177|75.0000|6.1380|3.9900|75.0000|5.3270|0.0000|0.0000|0.0000|2018-12-19T09:04:16.721|10X_100FOV_FlowCam Cyano Sample Run_images_000002.tif|5FDE5B2C-5505-44B4-8830-50603B1BDEDB
240|164|1252|37|38|1001|1349|341|1|1|0|0.7035|4.5000|0|0.0000|0.0000|0.0000|550.0000|28.0000|26.0000|27.5000|90.4264|83.2720|27.2388|25.7965|187.4973|15.4509|16.5323|15.1253|16.1805|15.4509|63.6150|55.4161|86.7436|32.8535|47709.0000|1.1831|1.0000|1.1480|152.0000|256.8750|0.9048|0.8437|0.9951|0.0000|540.5000|550.0000|187.4973|-90.0000|10.0000|95.5073|98.0382|61.2964|4.6237|40.0000|5.9802|3.8264|40.0000|4.9201|0.0000|0.0000|0.0000|2018-12-19T09:04:16.985|10X_100FOV_FlowCam Cyano Sample Run_images_000002.tif|8ED79E35-AE09-4CB6-B4C8-D723B5EE0859
241|203|1252|35|39|694|1362|342|1|1|0|0.7035|4.5000|0|0.0000|0.0000|0.0000|440.0000|31.0000|18.0000|26.0833|85.2548|78.9644|31.4067|18.1353|142.8304|13.4854|18.6427|9.4973|15.1839|13.4854|59.9768|52.3857|147.9977|51.0041|65119.0000|1.3145|1.4309|1.1449|61.7917|257.6560|0.6349|0.8998|0.8519|0.0000|429.0000|440.0000|142.8304|-75.0000|30.0000|151.1455|152.2159|138.5386|3.8625|32.0000|5.1478|4.2654|32.0000|5.4480|0.0000|0.0000|0.0000|2018-12-19T09:04:17.774|10X_100FOV_FlowCam Cyano Sample Run_images_000002.tif|F8825C37-ECC6-49E7-A5F4-41AF29DE9080
242|240|1252|183|192|757|1077|343|1|3|0|0.7035|4.5000|0|0.0000|0.0000|0.0000|2347.0000|245.0000|22.0000|162.0278|546.8498|506.2054|252.9743|15.8656|978.1932|35.2913|169.1918|12.3113|110.8208|35.3649|384.7088|352.9497|145.6408|44.9109|341819.0000|10.1007|29.6986|1.0900|69.9858|257.8750|0.0000|0.4619|0.0934|0.0000|4203.5000|2356.0000|982.2811|45.0000|-45.0000|151.7789|149.6907|135.3553|3.9380|68.0000|5.5915|3.8397|68.0000|5.0909|0.0000|0.0000|0.0000|2018-12-19T09:04:17.988|10X_100FOV_FlowCam Cyano Sample Run_images_000002.tif|DE04E71B-41E1-4865-BFBA-9A0F490B15B9
243|425|1252|261|149|691|1351|344|1|1|0|0.7035|4.5000|0|0.0000|0.0000|0.0000|6916.0000|252.0000|137.0000|194.2778|1460.6631|606.8906|230.5323|127.5169|3102.4053|62.8499|174.1163|93.2138|133.5087|63.0453|1027.5765|423.7818|137.3495|43.5631|949909.0000|24.4044|74.6553|2.4248|82.3771|258.3430|0.0000|0.1629|0.2553|0.0000|23320.0000|6957.0000|3121.7251|5.0000|85.0000|146.6844|143.2311|122.2491|4.3701|95.0000|6.0342|4.1817|95.0000|5.5763|0.0000|0.0000|0.0000|2018-12-19T09:04:18.475|10X_100FOV_FlowCam Cyano Sample Run_images_000002.tif|D54E2AD3-5C67-450B-AB53-5D1751CDCDBF
244|688|1252|26|100|688|1592|345|1|1|0|0.7035|4.5000|0|0.0000|0.0000|0.0000|802.0000|91.0000|16.0000|60.1389|200.3259|185.7907|90.4221|13.2515|293.0009|19.3148|60.8528|8.0903|39.1420|20.0185|140.9293|127.5380|118.7993|38.3131|95277.0000|3.7438|9.6580|1.1050|81.8811|260.9060|0.0000|0.5293|0.2601|0.0000|965.0000|853.0000|314.7418|-85.0000|0.0000|133.3566|127.8641|95.4938|4.0279|39.0000|5.4444|3.7625|39.0000|4.6603|0.0000|0.0000|0.0000|2018-12-19T09:04:21.041|10X_100FOV_FlowCam Cyano Sample Run_images_000002.tif|3FDEFE7A-8E6C-4E06-B84F-1A75EBDAD021
245|716|1252|27|50|820|1537|346|1|1|0|0.7035|4.5000|0|0.0000|0.0000|0.0000|497.0000|41.0000|15.0000|31.0278|100.2843|94.4610|42.6311|15.1880|165.8404|14.5312|25.6777|7.3868|18.6623|14.5312|70.5500|63.2876|141.3702|47.9952|70261.0000|1.6103|2.6866|1.1148|56.5543|263.5460|0.3373|0.8245|0.6179|0.0000|491.0000|497.0000|165.8404|80.0000|5.0000|143.7465|145.8994|131.5252|4.0028|43.0000|5.4234|4.3767|43.0000|5.8471|0.0000|0.0000|0.0000|2018-12-19T09:04:23.672|10X_100FOV_FlowCam Cyano Sample Run_images_000002.tif|7CD564A1-815A-496B-9721-AECA22A440CD
246|745|1252|119|111|733|877|347|1|1|0|0.7035|4.5000|0|0.0000|0.0000|0.0000|7298.0000|111.0000|97.0000|103.1944|406.8772|320.9380|101.9384|94.8814|3282.5175|64.6485|74.9228|65.0738|69.4315|65.7591|286.2381|222.6141|93.0833|43.8537|679322.0000|1.7474|3.1748|1.2858|111.3687|264.9370|0.7988|0.8176|0.9899|0.0000|7900.0000|7539.0000|3396.2686|-15.0000|70.0000|103.0676|98.2906|79.0614|3.4106|43.0000|4.2115|4.1305|43.0000|5.3981|0.0000|0.0000|0.0000|2018-12-19T09:04:25.044|10X_100FOV_FlowCam Cyano Sample Run_images_000002.tif|ED3586A8-D5D1-434C-A5A4-BFF81E291131
247|866|1252|132|146|673|1420|348|1|1|0|0.7035|4.5000|0|0.0000|0.0000|0.0000|6627.0000|147.0000|58.0000|118.9444|413.6711|370.5343|157.0279|58.4895|2966.3078|61.4558|100.2488|37.6373|80.5116|63.3444|291.0176|257.5051|129.3012|30.4904|856879.0000|1.9398|3.8333|1.1301|71.8273|266.5310|0.1034|0.7833|0.6366|0.0000|7397.5000|7020.0000|3151.4171|30.0000|-40.0000|138.6729|134.5432|115.4296|4.8208|79.0000|6.3782|3.6783|79.0000|5.0514|0.0000|0.0000|0.0000|2018-12-19T09:04:26.636|10X_100FOV_FlowCam Cyano Sample Run_images_000002.tif|0FC0D996-D53D-4FF7-9D78-9544261A04BF
248|1000|1252|105|125|635|1346|349|1|1|0|0.7035|4.5000|0|0.0000|0.0000|0.0000|6863.0000|118.0000|90.0000|102.5278|377.1198|319.0219|102.8740|87.6926|3077.4353|62.5964|79.8473|60.1493|68.9626|62.6395|265.3038|221.2662|78.1032|38.7259|536022.0000|1.6469|2.8192|1.1990|133.9113|268.3750|0.7222|0.7401|0.9577|0.0000|7525.0000|6872.0000|3081.6751|-75.0000|-25.0000|92.1135|85.0090|59.2043|4.9454|94.0000|6.7367|4.1732|94.0000|5.8097|0.0000|0.0000|0.0000|2018-12-19T09:04:28.510|10X_100FOV_FlowCam Cyano Sample Run_images_000002.tif|ADFD2D75-6646-49DB-9C35-01A2BBBA62B7
249|1107|1252|30|32|857|1731|350|1|1|0|0.7035|4.5000|0|0.0000|0.0000|0.0000|277.0000|24.0000|17.0000|21.1111|70.5269|63.2976|23.4828|16.9066|79.2634|10.0460|13.7183|8.7937|11.6859|10.7203|49.6157|41.3641|152.4621|35.9946|42232.0000|1.2935|1.2864|1.1995|56.0984|268.4530|0.7587|0.6071|0.9307|0.0000|297.5000|306.0000|90.2624|-75.0000|20.0000|153.1625|154.0903|149.0469|3.3844|3.0000|3.8255|4.0022|3.0000|4.3061|0.0000|0.0000|0.0000|2018-12-19T09:04:28.574|10X_100FOV_FlowCam Cyano Sample Run_images_000002.tif|7D0F55B6-F886-411B-B8E6-D3E5D515931D
250|1139|1252|30|52|998|1055|350|1|1|0|0.7035|4.5000|0|0.0000|0.0000|0.0000|579.0000|42.0000|18.0000|32.3611|114.1838|98.8082|41.8287|17.9487|199.4405|15.9354|26.3813|9.4973|19.6003|15.9354|80.3283|66.3458|143.8515|53.0596|83290.0000|1.7919|3.3291|1.2108|59.7476|268.4530|0.4209|0.7469|0.7117|0.0000|586.0000|579.0000|199.4405|-90.0000|5.0000|145.9396|147.7064|135.5250|3.3844|3.0000|3.8255|4.0022|3.0000|4.3061|0.0000|0.0000|0.0000|2018-12-19T09:04:28.574|10X_100FOV_FlowCam Cyano Sample Run_images_000002.tif|94EF8C16-088D-4DB1-B4A2-4DDCF776772B
251|1171|1252|48|41|356|52|350|1|1|0|0.7035|4.5000|0|0.0000|0.0000|0.0000|770.0000|39.0000|28.0000|34.3611|110.5685|104.8303|37.3754|28.7981|279.4166|18.8617|24.2707|16.5323|21.0073|19.7451|77.7849|70.5824|128.0065|21.6387|98565.0000|1.1679|1.0000|1.1020|60.5851|268.4530|0.7645|0.8428|0.9528|0.0000|815.5000|833.0000|306.2031|-20.0000|-65.0000|132.6169|130.1597|121.9844|3.3844|3.0000|3.8255|4.0022|3.0000|4.3061|0.0000|0.0000|0.0000|2018-12-19T09:04:28.574|10X_100FOV_FlowCam Cyano Sample Run_images_000002.tif|9FF49EC2-6635-43E5-BE61-545AD316864C
252|1221|1252|27|38|788|1568|353|1|1|0|0.7035|4.5000|0|0.0000|0.0000|0.0000|368.0000|30.0000|17.0000|23.8611|75.1127|72.0456|28.9447|16.6020|114.2739|12.0623|17.9393|8.7937|13.6205|12.0623|52.8418|47.5183|136.3505|51.9970|50177.0000|1.2200|1.0000|1.1120|72.5152|269.1090|0.6220|0.6709|0.8416|0.0000|348.0000|368.0000|114.2739|-70.0000|0.0000|138.3424|141.7582|124.9022|4.4299|48.0000|5.8591|4.7213|48.0000|6.1355|0.0000|0.0000|0.0000|2018-12-19T09:04:29.223|10X_100FOV_FlowCam Cyano Sample Run_images_000002.tif|0BE92090-E16F-4670-8754-7CD2102C528A
253|1250|1252|83|152|343|1481|354|1|1|0|0.7035|4.5000|0|0.0000|0.0000|0.0000|8186.0000|149.0000|71.0000|125.9167|465.5807|392.3280|154.5036|74.9444|3702.0722|68.6558|101.6557|46.7828|85.4166|71.1185|327.5360|272.8370|126.8675|33.9344|1038537.0000|1.9698|3.9342|1.2005|73.6178|271.7810|0.2859|0.7889|0.7562|0.0000|9128.0000|8757.0000|3972.4208|65.0000|5.0000|135.9190|132.5412|112.2727|4.8468|91.0000|6.4718|4.1378|91.0000|5.4352|0.0000|0.0000|0.0000|2018-12-19T09:04:31.916|10X_100FOV_FlowCam Cyano Sample Run_images_000002.tif|1642F75F-7D29-4F07-9D4F-0EE7A26DB199
254|1335|1252|100|177|339|1105|355|1|1|0|0.7035|4.5000|0|0.0000|0.0000|0.0000|4004.0000|185.0000|82.0000|137.9722|875.5534|430.3972|174.2779|81.6977|1739.7170|47.0646|126.9818|54.5213|93.8977|49.2501|615.9518|299.6187|137.3434|38.7764|549923.0000|13.9916|41.9322|2.0558|65.9067|272.6710|0.0000|0.3079|0.2997|0.0000|10665.0000|4360.0000|1905.0379|-60.0000|5.0000|142.7837|141.3829|127.3154|3.7275|36.0000|5.1344|4.0479|36.0000|5.2814|0.0000|0.0000|0.0000|2018-12-19T09:04:32.783|10X_100FOV_FlowCam Cyano Sample Run_images_000002.tif|7E90578D-1C46-4F92-AF66-3246E2F35398
255|1437|1252|22|85|812|1550|356|1|1|0|0.7035|4.5000|0|0.0000|0.0000|0.0000|642.0000|76.0000|12.0000|52.1389|165.4558|160.4733|86.3952|10.1615|225.5858|16.9477|50.3002|5.2763|33.5140|16.9477|116.3982|109.7272|136.4953|40.6231|87630.0000|3.3933|8.5432|1.0608|106.3797|276.2180|0.0000|0.6968|0.2160|0.0000|680.5000|642.0000|225.5858|-85.0000|0.0000|141.2617|142.3551|123.1947|4.1200|65.0000|5.7567|4.4833|65.0000|6.1129|0.0000|0.0000|0.0000|2018-12-19T09:04:36.327|10X_100FOV_FlowCam Cyano Sample Run_images_000002.tif|63120A0C-337F-4314-AF10-A7094F9EF1EB
256|1461|1252|25|85|167|1092|357|1|1|0|0.7035|4.5000|0|0.0000|0.0000|0.0000|796.0000|75.0000|15.0000|52.4167|170.1838|161.3429|83.0494|13.2350|290.4504|19.2305|49.5968|7.3868|33.7094|19.4406|119.7243|110.3390|142.2349|40.7332|113219.0000|2.8419|6.7805|1.0851|88.1950|276.4530|0.0000|0.6727|0.2920|0.0000|873.5000|811.0000|296.8296|-90.0000|0.0000|138.3744|143.0867|142.0226|4.2320|85.0000|5.9900|4.6291|85.0000|6.3502|0.0000|0.0000|0.0000|2018-12-19T09:04:36.585|10X_100FOV_FlowCam Cyano Sample Run_images_000002.tif|FCA7CE8B-7468-4FFE-A11F-96FB873877B4
257|1488|1252|20|52|263|1487|359|1|1|0|0.7035|4.5000|0|0.0000|0.0000|0.0000|366.0000|42.0000|10.0000|30.3333|95.2132|92.4137|46.1185|10.5060|113.4901|12.0208|26.3813|3.8693|18.1737|12.0208|66.9825|61.8473|136.3251|40.3532|49895.0000|1.9711|3.9384|1.0830|119.3258|280.4210|0.1707|0.8771|0.4166|0.0000|348.0000|366.0000|113.4901|-90.0000|0.0000|138.7268|138.5355|131.0847|3.7480|35.0000|5.0732|4.3051|35.0000|5.5010|0.0000|0.0000|0.0000|2018-12-19T09:04:40.548|10X_100FOV_FlowCam Cyano Sample Run_images_000002.tif|00D0DA12-277A-4E39-A8C8-3BBBD6D29C67
258|1510|1252|30|182|918|1510|361|1|1|0|0.7035|4.5000|0|0.0000|0.0000|0.0000|2412.0000|172.0000|20.0000|116.5833|391.8406|363.2804|194.8585|17.1246|1007.7324|35.8202|117.8363|10.9043|78.8506|35.8928|275.6599|252.4020|139.6708|42.9239|336886.0000|5.0468|13.7824|1.0921|88.1557|280.8590|0.0000|0.6966|0.1611|0.0000|2635.5000|2421.0000|1011.8253|-90.0000|0.0000|148.4461|145.1488|125.5817|4.2349|63.0000|5.7596|4.1538|63.0000|5.4380|0.0000|0.0000|0.0000|2018-12-19T09:04:40.969|10X_100FOV_FlowCam Cyano Sample Run_images_000002.tif|E43C8658-9BC3-48CE-8B4B-FA65DB8B9BC7
259|1542|1252|39|91|207|1480|364|1|1|0|0.7035|4.5000|0|0.0000|0.0000|0.0000|963.0000|82.0000|26.0000|57.6944|203.0955|178.0874|88.5115|22.2240|361.9738|21.4681|54.5213|15.1253|37.4223|21.4681|142.8777|122.1187|135.5815|39.8660|130565.0000|3.4085|8.5918|1.1700|88.8757|282.2650|0.0000|0.5786|0.2945|0.0000|1426.0000|963.0000|361.9738|80.0000|-5.0000|135.7778|140.3666|126.1256|4.0240|60.0000|5.6245|4.4732|60.0000|6.0248|0.0000|0.0000|0.0000|2018-12-19T09:04:42.386|10X_100FOV_FlowCam Cyano Sample Run_images_000002.tif|271BE5C4-075E-4E34-91C0-E0224808316D
260|1583|1252|28|29|967|1272|364|1|1|0|0.7035|4.5000|0|0.0000|0.0000|0.0000|276.0000|21.0000|18.0000|19.5278|60.0416|58.0385|19.3684|18.2622|78.8872|10.0221|11.6077|9.4973|10.5721|10.0221|42.2393|37.6643|148.9964|46.3002|41123.0000|1.0394|1.0000|1.1215|110.8679|282.2650|0.9086|0.8359|0.9918|0.0000|258.0000|276.0000|78.8872|-60.0000|0.0000|151.4130|149.9674|146.2283|4.0240|60.0000|5.6245|4.4732|60.0000|6.0248|0.0000|0.0000|0.0000|2018-12-19T09:04:42.386|10X_100FOV_FlowCam Cyano Sample Run_images_000002.tif|A152E42E-DFA8-4F15-9F3D-72ABFF3F70E7
261|1613|1252|36|98|413|1488|365|1|1|0|0.7035|4.5000|0|0.0000|0.0000|0.0000|1295.0000|88.0000|25.0000|62.5556|219.6812|193.3966|91.4034|22.4225|506.7296|25.4006|58.7422|14.4217|40.8421|25.4006|154.5457|132.8888|140.3189|38.3542|181713.0000|2.9656|7.1772|1.1630|106.8505|283.2500|0.0000|0.2821|0.3723|0.0000|1638.5000|1295.0000|506.7296|-90.0000|-5.0000|142.6471|143.8656|132.4371|4.2031|63.0000|5.5460|4.4705|63.0000|5.9083|0.0000|0.0000|0.0000|2018-12-19T09:04:43.353|10X_100FOV_FlowCam Cyano Sample Run_images_000002.tif|2AA6F395-14F3-4C34-A719-06199B5C2BF1
262|1651|1252|22|94|194|1250|366|1|1|0|0.7035|4.5000|0|0.0000|0.0000|0.0000|832.0000|84.0000|12.0000|57.5000|181.6985|177.4866|94.0870|11.6419|305.7766|19.7314|55.9282|5.2763|37.2855|19.7314|127.8249|121.6961|144.6202|39.5636|120324.0000|3.1577|7.7918|1.0504|94.8844|284.4210|0.0000|0.7359|0.2357|0.0000|818.0000|832.0000|305.7766|-90.0000|0.0000|144.8774|145.9375|141.9892|4.3581|69.0000|5.6980|4.6297|69.0000|6.0638|0.0000|0.0000|0.0000|2018-12-19T09:04:44.541|10X_100FOV_FlowCam Cyano Sample Run_images_000002.tif|3BB0E708-841E-4DE8-8C92-7254BBCB1D68
263|1675|1252|180|154|855|1380|367|1|1|0|0.7035|4.5000|0|0.0000|0.0000|0.0000|4644.0000|170.0000|138.0000|150.6944|948.6905|470.1165|173.6956|134.3960|2037.2379|50.9303|116.4292|93.9172|102.8478|51.5845|667.4038|327.5612|140.7567|39.1160|653674.0000|15.0559|45.2773|2.0375|78.7685|285.1710|0.0000|0.3398|0.2512|0.0000|14056.5000|4757.0000|2089.9098|0.0000|-65.0000|148.3686|145.7873|127.9778|3.9611|83.0000|5.6738|4.1824|83.0000|5.2069|0.0000|0.0000|0.0000|2018-12-19T09:04:45.282|10X_100FOV_FlowCam Cyano Sample Run_images_000002.tif|F0B54A50-98BB-4CA3-9C73-6E2595759B72
264|1857|1252|33|81|1036|1016|368|1|1|0|0.7035|4.5000|0|0.0000|0.0000|0.0000|683.0000|72.0000|13.0000|49.9167|173.6396|153.7995|80.9733|11.5376|242.7328|17.5800|47.4862|5.9798|31.9506|17.5800|122.1555|105.0322|139.0996|40.6391|95005.0000|3.5129|8.9241|1.1630|128.3806|285.5150|0.0000|0.5626|0.2600|0.0000|761.5000|683.0000|242.7328|-85.0000|10.0000|143.5154|143.7262|128.3148|3.9668|103.0000|5.8053|4.3713|103.0000|6.1782|0.0000|0.0000|0.0000|2018-12-19T09:04:45.648|10X_100FOV_FlowCam Cyano Sample Run_images_000002.tif|7C064A67-D5AA-4ABD-B58C-262EC864FB16
265|2|1446|178|137|678|1266|369|1|1|0|0.7035|4.5000|0|0.0000|0.0000|0.0000|2619.0000|191.0000|72.0000|141.1944|556.0143|440.2628|240.3873|79.6876|1102.0315|37.4586|131.2028|47.4862|96.1645|37.5748|391.1561|306.5591|150.8156|39.3805|394986.0000|9.3400|27.3058|1.2760|70.6667|288.7030|0.0000|0.4107|0.1046|0.0000|9708.0000|2634.0000|1108.8775|30.0000|-60.0000|154.4192|154.9801|141.2524|3.9300|187.0000|6.0238|4.3303|187.0000|6.3310|0.0000|0.0000|0.0000|2018-12-19T09:04:48.813|10X_100FOV_FlowCam Cyano Sample Run_images_000002.tif|0AE9F3AA-95E1-4551-943F-4D314B2ADFA6
266|182|1446|53|46|615|1626|370|1|1|0|0.7035|4.5000|0|0.0000|0.0000|0.0000|875.0000|50.0000|24.0000|38.0556|124.7107|116.4198|48.7480|22.9820|324.1526|20.3156|32.0093|13.7183|23.6064|20.3156|87.7340|78.7356|84.1909|40.6538|73667.0000|1.4145|1.9239|1.1143|130.3846|288.7500|0.4576|0.8598|0.7671|0.0000|867.0000|875.0000|324.1526|35.0000|-60.0000|93.0263|90.1017|69.2423|4.4537|34.0000|5.7760|3.7877|34.0000|4.7890|0.0000|0.0000|0.0000|2018-12-19T09:04:48.865|10X_100FOV_FlowCam Cyano Sample Run_images_000002.tif|A535C1F1-0F25-4B57-A2E2-6956BF558CFE
267|237|1446|146|125|444|1526|371|1|1|0|0.7035|4.5000|0|0.0000|0.0000|0.0000|2758.0000|143.0000|115.0000|125.8333|736.4651|391.9569|140.8929|114.2537|1165.5328|38.5228|97.4348|77.7368|85.3580|38.8165|518.1032|272.5759|140.3477|32.7452|387079.0000|15.4313|46.4573|1.9008|82.8204|289.1560|0.0000|0.2709|0.2165|0.0000|9609.0000|2797.0000|1183.3738|20.0000|-90.0000|148.7433|146.2984|125.4608|3.7719|39.0000|5.2409|3.7033|39.0000|4.7965|0.0000|0.0000|0.0000|2018-12-19T09:04:49.272|10X_100FOV_FlowCam Cyano Sample Run_images_000002.tif|4E91B058-9692-4655-AEA8-372BC4AA6E84
268|385|1446|119|110|774|1283|372|1|1|0|0.7035|4.5000|0|0.0000|0.0000|0.0000|7454.0000|116.0000|95.0000|105.3056|403.1198|327.8978|106.4109|92.5803|3356.1387|65.3695|78.4403|63.6668|70.9167|65.6127|283.5948|227.5104|83.5126|39.0236|622503.0000|1.7226|3.0880|1.2465|127.2975|290.9060|0.6526|0.7132|0.9609|0.0000|7950.0000|7507.0000|3381.1596|-40.0000|50.0000|95.2447|89.3793|67.5197|5.0372|101.0000|6.7234|4.2832|101.0000|6.0037|0.0000|0.0000|0.0000|2018-12-19T09:04:51.031|10X_100FOV_FlowCam Cyano Sample Run_images_000002.tif|3454E037-5F81-48D9-9955-799B0BF3377C
269|506|1446|27|49|670|301|372|1|1|0|0.7035|4.5000|0|0.0000|0.0000|0.0000|510.0000|40.0000|16.0000|31.3333|100.6274|95.2578|42.4679|15.7285|171.1307|14.7611|24.9743|8.0903|18.8772|14.7611|70.7914|63.8481|145.5510|53.0362|74231.0000|1.5800|2.5754|1.1087|71.5957|290.9060|0.3510|0.7853|0.6332|0.0000|497.5000|510.0000|171.1307|-85.0000|5.0000|147.9333|149.7784|136.3843|5.0372|101.0000|6.7234|4.2832|101.0000|6.0037|0.0000|0.0000|0.0000|2018-12-19T09:04:51.031|10X_100FOV_FlowCam Cyano Sample Run_images_000002.tif|0A757FEB-64D0-4016-9AD1-FC5699D1EA04
270|535|1446|85|66|233|1328|376|1|1|0|0.7035|4.5000|0|0.0000|0.0000|0.0000|963.0000|91.0000|16.0000|61.9444|202.3503|191.2938|101.1443|13.3504|361.9738|21.4681|60.8528|8.0903|40.4121|21.4681|142.3534|131.4094|145.4465|39.8878|140065.0000|3.3835|8.5122|1.0833|102.4847|293.9840|0.0000|0.5761|0.2356|0.0000|1117.0000|963.0000|361.9738|-40.0000|55.0000|145.9688|146.6739|142.8432|3.8230|45.0000|5.2248|4.0713|45.0000|5.5980|0.0000|0.0000|0.0000|2018-12-19T09:04:54.104|10X_100FOV_FlowCam Cyano Sample Run_images_000002.tif|85CD7068-6942-4304-B068-F5CA2350CF13
271|622|1446|87|115|423|1409|380|1|1|0|0.7035|4.5000|0|0.0000|0.0000|0.0000|6258.0000|105.0000|75.0000|97.1667|348.6346|302.3821|113.0498|74.9462|2792.7598|59.6310|70.7018|49.5968|65.1910|59.7663|245.2644|209.5601|69.4727|35.0301|434760.0000|1.5390|2.4219|1.1704|123.1130|299.8120|0.4163|0.7648|0.8699|0.0000|6745.5000|6285.0000|2805.4495|-90.0000|5.0000|77.3904|78.6392|48.4481|5.1510|107.0000|6.9490|4.3671|107.0000|5.9748|0.0000|0.0000|0.0000|2018-12-19T09:04:59.932|10X_100FOV_FlowCam Cyano Sample Run_images_000002.tif|84BED40C-1941-415B-8099-D31CC37BC310
272|711|1446|52|187|766|1171|381|1|1|0|0.7035|4.5000|0|0.0000|0.0000|0.0000|2782.0000|178.0000|24.0000|118.8889|392.6518|370.3727|196.5383|20.6348|1176.5107|38.7037|122.0572|13.7183|80.4726|38.7037|276.2305|257.3914|148.9270|53.6797|414315.0000|4.4101|11.7698|1.0732|57.0000|300.3900|0.0000|0.4952|0.1814|0.0000|3329.0000|2782.0000|1176.5107|-85.0000|10.0000|151.8465|152.6596|140.4942|4.1428|158.0000|6.1350|4.4808|158.0000|6.5007|0.0000|0.0000|0.0000|2018-12-19T09:05:00.528|10X_100FOV_FlowCam Cyano Sample Run_images_000002.tif|E1F093CF-76D8-4854-A09D-2A1A3E09816A
273|765|1446|214|229|755|1394|382|1|3|0|0.7035|4.5000|0|0.0000|0.0000|0.0000|5383.0000|234.0000|166.0000|210.7222|1203.0408|659.3278|180.9028|157.6343|2382.3644|55.0756|161.4532|113.6153|145.0773|55.1243|846.3392|460.6714|143.3994|43.6342|771919.0000|21.3600|65.0890|1.8372|62.3739|304.0620|0.0000|0.0795|0.2385|0.0000|27105.5000|5392.0000|2386.5766|-70.0000|-20.0000|149.7468|147.7498|132.4353|3.6880|2.0000|3.9840|0.0000|2.0000|0.0000|0.0000|0.0000|0.0000|2018-12-19T09:05:04.198|10X_100FOV_FlowCam Cyano Sample Run_images_000002.tif|3F09B3E2-E4BC-4956-9729-147C94BAC376
274|981|1446|87|155|670|1540|385|1|1|0|0.7035|4.5000|0|0.0000|0.0000|0.0000|6086.0000|147.0000|51.0000|117.3611|471.5635|365.6196|155.0386|53.3690|2711.9562|58.7620|100.2488|32.7127|79.3978|59.6209|331.7449|254.0476|130.4760|31.6563|794077.0000|2.8286|6.7379|1.3058|80.2911|307.6710|0.0763|0.7767|0.5925|0.0000|6670.5000|6256.0000|2791.8199|-65.0000|15.0000|141.1339|136.5595|114.4763|4.7509|98.0000|6.3867|3.6150|98.0000|4.7274|0.0000|0.0000|0.0000|2018-12-19T09:05:07.780|10X_100FOV_FlowCam Cyano Sample Run_images_000002.tif|E9B71C66-9A16-4AAB-BEDC-4B240B455833
275|1070|1446|28|31|265|763|387|1|1|0|0.7035|4.5000|0|0.0000|0.0000|0.0000|287.0000|22.0000|17.0000|20.2500|64.0416|60.4565|21.3863|17.2140|83.0372|10.2823|12.3113|8.7937|11.0801|10.2823|45.0533|39.3654|146.7526|41.9679|42118.0000|1.1372|1.0000|1.1445|70.9123|309.8750|0.8449|0.8285|0.9697|0.0000|276.5000|287.0000|83.0372|-85.0000|10.0000|147.2787|148.8223|142.5296|4.1933|55.0000|5.6093|4.5231|55.0000|6.0080|0.0000|0.0000|0.0000|2018-12-19T09:05:09.993|10X_100FOV_FlowCam Cyano Sample Run_images_000002.tif|E7C3DFFA-BB37-4041-B574-D525E9339682
276|1100|1446|39|41|858|1461|389|1|1|0|0.7035|4.5000|0|0.0000|0.0000|0.0000|548.0000|35.0000|20.0000|29.3333|97.4975|89.1166|35.2547|20.1908|186.6759|15.4170|21.4567|10.9043|17.4702|15.4170|68.5895|59.5278|130.3120|53.9352|71411.0000|1.3804|1.7723|1.1522|72.1928|310.3750|0.6133|0.7818|0.8455|0.0000|549.0000|548.0000|186.6759|25.0000|-40.0000|133.0821|133.8011|122.3978|4.0048|39.0000|5.4096|4.4245|39.0000|5.8141|0.0000|0.0000|0.0000|2018-12-19T09:05:10.498|10X_100FOV_FlowCam Cyano Sample Run_images_000002.tif|8ABDD560-00CF-4D4C-BC16-8940AFB84C7D
277|1141|1446|29|92|120|825|390|1|1|0|0.7035|4.5000|0|0.0000|0.0000|0.0000|843.0000|83.0000|15.0000|57.0556|183.0122|175.8620|92.8429|12.7214|310.4704|19.8822|55.2248|7.3868|36.9729|19.8822|128.7491|120.5532|145.3369|42.0847|122519.0000|3.1617|7.8047|1.0680|96.6608|311.2500|0.0000|0.5171|0.2445|0.0000|946.0000|843.0000|310.4704|-85.0000|5.0000|145.1329|145.8612|144.3784|3.8334|55.0000|5.4103|4.2092|55.0000|5.7719|0.0000|0.0000|0.0000|2018-12-19T09:05:11.389|10X_100FOV_FlowCam Cyano Sample Run_images_000002.tif|990AB295-5E30-45FA-B5CC-BA5BB6F31CA8
278|1172|1446|25|79|609|1345|391|1|1|0|0.7035|4.5000|0|0.0000|0.0000|0.0000|702.0000|70.0000|14.0000|48.1111|153.9411|147.9872|76.0595|12.5061|250.7111|17.8666|46.0793|6.6833|30.6804|17.8666|108.2976|100.9432|146.7123|41.3325|102992.0000|2.6863|6.2802|1.0729|92.4097|312.4060|0.0000|0.5866|0.3009|0.0000|735.5000|702.0000|250.7111|85.0000|-5.0000|149.0912|148.2550|142.7991|3.4803|32.0000|4.7810|4.1391|32.0000|5.4917|0.0000|0.0000|0.0000|2018-12-19T09:05:12.527|10X_100FOV_FlowCam Cyano Sample Run_images_000002.tif|1EA0FC4C-11A1-4E4D-B2F0-63CF2085D87F
279|1199|1446|68|37|675|1521|393|1|1|0|0.7035|4.5000|0|0.0000|0.0000|0.0000|1010.0000|59.0000|22.0000|44.2222|144.9117|135.9065|60.6022|21.6620|382.2810|22.0621|38.3407|12.3113|27.9446|22.0621|101.9454|92.4445|81.0881|45.9092|81899.0000|1.6545|2.8466|1.1028|137.6308|312.9840|0.2506|0.7863|0.6210|0.0000|1023.0000|1010.0000|382.2810|5.0000|-80.0000|89.1465|85.9010|68.5178|4.6429|39.0000|5.9430|3.9099|39.0000|5.0511|0.0000|0.0000|0.0000|2018-12-19T09:05:13.096|10X_100FOV_FlowCam Cyano Sample Run_images_000002.tif|92B5528D-E180-4021-A68A-ED721548958E
280|1269|1446|23|56|477|1241|394|1|1|0|0.7035|4.5000|0|0.0000|0.0000|0.0000|503.0000|46.0000|13.0000|34.0556|107.4558|104.0837|51.0364|13.0092|168.2802|14.6377|29.1953|5.9798|20.7924|14.6377|75.5952|70.0571|149.1630|38.1311|75029.0000|1.8268|3.4490|1.0791|72.0200|314.8750|0.1635|0.7448|0.4618|0.0000|494.0000|503.0000|168.2802|-90.0000|0.0000|148.1471|150.0080|147.9026|3.7239|39.0000|5.1375|4.2358|39.0000|5.6235|0.0000|0.0000|0.0000|2018-12-19T09:05:14.995|10X_100FOV_FlowCam Cyano Sample Run_images_000002.tif|CD824D7C-9F01-4105-B44A-D5BE41A974A5
281|1294|1446|113|111|658|1302|396|1|1|0|0.7035|4.5000|0|0.0000|0.0000|0.0000|7868.0000|111.0000|100.0000|103.8333|368.7351|323.1412|102.3052|98.4409|3551.6959|67.2470|74.9228|67.1843|69.8810|67.3186|259.4051|224.1641|82.2443|35.3325|647098.0000|1.3724|1.7351|1.1572|148.1080|315.9530|0.8779|0.8360|0.9960|0.0000|8089.0000|7884.0000|3559.2587|-40.0000|80.0000|95.1511|88.6444|64.7736|4.9403|102.0000|6.6725|4.0863|102.0000|5.8022|0.0000|0.0000|0.0000|2018-12-19T09:05:16.089|10X_100FOV_FlowCam Cyano Sample Run_images_000002.tif|7AA4BE33-A85A-4928-9DDE-6FC7E71AB725
282|1409|1446|76|359|601|1219|397|1|2|0|0.7035|4.5000|0|0.0000|0.0000|0.0000|5050.0000|349.0000|65.0000|231.2778|807.7716|723.2814|382.0995|60.1790|2226.6597|53.2454|242.3558|42.5618|159.5382|53.2454|568.2673|505.6627|144.6150|47.9067|730306.0000|10.2820|30.2687|1.1238|69.5158|316.2810|0.0000|0.3689|0.0859|0.0000|13545.5000|5050.0000|2226.6597|-90.0000|0.0000|145.6990|149.5947|134.4358|4.4915|289.0000|6.7759|4.8745|289.0000|7.1641|0.0000|0.0000|0.0000|2018-12-19T09:05:16.384|10X_100FOV_FlowCam Cyano Sample Run_images_000002.tif|33BF222E-D9BD-46E0-A2AF-AF6CDFE9C317
283|1487|1446|152|123|769|1338|398|1|1|0|0.7035|4.5000|0|0.0000|0.0000|0.0000|2309.0000|173.0000|57.0000|123.4444|452.5757|384.6676|213.4498|58.5634|960.9410|34.9787|118.5397|36.9338|83.6774|34.9787|318.3870|267.4479|141.2438|44.7269|326132.0000|7.0591|20.1271|1.1905|94.3215|316.4370|0.0000|0.3945|0.1200|0.0000|6782.0000|2309.0000|960.9410|-40.0000|55.0000|144.5946|144.9164|132.7592|4.2969|115.0000|5.8619|4.7415|115.0000|6.3122|0.0000|0.0000|0.0000|2018-12-19T09:05:16.560|10X_100FOV_FlowCam Cyano Sample Run_images_000002.tif|A183FAC6-651C-4CA8-B858-770ECE9CBE9B
284|1641|1446|165|126|814|1464|399|1|1|0|0.7035|4.5000|0|0.0000|0.0000|0.0000|2740.0000|157.0000|108.0000|128.8333|755.5950|401.5422|157.7978|100.9059|1157.3020|38.3865|107.2837|72.8123|87.4685|38.5907|531.5611|279.3192|141.1325|36.7341|386703.0000|16.4195|49.5631|1.9031|81.0915|317.2180|0.0000|0.1069|0.2008|0.0000|10215.0000|2767.0000|1169.6490|5.0000|-55.0000|149.9533|146.7208|126.7978|3.8530|55.0000|5.4471|3.6797|55.0000|4.6299|0.0000|0.0000|0.0000|2018-12-19T09:05:17.362|10X_100FOV_FlowCam Cyano Sample Run_images_000002.tif|3D3A63B4-FFAE-4652-A487-11E97E5CF3E9
285|1808|1446|134|90|836|1591|400|1|4|0|0.7035|4.5000|0|0.0000|0.0000|0.0000|2313.0000|125.0000|71.0000|103.8333|723.3696|322.6365|127.2915|66.9508|962.7564|35.0117|84.7717|46.7828|69.8810|35.7717|508.8905|223.8090|136.8361|27.0084|316502.0000|17.3067|52.3516|2.2738|75.8685|319.4530|0.0000|0.2005|0.2962|0.0000|5618.5000|2406.0000|1005.0042|5.0000|-80.0000|146.3035|142.9559|121.1911|4.0452|34.0000|5.3716|3.7383|34.0000|4.4259|0.0000|0.0000|0.0000|2018-12-19T09:05:19.593|10X_100FOV_FlowCam Cyano Sample Run_images_000002.tif|B793082C-9ADC-41DE-8D03-6A7E28AB57F3
286|2|1807|110|111|389|1297|401|1|1|0|0.7035|4.5000|0|0.0000|0.0000|0.0000|7515.0000|104.0000|94.0000|99.7500|333.4630|310.6576|100.7080|95.4361|3384.9367|65.6493|69.9982|62.9633|67.0084|65.7317|234.5912|215.3819|78.2430|33.7829|587996.0000|1.1747|1.0000|1.0892|169.4316|320.4530|0.8697|0.8875|0.9965|0.0000|7559.5000|7533.0000|3393.4355|70.0000|-50.0000|89.2043|84.4826|61.8166|5.0408|100.0000|6.7476|4.4647|100.0000|6.0883|0.0000|0.0000|0.0000|2018-12-19T09:05:20.560|10X_100FOV_FlowCam Cyano Sample Run_images_000002.tif|A72C7443-5BBD-46A8-AFDE-8F350D90DAA5
287|114|1807|72|67|476|1408|403|1|1|0|0.7035|4.5000|0|0.0000|0.0000|0.0000|1130.0000|81.0000|23.0000|56.4167|196.6934|173.9016|82.0050|18.9432|434.4270|23.5187|53.8178|13.0147|36.5234|23.5187|138.3738|119.1740|130.2876|50.9946|147225.0000|2.7245|6.4032|1.1611|81.8239|321.4210|0.0042|0.6144|0.4062|0.0000|1231.5000|1130.0000|434.4270|-40.0000|45.0000|131.0159|133.5097|123.6531|4.0103|102.0000|5.8638|4.4609|102.0000|6.3027|0.0000|0.0000|0.0000|2018-12-19T09:05:21.528|10X_100FOV_FlowCam Cyano Sample Run_images_000002.tif|6140D462-114A-4CF8-8651-32FF7D94D086
288|188|1807|92|88|878|1264|406|1|1|0|0.7035|4.5000|0|0.0000|0.0000|0.0000|4747.0000|83.0000|77.0000|80.6111|303.3797|250.3272|79.6938|76.0649|2085.2470|51.5269|55.2248|51.0038|53.5442|51.5269|213.4276|172.9394|75.7192|34.3514|359439.0000|1.5429|2.4369|1.2341|128.4796|323.1870|0.8535|0.8290|0.9960|0.0000|4900.5000|4747.0000|2085.2470|25.0000|85.0000|90.4940|82.5601|56.6421|4.9145|89.0000|6.6304|4.1642|89.0000|5.6434|0.0000|0.0000|0.0000|2018-12-19T09:05:23.308|10X_100FOV_FlowCam Cyano Sample Run_images_000002.tif|46B96084-590A-4030-A202-25FF6E3EFDC3
289|282|1807|41|86|894|1372|407|1|1|0|0.7035|4.5000|0|0.0000|0.0000|0.0000|817.0000|79.0000|19.0000|55.6389|207.5391|171.9921|90.2229|15.2413|299.3840|19.5240|52.4108|10.2007|35.9762|19.6487|146.0038|117.8307|126.9621|42.4048|103728.0000|4.1496|10.9451|1.2391|81.5753|325.1560|0.0000|0.4410|0.2512|0.0000|1093.0000|826.0000|303.2185|-70.0000|15.0000|129.2656|130.0490|120.0049|3.9078|102.0000|5.7511|4.4085|102.0000|6.0837|0.0000|0.0000|0.0000|2018-12-19T09:05:25.265|10X_100FOV_FlowCam Cyano Sample Run_images_000002.tif|CA1A9839-FE78-473F-B7F9-B7AEFB60372E
290|325|1807|28|40|464|1486|408|1|1|0|0.7035|4.5000|0|0.0000|0.0000|0.0000|301.0000|32.0000|12.0000|24.1667|76.7696|72.5616|33.5604|11.6487|88.3543|10.6064|19.3463|5.2763|13.8355|10.6064|54.0074|47.8813|143.2691|42.6032|43124.0000|1.5581|2.4940|1.1279|118.5000|326.5620|0.3956|0.8642|0.6074|0.0000|288.5000|301.0000|88.3543|-80.0000|20.0000|143.8605|145.4319|138.7708|3.8589|32.0000|5.1257|4.2635|32.0000|5.4480|0.0000|0.0000|0.0000|2018-12-19T09:05:26.705|10X_100FOV_FlowCam Cyano Sample Run_images_000002.tif|A7CF30F2-DE2D-471B-893C-B053A2F60080
291|355|1807|42|43|1011|876|409|1|1|0|0.7035|4.5000|0|0.0000|0.0000|0.0000|767.0000|35.0000|31.0000|32.8056|114.0833|99.7876|32.9744|30.0389|278.1455|18.8188|21.4567|18.6427|19.9130|18.8188|80.2576|67.0348|99.8070|52.2746|76552.0000|1.3503|1.6279|1.1973|103.5100|327.1870|0.7769|0.6310|0.9817|0.0000|769.5000|767.0000|278.1455|75.0000|15.0000|99.3937|99.8553|99.8605|2.9101|38.0000|3.4955|4.5171|38.0000|5.8387|0.0000|0.0000|0.0000|2018-12-19T09:05:27.299|10X_100FOV_FlowCam Cyano Sample Run_images_000002.tif|AF59F020-5931-429F-8068-778E1F93B86E
292|2|2|179|247|529|1452|410|1|2|0|0.7035|4.5000|0|0.0000|0.0000|0.0000|3936.0000|264.0000|140.0000|201.8056|1241.8519|630.8405|216.5629|147.6858|1708.1931|46.6362|182.5583|95.3243|138.8045|46.7689|873.6428|440.6305|141.1814|28.7951|555690.0000|31.0144|95.4242|1.9827|77.8616|328.7030|0.0000|0.0570|0.1467|0.0000|20534.5000|3957.0000|1717.9265|-60.0000|25.0000|149.9654|147.7807|124.8793|3.7141|36.0000|5.1418|3.7073|36.0000|4.8853|0.0000|0.0000|0.0000|2018-12-19T09:05:28.812|10X_100FOV_FlowCam Cyano Sample Run_images_000003.tif|D8B7BB51-C854-4B80-8194-96213680B68D
293|183|2|27|43|338|1502|411|1|1|0|0.7035|4.5000|0|0.0000|0.0000|0.0000|426.0000|34.0000|15.0000|26.8611|86.2843|81.4316|34.4673|16.0544|137.2296|13.2184|20.7533|7.3868|15.7310|13.2184|60.7010|54.1214|142.5798|49.9082|60739.0000|1.3907|1.8195|1.1216|69.3077|330.3590|0.5043|0.8749|0.7503|0.0000|412.5000|426.0000|137.2296|-70.0000|10.0000|143.0540|147.1338|133.4601|4.1258|42.0000|5.3737|4.4234|42.0000|5.7551|0.0000|0.0000|0.0000|2018-12-19T09:05:30.497|10X_100FOV_FlowCam Cyano Sample Run_images_000003.tif|72221B6B-A004-41ED-83D7-F52BF7A52B58
294|212|2|179|200|710|1551|412|1|3|0|0.7035|4.5000|0|0.0000|0.0000|0.0000|5017.0000|235.0000|130.0000|184.8056|1434.5555|577.2933|207.0328|118.0549|2211.2457|53.0608|162.1568|88.2892|126.8450|53.4739|1009.2098|402.9601|135.6253|29.7417|680432.0000|32.1678|99.0481|2.5045|82.5020|331.4840|0.0000|0.2521|0.2282|0.0000|21150.5000|5091.0000|2245.8147|-50.0000|25.0000|145.8786|141.6205|119.9408|4.2421|81.0000|5.7970|4.0621|81.0000|5.3498|0.0000|0.0000|0.0000|2018-12-19T09:05:31.613|10X_100FOV_FlowCam Cyano Sample Run_images_000003.tif|217B941D-B569-4E6E-AEB9-C0B896054687
295|393|2|124|152|138|1068|414|1|1|0|0.7035|4.5000|0|0.0000|0.0000|0.0000|2246.0000|177.0000|50.0000|123.1389|438.0904|384.1385|215.2700|47.6093|932.3671|34.4547|121.3538|32.0093|83.4625|34.5300|308.1966|267.0757|142.5187|41.2559|320097.0000|6.7728|19.2255|1.1540|84.0000|334.1870|0.0000|0.2845|0.1181|0.0000|5825.0000|2255.0000|936.4469|50.0000|-40.0000|142.8700|145.4328|136.6180|4.3455|76.0000|5.8886|4.7323|76.0000|6.3189|0.0000|0.0000|0.0000|2018-12-19T09:05:34.322|10X_100FOV_FlowCam Cyano Sample Run_images_000003.tif|C371955D-C56C-44F7-9BC8-483F58CB5A9D
296|519|2|32|44|708|1182|415|1|1|0|0.7035|4.5000|0|0.0000|0.0000|0.0000|482.0000|36.0000|17.0000|28.6111|93.5980|86.2190|35.8537|17.4203|159.7549|14.2621|22.1603|8.7937|16.9622|14.2621|65.8462|57.4893|152.3568|48.9597|73436.0000|1.4464|2.0580|1.1454|56.5732|334.5310|0.5202|0.8165|0.7725|0.0000|472.5000|482.0000|159.7549|-70.0000|20.0000|154.6162|155.6867|144.9046|3.6945|46.0000|5.1386|4.1186|46.0000|5.5379|0.0000|0.0000|0.0000|2018-12-19T09:05:34.660|10X_100FOV_FlowCam Cyano Sample Run_images_000003.tif|0C2A83A2-258C-492E-A0B9-A4EAF0621F4D
297|553|2|62|30|1029|921|416|1|1|0|0.7035|4.5000|0|0.0000|0.0000|0.0000|575.0000|53.0000|14.0000|38.1389|124.4264|116.6248|57.0730|13.2793|197.7895|15.8693|34.1198|6.6833|23.6650|15.8693|87.5340|78.8798|144.4904|39.3718|83082.0000|2.1426|4.5095|1.1097|55.9821|334.8120|0.1003|0.6859|0.4264|0.0000|583.0000|575.0000|197.7895|5.0000|-80.0000|147.3374|150.0591|132.4087|4.2758|96.0000|6.0263|4.6097|96.0000|6.4079|0.0000|0.0000|0.0000|2018-12-19T09:05:34.934|10X_100FOV_FlowCam Cyano Sample Run_images_000003.tif|3D3B0247-DBF7-4ABD-A024-A86B6736AEF8
298|617|2|40|49|362|1641|417|1|1|0|0.7035|4.5000|0|0.0000|0.0000|0.0000|811.0000|40.0000|30.0000|35.0000|121.7401|106.4331|38.5004|27.5726|296.8296|19.4406|24.9743|17.9393|21.4567|19.4406|85.6442|71.7099|130.4957|55.1188|105832.0000|1.4542|2.0902|1.1943|65.3962|335.5150|0.6997|0.7251|0.9209|0.0000|829.0000|811.0000|296.8296|60.0000|0.0000|133.1418|133.5869|123.4020|4.1011|65.0000|5.6832|4.5316|65.0000|6.0768|0.0000|0.0000|0.0000|2018-12-19T09:05:35.638|10X_100FOV_FlowCam Cyano Sample Run_images_000003.tif|928CD0AB-8EB4-41BB-8B0D-F0759EF81B75
299|659|2|52|71|1028|853|417|1|2|0|0.7035|4.5000|0|0.0000|0.0000|0.0000|640.0000|72.0000|26.0000|50.0278|204.8528|154.1339|69.5979|20.8995|224.7518|16.9164|47.4862|15.1253|32.0288|16.9164|144.1139|105.2674|134.0703|37.8733|85805.0000|5.2179|14.3226|1.3690|75.7556|335.5150|0.0000|0.3225|0.3086|0.0000|1111.0000|640.0000|224.7518|55.0000|-45.0000|137.5328|138.4703|124.0609|4.1011|65.0000|5.6832|4.5316|65.0000|6.0768|0.0000|0.0000|0.0000|2018-12-19T09:05:35.638|10X_100FOV_FlowCam Cyano Sample Run_images_000003.tif|8BC4FA21-81DC-4DE4-BAF2-692627DE70BE
300|713|2|26|86|767|1513|418|1|1|0|0.7035|4.5000|0|0.0000|0.0000|0.0000|657.0000|76.0000|14.0000|51.5556|169.0122|158.6791|82.4233|10.9189|231.8477|17.1813|50.3002|6.6833|33.1036|17.1813|118.9001|108.4650|141.2740|38.7043|92817.0000|3.4599|8.7553|1.0962|109.5987|335.6250|0.0000|0.5813|0.2420|0.0000|736.0000|657.0000|231.8477|-90.0000|5.0000|146.4475|146.3760|129.2298|3.8148|62.0000|5.4135|4.2916|62.0000|5.8918|0.0000|0.0000|0.0000|2018-12-19T09:05:35.735|10X_100FOV_FlowCam Cyano Sample Run_images_000003.tif|84753597-96EF-493F-89A3-7F966CCAAD5F
301|741|2|196|150|868|1202|420|1|1|0|0.7035|4.5000|0|0.0000|0.0000|0.0000|4842.0000|190.0000|131.0000|155.1944|1010.0042|484.5375|161.8411|120.1088|2129.5557|52.0714|130.4992|88.9928|106.0135|52.4580|710.5380|337.7064|143.9221|42.0664|696871.0000|16.5331|49.9203|2.1040|74.9402|336.7810|0.0000|0.2179|0.3078|0.0000|16013.5000|4910.0000|2161.2877|-15.0000|75.0000|151.3858|148.7836|131.5349|4.0790|57.0000|5.6225|4.0066|57.0000|5.4635|0.0000|0.0000|0.0000|2018-12-19T09:05:36.893|10X_100FOV_FlowCam Cyano Sample Run_images_000003.tif|A145106D-DF29-4961-A152-0ED5D23C177E
302|939|2|25|63|979|1408|421|1|1|0|0.7035|4.5000|0|0.0000|0.0000|0.0000|560.0000|54.0000|13.0000|38.5278|125.3553|118.0689|58.2088|12.5727|191.6086|15.6193|34.8233|5.9798|23.9386|15.6193|88.1875|79.8957|143.1232|39.4354|80149.0000|2.2330|4.8071|1.1038|93.5304|336.8590|0.0764|0.8340|0.4021|0.0000|556.0000|560.0000|191.6086|75.0000|-5.0000|146.2768|147.2232|133.8714|3.7101|37.0000|5.0762|4.1956|37.0000|5.4486|0.0000|0.0000|0.0000|2018-12-19T09:05:36.980|10X_100FOV_FlowCam Cyano Sample Run_images_000003.tif|9A806A53-D143-48F0-A57C-FEB3171CB7DD
303|966|2|43|148|818|1462|422|1|1|0|0.7035|4.5000|0|0.0000|0.0000|0.0000|1749.0000|140.0000|27.0000|93.8056|310.5097|291.0963|149.6441|21.1704|708.3866|30.0324|95.3243|15.8287|62.8265|30.0324|218.4436|201.6205|143.7536|45.1631|251425.0000|4.3868|11.6961|1.0834|57.8486|337.1250|0.0000|0.0650|0.1950|0.0000|2413.5000|1749.0000|708.3866|-85.0000|5.0000|147.1927|148.7673|132.5775|3.9274|118.0000|5.8238|4.3822|118.0000|6.2607|0.0000|0.0000|0.0000|2018-12-19T09:05:37.243|10X_100FOV_FlowCam Cyano Sample Run_images_000003.tif|B7CE8DE6-67BC-4DC8-A213-CED4A428EE77
304|1011|2|37|109|540|1336|425|1|1|0|0.7035|4.5000|0|0.0000|0.0000|0.0000|1381.0000|101.0000|21.0000|69.9444|229.0538|216.2969|113.1752|17.1651|544.6510|26.3338|67.8877|11.6077|46.0401|26.3338|161.1393|148.9991|144.0673|55.9234|198957.0000|3.0232|7.3619|1.0815|62.5857|338.7810|0.0000|0.4978|0.2684|0.0000|1600.0000|1381.0000|544.6510|85.0000|-5.0000|147.5735|148.5605|133.9377|3.5582|3.0000|3.9796|4.0567|3.0000|4.4367|0.0000|0.0000|0.0000|2018-12-19T09:05:38.923|10X_100FOV_FlowCam Cyano Sample Run_images_000003.tif|868F1C4E-1E33-4E52-AACD-C1BBB856CB9E
305|1050|2|57|37|855|1107|426|1|1|0|0.7035|4.5000|0|0.0000|0.0000|0.0000|813.0000|48.0000|26.0000|37.7222|134.5685|115.4477|45.5155|23.2226|297.6809|19.4684|30.6023|15.1253|23.3718|19.4684|94.6689|78.0517|93.7011|39.4344|76179.0000|1.7725|3.2619|1.2129|94.9322|339.1870|0.4645|0.7460|0.7929|0.0000|861.5000|813.0000|297.6809|5.0000|85.0000|101.5043|98.9274|80.4748|4.3972|47.0000|5.8277|3.8466|47.0000|5.3112|0.0000|0.0000|0.0000|2018-12-19T09:05:39.328|10X_100FOV_FlowCam Cyano Sample Run_images_000003.tif|AEEC6743-3767-4635-90F8-882272B53FB0
306|1109|2|29|107|776|1524|427|1|1|0|0.7035|4.5000|0|0.0000|0.0000|0.0000|891.0000|98.0000|13.0000|66.8333|217.8406|207.1053|113.9034|10.8428|331.0084|20.5293|65.7772|5.9798|43.8515|20.5293|153.2509|142.5328|141.9966|35.0716|126519.0000|4.2383|11.2259|1.0752|97.2293|339.9530|0.0000|0.4823|0.1733|0.0000|1026.0000|891.0000|331.0084|-85.0000|5.0000|145.9888|148.3569|128.0090|4.2809|82.0000|5.9922|4.5461|82.0000|6.2971|0.0000|0.0000|0.0000|2018-12-19T09:05:40.086|10X_100FOV_FlowCam Cyano Sample Run_images_000003.tif|8D6BBF57-DE61-461A-9633-E910DF5021A0
307|1140|2|103|114|761|1322|428|1|1|0|0.7035|4.5000|0|0.0000|0.0000|0.0000|2283.0000|132.0000|28.0000|91.6389|335.9899|284.3670|144.7209|22.8503|949.1442|34.7633|89.6963|16.5323|61.3022|34.9125|236.3689|196.8864|140.5366|52.4108|320845.0000|3.9041|10.1669|1.2005|58.4928|340.0460|0.0000|0.5033|0.2730|0.0000|2804.0000|2301.0000|957.3106|-55.0000|40.0000|146.9825|145.0136|129.2795|3.9864|44.0000|5.3792|4.0775|44.0000|5.3379|0.0000|0.0000|0.0000|2018-12-19T09:05:40.184|10X_100FOV_FlowCam Cyano Sample Run_images_000003.tif|2C7D43C3-1615-4058-913A-4C34EEC9BF9F
308|1245|2|83|336|847|1155|429|1|1|0|0.7035|4.5000|0|0.0000|0.0000|0.0000|3560.0000|332.0000|29.0000|216.4167|724.8600|676.9591|375.2212|23.0426|1534.2319|44.1978|230.3963|17.2357|149.0834|44.2775|509.9390|473.0750|144.7770|41.1239|515406.0000|11.7054|34.7449|1.0779|96.5341|341.5150|0.0000|0.1865|0.0644|0.0000|6945.5000|3572.0000|1539.7742|-80.0000|10.0000|146.4174|146.7778|140.2289|4.5784|232.0000|6.3301|4.9577|232.0000|6.6848|0.0000|0.0000|0.0000|2018-12-19T09:05:41.625|10X_100FOV_FlowCam Cyano Sample Run_images_000003.tif|441E7A35-A35F-4D6F-A5C2-F2B6574230FC
309|1330|2|37|70|406|1399|430|1|2|0|0.7035|4.5000|0|0.0000|0.0000|0.0000|759.0000|59.0000|22.0000|43.7500|145.6396|134.1711|55.3436|19.7500|274.7578|18.7038|38.3407|12.3113|27.6124|18.7038|102.4575|91.2236|145.6680|50.4384|110562.0000|2.2239|4.7771|1.1231|58.1890|346.2030|0.1856|0.5491|0.5597|0.0000|914.0000|759.0000|274.7578|-90.0000|10.0000|147.7075|150.1792|136.0053|3.9256|43.0000|5.3110|4.3935|43.0000|5.7878|0.0000|0.0000|0.0000|2018-12-19T09:05:46.331|10X_100FOV_FlowCam Cyano Sample Run_images_000003.tif|FDF80531-1F3D-4FF2-A713-D37AC82370B7
310|1369|2|60|117|361|1401|432|1|1|0|0.7035|4.5000|0|0.0000|0.0000|0.0000|1774.0000|109.0000|39.0000|78.8611|281.5635|244.8096|116.0018|34.6243|719.5838|30.2688|73.5157|24.2707|52.3130|30.2688|198.0799|169.0578|132.4205|52.6240|234914.0000|3.5562|9.0619|1.1717|75.5678|348.6870|0.0000|0.3368|0.3082|0.0000|2904.5000|1774.0000|719.5838|70.0000|-15.0000|133.9431|136.4166|123.9972|3.7919|115.0000|5.6580|4.1650|115.0000|6.0785|0.0000|0.0000|0.0000|2018-12-19T09:05:48.798|10X_100FOV_FlowCam Cyano Sample Run_images_000003.tif|FD8D7A94-67C3-44F0-82D5-0134354983A2
311|1431|2|45|85|117|901|434|1|1|0|0.7035|4.5000|0|0.0000|0.0000|0.0000|1073.0000|77.0000|31.0000|56.5278|200.1665|174.2681|83.3383|26.1961|409.6070|22.8370|51.0038|18.6427|36.6016|22.8370|140.8171|119.4319|135.9115|51.1401|145833.0000|2.9715|7.1962|1.1791|72.5291|350.0000|0.0000|0.4049|0.3580|0.0000|1529.0000|1073.0000|409.6070|-80.0000|10.0000|134.6738|141.1034|126.1966|4.2868|106.0000|6.1326|4.6644|106.0000|6.4773|0.0000|0.0000|0.0000|2018-12-19T09:05:50.121|10X_100FOV_FlowCam Cyano Sample Run_images_000003.tif|4F716FEC-78D7-4479-9227-F66D9AD41808
312|1478|2|51|118|997|1171|437|1|1|0|0.7035|4.5000|0|0.0000|0.0000|0.0000|2722.0000|110.0000|41.0000|83.3889|275.2965|258.8471|113.9421|41.6654|1149.0734|38.2498|74.2193|25.6777|55.4983|44.7533|193.6711|178.9332|139.4107|37.4067|379476.0000|1.6551|2.8484|1.0824|66.5255|352.2030|0.1277|0.8701|0.6304|0.0000|3713.0000|3644.0000|1573.0420|75.0000|0.0000|143.2799|141.6730|133.4761|3.0069|120.0000|4.1681|5.0857|120.0000|6.8452|0.0000|0.0000|0.0000|2018-12-19T09:05:52.334|10X_100FOV_FlowCam Cyano Sample Run_images_000003.tif|319D1563-F9DB-4DC2-AA5A-63B8F8683201
313|1531|2|222|149|261|1483|438|1|1|0|0.7035|4.5000|0|0.0000|0.0000|0.0000|3200.0000|227.0000|118.0000|170.3611|901.1097|532.2883|213.9971|118.1243|1368.2895|41.7392|156.5288|79.8473|116.6833|42.3801|633.9307|371.2991|138.5219|31.2332|443270.0000|19.6284|59.6478|1.7073|80.0605|353.3430|0.0000|0.2283|0.1403|0.0000|16180.0000|3292.0000|1410.6342|-25.0000|45.0000|146.1306|144.1813|124.4809|3.8064|42.0000|5.2891|3.8352|42.0000|4.8875|0.0000|0.0000|0.0000|2018-12-19T09:05:53.468|10X_100FOV_FlowCam Cyano Sample Run_images_000003.tif|A302DE81-D3D0-43B3-B599-D43A3BEF43D5
314|1755|2|149|458|816|1168|440|1|1|0|0.7035|4.5000|0|0.0000|0.0000|0.0000|4948.0000|450.0000|129.0000|316.5556|1184.6905|990.8780|557.4682|138.4706|2179.0261|52.6728|313.4092|87.5858|219.5311|52.8249|833.4298|693.9169|141.9315|32.7501|702277.0000|22.4495|68.5126|1.2011|92.7376|353.6250|0.0000|0.2413|0.0384|0.0000|35915.0000|4975.0000|2191.6321|-85.0000|5.0000|142.8474|147.7738|130.1152|4.6306|374.0000|7.0119|4.9694|374.0000|7.3588|0.0000|0.0000|0.0000|2018-12-19T09:05:53.750|10X_100FOV_FlowCam Cyano Sample Run_images_000003.tif|96973224-9293-40C5-914E-4751BBEA9699
315|1906|2|33|65|346|1290|442|1|1|0|0.7035|4.5000|0|0.0000|0.0000|0.0000|986.0000|56.0000|23.0000|41.5000|133.2548|127.4300|55.6905|22.6926|371.9026|21.7605|36.2302|13.0147|26.0295|21.7605|93.7448|86.4813|81.1268|28.3417|79991.0000|1.4331|2.0030|1.0840|138.4250|355.3430|0.3376|0.8640|0.6943|0.0000|957.5000|986.0000|371.9026|85.0000|0.0000|89.4320|86.5304|67.3813|4.3090|54.0000|5.8511|4.1154|54.0000|5.4746|0.0000|0.0000|0.0000|2018-12-19T09:05:55.450|10X_100FOV_FlowCam Cyano Sample Run_images_000003.tif|D6BB0A98-6524-430A-9EFA-FCEBA72EDF7C
316|1941|2|42|91|919|1288|443|1|1|0|0.7035|4.5000|0|0.0000|0.0000|0.0000|1234.0000|83.0000|19.0000|58.2222|192.1249|179.6679|89.0890|18.2261|479.9259|24.7196|55.2248|10.2007|37.7936|24.7196|135.1599|123.2306|146.9498|51.2236|181336.0000|2.3804|5.2890|1.0968|48.4094|357.8900|0.0000|0.7599|0.3800|0.0000|1257.5000|1234.0000|479.9259|-80.0000|15.0000|149.2415|151.1645|137.8128|4.1717|78.0000|5.9273|4.5295|78.0000|6.2463|0.0000|0.0000|0.0000|2018-12-19T09:05:58.017|10X_100FOV_FlowCam Cyano Sample Run_images_000003.tif|754CB60E-B66C-4B75-86C7-88A57D864DD3
317|1985|2|41|61|127|952|444|1|1|0|0.7035|4.5000|0|0.0000|0.0000|0.0000|1133.0000|52.0000|30.0000|41.1667|134.8112|126.5335|48.9969|29.6438|435.7357|23.5541|33.4162|17.9393|25.7950|23.5541|94.8397|85.8506|130.1165|53.2230|147422.0000|1.2765|1.1060|1.1047|127.2735|359.4840|0.5925|0.8714|0.8798|0.0000|1123.0000|1133.0000|435.7357|80.0000|-10.0000|129.3998|130.6990|129.2507|3.0618|45.0000|4.1199|4.3236|45.0000|5.6388|0.0000|0.0000|0.0000|2018-12-19T09:05:59.609|10X_100FOV_FlowCam Cyano Sample Run_images_000003.tif|657C8135-E704-47D1-8FE9-B68642D83708
318|2|462|28|134|741|1557|445|1|1|0|0.7035|4.5000|0|0.0000|0.0000|0.0000|1388.0000|124.0000|18.0000|85.5556|272.7696|265.4649|145.0782|13.8087|547.7441|26.4085|84.0683|9.4973|57.0226|27.0097|191.8934|183.5888|143.7695|30.8911|199552.0000|4.0975|10.7798|1.0452|71.5763|359.7030|0.0000|0.8422|0.1733|0.0000|1654.0000|1445.0000|572.9647|-90.0000|0.0000|151.4251|148.4150|131.7097|3.8079|47.0000|5.3548|4.1926|47.0000|5.4983|0.0000|0.0000|0.0000|2018-12-19T09:05:59.836|10X_100FOV_FlowCam Cyano Sample Run_images_000003.tif|17C34077-D257-4EA1-9130-F3CF4857DF21
319|32|462|25|88|335|1335|446|1|1|0|0.7035|4.5000|0|0.0000|0.0000|0.0000|816.0000|79.0000|15.0000|54.3333|177.0122|167.9275|87.5468|12.6218|298.9582|19.5101|52.4108|7.3868|35.0577|19.5101|124.5281|114.9712|134.7132|42.7392|109926.0000|3.0557|7.4657|1.0831|119.0061|360.1560|0.0000|0.5960|0.2656|0.0000|907.5000|816.0000|298.9582|85.0000|0.0000|135.8762|135.8015|132.1054|0.0000|1.0000|0.0000|3.8516|1.0000|3.8516|0.0000|0.0000|0.0000|2018-12-19T09:06:00.269|10X_100FOV_FlowCam Cyano Sample Run_images_000003.tif|E30EE175-474D-42D4-9A13-7EB7D20ACE8E
320|59|462|31|197|776|1529|448|1|1|0|0.7035|4.5000|0|0.0000|0.0000|0.0000|2388.0000|187.0000|21.0000|124.1111|420.9949|387.0975|206.6137|18.1078|996.8214|35.6257|128.3888|11.6077|84.1464|35.6257|296.1699|269.1573|138.7178|45.5916|331258.0000|5.9062|16.4943|1.1004|64.6633|360.7960|0.0000|0.2885|0.1414|0.0000|3133.5000|2388.0000|996.8214|-90.0000|0.0000|142.4472|143.9631|127.0025|3.4897|79.0000|5.0630|4.1266|79.0000|5.7570|0.0000|0.0000|0.0000|2018-12-19T09:06:00.920|10X_100FOV_FlowCam Cyano Sample Run_images_000003.tif|06B3E45A-A9B5-48F2-A432-DD98B245F490
321|92|462|43|65|805|1080|449|1|1|0|0.7035|4.5000|0|0.0000|0.0000|0.0000|973.0000|56.0000|22.0000|43.5278|149.2965|133.5820|58.5491|21.8639|366.2885|21.5957|36.2302|12.3113|27.4561|21.5957|105.0301|90.8092|148.0144|52.2164|144018.0000|1.8230|3.4359|1.1566|57.1860|362.1250|0.2783|0.8657|0.6343|0.0000|992.0000|973.0000|366.2885|-85.0000|25.0000|150.4029|151.1131|141.0113|4.0435|77.0000|5.6841|4.3895|77.0000|6.0452|0.0000|0.0000|0.0000|2018-12-19T09:06:02.266|10X_100FOV_FlowCam Cyano Sample Run_images_000003.tif|41FD6080-F732-4EDC-8C3D-2E848EA132D9
322|137|462|70|155|493|261|452|1|1|0|0.7035|4.5000|0|0.0000|0.0000|0.0000|2403.0000|152.0000|27.0000|103.8333|349.0782|322.8772|172.3189|20.8731|1003.6402|35.7474|103.7662|15.8287|69.8810|35.7474|245.5765|223.9784|149.4607|47.9966|359154.0000|4.0354|10.5830|1.0964|54.7386|367.2340|0.0000|0.4361|0.2031|0.0000|3042.0000|2403.0000|1003.6402|-70.0000|20.0000|150.6808|152.8664|142.3025|3.2808|34.0000|4.0398|3.9839|34.0000|5.2998|0.0000|0.0000|0.0000|2018-12-19T09:06:07.360|10X_100FOV_FlowCam Cyano Sample Run_images_000003.tif|660B5710-B67A-4661-9AE5-6AD0AECBC2D2
323|209|462|28|58|240|1436|453|1|1|0|0.7035|4.5000|0|0.0000|0.0000|0.0000|599.0000|49.0000|16.0000|35.7778|114.5269|109.1116|51.2561|15.0748|207.7121|16.2625|31.3057|8.0903|22.0039|16.2625|80.5697|73.5943|143.3489|45.9795|85866.0000|1.7425|3.1576|1.0948|65.9810|369.2180|0.2202|0.9011|0.5344|0.0000|584.0000|599.0000|207.7121|80.0000|-10.0000|144.7646|147.9933|133.7329|3.8608|43.0000|5.2945|4.3623|43.0000|5.7109|0.0000|0.0000|0.0000|2018-12-19T09:06:09.340|10X_100FOV_FlowCam Cyano Sample Run_images_000003.tif|09B62C41-1CA6-46D3-B384-663AAB98B130
324|239|462|35|66|328|1309|454|1|1|0|0.7035|4.5000|0|0.0000|0.0000|0.0000|793.0000|58.0000|17.0000|42.1667|138.9117|129.2940|61.5367|16.7991|289.1757|19.1883|37.6373|8.7937|26.4985|19.1883|97.7244|87.7926|149.0113|44.0643|118166.0000|1.9364|3.8217|1.1131|48.8871|369.4060|0.1292|0.8690|0.4963|0.0000|795.5000|793.0000|289.1757|70.0000|-15.0000|149.0769|152.6633|141.8134|4.5559|46.0000|5.8829|4.9994|46.0000|6.3211|0.0000|0.0000|0.0000|2018-12-19T09:06:09.530|10X_100FOV_FlowCam Cyano Sample Run_images_000003.tif|9D3BD724-5778-4F83-A5AC-9493943A77DF
325|276|462|193|234|749|1418|455|1|2|0|0.7035|4.5000|0|0.0000|0.0000|0.0000|5181.0000|229.0000|132.0000|194.4167|1480.9890|607.6134|224.3071|123.1977|2287.8781|53.9724|157.9358|89.6963|133.6064|54.7338|1041.8758|424.2903|141.9292|34.3984|735335.0000|32.8082|101.0600|2.4556|68.7201|372.5930|0.0000|0.1576|0.2069|0.0000|22645.5000|5320.0000|2352.8847|-60.0000|30.0000|150.6244|147.1976|128.2683|4.1071|50.0000|5.5375|4.0876|50.0000|4.8157|0.0000|0.0000|0.0000|2018-12-19T09:06:12.705|10X_100FOV_FlowCam Cyano Sample Run_images_000003.tif|1D04ED1E-C699-4DFE-94D5-2DED6D501634
326|471|462|28|131|606|203|455|1|1|0|0.7035|4.5000|0|0.0000|0.0000|0.0000|1634.0000|121.0000|18.0000|82.0556|267.9828|254.0720|130.5895|16.8230|656.9914|28.9224|81.9578|9.4973|54.5604|28.9224|188.5259|175.5739|146.9865|46.3524|240176.0000|3.4975|8.8749|1.0738|56.5817|372.5930|0.0000|0.5327|0.2400|0.0000|1765.5000|1634.0000|656.9914|-90.0000|0.0000|150.0483|151.7736|136.4186|4.1071|50.0000|5.5375|4.0876|50.0000|4.8157|0.0000|0.0000|0.0000|2018-12-19T09:06:12.705|10X_100FOV_FlowCam Cyano Sample Run_images_000003.tif|7427BBAA-EF67-4D70-ABE3-C0B90B3035F1
327|501|462|201|244|311|1338|457|1|4|0|0.7035|4.5000|0|0.0000|0.0000|0.0000|11970.0000|236.0000|142.0000|203.3333|1666.4104|635.9935|203.0468|126.0305|5500.0912|83.6835|162.8603|96.7313|139.8792|92.3859|1172.3197|444.2557|127.2714|31.6778|1523439.0000|15.2516|45.8926|2.6388|62.6202|373.6250|0.0958|0.3168|0.6460|0.0000|26267.5000|14489.0000|6703.5003|80.0000|-25.0000|135.7541|132.1129|114.5201|4.7908|114.0000|6.4858|3.8945|114.0000|5.2685|0.0000|0.0000|0.0000|2018-12-19T09:06:13.752|10X_100FOV_FlowCam Cyano Sample Run_images_000003.tif|BBD5D25C-F26A-4CD7-B239-30B42A0C6D44
328|704|462|190|129|159|1305|459|1|1|0|0.7035|4.5000|0|0.0000|0.0000|0.0000|2940.0000|210.0000|69.0000|145.7500|746.7666|454.5785|171.2801|62.7492|1248.8760|39.8763|144.5693|45.3758|99.3694|40.0078|525.3503|316.6302|132.5364|39.8323|389657.0000|15.0024|45.1094|1.6592|72.2512|374.0620|0.0000|0.2305|0.2264|0.0000|9490.5000|2958.0000|1257.1302|30.0000|-50.0000|139.0912|137.5694|120.1452|3.9825|71.0000|5.5598|3.8936|71.0000|5.1266|0.0000|0.0000|0.0000|2018-12-19T09:06:14.187|10X_100FOV_FlowCam Cyano Sample Run_images_000003.tif|93263CF1-A269-4CAD-9645-3FC327704C70
329|896|462|156|181|794|1376|460|1|1|0|0.7035|4.5000|0|0.0000|0.0000|0.0000|15599.0000|181.0000|121.0000|162.5278|561.5462|507.1306|168.4764|130.2710|7234.9880|95.9785|124.1677|81.9578|111.1726|99.0639|395.0478|353.6006|130.2250|30.2876|2031380.0000|1.5130|2.3228|1.1172|65.8236|375.6870|0.6072|0.9362|0.9312|0.0000|17058.5000|16585.0000|7707.6285|-70.0000|-20.0000|141.7772|136.4824|113.5341|5.0998|122.0000|6.8606|4.0493|122.0000|5.5455|0.0000|0.0000|0.0000|2018-12-19T09:06:15.808|10X_100FOV_FlowCam Cyano Sample Run_images_000003.tif|1A7735C4-A688-4E3B-A2DE-DCC6D6DC0898
330|1054|462|86|103|123|946|462|1|1|0|0.7035|4.5000|0|0.0000|0.0000|0.0000|2487.0000|113.0000|34.0000|80.5278|274.2914|250.0747|117.0148|29.8850|1041.8598|36.4217|76.3298|20.7533|53.4856|36.9199|192.9640|172.7618|119.5159|43.8048|297236.0000|2.3479|5.1831|1.1169|76.7867|378.6250|0.0000|0.5285|0.4452|0.0000|2735.0000|2550.0000|1070.5615|-60.0000|40.0000|126.6257|124.5750|106.9075|4.4181|81.0000|6.0397|3.8961|81.0000|5.3946|0.0000|0.0000|0.0000|2018-12-19T09:06:18.728|10X_100FOV_FlowCam Cyano Sample Run_images_000003.tif|F2057CA3-FFBC-4D38-B046-B983906D2122
331|1142|462|61|120|344|1330|463|1|1|0|0.7035|4.5000|0|0.0000|0.0000|0.0000|1216.0000|119.0000|18.0000|79.9722|265.8650|247.8198|135.0393|14.2343|472.0326|24.5155|80.5508|9.4973|53.0947|24.5155|187.0360|171.1755|142.2887|38.1456|173023.0000|4.6257|12.4518|1.0927|111.3843|379.4060|0.0000|0.1792|0.1679|0.0000|1592.5000|1216.0000|472.0326|70.0000|-20.0000|144.1283|146.3586|133.5839|3.9366|86.0000|5.6796|4.3117|86.0000|6.0318|0.0000|0.0000|0.0000|2018-12-19T09:06:19.538|10X_100FOV_FlowCam Cyano Sample Run_images_000003.tif|FE3DE4DE-D997-440F-8EF7-9F55C105AC07
332|1205|462|177|133|273|1517|466|1|1|0|0.7035|4.5000|0|0.0000|0.0000|0.0000|4855.0000|197.0000|106.0000|147.4444|909.4773|459.6821|148.8700|107.6455|2135.6211|52.1455|135.4238|71.4052|100.5614|52.8362|639.8173|320.2206|140.2459|36.6079|680894.0000|13.2253|39.5233|1.9981|65.1515|383.6250|0.0000|0.1869|0.3755|0.0000|12530.0000|4977.0000|2192.5660|30.0000|-40.0000|145.6249|144.7588|129.3256|3.7865|40.0000|5.2111|3.7798|40.0000|4.4560|0.0000|0.0000|0.0000|2018-12-19T09:06:23.732|10X_100FOV_FlowCam Cyano Sample Run_images_000003.tif|94DC851B-7CEC-4DD6-A032-BB83261745DF
333|1384|462|46|49|446|1447|468|1|1|0|0.7035|4.5000|0|0.0000|0.0000|0.0000|434.0000|52.0000|12.0000|35.8056|115.1960|108.6269|53.5084|10.6517|140.4274|13.3715|33.4162|5.2763|22.0235|13.3715|81.0404|73.2533|151.1267|33.5058|65589.0000|2.4332|5.4610|1.1063|71.1304|384.7030|0.0883|0.7343|0.3713|0.0000|440.5000|434.0000|140.4274|45.0000|-45.0000|150.4032|152.9862|147.6797|3.5906|1.0000|3.5906|3.6594|1.0000|3.6594|0.0000|0.0000|0.0000|2018-12-19T09:06:24.816|10X_100FOV_FlowCam Cyano Sample Run_images_000003.tif|6697313E-70F3-4E7A-B490-FC21F3F0EC74
334|1432|462|114|118|494|1171|469|1|1|0|0.7035|4.5000|0|0.0000|0.0000|0.0000|1919.0000|142.0000|45.0000|101.2778|370.6346|315.1731|164.7535|43.0181|784.6847|31.6084|96.7313|28.4917|68.0832|31.6899|260.7414|218.5585|125.2918|43.7911|240435.0000|5.6699|15.7490|1.1930|105.1610|385.6870|0.0000|0.4061|0.1693|0.0000|4225.5000|1928.0000|788.7339|40.0000|-45.0000|125.4690|130.3236|115.3158|4.2882|186.0000|6.4314|4.6955|186.0000|6.7914|0.0000|0.0000|0.0000|2018-12-19T09:06:25.823|10X_100FOV_FlowCam Cyano Sample Run_images_000003.tif|AA62A88F-D04B-471C-BF39-8354A6F571FB
335|1548|462|108|121|802|1227|470|1|1|0|0.7035|4.5000|0|0.0000|0.0000|0.0000|7449.0000|113.0000|88.0000|106.0278|441.5046|329.8529|115.6698|86.5417|3353.7785|65.3465|76.3298|58.7422|71.4248|65.4614|310.5985|228.8858|82.3388|47.5348|613342.0000|2.0754|4.2869|1.3570|93.8731|390.2960|0.4676|0.7439|0.9120|0.0000|8215.5000|7474.0000|3365.5800|-85.0000|-15.0000|92.1794|91.8937|59.8416|5.2947|117.0000|7.1055|4.3057|117.0000|6.0011|0.0000|0.0000|0.0000|2018-12-19T09:06:30.408|10X_100FOV_FlowCam Cyano Sample Run_images_000003.tif|D92AE096-D249-4CB6-B59E-DE75E0FD75C2
336|1658|462|149|241|564|1320|471|1|1|0|0.7035|4.5000|0|0.0000|0.0000|0.0000|3893.0000|265.0000|56.0000|179.2500|624.6001|560.2569|305.0136|50.6351|1688.2683|46.3635|183.2618|36.2302|122.9366|46.3635|439.4062|390.9750|143.9206|47.5329|560283.0000|7.9746|23.0095|1.1239|72.0000|390.3900|0.0000|0.3524|0.1037|0.0000|10237.5000|3893.0000|1688.2683|60.0000|-30.0000|145.9073|148.1731|134.8097|4.6187|160.0000|6.4176|4.9593|160.0000|6.7867|0.0000|0.0000|0.0000|2018-12-19T09:06:30.515|10X_100FOV_FlowCam Cyano Sample Run_images_000003.tif|BCFCB927-DF03-49BB-A9EC-33F890D89B65
337|1809|462|124|155|897|1440|474|1|1|0|0.7035|4.5000|0|0.0000|0.0000|0.0000|3077.0000|151.0000|114.0000|129.6667|757.4945|404.3626|142.6021|115.9315|1311.7489|40.8677|103.0628|77.0332|88.0548|41.0605|532.8974|281.3033|141.4036|31.6457|435099.0000|14.7105|44.1918|1.8944|98.8090|391.9680|0.0000|0.0992|0.2340|0.0000|10480.5000|3104.0000|1324.1529|70.0000|0.0000|151.5544|146.9574|126.6233|3.7284|3.0000|4.1252|3.4856|3.0000|3.7728|0.0000|0.0000|0.0000|2018-12-19T09:06:32.088|10X_100FOV_FlowCam Cyano Sample Run_images_000003.tif|BA6A0B2E-D573-41D0-A646-CF4DF65A14FF
338|2|708|178|137|859|1341|475|1|1|0|0.7035|4.5000|0|0.0000|0.0000|0.0000|3973.0000|168.0000|123.0000|140.9167|757.4356|439.4004|163.0378|117.3892|1725.3435|46.8698|115.0222|83.3648|95.9691|47.2712|532.8559|305.9524|140.0478|43.1489|556410.0000|11.3090|33.4983|1.7416|68.4968|392.7500|0.0000|0.1178|0.2547|0.0000|12291.5000|4037.0000|1755.0219|0.0000|70.0000|148.5950|145.4410|126.1981|3.9686|79.0000|5.6981|3.9013|79.0000|5.3597|0.0000|0.0000|0.0000|2018-12-19T09:06:32.879|10X_100FOV_FlowCam Cyano Sample Run_images_000003.tif|E7635881-1A6C-48C4-8797-8EE05AFB30FE
339|182|708|64|118|754|1419|476|1|1|0|0.7035|4.5000|0|0.0000|0.0000|0.0000|2292.0000|109.0000|41.0000|79.5000|338.7351|246.7592|104.4286|37.5153|953.2270|34.8380|73.5157|25.6777|52.7625|34.8380|238.3001|170.4293|140.4913|48.3093|322006.0000|3.9838|10.4195|1.3982|72.4898|393.7030|0.0000|0.3709|0.4740|0.0000|3262.5000|2292.0000|953.2270|75.0000|-20.0000|142.8429|144.0074|132.6937|4.3389|94.0000|6.0457|4.6843|94.0000|6.4194|0.0000|0.0000|0.0000|2018-12-19T09:06:33.820|10X_100FOV_FlowCam Cyano Sample Run_images_000003.tif|33A696F5-1922-471B-B44C-ECB378A76AB4
340|248|708|53|77|200|1361|477|1|1|0|0.7035|4.5000|0|0.0000|0.0000|0.0000|1756.0000|68.0000|36.0000|56.5278|205.0955|174.3428|68.0300|35.0616|711.5210|30.0988|44.6722|22.1603|36.6016|30.0988|144.2847|119.4844|105.8724|43.9954|185912.0000|1.9062|3.7198|1.2076|102.9553|410.0780|0.3686|0.6373|0.7634|0.0000|1928.0000|1756.0000|711.5210|-80.0000|15.0000|113.2648|110.9226|93.1646|3.9675|90.0000|5.6753|3.9231|90.0000|5.4303|0.0000|0.0000|0.0000|2018-12-19T09:06:50.205|10X_100FOV_FlowCam Cyano Sample Run_images_000003.tif|171E14A7-099F-4BA5-9391-F840F02F601E
341|303|708|238|227|485|1016|477|1|1|0|0.7035|4.5000|0|0.0000|0.0000|0.0000|6467.0000|243.0000|205.0000|225.1389|1498.6215|704.2028|200.9477|161.6505|2891.0248|60.6710|167.7848|141.0517|155.2195|60.7598|1054.2802|492.2409|141.6872|40.1245|916291.0000|27.5590|84.5675|2.1418|61.7187|410.0780|0.0000|0.1792|0.2483|0.0000|34587.0000|6485.0000|2899.4917|-20.0000|75.0000|150.3618|148.2734|125.4622|3.9675|90.0000|5.6753|3.9231|90.0000|5.4303|0.0000|0.0000|0.0000|2018-12-19T09:06:50.205|10X_100FOV_FlowCam Cyano Sample Run_images_000003.tif|007EF2D4-D72C-4B1F-B25B-FAF3EE38B684
342|543|708|193|266|363|1052|478|1|1|0|0.7035|4.5000|0|0.0000|0.0000|0.0000|7818.0000|264.0000|146.0000|213.5000|1690.2022|667.7506|208.4358|129.2100|3528.0646|67.0229|182.5583|99.5452|147.0315|73.7073|1189.0572|466.5968|141.0200|33.6202|1102494.0000|24.2414|74.1430|2.5484|68.8627|410.2180|0.0000|0.1609|0.3971|0.0000|26865.5000|9378.0000|4266.8878|75.0000|-30.0000|147.9224|146.4382|127.7515|3.5249|2.0000|3.8220|3.9192|2.0000|4.1955|0.0000|0.0000|0.0000|2018-12-19T09:06:50.322|10X_100FOV_FlowCam Cyano Sample Run_images_000003.tif|82860D68-F751-44B9-8FF9-FA5CDA880A8A
343|738|708|202|376|176|1067|479|1|1|0|0.7035|4.5000|0|0.0000|0.0000|0.0000|12278.0000|397.0000|49.0000|268.0000|955.9453|838.5551|409.4241|43.4545|5647.0032|84.7938|276.1238|31.3057|185.3723|84.8940|672.5075|586.7578|107.9716|44.8950|1325675.0000|5.9093|16.5042|1.1461|112.6973|410.8430|0.0000|0.4590|0.1849|0.0000|14227.0000|12306.0000|5660.3622|-65.0000|25.0000|116.3250|113.3544|94.2315|4.8700|297.0000|7.1365|4.0219|297.0000|5.8442|0.0000|0.0000|0.0000|2018-12-19T09:06:50.968|10X_100FOV_FlowCam Cyano Sample Run_images_000003.tif|09230877-BF01-4677-9EDD-F96F272E7DC7
344|942|708|42|134|189|1344|481|1|1|0|0.7035|4.5000|0|0.0000|0.0000|0.0000|1384.0000|126.0000|16.0000|84.5278|287.3381|262.4121|142.4241|13.4478|545.9765|26.3659|85.4753|8.0903|56.2996|26.3659|202.1424|181.4412|136.7500|42.8631|189262.0000|4.7472|12.8360|1.1141|106.5308|411.2180|0.0000|0.4334|0.1722|0.0000|1575.5000|1384.0000|545.9765|-85.0000|10.0000|138.2428|141.3251|127.2189|4.1175|57.0000|5.5961|4.5412|57.0000|6.1118|0.0000|0.0000|0.0000|2018-12-19T09:06:51.331|10X_100FOV_FlowCam Cyano Sample Run_images_000003.tif|B5BF8F6D-9B79-4D83-9475-03D2EDFC103C
345|986|708|39|173|1002|1188|482|1|1|0|0.7035|4.5000|0|0.0000|0.0000|0.0000|1715.0000|163.0000|29.0000|109.6667|376.3503|341.9528|182.7134|25.3677|693.1721|29.7081|111.5048|17.2357|73.9848|29.7081|264.7624|237.3980|143.4047|39.2187|245939.0000|6.5722|18.5934|1.1153|102.3947|413.0780|0.0000|0.2935|0.1283|0.0000|3079.0000|1715.0000|693.1721|-90.0000|0.0000|148.8449|148.3306|131.6536|3.8151|62.0000|5.4553|4.3067|62.0000|5.9170|0.0000|0.0000|0.0000|2018-12-19T09:06:53.205|10X_100FOV_FlowCam Cyano Sample Run_images_000003.tif|2CF795AD-FF35-4974-9EB1-C4D43D9AE11C
346|1027|708|25|131|752|1484|484|1|1|0|0.7035|4.5000|0|0.0000|0.0000|0.0000|1422.0000|121.0000|15.0000|81.5278|268.6690|253.2091|133.9795|14.3696|562.7808|26.7685|81.9578|7.3868|54.1891|26.7685|189.0086|174.9669|142.4107|43.3082|202508.0000|4.0395|10.5960|1.0803|56.3843|414.0150|0.0000|0.5691|0.1994|0.0000|1477.5000|1422.0000|562.7808|-90.0000|0.0000|145.8411|147.9037|130.2954|3.9092|104.0000|5.7231|4.3249|104.0000|6.1228|0.0000|0.0000|0.0000|2018-12-19T09:06:54.124|10X_100FOV_FlowCam Cyano Sample Run_images_000003.tif|25D9ECA5-CA71-4185-949C-9144AD385350
347|1054|708|117|210|560|299|484|1|1|0|0.7035|4.5000|0|0.0000|0.0000|0.0000|3177.0000|200.0000|107.0000|149.3611|976.5900|465.9979|170.2416|107.1437|1357.7104|41.5775|137.5343|72.1088|101.9098|42.3455|687.0311|324.6638|139.6846|28.9107|443778.0000|23.0895|70.5237|2.1161|83.8244|414.0150|0.0000|0.3141|0.2069|0.0000|13117.0000|3287.0000|1408.3317|-90.0000|0.0000|148.3658|145.2622|125.4366|3.9092|104.0000|5.7231|4.3249|104.0000|6.1228|0.0000|0.0000|0.0000|2018-12-19T09:06:54.124|10X_100FOV_FlowCam Cyano Sample Run_images_000003.tif|EFA924C8-3FD9-4BE4-A840-382B0474890E
348|1173|708|45|112|951|1387|485|1|1|0|0.7035|4.5000|0|0.0000|0.0000|0.0000|1622.0000|102.0000|33.0000|74.4167|286.7523|230.6523|113.6912|25.4311|651.6394|28.8044|68.5913|20.0497|49.1864|28.8044|201.7302|159.0981|122.2633|45.8640|198311.0000|4.0342|10.5792|1.2680|88.3707|414.3590|0.0000|0.2869|0.3043|0.0000|2356.5000|1622.0000|651.6394|-90.0000|10.0000|124.2768|126.4014|113.3822|4.6019|85.0000|6.1876|4.9383|85.0000|6.4852|0.0000|0.0000|0.0000|2018-12-19T09:06:54.478|10X_100FOV_FlowCam Cyano Sample Run_images_000003.tif|2B92AA89-E28F-4399-AE38-8F161EE72FE8
349|1220|708|63|196|777|1414|487|1|1|0|0.7035|4.5000|0|0.0000|0.0000|0.0000|2561.0000|190.0000|31.0000|126.4722|422.0071|393.8133|202.7244|22.0843|1075.5760|37.0063|130.4992|18.6427|85.8074|37.0063|296.8820|273.8819|140.6212|47.5233|360131.0000|5.5338|15.3195|1.0840|69.2310|415.4060|0.0000|0.1455|0.1568|0.0000|3546.5000|2561.0000|1075.5760|75.0000|-15.0000|144.0879|145.3335|130.0445|4.0793|148.0000|6.1096|4.5016|148.0000|6.4271|0.0000|0.0000|0.0000|2018-12-19T09:06:55.523|10X_100FOV_FlowCam Cyano Sample Run_images_000003.tif|83299F22-D3CD-4E28-8A58-8C7F99BFC640
350|1285|708|23|48|479|724|489|1|1|0|0.7035|4.5000|0|0.0000|0.0000|0.0000|312.0000|38.0000|12.0000|27.9722|93.1127|85.0465|40.6710|11.2180|92.5582|10.8558|23.5673|5.2763|16.5127|10.8558|65.5048|56.6645|120.8814|45.2262|37715.0000|2.2113|4.7359|1.1560|113.5119|415.7500|0.2046|0.3445|0.4464|0.0000|339.5000|312.0000|92.5582|-90.0000|-5.0000|126.6955|126.1186|108.3558|3.1113|38.0000|3.9379|3.9677|38.0000|5.3212|0.0000|0.0000|0.0000|2018-12-19T09:06:55.886|10X_100FOV_FlowCam Cyano Sample Run_images_000003.tif|56ADA74E-40ED-4D25-9856-556D73BD0DD4
351|1310|708|110|125|558|486|490|1|1|0|0.7035|4.5000|0|0.0000|0.0000|0.0000|2129.0000|128.0000|95.0000|114.2500|540.3158|355.7123|128.0883|113.3017|879.4002|33.4617|86.8822|63.6668|77.2091|34.1857|380.1122|247.0779|137.3227|37.6247|292360.0000|10.4932|30.9330|1.5384|88.0214|417.7650|0.0324|0.4119|0.1928|0.0000|7162.5000|2214.0000|917.8674|60.0000|-20.0000|146.2405|143.4486|121.9155|3.4576|43.0000|4.1328|3.9929|43.0000|5.3248|0.0000|0.0000|0.0000|2018-12-19T09:06:57.885|10X_100FOV_FlowCam Cyano Sample Run_images_000003.tif|03923DBF-D2D3-4F18-9CAC-334839824E81
352|1422|708|196|135|642|1429|491|1|1|0|0.7035|4.5000|0|0.0000|0.0000|0.0000|3371.0000|187.0000|115.0000|146.6667|834.5067|457.3456|174.4024|114.2960|1447.0308|42.9234|128.3888|77.7368|100.0143|43.1280|587.0755|318.5769|139.3186|37.2157|469643.0000|16.2946|49.1706|1.8428|76.3977|418.2650|0.0000|0.2186|0.1992|0.0000|13149.0000|3401.0000|1460.8606|-10.0000|-65.0000|147.1946|144.8208|125.5340|3.8017|50.0000|5.3203|3.6094|50.0000|4.6438|0.0000|0.0000|0.0000|2018-12-19T09:06:58.371|10X_100FOV_FlowCam Cyano Sample Run_images_000003.tif|A5EE7F8F-8804-4E18-BF69-00D26DEFC0F6
353|1620|708|31|115|269|1342|492|1|1|0|0.7035|4.5000|0|0.0000|0.0000|0.0000|1414.0000|105.0000|21.0000|72.2500|237.3970|223.6588|116.4671|17.2464|559.2408|26.6842|70.7018|11.6077|47.6621|26.6842|167.0088|154.1782|142.2921|52.0232|201201.0000|3.1717|7.8366|1.0832|60.1000|418.5620|0.0000|0.3181|0.2598|0.0000|1600.0000|1414.0000|559.2408|-90.0000|0.0000|141.5750|147.1040|133.1124|4.3503|100.0000|6.1509|4.6785|100.0000|6.5155|0.0000|0.0000|0.0000|2018-12-19T09:06:58.673|10X_100FOV_FlowCam Cyano Sample Run_images_000003.tif|CCBD34A1-1DAD-4D72-A71B-1153367D3198
354|1653|708|28|57|787|741|493|1|1|0|0.7035|4.5000|0|0.0000|0.0000|0.0000|375.0000|47.0000|17.0000|35.0556|140.4680|107.2331|51.4319|14.9060|117.0215|12.2064|29.8987|8.7937|21.4959|12.2064|98.8192|72.2727|144.1093|29.6544|54041.0000|4.1871|11.0638|1.3673|79.4793|420.9060|0.1209|0.4002|0.3330|0.0000|572.0000|375.0000|117.0215|-90.0000|5.0000|148.3147|146.1733|138.4480|2.5453|1.0000|2.5453|3.8133|1.0000|3.8133|0.0000|0.0000|0.0000|2018-12-19T09:07:01.004|10X_100FOV_FlowCam Cyano Sample Run_images_000003.tif|BC0D148C-8CA8-44B7-88A5-2BEA6B08A030
355|1683|708|122|156|861|1494|494|1|1|0|0.7035|4.5000|0|0.0000|0.0000|0.0000|6796.0000|151.0000|54.0000|121.2778|449.0437|377.8299|164.6582|55.4685|3045.8763|62.2746|103.0628|34.8233|82.1532|62.5341|315.9022|262.6376|133.9467|40.4473|910302.0000|2.3425|5.1655|1.2028|96.8199|421.2500|0.0000|0.7349|0.5778|0.0000|7345.5000|6850.0000|3071.3113|70.0000|-30.0000|144.9507|139.9119|118.0519|4.7427|90.0000|6.3975|3.9500|90.0000|5.5060|0.0000|0.0000|0.0000|2018-12-19T09:07:01.363|10X_100FOV_FlowCam Cyano Sample Run_images_000003.tif|81F07B56-938B-499A-8432-A50CCAC6C34C
356|1807|708|65|126|561|1374|495|1|1|0|0.7035|4.5000|0|0.0000|0.0000|0.0000|1902.0000|124.0000|23.0000|85.6944|287.6224|265.7543|137.1789|19.4415|777.0388|31.4540|84.0683|13.0147|57.1203|31.4540|202.3424|183.7924|145.1399|50.1350|276056.0000|3.4612|8.7595|1.1009|54.7103|424.1400|0.0000|0.7299|0.2523|0.0000|2248.0000|1902.0000|777.0388|65.0000|-20.0000|147.3396|149.5210|135.6972|4.1501|101.0000|5.9718|4.4867|101.0000|6.3649|0.0000|0.0000|0.0000|2018-12-19T09:07:04.278|10X_100FOV_FlowCam Cyano Sample Run_images_000003.tif|D8541C67-B173-48ED-8E08-DC1B42821D2C
357|1874|708|120|110|393|1175|496|1|1|0|0.7035|4.5000|0|0.0000|0.0000|0.0000|2347.0000|125.0000|68.0000|100.3611|406.7178|312.3652|152.8856|68.5749|978.1932|35.2913|84.7717|44.6722|67.4383|35.2913|286.1260|216.5832|136.2620|47.2403|319807.0000|5.6087|15.5560|1.3211|95.6087|427.1250|0.0037|0.4096|0.2129|0.0000|5603.5000|2347.0000|978.1932|25.0000|-55.0000|136.7324|139.0153|130.6523|4.5598|125.0000|6.0633|4.9108|125.0000|6.4312|0.0000|0.0000|0.0000|2018-12-19T09:07:07.250|10X_100FOV_FlowCam Cyano Sample Run_images_000003.tif|4A47117A-9EDB-416F-8D3F-3119EC5BA3D2
358|1996|708|30|153|1048|563|500|1|1|0|0.7035|4.5000|0|0.0000|0.0000|0.0000|2023.0000|143.0000|20.0000|96.6944|312.0833|300.6178|150.8894|17.9539|831.5316|32.5383|97.4348|10.9043|64.8588|32.5383|219.5506|208.3189|105.9931|55.7375|214424.0000|3.8312|9.9354|1.0539|103.0537|429.3900|0.0000|0.6391|0.2231|0.0000|2084.0000|2023.0000|831.5316|-90.0000|0.0000|113.1335|109.4647|96.4488|4.6257|280.0000|6.7249|3.8011|280.0000|5.6201|0.0000|0.0000|0.0000|2018-12-19T09:07:09.501|10X_100FOV_FlowCam Cyano Sample Run_images_000003.tif|9897BE9C-00F9-45A7-8027-900DFD5FD96D
359|2|1086|117|93|920|1407|502|1|1|0|0.7035|4.5000|0|0.0000|0.0000|0.0000|1910.0000|127.0000|23.0000|88.1944|311.7473|274.1698|142.5270|19.0804|780.6365|31.5268|86.1788|13.0147|58.8790|31.5268|219.3142|189.7127|128.0461|54.0553|244568.0000|4.0491|10.6266|1.1560|69.1725|431.1560|0.0000|0.6201|0.2352|0.0000|2346.5000|1910.0000|780.6365|-40.0000|55.0000|137.6393|134.0592|112.5503|3.8665|34.0000|5.2368|4.0246|34.0000|4.9307|0.0000|0.0000|0.0000|2018-12-19T09:07:11.284|10X_100FOV_FlowCam Cyano Sample Run_images_000003.tif|48ED6729-039D-4CBB-9748-704FEF794E5B
360|121|1086|53|153|871|1084|503|1|1|0|0.7035|4.5000|0|0.0000|0.0000|0.0000|1592.0000|146.0000|26.0000|98.7222|381.7645|307.2616|164.3055|21.5044|638.2691|28.5074|99.5452|15.1253|66.2853|29.3225|268.5713|212.9928|154.2601|38.5296|245582.0000|6.9241|19.7021|1.2609|72.1082|431.2340|0.0000|0.1337|0.1553|0.0000|2817.0000|1675.0000|675.2933|75.0000|-10.0000|155.2971|155.6834|151.0314|4.0047|131.0000|5.8772|4.3155|131.0000|6.2266|0.0000|0.0000|0.0000|2018-12-19T09:07:11.369|10X_100FOV_FlowCam Cyano Sample Run_images_000003.tif|A645BF38-CB36-414A-A71B-EA1D42BEB8BC
361|176|1086|188|41|589|1408|504|1|1|0|0.7035|4.5000|0|0.0000|0.0000|0.0000|2153.0000|179.0000|30.0000|120.1944|401.7229|374.3279|215.9501|23.7866|890.2543|33.6676|122.7608|17.9393|81.3910|33.6676|282.6121|260.1739|146.7343|42.9922|315919.0000|5.9648|16.6792|1.0862|77.0976|431.8280|0.0000|0.4602|0.1162|0.0000|3811.0000|2153.0000|890.2543|-5.0000|85.0000|148.6177|149.8537|139.9127|4.1669|129.0000|5.9719|4.5093|129.0000|6.2551|0.0000|0.0000|0.0000|2018-12-19T09:07:11.951|10X_100FOV_FlowCam Cyano Sample Run_images_000003.tif|B7F5E165-BF63-42AF-82B0-4825C91CBF1F
362|366|1086|24|40|846|1340|505|1|1|0|0.7035|4.5000|0|0.0000|0.0000|0.0000|333.0000|31.0000|14.0000|24.2500|76.3848|72.6286|31.4178|13.8034|100.6430|11.3200|18.6427|6.6833|13.8941|11.3200|53.7367|47.9285|151.5916|34.5731|50480.0000|1.3943|1.8356|1.1212|52.9014|432.0620|0.4951|0.8666|0.7201|0.0000|321.0000|333.0000|100.6430|-85.0000|0.0000|154.3243|154.8919|143.9610|3.6619|33.0000|4.9238|4.1397|33.0000|5.4310|0.0000|0.0000|0.0000|2018-12-19T09:07:12.196|10X_100FOV_FlowCam Cyano Sample Run_images_000003.tif|550252CB-27FE-40CA-A7D8-F59C9F11F93F
363|392|1086|25|72|254|1598|506|1|1|0|0.7035|4.5000|0|0.0000|0.0000|0.0000|565.0000|62.0000|12.0000|43.8889|151.8406|134.6721|69.8885|10.9783|193.6671|15.7030|40.4513|5.2763|27.7101|15.7030|106.8199|91.5761|129.7611|32.7709|73315.0000|3.2473|8.0778|1.1665|109.9784|432.2960|0.0000|0.5980|0.2875|0.0000|606.5000|565.0000|193.6671|-90.0000|5.0000|133.3257|137.0460|114.0690|3.6732|53.0000|5.1501|4.1646|53.0000|5.5360|0.0000|0.0000|0.0000|2018-12-19T09:07:12.403|10X_100FOV_FlowCam Cyano Sample Run_images_000003.tif|5F6A73DF-FABE-4B0A-A9AF-5212E835381B
364|419|1086|171|215|479|1433|507|1|1|0|0.7035|4.5000|0|0.0000|0.0000|0.0000|2672.0000|256.0000|57.0000|172.5833|610.3991|539.3305|302.7793|55.5633|1126.2280|37.8676|176.9303|36.9338|118.2466|37.8676|429.4158|376.2533|141.6168|38.5153|378400.0000|11.0964|32.8299|1.1413|104.0306|436.1090|0.0000|0.3436|0.0718|0.0000|9163.5000|2672.0000|1126.2280|50.0000|-40.0000|143.6811|144.8922|134.3814|4.4470|82.0000|6.1198|4.8392|82.0000|6.5109|0.0000|0.0000|0.0000|2018-12-19T09:07:16.236|10X_100FOV_FlowCam Cyano Sample Run_images_000003.tif|63433F43-1529-4B51-9E81-930BFC29ECBB
365|592|1086|49|180|808|1405|508|1|1|0|0.7035|4.5000|0|0.0000|0.0000|0.0000|2271.0000|173.0000|25.0000|114.7222|384.8944|357.6044|187.1547|19.2476|943.7016|34.6635|118.5397|14.4217|77.5413|34.6635|270.7732|248.4089|148.9582|48.2487|338284.0000|5.1911|14.2380|1.0900|61.6289|436.3430|0.0000|0.2495|0.1634|0.0000|3156.5000|2271.0000|943.7016|80.0000|-10.0000|152.2664|153.7305|138.3408|4.1298|138.0000|6.0901|4.5055|138.0000|6.4439|0.0000|0.0000|0.0000|2018-12-19T09:07:16.462|10X_100FOV_FlowCam Cyano Sample Run_images_000003.tif|8BA96A74-341B-4F03-9F60-BFAB9AC3B54E
366|643|1086|163|42|173|1231|509|1|1|0|0.7035|4.5000|0|0.0000|0.0000|0.0000|2777.0000|154.0000|25.0000|105.0833|346.2670|327.0147|170.1511|22.2534|1174.2233|38.6661|105.1732|14.4217|70.7604|38.6661|243.5988|226.8891|148.4703|52.1887|412302.0000|3.4359|8.6789|1.0736|45.6667|437.3900|0.0000|0.5460|0.2401|0.0000|3118.0000|2777.0000|1174.2233|-10.0000|85.0000|148.8815|152.0209|141.3421|4.2098|131.0000|6.1567|4.6004|131.0000|6.5622|0.0000|0.0000|0.0000|2018-12-19T09:07:17.506|10X_100FOV_FlowCam Cyano Sample Run_images_000003.tif|FA3D00B7-B2A1-4604-BE6E-29FD946B19E3
367|808|1086|34|76|678|1438|510|1|1|0|0.7035|4.5000|0|0.0000|0.0000|0.0000|710.0000|68.0000|15.0000|47.8333|159.4975|147.1577|76.8912|12.5421|254.0761|17.9861|44.6722|7.3868|30.4850|17.9861|112.2065|100.3597|144.1915|44.0535|102376.0000|2.8513|6.8107|1.1180|101.0138|438.2500|0.0000|0.7482|0.2979|0.0000|813.5000|710.0000|254.0761|70.0000|-15.0000|144.3775|144.0155|144.4549|3.9526|57.0000|5.4573|4.3005|57.0000|5.7332|0.0000|0.0000|0.0000|2018-12-19T09:07:18.358|10X_100FOV_FlowCam Cyano Sample Run_images_000003.tif|954491A3-272A-47C6-8884-F022C6FDE7ED
368|844|1086|37|28|921|1221|512|1|1|0|0.7035|4.5000|0|0.0000|0.0000|0.0000|291.0000|30.0000|12.0000|22.6111|71.3553|67.8047|30.0880|12.4599|84.5524|10.3757|17.9393|5.2763|12.7412|10.3757|50.1985|44.5349|155.8454|35.1508|45351.0000|1.3924|1.8268|1.1272|64.0328|440.0620|0.4932|0.8245|0.6987|0.0000|273.0000|291.0000|84.5524|-20.0000|65.0000|158.2234|158.4330|149.8935|3.8092|62.0000|5.1345|4.2532|62.0000|5.7803|0.0000|0.0000|0.0000|2018-12-19T09:07:20.177|10X_100FOV_FlowCam Cyano Sample Run_images_000003.tif|E749C2E1-369C-4064-A654-3A4383378F3D
369|883|1086|28|79|230|1345|513|1|1|0|0.7035|4.5000|0|0.0000|0.0000|0.0000|934.0000|69.0000|18.0000|50.0556|165.2548|153.9787|75.9487|16.4416|349.4799|21.0944|45.3758|9.4973|32.0484|21.0944|116.2568|105.1583|139.2109|50.7404|130023.0000|2.3268|5.1142|1.1055|57.8092|440.1870|0.0000|0.7267|0.3939|0.0000|959.0000|934.0000|349.4799|-90.0000|0.0000|138.2816|143.1510|131.8448|4.1401|78.0000|5.8659|4.6094|78.0000|6.3199|0.0000|0.0000|0.0000|2018-12-19T09:07:20.293|10X_100FOV_FlowCam Cyano Sample Run_images_000003.tif|FAE2134F-383C-4558-928E-CE680E521A1C
370|913|1086|41|39|579|1476|514|1|1|0|0.7035|4.5000|0|0.0000|0.0000|0.0000|586.0000|33.0000|24.0000|29.3333|96.6690|89.0962|32.2349|23.5831|202.3324|16.0505|20.0497|13.7183|17.4702|16.0505|68.0066|59.5134|96.6331|39.4165|56627.0000|1.2690|1.0000|1.1427|96.7229|441.7650|0.7511|0.7925|0.9354|0.0000|582.5000|586.0000|202.3324|-25.0000|40.0000|103.0137|104.6860|78.3669|4.4658|35.0000|5.7436|3.9199|35.0000|4.9678|0.0000|0.0000|0.0000|2018-12-19T09:07:21.864|10X_100FOV_FlowCam Cyano Sample Run_images_000003.tif|5E745852-864D-418A-BE5A-40948781F56B
371|956|1086|61|57|539|1360|515|1|1|0|0.7035|4.5000|0|0.0000|0.0000|0.0000|1158.0000|62.0000|25.0000|47.1944|159.9239|144.8789|64.3173|23.6466|446.6506|23.8473|40.4513|14.4217|30.0355|23.8473|112.5065|98.7566|86.0734|50.7602|99673.0000|1.7576|3.2100|1.1392|126.0602|442.0000|0.2762|0.7269|0.6280|0.0000|1224.5000|1158.0000|446.6506|30.0000|-50.0000|93.3566|91.1313|73.3938|4.6954|44.0000|6.0463|4.0916|44.0000|5.2319|0.0000|0.0000|0.0000|2018-12-19T09:07:22.100|10X_100FOV_FlowCam Cyano Sample Run_images_000003.tif|B6B0EE3A-74E7-4212-8504-173994B422BB
372|1019|1086|74|77|993|932|516|1|1|0|0.7035|4.5000|0|0.0000|0.0000|0.0000|1473.0000|82.0000|48.0000|65.1111|279.2792|201.4536|90.4951|41.0319|585.3755|27.3006|54.5213|30.6023|42.6399|27.3935|196.4729|138.5569|140.3130|49.7512|206681.0000|4.1881|11.0670|1.4180|77.1818|442.5150|0.1494|0.4665|0.3822|0.0000|2645.5000|1482.0000|589.3675|45.0000|-55.0000|144.3422|144.3225|130.9022|3.8093|175.0000|5.7752|4.1940|175.0000|6.2320|0.0000|0.0000|0.0000|2018-12-19T09:07:22.619|10X_100FOV_FlowCam Cyano Sample Run_images_000003.tif|7A70F845-D445-4F76-958D-7B7028C25D8A
373|1095|1086|23|59|792|1627|517|1|1|0|0.7035|4.5000|0|0.0000|0.0000|0.0000|426.0000|50.0000|12.0000|35.3889|121.1127|107.9836|50.2761|11.2756|137.2296|13.2184|32.0093|5.2763|21.7303|13.2184|85.2028|72.8007|142.3333|29.8100|60634.0000|2.7401|6.4532|1.1704|74.2768|445.8280|0.1275|0.6116|0.4086|0.0000|448.0000|426.0000|137.2296|85.0000|-5.0000|146.0000|149.4225|127.0728|4.1256|42.0000|5.5493|4.5020|42.0000|5.8801|0.0000|0.0000|0.0000|2018-12-19T09:07:25.944|10X_100FOV_FlowCam Cyano Sample Run_images_000003.tif|624AF1AF-A060-4C68-B99F-413D26D0D8CA
374|1120|1086|25|92|546|1420|520|1|1|0|0.7035|4.5000|0|0.0000|0.0000|0.0000|889.0000|82.0000|15.0000|56.9722|183.0122|175.9252|93.2158|13.4392|330.1509|20.5027|54.5213|7.3868|36.9142|20.5027|128.7491|120.5976|146.4117|44.2029|130160.0000|2.9981|7.2815|1.0676|98.8246|447.3430|0.0000|0.5484|0.2552|0.0000|996.0000|889.0000|330.1509|-90.0000|0.0000|146.4533|147.2407|144.8076|4.0316|77.0000|5.7652|4.3159|77.0000|6.0176|0.0000|0.0000|0.0000|2018-12-19T09:07:27.460|10X_100FOV_FlowCam Cyano Sample Run_images_000003.tif|B87254EF-D38F-41AF-A891-8B8E885ACBF5
375|1147|1086|115|166|536|896|520|1|1|0|0.7035|4.5000|0|0.0000|0.0000|0.0000|11026.0000|160.0000|85.0000|137.2778|468.4924|428.2472|163.5912|90.0080|5050.2736|80.1886|109.3942|56.6318|93.4092|80.7612|329.5844|298.1062|136.2266|33.6277|1502034.0000|1.5625|2.5105|1.1056|42.1129|447.3430|0.3684|0.9031|0.8165|0.0000|11405.5000|11178.0000|5122.6530|-80.0000|-15.0000|145.8768|142.0085|121.2002|4.0316|77.0000|5.7652|4.3159|77.0000|6.0176|0.0000|0.0000|0.0000|2018-12-19T09:07:27.460|10X_100FOV_FlowCam Cyano Sample Run_images_000003.tif|80B4A883-8C3A-47D2-BBA3-947C44AD2F12
376|1264|1086|74|155|579|1532|522|1|3|0|0.7035|4.5000|0|0.0000|0.0000|0.0000|6204.0000|150.0000|60.0000|123.6389|571.7229|385.3703|158.5675|58.1898|2767.3848|59.3594|102.3593|39.0442|83.8142|62.6778|402.2071|267.9423|128.9956|27.6922|800289.0000|3.7807|9.7751|1.5011|56.0668|449.7500|0.0949|0.5484|0.6141|0.0000|7817.5000|6880.0000|3085.4440|-75.0000|-5.0000|138.4955|133.9602|115.6488|4.7526|91.0000|6.3736|4.2764|91.0000|5.4910|0.0000|0.0000|0.0000|2018-12-19T09:07:29.868|10X_100FOV_FlowCam Cyano Sample Run_images_000003.tif|E14B1BAD-AEAC-4AE1-BAE0-F045DD45243E
377|1340|1086|105|103|821|1347|523|1|1|0|0.7035|4.5000|0|0.0000|0.0000|0.0000|5710.0000|110.0000|81.0000|94.6667|347.6640|294.2906|93.7688|80.9544|2535.5336|56.8185|74.2193|53.8178|63.4323|56.8185|244.5816|203.8677|82.7944|43.0853|472756.0000|1.6845|2.9535|1.1997|101.9508|450.0150|0.6963|0.8394|0.9475|0.0000|6279.0000|5710.0000|2535.5336|-35.0000|20.0000|93.5455|87.9587|68.5560|4.9840|86.0000|6.6221|4.2249|86.0000|5.8993|0.0000|0.0000|0.0000|2018-12-19T09:07:30.145|10X_100FOV_FlowCam Cyano Sample Run_images_000003.tif|1D65278E-5FF7-4A20-9D6B-EA1263C8A835
378|1447|1086|51|266|741|1336|524|1|1|0|0.7035|4.5000|0|0.0000|0.0000|0.0000|3220.0000|258.0000|27.0000|167.7500|559.1787|524.3316|274.8087|23.5407|1377.4910|41.8793|178.3373|15.8287|114.8464|41.8793|393.3822|365.7015|146.9984|45.0015|473335.0000|7.7274|22.2315|1.0757|56.6647|452.2180|0.0000|0.0812|0.1078|0.0000|4704.0000|3220.0000|1377.4910|85.0000|-5.0000|150.7773|151.9248|135.8705|4.0209|194.0000|6.1237|4.4243|194.0000|6.5332|0.0000|0.0000|0.0000|2018-12-19T09:07:32.332|10X_100FOV_FlowCam Cyano Sample Run_images_000003.tif|6BE33E6C-C37C-4317-BCF8-A938B42703FB
379|1500|1086|68|69|907|1362|525|1|2|0|0.7035|4.5000|0|0.0000|0.0000|0.0000|2021.0000|61.0000|53.0000|58.0278|315.1787|179.5074|59.7412|48.7919|830.6296|32.5206|39.7478|34.1198|37.6568|34.1857|221.7282|123.1177|113.3058|55.9436|228991.0000|3.5705|9.1072|1.8009|44.1927|452.9680|0.7345|0.7615|0.9476|0.0000|2493.5000|2214.0000|917.8674|35.0000|-35.0000|122.1578|121.8629|93.1420|4.6767|54.0000|6.1724|3.8024|54.0000|4.5758|0.0000|0.0000|0.0000|2018-12-19T09:07:33.083|10X_100FOV_FlowCam Cyano Sample Run_images_000003.tif|115AAE92-9519-4001-A128-B122AD2E5AF6
380|1570|1086|82|159|944|1335|526|1|1|0|0.7035|4.5000|0|0.0000|0.0000|0.0000|1667.0000|162.0000|19.0000|107.7778|362.4335|335.2960|188.8869|13.3285|671.7202|29.2448|110.8012|10.2007|72.6559|29.2448|254.9720|232.7150|144.6485|39.5583|241129.0000|6.2706|17.6431|1.0956|97.0841|453.7650|0.0000|0.3871|0.1184|0.0000|2135.0000|1667.0000|671.7202|-70.0000|25.0000|147.5981|148.4865|135.9934|4.0751|146.0000|6.0462|4.4659|146.0000|6.4581|0.0000|0.0000|0.0000|2018-12-19T09:07:33.892|10X_100FOV_FlowCam Cyano Sample Run_images_000003.tif|857830E2-573D-40D0-94AE-637F7DF37481
381|1654|1086|111|166|901|1074|528|1|1|0|0.7035|4.5000|0|0.0000|0.0000|0.0000|10621.0000|161.0000|86.0000|137.4167|474.1076|428.7407|164.2396|91.5169|4857.5179|78.6434|110.0978|57.3353|93.5069|81.9059|333.5347|298.4533|135.9371|33.6684|1443788.0000|1.5574|2.4915|1.1175|33.5023|458.0460|0.3902|0.9342|0.8273|0.0000|11703.0000|11485.0000|5268.8987|-80.0000|-10.0000|144.5695|140.6176|123.4675|4.9295|123.0000|6.7288|3.8981|123.0000|5.1323|0.0000|0.0000|0.0000|2018-12-19T09:07:38.179|10X_100FOV_FlowCam Cyano Sample Run_images_000003.tif|85476443-32EA-4985-8CE8-0131FE3B9A86
382|1767|1086|143|98|897|1273|530|1|1|0|0.7035|4.5000|0|0.0000|0.0000|0.0000|3005.0000|133.0000|88.0000|115.5278|501.8721|359.7788|156.3734|90.8349|1278.6922|40.3495|90.3997|58.7422|78.1081|40.3495|353.0670|249.9386|136.0596|42.7947|408859.0000|6.6701|18.9018|1.4126|102.8915|458.3430|0.0714|0.3815|0.2340|0.0000|7932.0000|3005.0000|1278.6922|0.0000|-90.0000|136.7544|139.6130|128.8406|4.6903|177.0000|6.6805|5.0346|177.0000|7.0356|0.0000|0.0000|0.0000|2018-12-19T09:07:38.456|10X_100FOV_FlowCam Cyano Sample Run_images_000003.tif|3EF06308-A296-431E-9AAA-7E0D2845A04D
383|1912|1086|37|61|608|1266|532|1|1|0|0.7035|4.5000|0|0.0000|0.0000|0.0000|1011.0000|52.0000|26.0000|40.0000|129.1543|122.4469|50.8836|25.3566|382.7138|22.0746|33.4162|15.1253|24.9743|22.0746|90.8601|82.9756|92.7834|27.2164|93804.0000|1.3130|1.4212|1.0950|113.6372|461.6090|0.4690|0.8993|0.7965|0.0000|988.5000|1011.0000|382.7138|-85.0000|5.0000|103.9120|99.5391|75.2760|4.2680|41.0000|5.6938|3.9297|41.0000|5.2338|0.0000|0.0000|0.0000|2018-12-19T09:07:41.713|10X_100FOV_FlowCam Cyano Sample Run_images_000003.tif|D292114E-1E43-4B32-842D-A616BF349403
384|1951|1086|50|113|511|1548|533|1|1|0|0.7035|4.5000|0|0.0000|0.0000|0.0000|1183.0000|107.0000|19.0000|73.5278|250.9949|227.9149|121.8171|15.3639|457.5811|24.1373|72.1088|10.2007|48.5611|24.1373|176.5749|157.1724|139.6145|37.4394|165164.0000|4.2377|11.2242|1.1234|72.1081|463.1870|0.0000|0.3673|0.1998|0.0000|1610.5000|1183.0000|457.5811|-75.0000|15.0000|143.6061|145.9992|125.5452|3.7758|83.0000|5.3990|4.2641|83.0000|5.8385|0.0000|0.0000|0.0000|2018-12-19T09:07:43.296|10X_100FOV_FlowCam Cyano Sample Run_images_000003.tif|907FFF88-37D9-4E1C-A28A-5626B40E9FA7
385|2003|1086|34|46|252|0|538|1|1|0|0.7035|4.5000|0|0.0000|0.0000|0.0000|501.0000|39.0000|24.0000|32.7222|144.2254|99.9804|36.3125|22.3576|167.4666|14.6022|24.2707|13.7183|19.8543|15.1265|101.4626|67.1705|123.6128|26.3060|61930.0000|3.1173|7.6628|1.5105|84.2857|471.9370|0.4822|0.4596|0.7436|0.0000|668.5000|531.0000|179.7070|-80.0000|0.0000|127.0838|125.7605|117.9860|3.3235|2.0000|3.3235|4.1759|2.0000|4.3350|0.0000|0.0000|0.0000|2018-12-19T09:07:52.056|10X_100FOV_FlowCam Cyano Sample Run_images_000003.tif|770422D4-BFBE-43BB-AD31-CC5DC49EA4A7
386|2|1354|23|38|769|1229|539|1|1|0|0.7035|4.5000|0|0.0000|0.0000|0.0000|295.0000|29.0000|13.0000|22.6944|71.2132|68.3241|30.5049|12.6891|86.0708|10.4685|17.2357|5.9798|12.7998|10.4685|50.0985|44.9003|146.0746|41.2901|43092.0000|1.3680|1.7145|1.1158|81.4923|472.5460|0.4739|0.7841|0.6882|0.0000|281.5000|295.0000|86.0708|-80.0000|0.0000|145.1864|146.7525|145.0000|3.9048|36.0000|5.1831|4.1582|36.0000|5.5682|0.0000|0.0000|0.0000|2018-12-19T09:07:52.648|10X_100FOV_FlowCam Cyano Sample Run_images_000003.tif|E9359DA3-A6B9-4750-81E9-CB8215BA68CB
387|27|1354|27|81|577|1368|540|1|1|0|0.7035|4.5000|0|0.0000|0.0000|0.0000|719.0000|71.0000|14.0000|49.8611|160.1838|153.5619|80.9619|12.1592|257.8658|18.1197|46.7828|6.6833|31.9115|18.1197|112.6893|104.8650|147.1460|40.5079|105798.0000|2.8399|6.7741|1.0746|90.0067|472.8280|0.0000|0.6784|0.2732|0.0000|765.5000|719.0000|257.8658|-90.0000|5.0000|147.4590|147.7677|145.8498|3.8391|53.0000|5.4165|4.2630|53.0000|5.8346|0.0000|0.0000|0.0000|2018-12-19T09:07:52.954|10X_100FOV_FlowCam Cyano Sample Run_images_000003.tif|8DEBF8B6-B3EB-4D31-A4B4-55E53D7B1C8E
388|56|1354|95|85|600|1423|541|1|1|0|0.7035|4.5000|0|0.0000|0.0000|0.0000|2834.0000|85.0000|74.0000|80.4722|350.6346|249.6625|84.0545|65.3213|1200.3092|39.0932|56.6318|48.8933|53.4464|39.1603|246.6714|172.4718|95.9936|46.8648|272046.0000|3.4413|8.6962|1.4302|125.2211|473.3590|0.1099|0.0952|0.6389|0.0000|4129.0000|2843.0000|1204.4300|0.0000|-85.0000|102.5187|100.5801|84.4912|4.8669|80.0000|6.4238|5.1435|80.0000|6.7338|0.0000|0.0000|0.0000|2018-12-19T09:07:53.462|10X_100FOV_FlowCam Cyano Sample Run_images_000003.tif|7448DAB0-9218-4F0A-82C5-94DC79889956
389|153|1354|96|213|888|1303|545|1|1|0|0.7035|4.5000|0|0.0000|0.0000|0.0000|4842.0000|210.0000|76.0000|147.2500|914.1219|459.3227|177.9006|69.3491|2129.5557|52.0714|144.5693|50.3002|100.4246|53.0608|643.0848|319.9678|137.6429|39.0197|666467.0000|13.2542|39.6141|2.0098|74.1965|478.8280|0.0000|0.2067|0.3504|0.0000|10463.5000|5017.0000|2211.2457|75.0000|-10.0000|144.1578|141.3835|127.8214|4.0624|67.0000|5.6474|3.7421|67.0000|5.1353|0.0000|0.0000|0.0000|2018-12-19T09:07:58.934|10X_100FOV_FlowCam Cyano Sample Run_images_000003.tif|87EE4BA5-0E73-457F-A27D-41477B10B17B
390|251|1354|106|157|703|1560|546|1|1|0|0.7035|4.5000|0|0.0000|0.0000|0.0000|8018.0000|154.0000|81.0000|133.9167|734.9188|417.8092|149.6383|88.1261|3622.6108|67.9150|105.1732|53.8178|91.0446|75.0562|517.0154|290.7630|124.5649|24.2542|998761.0000|4.4264|11.8213|1.7781|53.1267|479.1710|0.0000|0.2650|0.8199|0.0000|10674.0000|9710.0000|4424.4910|-75.0000|-10.0000|134.1694|129.3960|111.4298|4.9742|88.0000|6.5940|4.0318|88.0000|5.5442|0.0000|0.0000|0.0000|2018-12-19T09:07:59.299|10X_100FOV_FlowCam Cyano Sample Run_images_000003.tif|AD788721-F18D-4DF0-9980-B5B2FC0E6DF0
391|359|1354|75|351|573|631|547|1|1|0|0.7035|4.5000|0|0.0000|0.0000|0.0000|7485.0000|342.0000|55.0000|227.8056|768.2742|712.5823|385.7583|48.1125|3370.7730|65.5118|237.4313|35.5267|157.0955|65.5531|540.4809|498.1359|149.4398|52.8256|1118557.0000|6.2677|17.6339|1.0850|39.6538|481.4530|0.0000|0.4005|0.1263|0.0000|12969.0000|7494.0000|3375.0220|85.0000|-5.0000|150.5723|151.9971|143.9949|4.5385|429.0000|6.8261|4.9223|429.0000|7.2228|0.0000|0.0000|0.0000|2018-12-19T09:08:01.585|10X_100FOV_FlowCam Cyano Sample Run_images_000003.tif|34CB8261-BCE0-4BFF-A6C5-74FEE24A2237
392|436|1354|30|47|554|1400|548|1|1|0|0.7035|4.5000|0|0.0000|0.0000|0.0000|379.0000|39.0000|13.0000|28.7778|99.8406|87.3212|40.6869|12.3828|118.5945|12.2882|24.2707|5.9798|17.0794|12.2882|70.2379|58.2647|153.2823|37.2820|58094.0000|2.0930|4.3452|1.2055|73.4943|482.0000|0.2979|0.7113|0.5336|0.0000|376.0000|379.0000|118.5945|70.0000|-20.0000|153.7467|155.4011|149.0792|3.3518|3.0000|3.3842|3.8491|3.0000|4.1251|0.0000|0.0000|0.0000|2018-12-19T09:08:02.113|10X_100FOV_FlowCam Cyano Sample Run_images_000003.tif|FA163B20-773F-4F3B-9951-3833F5431450
393|468|1354|34|32|380|1627|549|1|1|0|0.7035|4.5000|0|0.0000|0.0000|0.0000|397.0000|25.0000|22.0000|23.6944|75.6985|71.2451|23.0626|22.2632|125.6992|12.6509|14.4217|12.3113|13.5033|12.6509|53.2539|46.9552|120.9018|58.7734|47998.0000|1.1486|1.0000|1.1341|36.0896|482.2030|0.8535|0.6640|0.9839|0.0000|386.5000|397.0000|125.6992|5.0000|-90.0000|124.7456|124.5516|112.2317|3.1364|33.0000|3.8627|4.1669|33.0000|5.3397|0.0000|0.0000|0.0000|2018-12-19T09:08:02.311|10X_100FOV_FlowCam Cyano Sample Run_images_000003.tif|A166A994-9985-4B50-BD1E-0A1B74EB7D23
394|504|1354|121|122|251|1333|550|1|1|0|0.7035|4.5000|0|0.0000|0.0000|0.0000|9527.0000|114.0000|110.0000|111.6944|374.0904|347.9109|112.1107|108.9386|4337.6049|74.3156|77.0332|74.2193|75.4113|74.5673|263.1726|241.5896|86.5813|35.3294|824860.0000|1.1614|1.0000|1.0893|175.8245|483.7810|0.9372|0.9315|0.9993|0.0000|9575.0000|9589.0000|4367.0378|25.0000|-65.0000|97.0166|92.4145|71.1370|4.8298|108.0000|6.5591|4.1269|108.0000|5.8216|0.0000|0.0000|0.0000|2018-12-19T09:08:03.902|10X_100FOV_FlowCam Cyano Sample Run_images_000003.tif|70FDE112-9B5A-462E-98BB-CD29B798C52B
395|627|1354|29|55|895|1320|552|1|1|0|0.7035|4.5000|0|0.0000|0.0000|0.0000|505.0000|47.0000|14.0000|34.5833|110.5269|105.4536|51.6271|12.9729|169.0942|14.6730|29.8987|6.6833|21.1636|14.6730|77.7557|71.0209|142.7921|39.5168|72110.0000|1.9250|3.7833|1.0948|95.3861|484.1250|0.1579|0.7692|0.4538|0.0000|509.5000|505.0000|169.0942|-75.0000|10.0000|143.4911|145.4970|137.1901|4.0745|60.0000|5.5994|4.3381|60.0000|5.8812|0.0000|0.0000|0.0000|2018-12-19T09:08:04.263|10X_100FOV_FlowCam Cyano Sample Run_images_000003.tif|06339E96-FE42-4B05-95A7-F8277D4B063E
396|658|1354|229|241|736|1406|554|1|1|0|0.7035|4.5000|0|0.0000|0.0000|0.0000|5698.0000|237.0000|203.0000|219.4722|1515.7687|686.3883|205.6294|171.7895|2529.9083|56.7554|163.5637|139.6448|151.2329|57.1119|1066.3433|479.7084|141.1053|37.8018|804018.0000|31.7089|97.6062|2.2229|68.7919|488.4530|0.0000|0.1018|0.2045|0.0000|32760.0000|5766.0000|2561.7896|-80.0000|-40.0000|149.6592|147.1041|126.0686|3.9100|54.0000|5.5369|3.7765|54.0000|4.7492|0.0000|0.0000|0.0000|2018-12-19T09:08:08.566|10X_100FOV_FlowCam Cyano Sample Run_images_000003.tif|2889616B-76EC-4A65-A665-FB3EE36DBE30
397|889|1354|59|59|354|1367|555|1|1|0|0.7035|4.5000|0|0.0000|0.0000|0.0000|1854.0000|52.0000|48.0000|49.5833|160.3675|152.4414|49.7799|47.4771|755.4692|31.0144|33.4162|30.6023|31.7161|31.0144|112.8185|104.0768|106.0367|55.2745|196592.0000|1.1039|1.0000|1.0840|43.6377|490.3430|0.9352|0.9363|0.9977|0.0000|1824.5000|1854.0000|755.4692|30.0000|-70.0000|110.3225|111.4428|93.7940|4.5439|46.0000|5.9577|3.9093|46.0000|5.1212|0.0000|0.0000|0.0000|2018-12-19T09:08:10.480|10X_100FOV_FlowCam Cyano Sample Run_images_000003.tif|5653B510-B135-4B80-B6F0-6C32277D525E
398|950|1354|40|68|780|1579|559|1|1|0|0.7035|4.5000|0|0.0000|0.0000|0.0000|1197.0000|60.0000|26.0000|45.0556|145.6396|138.3736|59.6673|25.6339|463.7089|24.2984|39.0442|15.1253|28.5309|24.2984|102.4575|94.1801|85.0902|27.1308|101853.0000|1.4101|1.9051|1.0879|126.6220|493.7180|0.3514|0.9079|0.7228|0.0000|1174.0000|1197.0000|463.7089|70.0000|-15.0000|96.9883|93.1228|64.8179|4.6902|35.0000|5.9691|3.9743|35.0000|5.1804|0.0000|0.0000|0.0000|2018-12-19T09:08:13.822|10X_100FOV_FlowCam Cyano Sample Run_images_000003.tif|A98D1E97-4595-47C6-A038-891E844296E3
399|992|1354|32|60|809|1601|562|1|1|0|0.7035|4.5000|0|0.0000|0.0000|0.0000|822.0000|50.0000|22.0000|37.8056|122.4264|116.0262|49.9752|21.0537|301.5138|19.5933|32.0093|12.3113|23.4305|19.5933|86.1270|78.4587|82.8650|29.1475|68115.0000|1.4510|2.0770|1.0977|158.4727|497.1090|0.3763|0.8711|0.7118|0.0000|802.0000|822.0000|301.5138|-90.0000|0.0000|95.1083|91.0255|62.1582|4.4741|36.0000|5.8053|4.0927|36.0000|5.1552|0.0000|0.0000|0.0000|2018-12-19T09:08:17.227|10X_100FOV_FlowCam Cyano Sample Run_images_000003.tif|B696A902-4F01-4E9B-8FA8-C18408A535D1
400|1026|1354|25|48|377|1540|563|1|1|0|0.7035|4.5000|0|0.0000|0.0000|0.0000|432.0000|39.0000|15.0000|29.4722|94.6274|89.6217|40.9070|13.8598|139.6273|13.3334|24.2707|7.3868|17.5679|13.3334|66.5704|59.8831|147.6644|39.8522|63791.0000|1.6495|2.8283|1.1117|57.4318|497.2340|0.3282|0.6443|0.5897|0.0000|426.5000|432.0000|139.6273|-80.0000|0.0000|149.2338|152.7593|137.1227|4.0456|45.0000|5.3795|4.4903|45.0000|5.8503|0.0000|0.0000|0.0000|2018-12-19T09:08:17.345|10X_100FOV_FlowCam Cyano Sample Run_images_000003.tif|0F9AE8CC-597C-4618-B675-223107194871
401|1053|1354|52|87|692|1459|564|1|1|0|0.7035|4.5000|0|0.0000|0.0000|0.0000|793.0000|84.0000|19.0000|57.9444|194.3087|178.9821|93.5199|16.8140|289.1757|19.1883|55.9282|10.2007|37.5981|19.1883|136.6962|122.7482|138.4716|39.1115|109808.0000|3.7888|9.8008|1.1136|127.9691|498.0780|0.0000|0.5787|0.2237|0.0000|1213.5000|793.0000|289.1757|-70.0000|25.0000|141.0757|142.4981|129.5284|4.0400|84.0000|5.7434|4.5461|84.0000|6.2435|0.0000|0.0000|0.0000|2018-12-19T09:08:18.183|10X_100FOV_FlowCam Cyano Sample Run_images_000003.tif|0E665C51-447B-4251-83F3-9432FAA1BEC4
402|1107|1354|217|86|135|1277|569|1|1|0|0.7035|4.5000|0|0.0000|0.0000|0.0000|4804.0000|209.0000|51.0000|149.8889|633.4457|467.5052|234.4995|36.6602|2111.8290|51.8543|143.8657|32.7127|102.2811|52.1740|445.6290|325.7242|144.9172|40.8145|696182.0000|6.5701|18.5868|1.3681|66.7852|500.2030|0.0000|0.2885|0.2197|0.0000|7997.5000|4860.0000|2137.9541|-15.0000|75.0000|144.9644|148.7084|137.4536|4.4789|172.0000|6.4715|4.9561|172.0000|6.9431|0.0000|0.0000|0.0000|2018-12-19T09:08:20.332|10X_100FOV_FlowCam Cyano Sample Run_images_000003.tif|C9B1674D-5141-4507-A41B-2B8728007141
403|1326|1354|26|94|945|1289|571|1|1|0|0.7035|4.5000|0|0.0000|0.0000|0.0000|864.0000|85.0000|15.0000|57.4444|184.7696|177.5486|94.0670|12.5820|319.4448|20.1675|56.6318|7.3868|37.2464|20.1675|129.9854|121.7397|150.0394|37.5472|129634.0000|3.1444|7.7494|1.0677|78.1782|502.7180|0.0000|0.5604|0.2443|0.0000|917.5000|864.0000|319.4448|85.0000|-5.0000|152.2025|151.7546|145.8472|3.5802|3.0000|3.8212|3.7766|3.0000|4.1227|0.0000|0.0000|0.0000|2018-12-19T09:08:22.825|10X_100FOV_FlowCam Cyano Sample Run_images_000003.tif|CC2633EA-2CCD-4A85-9FD3-799CD348B39A
404|1354|1354|35|31|748|1670|573|1|1|0|0.7035|4.5000|0|0.0000|0.0000|0.0000|302.0000|26.0000|21.0000|23.0000|85.5980|69.1801|24.1668|18.3378|88.7355|10.6293|15.1253|11.6077|13.0147|11.0344|60.2182|45.5025|156.3411|29.2062|47215.0000|1.8221|3.4329|1.3234|65.3378|503.1560|0.6693|0.5346|0.8854|0.0000|351.5000|320.0000|95.6292|-25.0000|-90.0000|159.1788|158.7483|150.5927|3.2172|31.0000|4.0422|4.0728|31.0000|5.3610|0.0000|0.0000|0.0000|2018-12-19T09:08:23.285|10X_100FOV_FlowCam Cyano Sample Run_images_000003.tif|C561CECC-CA62-4EF2-80D1-14DB45E8DD7F
405|1391|1354|100|156|229|1378|576|1|1|0|0.7035|4.5000|0|0.0000|0.0000|0.0000|11394.0000|161.0000|87.0000|139.0833|468.3675|433.8623|162.8060|95.2574|5225.5410|81.5682|110.0978|58.0388|94.6794|83.0354|329.4965|302.0564|129.5201|35.9162|1475752.0000|1.4804|2.1953|1.0908|44.0785|504.5930|0.4218|0.9512|0.8440|0.0000|11909.5000|11792.0000|5415.2200|-65.0000|5.0000|137.8884|135.1143|115.3519|4.7211|107.0000|6.4629|4.2088|107.0000|5.4681|0.0000|0.0000|0.0000|2018-12-19T09:08:24.716|10X_100FOV_FlowCam Cyano Sample Run_images_000003.tif|BCDE5FC6-5DD9-460D-B5F6-45D952EC1744
406|1493|1354|47|67|673|1558|577|1|1|0|0.7035|4.5000|0|0.0000|0.0000|0.0000|830.0000|62.0000|19.0000|45.2778|148.2670|139.2696|65.4528|17.6473|304.9237|19.7038|40.4513|10.2007|28.6872|19.7038|104.3058|94.8104|135.9217|49.4879|112815.0000|2.1077|4.3938|1.1002|70.4390|504.8590|0.0672|0.4823|0.4599|0.0000|891.0000|830.0000|304.9237|-70.0000|25.0000|138.1675|141.1566|124.7518|4.1903|68.0000|5.8226|4.6149|68.0000|6.2048|0.0000|0.0000|0.0000|2018-12-19T09:08:24.980|10X_100FOV_FlowCam Cyano Sample Run_images_000003.tif|E1C389BA-2966-4A69-8E37-FE047D3561E5
407|1542|1354|42|62|990|1386|578|1|1|0|0.7035|4.5000|0|0.0000|0.0000|0.0000|614.0000|59.0000|14.0000|40.9444|134.7107|125.5142|61.2686|13.2936|213.9336|16.5042|38.3407|6.6833|25.6386|16.5042|94.7690|85.1335|138.2492|38.8589|84885.0000|2.3519|5.1964|1.1132|92.8684|506.1250|0.0641|0.7448|0.3978|0.0000|638.0000|614.0000|213.9336|65.0000|-30.0000|141.9218|142.9935|127.5440|3.8659|59.0000|5.4459|4.3010|59.0000|5.8431|0.0000|0.0000|0.0000|2018-12-19T09:08:26.238|10X_100FOV_FlowCam Cyano Sample Run_images_000003.tif|D3897DAF-2BC7-4FD4-A2D9-A19B10F3D2E0
408|1586|1354|44|68|879|229|578|1|1|0|0.7035|4.5000|0|0.0000|0.0000|0.0000|1329.0000|59.0000|32.0000|47.0000|165.5391|144.5789|59.8935|29.6302|521.7039|25.7731|38.3407|19.3463|29.8987|25.7731|116.4568|98.5455|114.1422|50.6052|151695.0000|1.6408|2.7974|1.1818|76.9167|506.1250|0.3390|0.4611|0.7579|0.0000|1405.0000|1329.0000|521.7039|-85.0000|5.0000|117.5771|116.3995|108.4485|3.8659|59.0000|5.4459|4.3010|59.0000|5.8431|0.0000|0.0000|0.0000|2018-12-19T09:08:26.238|10X_100FOV_FlowCam Cyano Sample Run_images_000003.tif|D4BB35D3-6B2A-4562-8DA8-7612A5C921F6
409|1632|1354|104|304|739|1411|579|1|1|0|0.7035|4.5000|0|0.0000|0.0000|0.0000|3204.0000|303.0000|67.0000|203.7222|711.7716|636.4544|350.2758|68.2352|1370.1296|41.7672|209.9948|43.9688|140.1528|41.7672|500.7313|444.5799|140.4650|39.6188|450050.0000|12.5828|37.5035|1.1263|107.9097|510.4680|0.0000|0.2964|0.0641|0.0000|12487.5000|3204.0000|1370.1296|75.0000|-15.0000|145.1258|144.8589|130.0462|3.9616|238.0000|6.0202|4.4402|238.0000|6.4401|0.0000|0.0000|0.0000|2018-12-19T09:08:30.571|10X_100FOV_FlowCam Cyano Sample Run_images_000003.tif|681E8B51-1AFC-40F8-9CCE-F3BCCFA12F5D
410|1738|1354|31|71|887|1306|581|1|1|0|0.7035|4.5000|0|0.0000|0.0000|0.0000|928.0000|61.0000|21.0000|44.6111|146.6690|136.9392|63.2355|19.4198|346.8985|21.0163|39.7478|11.6077|28.2182|21.0163|103.1816|93.1710|145.8416|48.7844|135341.0000|1.8447|3.5103|1.1074|51.0226|512.1400|0.1502|0.6061|0.5400|0.0000|951.5000|928.0000|346.8985|-90.0000|0.0000|147.8287|150.0323|136.9009|4.2835|62.0000|5.8912|4.6621|62.0000|6.2931|0.0000|0.0000|0.0000|2018-12-19T09:08:32.257|10X_100FOV_FlowCam Cyano Sample Run_images_000003.tif|DED7608F-F13B-4290-B4BA-C0DEFA85BDB5
411|1771|1354|66|152|529|1487|582|1|1|0|0.7035|4.5000|0|0.0000|0.0000|0.0000|6545.0000|148.0000|56.0000|119.9722|385.5980|373.5187|161.0780|58.3533|2927.7193|61.0548|100.9523|36.2302|81.2347|63.5997|271.2682|259.6047|129.0067|36.0337|844349.0000|1.6726|2.9112|1.0449|84.5053|512.7340|0.0636|0.8987|0.6137|0.0000|7162.0000|7074.0000|3176.8728|-70.0000|0.0000|136.6831|133.5583|117.1381|4.6483|90.0000|6.3610|4.0182|90.0000|5.5019|0.0000|0.0000|0.0000|2018-12-19T09:08:32.838|10X_100FOV_FlowCam Cyano Sample Run_images_000003.tif|7CD223E2-93AC-4B9C-8D16-30EBFFE17B8C
412|1839|1354|101|117|312|94|582|1|1|0|0.7035|4.5000|0|0.0000|0.0000|0.0000|1864.0000|113.0000|67.0000|92.3333|453.1442|287.0716|113.0793|73.8962|759.9606|31.1065|76.3298|43.9688|61.7907|31.1065|318.7869|198.7891|135.6234|33.6479|252802.0000|8.7663|25.5010|1.6036|83.0317|512.7340|0.0669|0.4612|0.2601|0.0000|4535.5000|1864.0000|759.9606|75.0000|-30.0000|141.7377|140.1347|124.4528|4.6483|90.0000|6.3610|4.0182|90.0000|5.5019|0.0000|0.0000|0.0000|2018-12-19T09:08:32.838|10X_100FOV_FlowCam Cyano Sample Run_images_000003.tif|323B42BD-CD21-44D0-B100-861EF5AA4BEC
413|1942|1354|69|110|194|1805|583|1|1|0|0.7035|4.5000|0|0.0000|0.0000|0.0000|854.0000|113.0000|17.0000|76.3333|274.4924|236.7695|126.6896|10.5199|315.1691|20.0321|76.3298|8.7937|50.5347|20.4361|193.1054|163.4016|146.5831|25.8987|125182.0000|6.7826|19.2563|1.1818|52.1861|514.2650|0.0000|0.6596|0.1393|0.0000|1370.5000|884.0000|328.0078|60.0000|-30.0000|150.5738|151.2845|135.8279|3.8064|46.0000|4.2313|4.1781|46.0000|5.4255|0.0000|0.0000|0.0000|2018-12-19T09:08:34.384|10X_100FOV_FlowCam Cyano Sample Run_images_000003.tif|5EFAA39C-8A41-46AB-81D5-5F61C2BA35C1
414|2|1707|42|70|858|870|583|1|6|0|0.7035|4.5000|0|0.0000|0.0000|0.0000|315.0000|56.0000|23.0000|42.4722|187.6812|130.3882|63.8521|20.5610|93.7085|10.9231|36.2302|13.0147|26.7134|10.9231|132.0337|88.5623|152.2349|20.4611|47954.0000|8.8986|25.9172|1.4909|52.7037|514.2650|0.1225|0.4488|0.1783|0.0000|889.5000|315.0000|93.7085|-85.0000|15.0000|159.0889|157.4889|139.2286|3.8064|46.0000|4.2313|4.1781|46.0000|5.4255|0.0000|0.0000|0.0000|2018-12-19T09:08:34.384|10X_100FOV_FlowCam Cyano Sample Run_images_000003.tif|D095DDF3-12C0-4E46-8915-2253DAB80FFC
415|46|1707|130|63|529|1439|588|1|1|0|0.7035|4.5000|0|0.0000|0.0000|0.0000|1490.0000|126.0000|20.0000|85.8333|315.0782|266.4465|145.1946|16.1701|592.9172|27.4759|85.4753|10.9043|57.2180|27.4759|221.6575|184.2794|139.5215|40.6222|207887.0000|5.3020|14.5882|1.2028|93.7537|516.4210|0.0000|0.2542|0.1778|0.0000|1956.0000|1490.0000|592.9172|-25.0000|70.0000|141.2067|143.1953|131.6188|4.0226|111.0000|5.8734|4.3704|111.0000|6.2346|0.0000|0.0000|0.0000|2018-12-19T09:08:36.546|10X_100FOV_FlowCam Cyano Sample Run_images_000003.tif|5A1B6974-9CA0-4C85-BD09-7742964A7C72
416|178|1707|33|52|866|1555|592|1|1|0|0.7035|4.5000|0|0.0000|0.0000|0.0000|673.0000|44.0000|21.0000|33.8333|113.0122|103.2238|43.5916|19.8795|238.5417|17.4276|27.7883|11.6077|20.6360|17.4276|79.5041|69.4522|82.5944|44.6949|55586.0000|1.5102|2.3118|1.1447|129.2871|522.9210|0.4382|0.8137|0.7466|0.0000|666.5000|673.0000|238.5417|60.0000|-20.0000|89.6389|87.1857|70.9242|4.4575|36.0000|5.7888|3.7900|36.0000|4.9956|0.0000|0.0000|0.0000|2018-12-19T09:08:43.019|10X_100FOV_FlowCam Cyano Sample Run_images_000003.tif|9277086A-17BE-4318-9038-10447DF99CBE
417|213|1707|33|148|804|1510|593|1|1|0|0.7035|4.5000|0|0.0000|0.0000|0.0000|1544.0000|139.0000|17.0000|92.5556|308.9533|287.4905|159.5702|13.7248|616.9059|28.0262|94.6208|8.7937|61.9471|28.0262|217.3486|199.0838|132.7830|42.6538|205017.0000|4.9196|13.3806|1.0917|87.5819|523.0000|0.0000|0.7474|0.1533|0.0000|1839.5000|1544.0000|616.9059|-85.0000|5.0000|132.0240|139.1108|120.6574|4.4975|122.0000|6.4261|4.8599|122.0000|6.7586|0.0000|0.0000|0.0000|2018-12-19T09:08:43.125|10X_100FOV_FlowCam Cyano Sample Run_images_000003.tif|5B73E21A-CFA9-4E24-91B1-DF1F0910F010
418|248|1707|140|166|615|1440|594|1|2|0|0.7035|4.5000|0|0.0000|0.0000|0.0000|9801.0000|157.0000|82.0000|133.8611|539.9554|417.6253|155.6456|86.0876|4467.7095|75.4219|107.2837|54.5213|91.0055|76.9427|379.8586|290.6336|129.9644|31.6937|1273781.0000|2.2782|4.9553|1.3070|51.6540|524.6870|0.2756|0.5891|0.8197|0.0000|10794.5000|10184.0000|4649.6984|-85.0000|30.0000|139.7153|135.7480|114.8991|4.9309|98.0000|6.6593|3.9408|98.0000|5.3428|0.0000|0.0000|0.0000|2018-12-19T09:08:44.824|10X_100FOV_FlowCam Cyano Sample Run_images_000003.tif|35192271-9726-4B1B-95FE-7CA188D4AAE3
419|390|1707|36|81|555|1511|595|1|1|0|0.7035|4.5000|0|0.0000|0.0000|0.0000|953.0000|74.0000|21.0000|51.6944|171.0538|159.2920|78.0842|17.6663|357.6624|21.3399|48.8933|11.6077|33.2013|21.3399|120.3363|108.8962|141.5729|47.4083|134919.0000|2.4432|5.4936|1.1051|58.4539|528.4370|0.0000|0.3516|0.3786|0.0000|1071.5000|953.0000|357.6624|75.0000|-15.0000|144.4900|146.8206|130.1605|3.9432|50.0000|5.5045|4.3553|50.0000|5.8884|0.0000|0.0000|0.0000|2018-12-19T09:08:48.564|10X_100FOV_FlowCam Cyano Sample Run_images_000003.tif|499DC144-423B-47AA-8AC6-41F569405E96
420|428|1707|68|46|211|1537|597|1|1|0|0.7035|4.5000|0|0.0000|0.0000|0.0000|1258.0000|62.0000|25.0000|46.9444|153.5391|144.6304|63.8492|25.2447|490.4618|24.9895|40.4513|14.4217|29.8596|24.9895|108.0148|98.5817|77.7250|31.9891|97778.0000|1.4912|2.2381|1.0957|128.5606|530.3590|0.3047|0.8829|0.6796|0.0000|1239.5000|1258.0000|490.4618|-20.0000|65.0000|86.6256|84.2226|61.5779|4.3909|41.0000|5.8057|3.7426|41.0000|4.8393|0.0000|0.0000|0.0000|2018-12-19T09:08:50.480|10X_100FOV_FlowCam Cyano Sample Run_images_000003.tif|E5B0DF35-EAEC-4844-9824-E91EC42F4EFD
421|498|1707|27|85|328|1438|598|1|1|0|0.7035|4.5000|0|0.0000|0.0000|0.0000|979.0000|75.0000|17.0000|52.8333|172.4264|162.7089|80.0264|16.2481|368.8789|21.6719|49.5968|8.7937|34.0025|21.6719|121.3020|111.3000|142.6251|48.7633|139630.0000|2.4167|5.4072|1.0899|60.0187|531.7810|0.0000|0.6775|0.3739|0.0000|981.0000|979.0000|368.8789|-90.0000|0.0000|144.5475|147.5301|132.3187|3.8466|84.0000|5.4937|4.2374|84.0000|5.8470|0.0000|0.0000|0.0000|2018-12-19T09:08:51.894|10X_100FOV_FlowCam Cyano Sample Run_images_000003.tif|B2860BA4-E18A-4C6F-A1E2-B587A545387E
422|527|1707|34|39|167|1464|599|1|1|0|0.7035|4.5000|0|0.0000|0.0000|0.0000|531.0000|33.0000|24.0000|28.3333|91.9411|85.9987|29.4707|24.2132|179.7070|15.1265|20.0497|13.7183|16.7667|15.1265|64.6806|57.3343|93.5330|40.8058|49666.0000|1.2668|1.0000|1.1281|97.4268|532.9210|0.7150|0.6661|0.9295|0.0000|527.0000|531.0000|179.7070|-65.0000|0.0000|91.7232|94.1186|93.0075|3.9936|84.0000|5.6298|3.9858|84.0000|5.4848|0.0000|0.0000|0.0000|2018-12-19T09:08:53.033|10X_100FOV_FlowCam Cyano Sample Run_images_000003.tif|E7950C24-D87E-45CD-8EEE-2676AD775DBE
423|563|1707|186|155|839|1425|599|1|1|0|0.7035|4.5000|0|0.0000|0.0000|0.0000|4028.0000|218.0000|108.0000|162.0000|950.7077|505.6124|195.7359|104.9880|1750.8474|47.2149|150.1972|72.8123|110.8012|47.4520|668.8229|352.5326|142.4454|33.0183|573770.0000|17.6895|53.5547|1.8972|83.5415|532.9210|0.0000|0.3346|0.2099|0.0000|15207.0000|4066.0000|1768.4751|35.0000|-50.0000|151.1202|147.7200|128.8225|3.9936|84.0000|5.6298|3.9858|84.0000|5.4848|0.0000|0.0000|0.0000|2018-12-19T09:08:53.033|10X_100FOV_FlowCam Cyano Sample Run_images_000003.tif|5D8F1E39-041D-488C-ADBC-8A053D12FBC4
424|751|1707|217|219|761|1486|603|1|2|0|0.7035|4.5000|0|0.0000|0.0000|0.0000|5384.0000|219.0000|186.0000|205.4167|1543.9180|642.4384|179.9744|149.5768|2382.8324|55.0810|150.9008|127.6852|141.3449|55.7960|1086.1463|448.7897|137.2376|32.5668|738887.0000|34.3824|106.0059|2.4202|78.7771|536.1090|0.0000|0.1353|0.2565|0.0000|29798.5000|5517.0000|2445.1000|20.0000|-25.0000|145.8200|142.8499|122.9591|3.9451|62.0000|5.5775|3.9121|62.0000|5.0125|0.0000|0.0000|0.0000|2018-12-19T09:08:56.206|10X_100FOV_FlowCam Cyano Sample Run_images_000003.tif|607D78EA-2094-4CAA-9EC1-05A56E312B13
425|970|1707|275|234|127|1194|605|1|1|0|0.7035|4.5000|0|0.0000|0.0000|0.0000|10716.0000|281.0000|181.0000|238.3889|1712.2855|746.0968|224.0981|146.3827|4902.7193|79.0085|194.5178|124.1677|164.5408|86.2574|1204.5928|521.7133|136.7158|34.0603|1465047.0000|18.3857|55.7425|2.3089|86.7720|538.1250|0.0000|0.2988|0.4510|0.0000|38907.5000|12690.0000|5843.6289|-20.0000|50.0000|143.7029|141.8051|124.0677|4.0517|44.0000|5.4294|3.8026|44.0000|4.8847|0.0000|0.0000|0.0000|2018-12-19T09:08:58.230|10X_100FOV_FlowCam Cyano Sample Run_images_000003.tif|F1B03572-5F5D-4C86-8122-860EE687CAED
426|2|2|207|361|163|1097|606|1|1|0|0.7035|4.5000|0|0.0000|0.0000|0.0000|5878.0000|358.0000|173.0000|272.7222|1150.1047|853.1367|459.5139|188.7604|2614.3226|57.6945|248.6873|118.5397|188.6943|57.6945|809.0987|597.0159|144.1705|41.0285|847434.0000|17.9075|54.2397|1.3552|91.5489|540.5620|0.0000|0.3702|0.0607|0.0000|40581.0000|5878.0000|2614.3226|75.0000|-30.0000|141.7668|146.0044|141.4895|4.7670|259.0000|6.8109|5.1223|259.0000|7.2042|0.0000|0.0000|0.0000|2018-12-19T09:09:00.702|10X_100FOV_FlowCam Cyano Sample Run_images_000004.tif|4D8E7103-A1B9-480D-9EE1-6E52603758E9
427|211|2|30|76|335|1391|608|1|1|0|0.7035|4.5000|0|0.0000|0.0000|0.0000|720.0000|67.0000|14.0000|47.2778|151.5980|145.2124|74.5988|12.8353|258.2871|18.1345|43.9688|6.6833|30.0942|18.1345|106.6492|98.9912|134.6000|45.8266|96912.0000|2.5401|5.8077|1.0774|130.3786|543.2500|0.0000|0.8042|0.3200|0.0000|748.5000|720.0000|258.2871|70.0000|-10.0000|136.0361|135.9042|131.5014|3.9190|59.0000|5.4162|4.2241|59.0000|5.8357|0.0000|0.0000|0.0000|2018-12-19T09:09:03.364|10X_100FOV_FlowCam Cyano Sample Run_images_000004.tif|7C843EE3-B9F3-4B9C-8B67-4F5361C37354
428|243|2|43|44|698|1310|612|1|1|0|0.7035|4.5000|0|0.0000|0.0000|0.0000|788.0000|36.0000|30.0000|33.3889|109.3970|101.9407|34.0546|29.9917|287.0521|19.1177|22.1603|17.9393|20.3233|19.1177|76.9608|68.5495|140.2500|49.2238|110517.0000|1.2086|1.0000|1.1227|48.7609|545.5780|0.8266|0.7751|0.9745|0.0000|789.0000|788.0000|287.0521|50.0000|-65.0000|142.1497|144.2779|131.6282|4.2170|40.0000|5.5679|4.4887|40.0000|5.8761|0.0000|0.0000|0.0000|2018-12-19T09:09:05.687|10X_100FOV_FlowCam Cyano Sample Run_images_000004.tif|6070F992-219B-49AB-A9E1-74FBC2EFAAA0
429|288|2|62|64|607|1342|614|1|1|0|0.7035|4.5000|0|0.0000|0.0000|0.0000|742.0000|70.0000|16.0000|49.1389|160.5513|151.3419|78.0902|13.3568|267.5691|18.4575|46.0793|8.0903|31.4035|18.4575|112.9478|103.3033|147.3059|39.9190|109301.0000|2.7645|6.5318|1.0934|89.1496|546.2810|0.0000|0.5165|0.3010|0.0000|835.5000|742.0000|267.5691|40.0000|-45.0000|146.3814|147.4434|147.3666|4.0852|64.0000|5.6625|4.5588|64.0000|6.1172|0.0000|0.0000|0.0000|2018-12-19T09:09:06.384|10X_100FOV_FlowCam Cyano Sample Run_images_000004.tif|97452EEF-CA04-48CC-AEB9-E2130BE17170
430|352|2|155|133|224|1568|615|1|4|0|0.7035|4.5000|0|0.0000|0.0000|0.0000|5901.0000|149.0000|58.0000|121.7778|682.1219|379.6065|147.4630|59.0665|2625.1140|57.8135|101.6557|37.6373|82.5049|60.2848|479.8728|263.8874|125.6092|21.2333|741220.0000|5.7954|16.1448|1.8185|49.2598|547.3750|0.0005|0.4927|0.6447|0.0000|7577.5000|6389.0000|2854.3418|-55.0000|55.0000|136.1549|132.5802|107.9019|4.6859|57.0000|6.2201|3.8684|57.0000|5.1292|0.0000|0.0000|0.0000|2018-12-19T09:09:07.505|10X_100FOV_FlowCam Cyano Sample Run_images_000004.tif|5ADF5423-4D2E-4DE8-A3E3-9C89CB8C8B2F
431|509|2|49|113|241|1396|618|1|1|0|0.7035|4.5000|0|0.0000|0.0000|0.0000|1116.0000|107.0000|18.0000|72.3611|244.1665|224.4978|119.8239|13.5445|428.3228|23.3529|72.1088|9.4973|47.7403|23.3529|171.7711|154.7685|140.4220|38.9925|156711.0000|4.2511|11.2664|1.1099|101.6343|553.2340|0.0000|0.5012|0.1954|0.0000|1385.5000|1116.0000|428.3228|-75.0000|15.0000|143.5573|144.0197|132.1837|3.5643|75.0000|5.0771|4.0909|75.0000|5.7848|0.0000|0.0000|0.0000|2018-12-19T09:09:13.351|10X_100FOV_FlowCam Cyano Sample Run_images_000004.tif|C5D19539-FEF5-40AD-A324-C951B8CBC425
432|560|2|31|135|716|1487|620|1|1|0|0.7035|4.5000|0|0.0000|0.0000|0.0000|1485.0000|125.0000|21.0000|84.7778|285.1960|263.1776|138.1073|16.0659|590.6985|27.4245|84.7717|11.6077|56.4754|27.4245|200.6354|181.9797|142.2364|43.4488|211221.0000|4.3586|11.6069|1.1025|61.7252|555.6400|0.0000|0.3957|0.1956|0.0000|1857.0000|1485.0000|590.6985|-90.0000|0.0000|146.3293|148.2458|128.8458|3.7419|70.0000|5.4294|4.1930|70.0000|5.7983|0.0000|0.0000|0.0000|2018-12-19T09:09:15.759|10X_100FOV_FlowCam Cyano Sample Run_images_000004.tif|193A27B0-F173-4A6E-AA31-34957774FA17
433|593|2|67|158|581|1453|622|1|1|0|0.7035|4.5000|0|0.0000|0.0000|0.0000|5759.0000|149.0000|48.0000|114.9722|378.9533|357.9951|163.0657|47.3900|2558.5072|57.0753|101.6557|30.6023|77.7172|57.8445|266.5936|248.6838|131.7482|36.7114|758738.0000|1.9346|3.8157|1.0720|40.0140|556.7500|0.0000|0.8828|0.5216|0.0000|6078.0000|5907.0000|2627.9294|-85.0000|-10.0000|141.8873|137.9814|115.6235|4.7824|105.0000|6.4926|3.9829|105.0000|5.5088|0.0000|0.0000|0.0000|2018-12-19T09:09:16.850|10X_100FOV_FlowCam Cyano Sample Run_images_000004.tif|0BC5AEEF-FC83-444A-AC98-09F7CEA5B6E9
434|662|2|36|37|1055|584|624|1|1|0|0.7035|4.5000|0|0.0000|0.0000|0.0000|470.0000|32.0000|20.0000|26.2500|84.6690|79.4285|30.5352|19.7318|154.9015|14.0437|19.3463|10.9043|15.3011|14.0437|59.5646|52.7122|136.6872|55.8186|64243.0000|1.2138|1.0000|1.1300|49.7042|557.2180|0.7160|0.7642|0.9055|0.0000|452.0000|470.0000|154.9015|-50.0000|40.0000|143.1553|143.0723|121.6426|3.8871|50.0000|5.3870|3.9197|50.0000|5.0038|0.0000|0.0000|0.0000|2018-12-19T09:09:17.322|10X_100FOV_FlowCam Cyano Sample Run_images_000004.tif|3EA45A77-E0E0-4355-89DF-9D9264006852
435|700|2|25|46|866|727|625|1|1|0|0.7035|4.5000|0|0.0000|0.0000|0.0000|312.0000|37.0000|11.0000|27.1111|88.5269|81.6916|39.7003|10.5121|92.5582|10.8558|22.8637|4.5728|15.9069|10.8558|62.2787|54.3043|148.2564|26.1607|46256.0000|1.9989|4.0316|1.1468|87.5063|557.5930|0.2708|0.7356|0.4711|0.0000|324.0000|312.0000|92.5582|-85.0000|10.0000|155.8718|155.5609|131.0032|3.3147|33.0000|4.1432|4.0897|33.0000|5.2964|0.0000|0.0000|0.0000|2018-12-19T09:09:17.710|10X_100FOV_FlowCam Cyano Sample Run_images_000004.tif|70049EE5-6C37-44BF-8674-15E6B5FA3893
436|727|2|37|38|604|1471|626|1|1|0|0.7035|4.5000|0|0.0000|0.0000|0.0000|541.0000|29.0000|26.0000|27.6389|92.4264|83.7015|27.4002|25.4823|183.8036|15.2979|17.2357|15.1253|16.2782|15.2979|65.0220|55.7183|108.8041|55.6616|58863.0000|1.2566|1.0000|1.1670|64.9875|557.7500|0.8498|0.7599|0.9839|0.0000|537.5000|541.0000|183.8036|15.0000|-55.0000|116.4529|115.2625|93.2070|4.2907|34.0000|5.5935|3.7815|34.0000|4.6860|0.0000|0.0000|0.0000|2018-12-19T09:09:17.894|10X_100FOV_FlowCam Cyano Sample Run_images_000004.tif|AA8C7132-DDB5-4DC8-BF43-7AFB67F212D9
437|766|2|24|52|728|1179|626|1|1|0|0.7035|4.5000|0|0.0000|0.0000|0.0000|350.0000|42.0000|13.0000|30.3889|102.7696|92.3474|44.3335|10.9159|107.2407|11.6852|26.3813|5.9798|18.2128|11.6852|72.2984|61.8006|143.8057|45.3488|50332.0000|2.4013|5.3573|1.1699|64.3478|557.7500|0.1723|0.4484|0.4275|0.0000|366.5000|350.0000|107.2407|-90.0000|-10.0000|148.2800|151.2114|127.5514|4.2907|34.0000|5.5935|3.7815|34.0000|4.6860|0.0000|0.0000|0.0000|2018-12-19T09:09:17.894|10X_100FOV_FlowCam Cyano Sample Run_images_000004.tif|BBA11D0B-986D-4872-ADAB-C9F916D7D7A2
438|792|2|112|517|832|793|627|1|1|0|0.7035|4.5000|0|0.0000|0.0000|0.0000|9034.0000|510.0000|69.0000|336.4167|1136.9676|1053.3768|605.3671|52.9525|4103.7147|72.2842|355.6193|45.3758|233.5034|72.2842|799.8567|737.8848|149.5077|54.3325|1350653.0000|11.3869|33.7434|1.0840|51.9826|558.0930|0.0000|0.3534|0.0623|0.0000|25229.0000|9034.0000|4103.7147|85.0000|-5.0000|152.1458|153.0197|141.6050|3.7663|2.0000|4.0474|3.7787|2.0000|3.9949|0.0000|0.0000|0.0000|2018-12-19T09:09:18.199|10X_100FOV_FlowCam Cyano Sample Run_images_000004.tif|490267E6-3BBA-42C7-BED8-5BAD39B605E6
439|906|2|382|52|473|1401|628|1|1|0|0.7035|4.5000|0|0.0000|0.0000|0.0000|5814.0000|373.0000|34.0000|243.9444|892.8183|763.2485|425.7545|21.1409|2584.3003|57.3623|259.2398|20.7533|168.4491|57.3623|628.0977|533.7796|96.9185|50.5973|563484.0000|10.9104|32.2451|1.1767|100.2794|558.7030|0.0000|0.3803|0.0815|0.0000|8543.5000|5814.0000|2584.3003|-5.0000|85.0000|97.2135|97.9413|94.7986|4.5731|153.0000|6.5040|4.1937|153.0000|5.8201|0.0000|0.0000|0.0000|2018-12-19T09:09:18.823|10X_100FOV_FlowCam Cyano Sample Run_images_000004.tif|6404F34E-642A-4DC6-9933-A11E8C712EA2
440|1290|2|203|119|755|1460|629|1|1|0|0.7035|4.5000|0|0.0000|0.0000|0.0000|3343.0000|196.0000|106.0000|148.5833|973.7199|463.9933|185.0371|103.6676|1434.1271|42.7316|134.7202|71.4052|101.3626|42.7933|685.0119|323.2535|142.2785|38.4368|475637.0000|22.5089|68.6992|2.1191|76.7660|559.4680|0.0000|0.2713|0.1897|0.0000|13546.0000|3352.0000|1438.2742|10.0000|-85.0000|150.5959|148.2522|127.3751|4.0355|76.0000|5.6532|4.2294|76.0000|5.3904|0.0000|0.0000|0.0000|2018-12-19T09:09:19.576|10X_100FOV_FlowCam Cyano Sample Run_images_000004.tif|51D0B696-8BB6-4C93-95DF-73084D28FB94
441|1495|2|138|136|789|1428|630|1|1|0|0.7035|4.5000|0|0.0000|0.0000|0.0000|6213.0000|152.0000|54.0000|116.9444|413.3280|364.3838|159.4021|53.9533|2771.6135|59.4048|103.7662|34.8233|79.1046|60.7302|290.7762|253.1783|132.5046|34.2574|823251.0000|2.0983|4.3629|1.1485|65.1890|559.5620|0.0344|0.7498|0.5826|0.0000|6733.5000|6479.0000|2896.6694|-55.0000|45.0000|143.4590|138.8909|115.7877|4.8036|75.0000|6.3831|4.0182|75.0000|5.5451|0.0000|0.0000|0.0000|2018-12-19T09:09:19.683|10X_100FOV_FlowCam Cyano Sample Run_images_000004.tif|EAC65B48-D4D0-4371-B638-A11A89568168
442|1635|2|112|104|838|1219|631|1|1|0|0.7035|4.5000|0|0.0000|0.0000|0.0000|7035.0000|108.0000|93.0000|98.6667|335.4630|307.0969|99.0450|91.5573|3158.4877|63.4154|72.8123|62.2598|66.2463|63.4721|235.9982|212.8769|92.9242|36.2610|653722.0000|1.2708|1.0000|1.1086|140.5784|560.0000|0.8117|0.8469|0.9864|0.0000|7210.5000|7047.0000|3164.1444|-35.0000|-75.0000|105.9694|98.8480|76.3281|4.9235|109.0000|6.6506|4.1135|109.0000|5.7404|0.0000|0.0000|0.0000|2018-12-19T09:09:20.134|10X_100FOV_FlowCam Cyano Sample Run_images_000004.tif|A33CD1F6-1F9A-45E7-A638-30C60D4EC897
443|1749|2|33|46|531|1421|632|1|1|0|0.7035|4.5000|0|0.0000|0.0000|0.0000|622.0000|39.0000|23.0000|31.8333|107.5980|96.6745|35.9421|23.0020|217.2578|16.6319|24.2707|13.0147|19.2290|16.6319|75.6952|64.8448|125.9341|35.2480|78331.0000|1.4812|2.1984|1.1673|98.0729|560.2030|0.6357|0.7597|0.8698|0.0000|632.5000|622.0000|217.2578|-75.0000|0.0000|127.2653|130.0145|117.4260|4.1476|43.0000|5.4915|4.4844|43.0000|5.8171|0.0000|0.0000|0.0000|2018-12-19T09:09:20.320|10X_100FOV_FlowCam Cyano Sample Run_images_000004.tif|70691623-2055-4C17-9204-C8BBAF61ECE8
444|1784|2|63|217|612|1104|633|1|1|0|0.7035|4.5000|0|0.0000|0.0000|0.0000|3473.0000|211.0000|24.0000|140.6667|466.9361|438.8197|233.5679|19.8309|1494.0702|43.6155|145.2728|13.7183|95.7933|43.6155|328.4895|305.5439|146.9652|55.4720|510410.0000|4.9957|13.6212|1.0751|53.7687|560.2810|0.0000|0.7551|0.1610|0.0000|3795.5000|3473.0000|1494.0702|80.0000|-10.0000|150.4305|151.2341|137.2813|3.9300|190.0000|5.9668|4.2806|190.0000|6.3577|0.0000|0.0000|0.0000|2018-12-19T09:09:20.406|10X_100FOV_FlowCam Cyano Sample Run_images_000004.tif|3151E355-E130-4EE3-991B-6C97C3C431DC
445|1849|2|31|63|533|1565|635|1|1|0|0.7035|4.5000|0|0.0000|0.0000|0.0000|642.0000|54.0000|16.0000|39.1111|127.2548|119.5561|58.0403|14.6110|225.5858|16.9477|34.8233|8.0903|24.3489|16.9477|89.5238|80.9420|133.6480|49.7946|85802.0000|2.0073|4.0597|1.1060|63.0877|562.0310|0.1150|0.7277|0.4564|0.0000|670.0000|642.0000|225.5858|70.0000|-10.0000|137.4283|139.3131|121.0639|3.9449|39.0000|5.3394|4.3451|39.0000|5.7502|0.0000|0.0000|0.0000|2018-12-19T09:09:22.137|10X_100FOV_FlowCam Cyano Sample Run_images_000004.tif|3F00C72E-395D-4C0D-ACB9-0DEB9C9927C7
446|1882|2|25|80|825|1592|636|1|1|0|0.7035|4.5000|0|0.0000|0.0000|0.0000|730.0000|70.0000|15.0000|48.8333|162.6690|150.4213|75.8846|13.1426|262.5032|18.2819|46.0793|7.3868|31.1885|18.2819|114.4376|102.6556|137.3356|36.7374|100255.0000|2.8845|6.9175|1.1148|84.3960|563.7030|0.0000|0.6923|0.3134|0.0000|787.0000|730.0000|262.5032|-90.0000|0.0000|140.8082|143.4027|124.1301|4.0498|54.0000|5.5892|4.3937|54.0000|5.9217|0.0000|0.0000|0.0000|2018-12-19T09:09:23.836|10X_100FOV_FlowCam Cyano Sample Run_images_000004.tif|B6E7F530-3AA9-42A3-89EF-F883F19C9801
447|1909|2|36|35|378|1627|637|1|1|0|0.7035|4.5000|0|0.0000|0.0000|0.0000|280.0000|34.0000|14.0000|25.1667|90.4264|75.6646|33.2085|11.3999|80.3933|10.1173|20.7533|6.6833|14.5390|10.1173|63.6150|50.0643|133.2500|34.0189|37310.0000|2.3239|5.1049|1.2707|69.0385|564.9370|0.3757|0.5036|0.5784|0.0000|318.5000|280.0000|80.3933|40.0000|-50.0000|135.0071|136.3286|126.4964|3.4254|45.0000|4.3879|3.9941|45.0000|5.3696|0.0000|0.0000|0.0000|2018-12-19T09:09:25.062|10X_100FOV_FlowCam Cyano Sample Run_images_000004.tif|9BEF9579-743D-46A9-8787-0FFF4002E7B4
448|1947|2|25|47|800|1341|639|1|1|0|0.7035|4.5000|0|0.0000|0.0000|0.0000|384.0000|37.0000|13.0000|28.2500|89.4558|85.8882|40.5090|12.5029|120.5638|12.3898|22.8637|5.9798|16.7081|12.3898|62.9322|57.2566|145.0156|35.3180|55686.0000|1.6583|2.8602|1.0991|77.2927|565.5460|0.2925|0.7746|0.5441|0.0000|376.5000|384.0000|120.5638|-90.0000|10.0000|148.3359|149.0365|135.8177|3.8252|42.0000|5.3217|4.2786|42.0000|5.7182|0.0000|0.0000|0.0000|2018-12-19T09:09:25.664|10X_100FOV_FlowCam Cyano Sample Run_images_000004.tif|5AC22D46-45F3-4BAA-AE88-2EE306DFCEFB
449|2|521|104|62|757|1423|640|1|1|0|0.7035|4.5000|0|0.0000|0.0000|0.0000|2924.0000|95.0000|47.0000|76.4167|299.8650|236.8677|100.0704|40.8330|1241.5406|39.7590|63.6668|29.8987|50.5934|40.0443|210.9550|163.4707|127.5978|31.5816|373096.0000|2.4150|5.4017|1.2905|70.8289|566.9840|0.1409|0.4760|0.6459|0.0000|3560.0000|2963.0000|1259.4234|5.0000|-80.0000|134.1060|131.3174|117.8235|3.9423|38.0000|5.2391|4.0384|38.0000|5.3552|0.0000|0.0000|0.0000|2018-12-19T09:09:27.099|10X_100FOV_FlowCam Cyano Sample Run_images_000004.tif|B14A3DF3-6CB6-4E63-83D8-D8F480C7B289
450|108|521|90|89|198|1296|641|1|1|0|0.7035|4.5000|0|0.0000|0.0000|0.0000|4811.0000|81.0000|77.0000|79.3056|261.2792|245.9283|78.4084|78.1748|2115.0941|51.8943|53.8178|51.0038|52.6257|51.8943|183.8099|169.8448|79.5857|28.7316|382887.0000|1.1292|1.0000|1.0822|170.2723|568.6560|0.9522|0.9506|0.9993|0.0000|4780.0000|4811.0000|2115.0941|-75.0000|-35.0000|90.8422|85.8809|62.9343|4.6476|83.0000|6.3452|4.0571|83.0000|5.5065|0.0000|0.0000|0.0000|2018-12-19T09:09:28.771|10X_100FOV_FlowCam Cyano Sample Run_images_000004.tif|61628211-276B-4D41-BDBB-5F5CC4950C80
451|200|521|30|41|311|1543|645|1|1|0|0.7035|4.5000|0|0.0000|0.0000|0.0000|308.0000|33.0000|12.0000|24.7778|79.2548|74.8804|35.2497|11.3415|91.0269|10.7656|20.0497|5.2763|14.2654|10.7656|55.7558|49.5126|143.7825|42.3239|44285.0000|1.6229|2.7325|1.1261|121.6818|575.6250|0.3647|0.8708|0.5720|0.0000|293.0000|308.0000|91.0269|50.0000|-30.0000|145.0000|145.7208|139.3929|3.8703|37.0000|5.1824|4.4704|37.0000|5.7694|0.0000|0.0000|0.0000|2018-12-19T09:09:35.747|10X_100FOV_FlowCam Cyano Sample Run_images_000004.tif|776810D0-B1FA-452E-BABD-00F99CAC43B6
452|232|521|27|59|316|1288|647|1|1|0|0.7035|4.5000|0|0.0000|0.0000|0.0000|511.0000|50.0000|13.0000|36.2500|117.9411|110.7197|54.0917|12.5143|171.5383|14.7787|32.0093|5.9798|22.3361|14.7787|82.9716|74.7256|156.4423|32.7248|79942.0000|2.1662|4.5873|1.1104|55.4815|576.1710|0.1220|0.8544|0.4221|0.0000|511.0000|511.0000|171.5383|-85.0000|5.0000|156.5342|158.3327|152.7319|3.9663|42.0000|5.2681|4.4151|42.0000|5.7454|0.0000|0.0000|0.0000|2018-12-19T09:09:36.289|10X_100FOV_FlowCam Cyano Sample Run_images_000004.tif|70D13981-AF3C-4C9E-8A9A-EAC11D1F4BBD
453|261|521|37|89|1023|1001|648|1|1|0|0.7035|4.5000|0|0.0000|0.0000|0.0000|840.0000|81.0000|15.0000|56.1667|198.1249|173.3786|90.1521|12.6207|309.1898|19.8412|53.8178|7.3868|36.3475|19.8412|139.3809|118.8061|144.7750|39.7472|121611.0000|3.7187|9.5782|1.1732|88.7458|579.4060|0.0000|0.7730|0.2581|0.0000|931.0000|840.0000|309.1898|70.0000|-15.0000|148.5833|147.9238|137.1286|3.6780|1.0000|3.6780|3.8989|1.0000|3.8989|0.0000|0.0000|0.0000|2018-12-19T09:09:39.528|10X_100FOV_FlowCam Cyano Sample Run_images_000004.tif|CFA85496-8128-4423-900A-004D29E57220
454|300|521|95|115|709|1370|651|1|1|0|0.7035|4.5000|0|0.0000|0.0000|0.0000|6092.0000|107.0000|84.0000|95.1667|350.2914|295.9290|101.3576|79.3006|2714.7739|58.7925|72.1088|55.9282|63.7840|58.7925|246.4300|205.0203|44.2168|46.3381|269369.0000|1.6028|2.6594|1.2020|117.4917|582.3120|0.6448|0.6443|0.9367|0.0000|6535.0000|6092.0000|2714.7739|75.0000|-25.0000|46.0164|45.7182|40.4880|4.5498|62.0000|6.0766|4.3658|62.0000|5.9554|0.0000|0.0000|0.0000|2018-12-19T09:09:42.418|10X_100FOV_FlowCam Cyano Sample Run_images_000004.tif|DFF2AE6E-58FA-40C9-90CF-140C07A77E03
455|397|521|40|55|381|1799|653|1|1|0|0.7035|4.5000|0|0.0000|0.0000|0.0000|360.0000|53.0000|10.0000|36.2222|119.0538|110.0836|54.7181|9.0289|111.1422|11.8958|34.1198|3.8693|22.3166|11.8958|83.7543|74.2781|131.1611|34.1774|47218.0000|3.1331|7.7133|1.1276|87.0300|583.9210|0.0302|0.6501|0.2981|0.0000|393.5000|360.0000|111.1422|-60.0000|30.0000|134.5083|133.5833|125.1806|4.9024|112.0000|6.6563|4.2356|112.0000|5.9856|0.0000|0.0000|0.0000|2018-12-19T09:09:44.042|10X_100FOV_FlowCam Cyano Sample Run_images_000004.tif|A5CBAF7A-9072-4882-B425-FF263CD864D6
456|439|521|165|215|314|1663|653|1|3|0|0.7035|4.5000|0|0.0000|0.0000|0.0000|4876.0000|223.0000|132.0000|176.6111|931.2691|552.3245|175.0541|111.9538|2145.4200|52.2650|153.7148|89.6963|121.0802|52.9374|655.1478|385.3945|123.1881|42.6634|600665.0000|13.8167|41.3823|1.6999|63.0885|583.9210|0.0000|0.0161|0.2946|0.0000|18091.5000|4995.0000|2200.9713|65.0000|-55.0000|126.5392|126.3700|115.6756|4.9024|112.0000|6.6563|4.2356|112.0000|5.9856|0.0000|0.0000|0.0000|2018-12-19T09:09:44.042|10X_100FOV_FlowCam Cyano Sample Run_images_000004.tif|3F12E44E-E2D7-4068-BE3E-A667405FFC20
457|606|521|114|123|382|1145|653|1|2|0|0.7035|4.5000|0|0.0000|0.0000|0.0000|7646.0000|115.0000|97.0000|106.5556|399.1198|331.7539|102.5377|96.4873|3446.8005|66.2465|77.7368|65.0738|71.7961|66.3962|280.7808|230.2231|86.7290|37.8894|663130.0000|1.6508|2.8331|1.2196|142.6877|583.9210|0.7837|0.8092|0.9864|0.0000|8234.0000|7679.0000|3462.3885|70.0000|-40.0000|98.2463|92.5388|70.9290|4.9024|112.0000|6.6563|4.2356|112.0000|5.9856|0.0000|0.0000|0.0000|2018-12-19T09:09:44.042|10X_100FOV_FlowCam Cyano Sample Run_images_000004.tif|0828C000-BE20-416A-97E1-7D5BF72C92EB
458|722|521|57|44|240|446|653|1|1|0|0.7035|4.5000|0|0.0000|0.0000|0.0000|1225.0000|48.0000|34.0000|41.8333|139.7401|128.1635|47.0241|33.4316|475.9783|24.6178|30.6023|20.7533|26.2640|24.6178|98.3072|86.9973|120.1192|53.2494|147146.0000|1.2685|1.0000|1.1300|60.4032|583.9210|0.6968|0.8094|0.9371|0.0000|1220.5000|1225.0000|475.9783|10.0000|-90.0000|125.1249|123.8106|110.9559|4.9024|112.0000|6.6563|4.2356|112.0000|5.9856|0.0000|0.0000|0.0000|2018-12-19T09:09:44.042|10X_100FOV_FlowCam Cyano Sample Run_images_000004.tif|25EA74F5-3E50-42AD-8064-420331B20104
459|781|521|128|131|173|1410|654|1|3|0|0.7035|4.5000|0|0.0000|0.0000|0.0000|2302.0000|130.0000|88.0000|113.6667|1022.3717|353.7261|132.3141|78.2737|957.7643|34.9208|88.2892|58.7422|76.7988|35.7636|719.2385|245.6806|135.2376|24.3736|311317.0000|34.5854|106.6438|2.9275|72.1384|586.3120|0.0000|0.4474|0.2591|0.0000|7778.0000|2405.0000|1004.5495|55.0000|-25.0000|143.4796|140.9961|120.7824|3.8522|33.0000|5.1133|3.8742|33.0000|4.9821|0.0000|0.0000|0.0000|2018-12-19T09:09:46.421|10X_100FOV_FlowCam Cyano Sample Run_images_000004.tif|E6A5F898-D144-4C51-B370-61D12306E1ED
460|911|521|35|193|860|1452|656|1|1|0|0.7035|4.5000|0|0.0000|0.0000|0.0000|2110.0000|183.0000|25.0000|121.3611|416.5513|378.2503|206.9156|17.1076|870.8114|33.2979|125.5748|14.4217|82.2118|33.2979|293.0438|262.9333|142.8810|43.7290|301479.0000|6.5440|18.5046|1.1145|82.9608|589.7500|0.0000|0.5362|0.1246|0.0000|3017.5000|2110.0000|870.8114|-90.0000|0.0000|147.0066|147.7938|131.7024|3.8886|32.0000|5.2074|4.1664|32.0000|5.5057|0.0000|0.0000|0.0000|2018-12-19T09:09:49.857|10X_100FOV_FlowCam Cyano Sample Run_images_000004.tif|0C1F1BF5-69B0-4A63-8FB2-9F6B6E97D288
461|948|521|39|62|380|1210|657|1|1|0|0.7035|4.5000|0|0.0000|0.0000|0.0000|1018.0000|55.0000|25.0000|41.2500|133.3970|126.2183|53.4567|24.3774|385.7444|22.1618|35.5267|14.4217|25.8536|22.1618|93.8448|85.6288|96.4067|27.7287|98142.0000|1.3910|1.8208|1.0959|103.5000|590.2180|0.4148|0.8651|0.7510|0.0000|994.5000|1018.0000|385.7444|-70.0000|20.0000|106.7593|103.7790|78.0206|4.2271|54.0000|5.7672|3.8040|54.0000|5.1028|0.0000|0.0000|0.0000|2018-12-19T09:09:50.337|10X_100FOV_FlowCam Cyano Sample Run_images_000004.tif|68538EB9-6787-4EA4-A7D8-48D41AA741B1
462|989|521|73|28|389|655|658|1|1|0|0.7035|4.5000|0|0.0000|0.0000|0.0000|319.0000|65.0000|12.0000|43.3333|150.9117|132.9412|68.9533|9.2217|95.2447|11.0122|42.5618|5.2763|27.3192|11.0122|106.1664|90.3584|140.1317|31.7743|44702.0000|5.6813|15.7849|1.1749|59.0147|590.3120|0.0000|0.2601|0.1678|0.0000|514.5000|319.0000|95.2447|-15.0000|80.0000|143.9091|143.5737|131.9561|3.3499|31.0000|3.7912|3.9710|31.0000|5.2849|0.0000|0.0000|0.0000|2018-12-19T09:09:50.444|10X_100FOV_FlowCam Cyano Sample Run_images_000004.tif|FA0A0BF5-C21C-4B0E-B7A6-F0D21BEFC032
463|1064|521|53|44|325|638|658|1|1|0|0.7035|4.5000|0|0.0000|0.0000|0.0000|280.0000|43.0000|28.0000|37.1111|173.1960|113.4921|35.1338|24.5435|80.3933|10.1173|27.0847|16.5323|22.9419|10.1173|121.8434|76.6759|140.1464|19.3484|39241.0000|8.5253|24.7425|1.5891|46.6333|590.3120|0.2526|0.2397|0.3882|0.0000|752.5000|280.0000|80.3933|0.0000|70.0000|144.6250|144.3964|130.1179|3.3499|31.0000|3.7912|3.9710|31.0000|5.2849|0.0000|0.0000|0.0000|2018-12-19T09:09:50.444|10X_100FOV_FlowCam Cyano Sample Run_images_000004.tif|72193A89-60CB-4C5B-8DB6-56A7A319A83E
464|1119|521|29|60|556|1531|659|1|1|0|0.7035|4.5000|0|0.0000|0.0000|0.0000|494.0000|51.0000|13.0000|36.1667|117.8406|110.6707|55.0050|11.8639|164.6216|14.4777|32.7127|5.9798|22.2775|14.4777|82.9009|74.6911|135.5972|37.7295|66985.0000|2.2369|4.8201|1.1099|119.5714|590.6560|0.1025|0.6868|0.3973|0.0000|511.0000|494.0000|164.6216|65.0000|-15.0000|139.4291|140.6599|124.1761|3.8983|54.0000|5.3559|4.2659|54.0000|5.8529|0.0000|0.0000|0.0000|2018-12-19T09:09:50.764|10X_100FOV_FlowCam Cyano Sample Run_images_000004.tif|7ED476A4-B687-415A-A5B3-DC4A3B21BDA1
465|1150|521|45|52|609|1432|660|1|1|0|0.7035|4.5000|0|0.0000|0.0000|0.0000|1056.0000|45.0000|30.0000|39.7222|131.6396|121.6916|44.6225|30.8703|402.2219|22.6302|28.4917|17.9393|24.7788|22.6302|92.6085|82.4443|146.3968|47.8750|154595.0000|1.3059|1.3755|1.1233|48.5398|591.1400|0.6709|0.7171|0.9134|0.0000|1070.0000|1056.0000|402.2219|-65.0000|20.0000|148.6941|150.0009|138.4640|4.1287|38.0000|5.4674|4.3433|38.0000|5.6875|0.0000|0.0000|0.0000|2018-12-19T09:09:51.254|10X_100FOV_FlowCam Cyano Sample Run_images_000004.tif|AE07D57A-E783-4E78-8702-00AD119BE897
466|1197|521|58|30|136|1225|663|1|1|0|0.7035|4.5000|0|0.0000|0.0000|0.0000|619.0000|49.0000|16.0000|36.5278|120.1838|111.4015|51.5544|15.7763|216.0107|16.5841|31.3057|8.0903|22.5316|16.5841|84.5493|75.2052|142.8805|45.0025|88443.0000|1.8569|3.5521|1.1242|53.6789|595.5620|0.2179|0.7907|0.5423|0.0000|634.0000|619.0000|216.0107|5.0000|-80.0000|143.7625|148.1632|132.1567|3.8080|41.0000|5.2070|4.1428|41.0000|5.5964|0.0000|0.0000|0.0000|2018-12-19T09:09:55.696|10X_100FOV_FlowCam Cyano Sample Run_images_000004.tif|137BD2B3-7F9D-423F-8F90-D85EC4DB9B1F
467|1257|521|68|75|843|1590|664|1|1|0|0.7035|4.5000|0|0.0000|0.0000|0.0000|2232.0000|66.0000|55.0000|60.8056|237.2376|187.7498|63.9088|49.7794|926.0223|34.3373|43.2653|35.5267|39.6110|34.3373|166.8967|128.9162|78.0027|47.9774|174102.0000|2.0066|4.0575|1.2946|98.1932|596.6090|0.4320|0.2821|0.8661|0.0000|2568.5000|2232.0000|926.0223|-80.0000|10.0000|84.4610|82.1125|67.4745|3.4229|42.0000|4.6459|4.3333|42.0000|5.6064|0.0000|0.0000|0.0000|2018-12-19T09:09:56.719|10X_100FOV_FlowCam Cyano Sample Run_images_000004.tif|A7028C17-3C6D-4DFD-9924-C55D0E1D5DA5
468|1327|521|132|185|449|1415|666|1|1|0|0.7035|4.5000|0|0.0000|0.0000|0.0000|2046.0000|205.0000|32.0000|138.4167|481.6711|431.7870|249.0720|23.9742|841.9082|32.7407|141.0517|19.3463|94.2104|32.7407|338.8556|300.5964|146.6569|34.6258|300060.0000|9.0237|26.3109|1.1273|84.4874|598.4530|0.0000|0.3605|0.0832|0.0000|4524.5000|2046.0000|841.9082|50.0000|-35.0000|149.4404|151.2576|136.5821|4.4102|117.0000|6.0568|4.7223|117.0000|6.4009|0.0000|0.0000|0.0000|2018-12-19T09:09:58.576|10X_100FOV_FlowCam Cyano Sample Run_images_000004.tif|14EE6641-92FB-4220-9FA3-BC8BCD8B96B9
469|1461|521|28|51|367|1628|667|1|1|0|0.7035|4.5000|0|0.0000|0.0000|0.0000|398.0000|43.0000|13.0000|31.2222|102.1838|94.4889|47.3692|11.8775|126.0951|12.6708|27.0847|5.9798|18.7991|12.6708|71.8863|63.3072|120.2538|41.0053|47861.0000|2.0877|4.3277|1.1355|116.4286|599.1870|0.1603|0.5582|0.4250|0.0000|433.5000|398.0000|126.0951|70.0000|-10.0000|121.8518|125.5729|109.1985|3.8541|40.0000|5.3351|4.1988|40.0000|5.6128|0.0000|0.0000|0.0000|2018-12-19T09:09:59.318|10X_100FOV_FlowCam Cyano Sample Run_images_000004.tif|AD7FEC35-7551-40B2-9CD9-769F5536FF1A
470|1491|521|34|127|972|1258|670|1|1|0|0.7035|4.5000|0|0.0000|0.0000|0.0000|1263.0000|117.0000|24.0000|79.8056|269.9239|247.6374|129.9407|20.9887|492.6584|25.0454|79.1437|13.7183|52.9775|25.0454|189.8915|171.0472|157.2209|34.9680|198570.0000|4.5906|12.3408|1.1102|74.0988|601.5620|0.0000|0.1094|0.1856|0.0000|2026.0000|1263.0000|492.6584|-90.0000|0.0000|160.3840|159.3603|151.8496|3.9522|102.0000|5.6310|4.2753|102.0000|6.0282|0.0000|0.0000|0.0000|2018-12-19T09:10:01.684|10X_100FOV_FlowCam Cyano Sample Run_images_000004.tif|876668B1-58E6-443F-8A0D-12081598C700
471|1527|521|42|26|1023|1165|671|1|1|0|0.7035|4.5000|0|0.0000|0.0000|0.0000|354.0000|32.0000|16.0000|25.0278|81.6985|75.6750|32.1275|14.4972|108.7995|11.7698|19.3463|8.0903|14.4413|11.7698|57.4749|50.0716|137.6695|38.6402|48735.0000|1.5004|2.2740|1.1479|73.5342|601.7960|0.4869|0.5650|0.7256|0.0000|356.5000|354.0000|108.7995|0.0000|-90.0000|142.5311|145.8164|119.8305|4.0471|49.0000|5.5192|4.3634|49.0000|5.7907|0.0000|0.0000|0.0000|2018-12-19T09:10:01.912|10X_100FOV_FlowCam Cyano Sample Run_images_000004.tif|347FD1C4-BDF2-43B9-A5BC-DD08992DB6B7
472|1571|521|90|88|231|1381|675|1|1|0|0.7035|4.5000|0|0.0000|0.0000|0.0000|4440.0000|86.0000|74.0000|79.6667|292.4508|246.9727|76.5538|74.7995|1942.2505|49.7288|57.3353|48.8933|52.8798|49.8478|205.7391|170.5795|80.3110|34.2782|356581.0000|1.5260|2.3727|1.2061|152.1758|608.0000|0.8676|0.8577|0.9914|0.0000|4629.0000|4460.0000|1951.5570|-70.0000|80.0000|92.9511|86.8437|62.6493|4.6999|72.0000|6.2837|4.3615|72.0000|5.8089|0.0000|0.0000|0.0000|2018-12-19T09:10:08.121|10X_100FOV_FlowCam Cyano Sample Run_images_000004.tif|8D8D3FCD-7A86-4E8C-9724-461C448333F7
473|1663|521|47|62|445|1411|677|1|1|0|0.7035|4.5000|0|0.0000|0.0000|0.0000|1155.0000|60.0000|28.0000|44.5556|146.7107|136.7401|57.0545|26.1703|445.3400|23.8123|39.0442|16.5323|28.1791|23.9521|103.2110|93.0309|81.6814|40.8264|94342.0000|1.4677|2.1447|1.1094|149.2778|609.7500|0.4094|0.8932|0.7542|0.0000|1151.5000|1167.0000|450.5838|60.0000|-40.0000|90.1385|87.5152|67.0563|4.5138|46.0000|5.9305|4.0265|46.0000|5.1250|0.0000|0.0000|0.0000|2018-12-19T09:10:09.873|10X_100FOV_FlowCam Cyano Sample Run_images_000004.tif|06AE78CB-4430-4923-823E-3B81B838DA46
474|1712|521|54|32|958|1127|679|1|1|0|0.7035|4.5000|0|0.0000|0.0000|0.0000|498.0000|46.0000|14.0000|33.4444|108.6690|101.8178|48.8827|13.6171|166.2468|14.5490|29.1953|6.6833|20.3624|14.7611|76.4486|68.4631|150.9779|40.1128|75187.0000|1.8426|3.5033|1.1166|78.6421|611.0460|0.2102|0.8090|0.5044|0.0000|493.0000|510.0000|171.1307|20.0000|-70.0000|151.0261|151.4096|150.0964|4.1401|48.0000|5.6136|4.5811|48.0000|5.9947|0.0000|0.0000|0.0000|2018-12-19T09:10:11.168|10X_100FOV_FlowCam Cyano Sample Run_images_000004.tif|72379E86-B976-4D74-8800-3E49AF7628E9
475|1768|521|29|38|959|1303|680|1|1|0|0.7035|4.5000|0|0.0000|0.0000|0.0000|406.0000|29.0000|19.0000|24.6667|79.1127|74.1753|28.4743|18.3799|129.2669|12.8292|17.2357|10.2007|14.1873|12.8292|55.6558|49.0166|141.4064|52.9613|57411.0000|1.2268|1.0000|1.1354|41.6143|614.5460|0.6980|0.8384|0.9001|0.0000|391.0000|406.0000|129.2669|-85.0000|0.0000|145.8399|145.6798|131.3571|3.1159|3.0000|3.4484|3.9057|3.0000|4.2446|0.0000|0.0000|0.0000|2018-12-19T09:10:14.650|10X_100FOV_FlowCam Cyano Sample Run_images_000004.tif|E1D94B17-2DAE-40C1-86CE-15D5BC3E81F5
476|1799|521|34|49|116|848|680|1|1|0|0.7035|4.5000|0|0.0000|0.0000|0.0000|514.0000|39.0000|23.0000|31.9444|174.3259|97.2936|39.2864|23.3965|172.7615|14.8313|24.2707|13.0147|19.3071|14.8313|122.6383|65.2803|141.1537|39.8077|72553.0000|4.7049|12.7022|1.8786|60.7673|614.5460|0.3029|0.3798|0.6260|0.0000|661.5000|514.0000|172.7615|-90.0000|-10.0000|142.3502|143.5759|135.9805|3.1159|3.0000|3.4484|3.9057|3.0000|4.2446|0.0000|0.0000|0.0000|2018-12-19T09:10:14.650|10X_100FOV_FlowCam Cyano Sample Run_images_000004.tif|8923B4C6-C5A6-4C72-A680-E960DC73611D
477|1835|521|49|58|334|1841|681|1|1|0|0.7035|4.5000|0|0.0000|0.0000|0.0000|1089.0000|50.0000|34.0000|43.1111|155.5391|132.4207|49.9476|30.0637|416.5651|23.0301|32.0093|20.7533|27.1629|23.4596|109.4218|89.9922|123.2057|35.3211|134171.0000|1.7113|3.0480|1.2159|110.7537|615.9530|0.5400|0.6143|0.8429|0.0000|1195.5000|1125.0000|432.2463|-75.0000|25.0000|126.0156|125.9256|116.7723|3.8637|62.0000|5.4258|4.2442|62.0000|5.7953|0.0000|0.0000|0.0000|2018-12-19T09:10:16.089|10X_100FOV_FlowCam Cyano Sample Run_images_000004.tif|304969E0-EF2E-43BE-9F52-044D47C54B87
478|1886|521|40|79|829|1538|681|1|1|0|0.7035|4.5000|0|0.0000|0.0000|0.0000|623.0000|74.0000|12.0000|50.1667|176.1249|154.4394|79.5226|10.6049|217.6736|16.6478|48.8933|5.2763|32.1265|16.6478|123.9039|105.4824|155.2472|36.3724|96719.0000|3.9623|10.3512|1.1746|79.3742|615.9530|0.0000|0.6880|0.2465|0.0000|660.0000|623.0000|217.6736|65.0000|-20.0000|158.6966|159.0385|146.4575|3.8637|62.0000|5.4258|4.2442|62.0000|5.7953|0.0000|0.0000|0.0000|2018-12-19T09:10:16.089|10X_100FOV_FlowCam Cyano Sample Run_images_000004.tif|8196A6E5-D7F4-455B-BDE5-1E7934CDC154
479|1928|521|33|38|242|1352|682|1|1|0|0.7035|4.5000|0|0.0000|0.0000|0.0000|431.0000|30.0000|21.0000|25.1944|82.4264|75.9313|26.1021|21.1531|139.2274|13.3143|17.9393|11.6077|14.5585|13.3143|57.9870|50.2519|95.9304|31.1659|41346.0000|1.2544|1.0000|1.1539|86.5286|616.2030|0.7988|0.7939|0.9723|0.0000|422.5000|431.0000|139.2274|75.0000|-45.0000|98.6821|102.5244|82.0070|4.2767|36.0000|5.5786|3.7006|36.0000|4.4937|0.0000|0.0000|0.0000|2018-12-19T09:10:16.335|10X_100FOV_FlowCam Cyano Sample Run_images_000004.tif|569C2299-AB66-433A-A460-2A8E2B522CED
480|1963|521|60|66|838|1471|683|1|1|0|0.7035|4.5000|0|0.0000|0.0000|0.0000|1513.0000|63.0000|32.0000|50.8611|168.1665|156.3614|65.5582|30.5973|603.1287|27.7115|41.1547|19.3463|32.6150|27.7115|118.3051|106.8345|139.0720|43.1470|210416.0000|1.4874|2.2230|1.1074|61.5357|616.6250|0.3503|0.6678|0.7361|0.0000|1561.0000|1513.0000|603.1287|-60.0000|40.0000|140.4851|143.0952|130.6021|4.6681|46.0000|6.0110|4.9547|46.0000|6.3510|0.0000|0.0000|0.0000|2018-12-19T09:10:16.743|10X_100FOV_FlowCam Cyano Sample Run_images_000004.tif|AF38627A-8BB5-4C83-AA74-C3BAFB46E53B
481|2|738|37|78|205|1323|685|1|1|0|0.7035|4.5000|0|0.0000|0.0000|0.0000|742.0000|71.0000|15.0000|49.6389|162.8112|152.6665|78.7503|12.9909|267.5691|18.4575|46.7828|7.3868|31.7552|18.4575|114.5377|104.2351|134.6442|39.7284|99906.0000|2.8429|6.7837|1.0988|102.7931|617.4680|0.0000|0.5689|0.2966|0.0000|821.0000|742.0000|267.5691|-75.0000|15.0000|134.4555|137.2520|129.5714|4.0688|70.0000|5.7675|4.3065|70.0000|6.0000|0.0000|0.0000|0.0000|2018-12-19T09:10:17.598|10X_100FOV_FlowCam Cyano Sample Run_images_000004.tif|E73856F5-B438-4D91-8DD2-924FC38C2B7D
482|41|738|28|43|935|971|685|1|1|0|0.7035|4.5000|0|0.0000|0.0000|0.0000|464.0000|33.0000|18.0000|26.8333|83.9411|80.7812|33.2947|17.8201|152.4800|13.9335|20.0497|9.4973|15.7115|13.9335|59.0526|53.6638|139.5841|51.7406|64767.0000|1.2084|1.0000|1.1004|38.7568|617.4680|0.5861|0.7868|0.8285|0.0000|441.5000|464.0000|152.4800|-90.0000|0.0000|141.7931|143.5539|130.8707|4.0688|70.0000|5.7675|4.3065|70.0000|6.0000|0.0000|0.0000|0.0000|2018-12-19T09:10:17.598|10X_100FOV_FlowCam Cyano Sample Run_images_000004.tif|B0AA88D8-781B-4E47-9C6A-37596FF6BDA3
483|71|738|78|149|839|1448|688|1|1|0|0.7035|4.5000|0|0.0000|0.0000|0.0000|8573.0000|150.0000|68.0000|126.4722|408.6690|394.5110|157.6333|74.2844|3885.2584|70.3340|102.3593|44.6722|85.8074|71.4275|287.4986|274.3727|137.1093|36.0416|1175438.0000|1.5051|2.2922|1.0478|59.1215|620.5620|0.2431|0.9366|0.7405|0.0000|8967.5000|8830.0000|4007.0130|-70.0000|0.0000|146.3608|142.2742|123.4623|4.9010|102.0000|6.5438|4.1087|102.0000|5.4853|0.0000|0.0000|0.0000|2018-12-19T09:10:20.670|10X_100FOV_FlowCam Cyano Sample Run_images_000004.tif|EF5A1B5C-60C5-4F13-8B23-03EAF90F4B3F
484|151|738|46|150|1008|878|689|1|1|0|0.7035|4.5000|0|0.0000|0.0000|0.0000|3317.0000|141.0000|36.0000|97.8333|345.5807|303.8514|137.7532|33.9740|1422.1486|42.5527|96.0277|22.1603|65.6600|43.8573|243.1160|210.5937|120.5728|46.8227|399940.0000|2.7084|6.3511|1.1544|75.1167|621.0000|0.0000|0.6271|0.4439|0.0000|3739.0000|3509.0000|1510.6845|85.0000|0.0000|131.6310|126.2499|105.2267|4.6640|127.0000|6.5283|3.9878|127.0000|5.4759|0.0000|0.0000|0.0000|2018-12-19T09:10:21.107|10X_100FOV_FlowCam Cyano Sample Run_images_000004.tif|0B4B0973-8275-4C83-ACCB-2F92E71717E9
485|199|738|99|117|808|1265|690|1|1|0|0.7035|4.5000|0|0.0000|0.0000|0.0000|6280.0000|108.0000|76.0000|95.2500|333.1198|296.2883|108.0476|76.6325|2803.0995|59.7413|72.8123|50.3002|63.8426|59.7413|234.3498|205.2731|65.1610|32.2881|409211.0000|1.4061|1.8878|1.1416|132.6078|621.5460|0.5229|0.9073|0.9114|0.0000|6550.5000|6280.0000|2803.0995|-80.0000|35.0000|72.1427|72.5884|47.9154|5.2613|113.0000|7.0717|4.1829|113.0000|5.8689|0.0000|0.0000|0.0000|2018-12-19T09:10:21.659|10X_100FOV_FlowCam Cyano Sample Run_images_000004.tif|BE178872-71D9-493F-AFF7-2D70835D01AB
486|300|738|36|134|706|1439|691|1|1|0|0.7035|4.5000|0|0.0000|0.0000|0.0000|1240.0000|125.0000|18.0000|83.8056|275.2965|260.0081|141.7742|12.2809|482.5587|24.7874|84.7717|9.4973|55.7915|24.7874|193.6711|179.7499|146.3508|42.5026|181475.0000|4.8637|13.2041|1.0774|101.6902|622.4530|0.0000|0.5097|0.1559|0.0000|1493.5000|1240.0000|482.5587|75.0000|-10.0000|147.8540|147.3960|143.7613|4.2993|67.0000|5.8592|4.6872|67.0000|6.2097|0.0000|0.0000|0.0000|2018-12-19T09:10:22.556|10X_100FOV_FlowCam Cyano Sample Run_images_000004.tif|24E4ADA1-7185-41F0-9BF6-19C2A2943E03
487|338|738|34|197|737|1372|692|1|1|0|0.7035|4.5000|0|0.0000|0.0000|0.0000|2858.0000|187.0000|24.0000|123.7222|408.5097|385.7604|200.1642|19.8375|1211.2992|39.2718|128.3888|13.7183|83.8728|39.2718|287.3866|268.2167|142.3160|51.6150|406739.0000|4.6466|12.5177|1.0715|60.8377|622.5310|0.0000|0.5348|0.1799|0.0000|3351.0000|2858.0000|1211.2992|-90.0000|0.0000|144.1973|146.3576|133.6998|4.2880|166.0000|6.3573|4.6479|166.0000|6.7123|0.0000|0.0000|0.0000|2018-12-19T09:10:22.655|10X_100FOV_FlowCam Cyano Sample Run_images_000004.tif|E85508B6-6BB6-4D49-B288-5FEAB0681C5B
488|374|738|34|67|927|1234|693|1|1|0|0.7035|4.5000|0|0.0000|0.0000|0.0000|694.0000|60.0000|15.0000|42.4722|137.4975|130.3513|65.2902|14.0637|247.3494|17.7464|39.0442|7.3868|26.7134|17.7464|96.7295|88.5364|143.2334|42.0247|99404.0000|2.1678|4.5926|1.0925|87.5041|622.8430|0.0355|0.7881|0.3962|0.0000|707.0000|694.0000|247.3494|75.0000|-15.0000|142.8501|145.2795|139.3573|4.5213|65.0000|6.1059|4.8781|65.0000|6.4361|0.0000|0.0000|0.0000|2018-12-19T09:10:22.963|10X_100FOV_FlowCam Cyano Sample Run_images_000004.tif|99C65B99-DE42-4B68-B4A6-833541C3A832
489|410|738|41|51|468|1537|694|1|1|0|0.7035|4.5000|0|0.0000|0.0000|0.0000|667.0000|46.0000|20.0000|34.9444|113.0538|106.6033|47.4362|18.3134|236.0297|17.3356|29.1953|10.9043|21.4176|17.3356|79.5333|71.8297|137.2129|50.6486|91521.0000|1.5249|2.3683|1.1072|56.0319|623.0310|0.3405|0.7296|0.6569|0.0000|652.0000|667.0000|236.0297|-70.0000|25.0000|139.9100|141.6657|127.4168|3.7017|58.0000|5.2452|4.2322|58.0000|5.8069|0.0000|0.0000|0.0000|2018-12-19T09:10:23.157|10X_100FOV_FlowCam Cyano Sample Run_images_000004.tif|8517E9F3-8145-4AAC-B898-CBEE0CE0C3BC
490|453|738|43|349|328|1099|696|1|1|0|0.7035|4.5000|0|0.0000|0.0000|0.0000|5788.0000|340.0000|33.0000|223.6667|741.4630|699.4899|381.3156|26.5932|2572.1063|57.2268|236.0242|20.0497|154.1838|57.2268|521.6192|488.9254|143.7782|54.2136|832188.0000|7.5586|21.6999|1.0669|54.3810|624.8120|0.0000|0.1525|0.1009|0.0000|8749.0000|5788.0000|2572.1063|85.0000|0.0000|144.5432|147.5190|136.1415|4.1472|312.0000|6.5071|4.6487|312.0000|6.9137|0.0000|0.0000|0.0000|2018-12-19T09:10:24.927|10X_100FOV_FlowCam Cyano Sample Run_images_000004.tif|3C7F1096-7DA5-400E-9CA4-B39F7AE90A27
491|498|738|29|78|523|1337|697|1|1|0|0.7035|4.5000|0|0.0000|0.0000|0.0000|721.0000|70.0000|13.0000|48.1111|154.1838|148.1285|76.4932|12.3475|258.7085|18.1493|46.0793|5.9798|30.6804|18.1493|108.4683|101.0426|154.7767|37.8666|111594.0000|2.6238|6.0784|1.0735|69.8392|625.0310|0.0000|0.8355|0.3058|0.0000|708.5000|721.0000|258.7085|75.0000|-10.0000|155.8877|156.0721|151.7670|3.8284|69.0000|5.4700|4.3102|69.0000|5.9179|0.0000|0.0000|0.0000|2018-12-19T09:10:25.150|10X_100FOV_FlowCam Cyano Sample Run_images_000004.tif|19AB5AB4-95AB-4617-A935-39B55B49EBED
492|529|738|58|129|860|1356|698|1|1|0|0.7035|4.5000|0|0.0000|0.0000|0.0000|1956.0000|124.0000|22.0000|85.0278|287.1371|264.3469|134.1917|19.9527|801.3374|31.9420|84.0683|12.3113|56.6513|31.9420|202.0009|182.8023|142.2807|52.8900|278301.0000|3.3543|8.4190|1.1050|57.7283|625.1560|0.0000|0.6380|0.2706|0.0000|2184.5000|1956.0000|801.3374|-75.0000|20.0000|146.1917|146.5445|132.4243|3.9722|112.0000|5.7848|4.3015|112.0000|6.1753|0.0000|0.0000|0.0000|2018-12-19T09:10:25.269|10X_100FOV_FlowCam Cyano Sample Run_images_000004.tif|4DCF1A13-500B-4627-8F39-7CBB9ACCD8CE
493|589|738|253|236|579|1499|699|1|3|0|0.7035|4.5000|0|0.0000|0.0000|0.0000|6422.0000|250.0000|173.0000|225.3889|2078.4348|704.7586|229.4379|150.6278|2869.8601|60.4485|172.7092|118.5397|155.3953|60.7450|1462.1789|492.6319|138.1828|26.5114|887410.0000|53.0339|164.6050|2.9681|69.2564|625.7810|0.0000|0.1161|0.2191|0.0000|33259.5000|6482.0000|2898.0805|50.0000|-55.0000|147.3446|144.5810|122.1302|4.2599|72.0000|5.7662|4.0838|72.0000|5.4512|0.0000|0.0000|0.0000|2018-12-19T09:10:25.891|10X_100FOV_FlowCam Cyano Sample Run_images_000004.tif|0D830DD5-09D5-4147-8D3A-CA003B293422
494|844|738|54|53|739|1307|700|1|1|0|0.7035|4.5000|0|0.0000|0.0000|0.0000|1456.0000|47.0000|43.0000|44.4722|145.6396|136.4442|44.6662|41.7271|577.8387|27.1243|29.8987|27.0847|28.1204|27.1243|102.4575|92.8227|78.4505|49.0920|114224.0000|1.1593|1.0000|1.1038|89.5118|627.9840|0.8918|0.8385|0.9924|0.0000|1443.0000|1456.0000|577.8387|-40.0000|-90.0000|84.5920|83.9258|65.3805|4.8804|55.0000|6.3348|4.1162|55.0000|5.4923|0.0000|0.0000|0.0000|2018-12-19T09:10:28.091|10X_100FOV_FlowCam Cyano Sample Run_images_000004.tif|6418131E-5A16-4B94-A5C4-79383DE99FA4
495|900|738|211|138|543|1384|702|1|2|0|0.7035|4.5000|0|0.0000|0.0000|0.0000|4009.0000|200.0000|123.0000|155.6944|979.4428|485.7800|175.6547|116.8837|1742.0356|47.0960|137.5343|83.3648|106.3653|48.3344|689.0380|338.5805|142.1235|33.5759|569773.0000|18.1372|54.9614|2.0351|76.2822|628.5620|0.0000|0.3299|0.2408|0.0000|15122.0000|4209.0000|1834.8595|0.0000|80.0000|150.3774|147.8663|127.7027|3.9770|44.0000|5.4601|4.0065|44.0000|5.0415|0.0000|0.0000|0.0000|2018-12-19T09:10:28.661|10X_100FOV_FlowCam Cyano Sample Run_images_000004.tif|75994255-DD99-4E3A-A66A-6AA42BFBF1FF
496|1113|738|30|79|1013|1057|703|1|1|0|0.7035|4.5000|0|0.0000|0.0000|0.0000|934.0000|70.0000|18.0000|49.1667|159.8406|151.2643|74.0050|16.6883|349.4799|21.0944|46.0793|9.4973|31.4230|21.2110|112.4479|103.2487|149.2709|48.3116|139419.0000|2.1560|4.5537|1.0891|48.7619|628.7500|0.0039|0.6897|0.4172|0.0000|967.5000|943.0000|353.3543|85.0000|-5.0000|153.1831|153.3512|139.7966|3.3722|1.0000|3.3722|3.4774|1.0000|3.4774|0.0000|0.0000|0.0000|2018-12-19T09:10:28.879|10X_100FOV_FlowCam Cyano Sample Run_images_000004.tif|A1B7EFE5-F847-4A95-9144-C10828CB2F94
497|1145|738|30|87|670|1620|704|1|1|0|0.7035|4.5000|0|0.0000|0.0000|0.0000|790.0000|78.0000|15.0000|53.6389|183.3970|165.0794|85.3639|12.3981|287.9014|19.1460|51.7073|7.3868|34.5692|19.1460|129.0198|112.9676|134.8215|38.1149|106509.0000|3.3880|8.5265|1.1421|87.5482|629.0000|0.0000|0.5679|0.2704|0.0000|868.0000|790.0000|287.9014|-85.0000|10.0000|139.8025|141.6671|119.4709|3.7836|51.0000|5.3198|4.2560|51.0000|5.8081|0.0000|0.0000|0.0000|2018-12-19T09:10:29.115|10X_100FOV_FlowCam Cyano Sample Run_images_000004.tif|FBBA1C0F-6605-4AED-850C-6F0AA5C9D9F9
498|1177|738|108|85|862|1159|705|1|1|0|0.7035|4.5000|0|0.0000|0.0000|0.0000|1767.0000|116.0000|40.0000|83.8611|303.0782|259.9948|135.1454|38.2981|716.4477|30.2028|78.4403|24.9743|55.8305|30.2028|213.2155|179.7406|136.3990|47.7931|241017.0000|4.1368|10.9044|1.1862|80.8923|629.0460|0.0000|0.4676|0.2280|0.0000|3245.0000|1767.0000|716.4477|-40.0000|55.0000|137.2513|139.1211|130.6972|4.2755|139.0000|6.2307|4.6397|139.0000|6.5950|0.0000|0.0000|0.0000|2018-12-19T09:10:29.178|10X_100FOV_FlowCam Cyano Sample Run_images_000004.tif|D32A1BB8-6E71-4340-94BA-A8124C772A27
499|1287|738|33|34|689|771|705|1|1|0|0.7035|4.5000|0|0.0000|0.0000|0.0000|300.0000|24.0000|20.0000|22.4722|78.1838|67.5439|21.4526|20.0626|87.9732|10.5835|13.7183|10.9043|12.6434|10.5835|55.0023|44.3514|147.3733|45.9343|44212.0000|1.6214|2.7273|1.2401|64.0448|629.0460|0.7081|0.5268|0.8855|0.0000|326.0000|300.0000|87.9732|-90.0000|-50.0000|150.1467|149.6867|141.8200|4.2755|139.0000|6.2307|4.6397|139.0000|6.5950|0.0000|0.0000|0.0000|2018-12-19T09:10:29.178|10X_100FOV_FlowCam Cyano Sample Run_images_000004.tif|FA9AABC8-9E74-4BB6-A43A-AD730830BC6F
500|1322|738|29|87|929|1537|707|1|1|0|0.7035|4.5000|0|0.0000|0.0000|0.0000|783.0000|78.0000|14.0000|54.2222|183.7401|167.3169|87.2371|12.2179|284.9297|19.0469|51.7073|6.6833|34.9796|19.0469|129.2612|114.5417|145.7382|30.4162|114113.0000|3.4311|8.6638|1.1285|66.6667|631.5460|0.0000|0.5943|0.2570|0.0000|844.0000|783.0000|284.9297|75.0000|-5.0000|148.6015|150.8736|134.6041|4.1694|63.0000|5.8042|4.4633|63.0000|6.0930|0.0000|0.0000|0.0000|2018-12-19T09:10:31.661|10X_100FOV_FlowCam Cyano Sample Run_images_000004.tif|8DBC78FC-EAAC-44D2-A158-7B2C569222B6
501|1353|738|25|65|782|1481|709|1|1|0|0.7035|4.5000|0|0.0000|0.0000|0.0000|579.0000|56.0000|13.0000|39.9167|130.5269|122.4248|62.0872|12.4112|199.4405|15.9354|36.2302|5.9798|24.9156|15.9354|91.8257|82.9601|133.6701|40.2923|77395.0000|2.3416|5.1626|1.1069|105.7603|632.2180|0.0312|0.8025|0.3678|0.0000|601.5000|579.0000|199.4405|-85.0000|5.0000|134.3713|136.5458|127.7254|4.0770|46.0000|5.5838|4.5733|46.0000|5.9634|0.0000|0.0000|0.0000|2018-12-19T09:10:32.355|10X_100FOV_FlowCam Cyano Sample Run_images_000004.tif|90B5DC61-73DC-4B19-B692-7E395FDC5A2E
502|1380|738|52|64|715|1283|709|1|1|0|0.7035|4.5000|0|0.0000|0.0000|0.0000|1396.0000|54.0000|40.0000|46.4444|154.0244|142.7306|51.6376|37.0340|551.2802|26.4936|34.8233|24.9743|29.5079|27.3109|108.3562|97.2452|144.8890|36.5678|202265.0000|1.2808|1.1661|1.1143|109.1462|632.2180|0.6831|0.7894|0.9296|0.0000|1506.5000|1474.0000|585.8189|-90.0000|-15.0000|148.1877|147.2787|138.9155|4.0770|46.0000|5.5838|4.5733|46.0000|5.9634|0.0000|0.0000|0.0000|2018-12-19T09:10:32.355|10X_100FOV_FlowCam Cyano Sample Run_images_000004.tif|D8BEA620-4A76-49EE-8ABE-1304694AE314
503|1434|738|24|90|903|1566|710|1|1|0|0.7035|4.5000|0|0.0000|0.0000|0.0000|772.0000|80.0000|14.0000|54.5000|182.4264|167.6873|86.8779|12.6292|280.2643|18.8903|53.1142|6.6833|35.1750|18.8903|128.3370|114.8023|123.1062|38.7369|95038.0000|3.4304|8.6616|1.1179|106.2000|632.4680|0.0000|0.4375|0.2551|0.0000|857.0000|772.0000|280.2643|-90.0000|0.0000|125.0013|128.6321|111.5440|4.5275|71.0000|6.1539|4.9606|71.0000|6.5350|0.0000|0.0000|0.0000|2018-12-19T09:10:32.578|10X_100FOV_FlowCam Cyano Sample Run_images_000004.tif|10F58435-26D7-402E-A54C-295CDF77A86F
504|1460|738|30|104|956|1386|713|1|1|0|0.7035|4.5000|0|0.0000|0.0000|0.0000|977.0000|94.0000|16.0000|64.1389|211.7401|198.4734|104.6187|12.6833|368.0153|21.6465|62.9633|8.0903|41.9560|21.6465|148.9592|136.4603|142.1361|38.4979|138867.0000|3.6518|9.3656|1.0916|81.6633|634.4840|0.0000|0.6260|0.2240|0.0000|1129.5000|977.0000|368.0153|-90.0000|-5.0000|144.0931|144.6725|136.4012|4.0116|76.0000|5.7303|4.4237|76.0000|6.1185|0.0000|0.0000|0.0000|2018-12-19T09:10:34.620|10X_100FOV_FlowCam Cyano Sample Run_images_000004.tif|7203B54B-AED1-487E-8076-2C95156DBF2C
505|1492|738|80|414|709|462|713|1|2|0|0.7035|4.5000|0|0.0000|0.0000|0.0000|8303.0000|404.0000|70.0000|273.3333|1103.2935|855.1781|467.3321|45.7714|3757.4337|69.1673|281.0482|46.0793|189.1242|69.7097|776.1670|598.4520|111.4610|49.1580|925461.0000|11.4934|34.0782|1.2970|120.7134|634.4840|0.0000|0.3070|0.0973|0.0000|21532.5000|8428.0000|3816.6003|-90.0000|0.0000|113.6611|113.8281|105.9684|4.0116|76.0000|5.7303|4.4237|76.0000|6.1185|0.0000|0.0000|0.0000|2018-12-19T09:10:34.620|10X_100FOV_FlowCam Cyano Sample Run_images_000004.tif|C2EE4A38-DB8B-4E00-A9CF-264012C13EC6
506|1574|738|181|197|227|1280|714|1|1|0|0.7035|4.5000|0|0.0000|0.0000|0.0000|16267.0000|187.0000|134.0000|164.1389|553.6366|512.7243|159.8974|142.3102|7555.1437|98.0791|128.3888|91.1033|112.3060|100.6693|389.4833|357.5358|127.6225|33.4044|2076035.0000|1.4256|1.9713|1.0894|52.7385|634.7030|0.6575|0.8303|0.9509|0.0000|17438.0000|17110.0000|7959.4740|-90.0000|-35.0000|135.5263|132.5330|114.9827|4.7964|134.0000|6.7493|4.4488|134.0000|6.2043|0.0000|0.0000|0.0000|2018-12-19T09:10:34.824|10X_100FOV_FlowCam Cyano Sample Run_images_000004.tif|54CE200D-4EEF-4596-B5DE-A1A03495AF45
507|1757|738|40|37|979|831|714|1|1|0|0.7035|4.5000|0|0.0000|0.0000|0.0000|548.0000|31.0000|26.0000|27.9167|89.7401|84.4593|27.8001|25.3970|186.6759|15.4170|18.6427|15.1253|16.4736|15.4170|63.1322|56.2514|104.2755|48.1378|57143.0000|1.1695|1.0000|1.1223|151.4054|634.7030|0.8549|0.8151|0.9842|0.0000|539.5000|548.0000|186.6759|15.0000|-50.0000|105.1478|105.7737|100.9471|4.7964|134.0000|6.7493|4.4488|134.0000|6.2043|0.0000|0.0000|0.0000|2018-12-19T09:10:34.824|10X_100FOV_FlowCam Cyano Sample Run_images_000004.tif|71B54B9F-83F4-4D4E-BFB8-88963615DE0B
508|1799|738|77|96|128|1048|718|1|1|0|0.7035|4.5000|0|0.0000|0.0000|0.0000|1417.0000|107.0000|30.0000|73.8333|271.1787|228.7779|118.2610|26.4683|560.5681|26.7159|72.1088|17.9393|48.7760|26.9260|190.7742|157.7795|130.5448|43.2263|184982.0000|4.0723|10.7002|1.2091|104.7489|635.2810|0.0000|0.3411|0.2492|0.0000|2216.0000|1437.0000|569.4214|50.0000|-45.0000|130.5843|134.4446|122.8518|4.1095|106.0000|5.8773|4.4635|106.0000|6.2308|0.0000|0.0000|0.0000|2018-12-19T09:10:35.391|10X_100FOV_FlowCam Cyano Sample Run_images_000004.tif|69022E15-30F1-47AB-9BB7-1F60C0D29F94
509|1878|738|36|38|882|1536|720|1|1|0|0.7035|4.5000|0|0.0000|0.0000|0.0000|517.0000|30.0000|22.0000|27.0556|85.2548|81.7393|30.1211|22.0083|173.9854|14.8837|17.9393|12.3113|15.8679|14.8837|59.9768|54.3378|121.3694|49.3817|62748.0000|1.1188|1.0000|1.1038|73.7917|635.9210|0.7780|0.8540|0.9460|0.0000|498.5000|517.0000|173.9854|-75.0000|45.0000|129.4874|128.5648|104.0522|4.1874|35.0000|5.5096|3.4175|35.0000|4.0813|0.0000|0.0000|0.0000|2018-12-19T09:10:36.040|10X_100FOV_FlowCam Cyano Sample Run_images_000004.tif|22D915B0-0BCF-4176-999F-0F433E671F67
510|1916|738|46|76|533|1594|721|1|1|0|0.7035|4.5000|0|0.0000|0.0000|0.0000|1146.0000|66.0000|34.0000|52.2500|208.9533|161.3936|61.7383|34.0183|441.4094|23.7070|43.2653|20.7533|33.5921|23.9637|146.9986|110.3746|133.9389|38.8362|153494.0000|2.9747|7.2066|1.3318|92.6471|636.4680|0.0777|0.0229|0.5986|0.0000|1476.5000|1168.0000|451.0209|-90.0000|5.0000|136.1396|139.3255|122.5000|4.3743|51.0000|5.8336|4.6937|51.0000|6.1679|0.0000|0.0000|0.0000|2018-12-19T09:10:36.578|10X_100FOV_FlowCam Cyano Sample Run_images_000004.tif|F4C1C528-1203-4E6D-84FE-DB70CE2F2428
511|1964|738|40|129|562|1401|723|1|1|0|0.7035|4.5000|0|0.0000|0.0000|0.0000|1971.0000|120.0000|24.0000|82.8889|274.9533|257.0253|132.4701|20.4591|808.0929|32.0764|81.2542|13.7183|55.1466|32.0764|193.4296|177.6515|137.6149|54.0988|271239.0000|3.0523|7.4548|1.0888|51.0079|638.0000|0.0000|0.5849|0.2794|0.0000|2235.0000|1971.0000|808.0929|-85.0000|5.0000|138.9137|141.5824|129.3293|4.1806|107.0000|6.0395|4.5835|107.0000|6.4115|0.0000|0.0000|0.0000|2018-12-19T09:10:38.137|10X_100FOV_FlowCam Cyano Sample Run_images_000004.tif|6F54F577-06B0-4954-83D8-17CB404AF013
512|2|1154|98|100|802|1351|724|1|1|0|0.7035|4.5000|0|0.0000|0.0000|0.0000|6226.0000|102.0000|87.0000|93.9444|332.9361|292.0056|91.9418|87.5110|2777.7220|59.4702|68.5913|58.0388|62.9241|59.6159|234.2205|202.2602|70.4698|35.9085|438745.0000|1.4102|1.9055|1.1580|110.3095|638.8750|0.7791|0.7672|0.9886|0.0000|6481.0000|6255.0000|2791.3499|50.0000|-10.0000|83.2017|76.5421|53.6974|4.9173|90.0000|6.6344|4.3133|90.0000|5.7621|0.0000|0.0000|0.0000|2018-12-19T09:10:39.000|10X_100FOV_FlowCam Cyano Sample Run_images_000004.tif|45245CB7-D342-494E-B51A-4ED9C1ABC1E1
513|102|1154|25|56|871|1377|725|1|1|0|0.7035|4.5000|0|0.0000|0.0000|0.0000|503.0000|47.0000|14.0000|33.6111|108.2843|102.6656|48.4275|13.6016|168.2802|14.6377|29.8987|6.6833|20.4797|14.6377|76.1780|69.0595|143.4036|42.0483|72132.0000|1.8550|3.5458|1.1031|91.6600|639.5620|0.1993|0.8144|0.5062|0.0000|496.0000|503.0000|168.2802|80.0000|-5.0000|142.4831|144.1252|142.3439|4.0811|42.0000|5.5366|4.4839|42.0000|5.9201|0.0000|0.0000|0.0000|2018-12-19T09:10:39.689|10X_100FOV_FlowCam Cyano Sample Run_images_000004.tif|F70357C6-8EFF-45F7-A58D-639DDD4F18AA
514|129|1154|31|31|1048|1155|725|1|1|0|0.7035|4.5000|0|0.0000|0.0000|0.0000|360.0000|23.0000|21.0000|21.9167|67.6985|65.8738|21.6122|21.2197|111.1422|11.8958|13.0147|11.6077|12.2526|11.8958|47.6259|43.1765|82.8583|30.5602|29829.0000|1.0131|1.0000|1.1031|135.1356|639.5620|0.9415|0.9039|0.9993|0.0000|335.5000|360.0000|111.1422|-75.0000|0.0000|80.3056|83.2667|82.9278|4.0811|42.0000|5.5366|4.4839|42.0000|5.9201|0.0000|0.0000|0.0000|2018-12-19T09:10:39.689|10X_100FOV_FlowCam Cyano Sample Run_images_000004.tif|32A39D71-D53D-4F78-B170-B225E1ABE61A
515|162|1154|54|63|702|1619|726|1|1|0|0.7035|4.5000|0|0.0000|0.0000|0.0000|1298.0000|60.0000|30.0000|47.5833|163.5391|145.7676|61.4675|27.3762|508.0499|25.4336|39.0442|17.9393|30.3091|25.4336|115.0498|99.3818|79.4330|40.6176|103104.0000|1.6397|2.7932|1.1577|163.1197|639.7960|0.3723|0.6834|0.7300|0.0000|1354.0000|1298.0000|508.0499|-65.0000|35.0000|89.0824|86.2473|62.4414|4.5505|49.0000|6.0037|3.6121|49.0000|4.7985|0.0000|0.0000|0.0000|2018-12-19T09:10:39.916|10X_100FOV_FlowCam Cyano Sample Run_images_000004.tif|CC48B466-54B7-485D-945D-4CAB930F8A34
516|218|1154|40|179|1021|946|728|1|2|0|0.7035|4.5000|0|0.0000|0.0000|0.0000|1740.0000|170.0000|24.0000|114.0833|425.2792|355.3814|196.0328|16.6218|704.3577|29.9469|116.4292|13.7183|77.0919|30.1177|299.1839|246.8451|149.7851|38.0663|260626.0000|8.1869|23.6777|1.2120|77.5052|640.2810|0.0000|0.3673|0.1157|0.0000|2814.5000|1758.0000|712.4167|80.0000|-5.0000|150.8615|151.5971|145.8184|4.0134|240.0000|6.2409|4.4127|240.0000|6.6111|0.0000|0.0000|0.0000|2018-12-19T09:10:40.417|10X_100FOV_FlowCam Cyano Sample Run_images_000004.tif|01134F93-01E3-4195-AFD8-E5A9D63E7ACE
517|260|1154|33|44|1000|1074|729|1|1|0|0.7035|4.5000|0|0.0000|0.0000|0.0000|388.0000|37.0000|14.0000|28.0556|93.2548|85.0748|40.1843|12.9401|122.1416|12.4706|22.8637|6.6833|16.5714|12.4706|65.6048|56.6844|141.4278|43.4919|54874.0000|1.7836|3.3004|1.1574|106.0250|640.4680|0.2863|0.4467|0.5544|0.0000|397.5000|388.0000|122.1416|50.0000|-30.0000|141.5722|142.1469|140.0232|4.1053|53.0000|5.6031|4.4573|53.0000|5.9356|0.0000|0.0000|0.0000|2018-12-19T09:10:40.590|10X_100FOV_FlowCam Cyano Sample Run_images_000004.tif|E09258C5-09DA-4FAA-9058-4865CF65E41C
518|295|1154|29|68|482|1532|730|1|1|0|0.7035|4.5000|0|0.0000|0.0000|0.0000|554.0000|59.0000|17.0000|41.7222|139.4975|127.9632|65.0049|13.8691|189.1409|15.5184|38.3407|8.7937|26.1858|15.5184|98.1365|86.8564|134.1823|38.4223|74337.0000|2.7952|6.6306|1.1299|117.9040|642.6560|0.0000|0.2194|0.3193|0.0000|698.0000|554.0000|189.1409|-80.0000|5.0000|138.2960|140.4116|120.4079|4.0441|54.0000|5.5902|4.4273|54.0000|6.0179|0.0000|0.0000|0.0000|2018-12-19T09:10:42.783|10X_100FOV_FlowCam Cyano Sample Run_images_000004.tif|6DF2D358-5003-4906-90BC-3D34E66099EF
519|326|1154|84|155|823|1438|731|1|1|0|0.7035|4.5000|0|0.0000|0.0000|0.0000|8410.0000|153.0000|72.0000|127.8611|448.0244|398.4972|161.3593|72.2619|3808.0790|69.6319|104.4698|47.4862|86.7845|71.4866|315.1852|277.1770|137.0964|26.2643|1152981.0000|1.8061|3.3780|1.1371|58.0519|643.7650|0.1800|0.7738|0.7205|0.0000|9350.0000|8844.0000|4013.6478|60.0000|-5.0000|146.5927|143.6931|120.5401|4.1003|72.0000|5.7260|3.8235|72.0000|4.9637|0.0000|0.0000|0.0000|2018-12-19T09:10:43.884|10X_100FOV_FlowCam Cyano Sample Run_images_000004.tif|421C993B-8367-41F9-9532-5A7B0853E0B9
520|412|1154|33|39|480|1268|732|1|1|0|0.7035|4.5000|0|0.0000|0.0000|0.0000|485.0000|30.0000|23.0000|26.9444|89.3553|81.4862|26.9378|23.4007|160.9703|14.3162|17.9393|13.0147|15.7896|14.3162|62.8615|54.1598|139.8186|58.3644|67812.0000|1.3101|1.4028|1.1607|59.9620|645.8430|0.8073|0.7144|0.9700|0.0000|491.5000|485.0000|160.9703|55.0000|0.0000|141.9278|143.9072|130.8598|4.0499|41.0000|5.4086|4.3832|41.0000|5.7717|0.0000|0.0000|0.0000|2018-12-19T09:10:45.972|10X_100FOV_FlowCam Cyano Sample Run_images_000004.tif|3AD7A5EE-BA6B-4B2C-AE4B-9E25836C2A4C
521|447|1154|28|54|598|1579|734|1|1|0|0.7035|4.5000|0|0.0000|0.0000|0.0000|509.0000|45.0000|15.0000|32.2500|104.1838|98.0194|44.8189|14.6425|170.7232|14.7435|28.4917|7.3868|19.5221|14.7435|73.2933|65.7909|140.6444|44.3481|71588.0000|1.6970|2.9976|1.1140|51.5484|647.9370|0.2888|0.8266|0.5830|0.0000|494.5000|509.0000|170.7232|-85.0000|10.0000|142.3360|146.2063|129.1061|4.3132|42.0000|5.7383|4.7168|42.0000|6.1075|0.0000|0.0000|0.0000|2018-12-19T09:10:48.041|10X_100FOV_FlowCam Cyano Sample Run_images_000004.tif|00D941DA-1110-42BD-9A7C-4998A85862AD
522|477|1154|167|137|610|1507|736|1|1|0|0.7035|4.5000|0|0.0000|0.0000|0.0000|10720.0000|158.0000|90.0000|139.0000|508.5584|433.4491|158.3534|95.6071|4904.6226|79.0238|107.9873|60.1493|94.6208|81.5496|357.7708|301.7657|134.5888|33.6242|1442792.0000|1.8071|3.3815|1.1856|51.8664|650.7340|0.4149|0.8880|0.8476|0.0000|11714.0000|11389.0000|5223.1589|5.0000|70.0000|144.5450|140.4126|119.3706|4.7608|84.0000|6.4809|3.6424|84.0000|4.7734|0.0000|0.0000|0.0000|2018-12-19T09:10:50.869|10X_100FOV_FlowCam Cyano Sample Run_images_000004.tif|14C1C69D-49B0-4B3A-8C9C-6AB77EFE747A
523|646|1154|35|59|173|1277|737|1|1|0|0.7035|4.5000|0|0.0000|0.0000|0.0000|570.0000|53.0000|14.0000|37.6667|128.9117|115.0511|56.7844|13.3077|195.7274|15.7863|34.1198|6.6833|23.3328|15.7863|90.6894|77.7727|129.2614|46.3494|73679.0000|2.3201|5.0923|1.1661|120.0877|651.6710|0.1091|0.7261|0.4267|0.0000|589.5000|570.0000|195.7274|-65.0000|20.0000|129.2825|133.0088|121.9140|3.4050|4.0000|3.7686|4.0300|4.0000|4.4452|0.0000|0.0000|0.0000|2018-12-19T09:10:51.805|10X_100FOV_FlowCam Cyano Sample Run_images_000004.tif|4CE1883D-52C9-4FD5-B3BD-CBEB9ABE5B1F
524|683|1154|31|35|608|1462|738|1|1|0|0.7035|4.5000|0|0.0000|0.0000|0.0000|285.0000|28.0000|14.0000|22.1667|71.5980|66.4922|28.0724|13.3681|82.2808|10.2354|16.5323|6.6833|12.4285|10.2354|50.3692|43.6115|148.7544|31.4181|42395.0000|1.4314|1.9956|1.1550|67.7833|651.9680|0.5563|0.8444|0.7507|0.0000|287.0000|285.0000|82.2808|-60.0000|35.0000|151.1895|152.6246|140.2526|3.7403|42.0000|4.9735|4.3874|42.0000|5.7226|0.0000|0.0000|0.0000|2018-12-19T09:10:52.075|10X_100FOV_FlowCam Cyano Sample Run_images_000004.tif|B40E9F4C-36E3-4D32-969C-EB4A88DDA4F3
525|716|1154|23|83|205|1353|739|1|1|0|0.7035|4.5000|0|0.0000|0.0000|0.0000|682.0000|73.0000|13.0000|50.1944|162.5269|154.6862|79.1893|12.1022|242.3135|17.5648|48.1898|5.9798|32.1460|17.5648|114.3377|105.6560|139.7229|39.5553|95291.0000|3.0822|7.5505|1.0822|104.1438|652.5150|0.0000|0.4532|0.2706|0.0000|726.5000|682.0000|242.3135|-90.0000|0.0000|140.0029|141.2199|136.7185|3.8090|64.0000|5.3929|4.1649|64.0000|5.7991|0.0000|0.0000|0.0000|2018-12-19T09:10:52.618|10X_100FOV_FlowCam Cyano Sample Run_images_000004.tif|06332AC2-C038-4951-8C0F-7C10E4EF6392
526|741|1154|48|123|596|1514|740|1|1|0|0.7035|4.5000|0|0.0000|0.0000|0.0000|1363.0000|115.0000|29.0000|79.1111|296.3675|245.3379|120.4697|20.1918|536.7017|26.1410|77.7368|17.2357|52.4889|26.2376|208.4945|169.4295|140.3969|41.1287|191361.0000|5.0944|13.9329|1.2306|57.1642|652.6870|0.0000|0.3842|0.2342|0.0000|2124.5000|1372.0000|540.6756|-80.0000|10.0000|146.7117|145.3933|128.1930|3.1652|11.0000|3.8746|3.9176|11.0000|4.7190|0.0000|0.0000|0.0000|2018-12-19T09:10:52.802|10X_100FOV_FlowCam Cyano Sample Run_images_000004.tif|36CCE1AE-5E70-450A-97C2-C4E4FD1F6397
527|791|1154|80|225|909|1398|741|1|1|0|0.7035|4.5000|0|0.0000|0.0000|0.0000|2711.0000|220.0000|55.0000|149.8611|539.6884|467.4368|247.8938|47.7864|1144.0459|38.1660|151.6043|35.5267|102.2615|38.1660|379.6708|325.6760|139.8447|39.9599|379119.0000|8.5496|24.8191|1.1658|92.5412|653.6870|0.0000|0.2588|0.1083|0.0000|7331.5000|2711.0000|1144.0459|80.0000|-10.0000|142.2143|144.0258|130.7256|4.2343|178.0000|6.2838|4.6305|178.0000|6.6370|0.0000|0.0000|0.0000|2018-12-19T09:10:53.804|10X_100FOV_FlowCam Cyano Sample Run_images_000004.tif|27A07AF4-B0CE-49A3-A8B2-F4649848F084
528|873|1154|28|51|242|1287|743|1|1|0|0.7035|4.5000|0|0.0000|0.0000|0.0000|567.0000|41.0000|17.0000|31.6667|102.5269|96.6609|41.4280|17.7018|194.4910|15.7364|25.6777|8.7937|19.1118|15.7364|72.1277|64.8352|143.6384|51.2597|81443.0000|1.4753|2.1751|1.1125|59.7849|654.1400|0.4242|0.8384|0.7114|0.0000|562.0000|567.0000|194.4910|-90.0000|-5.0000|144.4744|147.9471|134.8554|3.9104|45.0000|5.3489|4.3173|45.0000|5.7647|0.0000|0.0000|0.0000|2018-12-19T09:10:54.250|10X_100FOV_FlowCam Cyano Sample Run_images_000004.tif|3B8E86B8-B02B-4DE1-9702-C9087BE63776
529|903|1154|25|93|798|1431|744|1|1|0|0.7035|4.5000|0|0.0000|0.0000|0.0000|819.0000|83.0000|15.0000|57.5556|193.0122|177.6203|91.8099|12.4493|300.2358|19.5518|55.2248|7.3868|37.3246|19.5518|135.7841|121.7901|147.9158|37.1103|121143.0000|3.6197|9.2638|1.1149|83.9558|654.2030|0.0000|0.5805|0.2430|0.0000|956.5000|819.0000|300.2358|-90.0000|0.0000|150.8852|151.0867|140.5507|3.7179|48.0000|5.1548|4.0766|48.0000|5.5568|0.0000|0.0000|0.0000|2018-12-19T09:10:54.315|10X_100FOV_FlowCam Cyano Sample Run_images_000004.tif|A06BC426-1DF8-44AC-96E3-B026C09115DC
530|930|1154|72|202|232|1440|745|1|1|0|0.7035|4.5000|0|0.0000|0.0000|0.0000|1978.0000|198.0000|31.0000|131.8056|456.5341|411.3359|230.4162|24.5905|811.2464|32.1389|136.1273|18.6427|89.5595|32.1389|321.1717|286.2091|136.4934|39.0158|269984.0000|8.3851|24.3015|1.1222|105.1084|654.5150|0.0000|0.1788|0.0938|0.0000|4159.5000|1978.0000|811.2464|-75.0000|15.0000|139.8741|141.5607|125.2376|3.9265|155.0000|5.8431|4.3091|155.0000|6.2605|0.0000|0.0000|0.0000|2018-12-19T09:10:54.628|10X_100FOV_FlowCam Cyano Sample Run_images_000004.tif|FD30162F-914C-48A0-B849-3200CDE47B5F
531|1004|1154|33|95|401|1280|746|1|1|0|0.7035|4.5000|0|0.0000|0.0000|0.0000|954.0000|85.0000|20.0000|59.5833|212.2254|184.1562|98.1132|14.9004|358.0933|21.3527|56.6318|10.9043|38.7511|21.4681|149.3006|126.3881|128.5713|44.6295|122657.0000|3.7218|9.5882|1.1813|109.5773|655.1090|0.0000|0.3801|0.2490|0.0000|1217.0000|963.0000|361.9738|-90.0000|5.0000|129.9004|130.9245|123.3962|4.2033|57.0000|5.7732|4.5991|57.0000|6.1966|0.0000|0.0000|0.0000|2018-12-19T09:10:55.230|10X_100FOV_FlowCam Cyano Sample Run_images_000004.tif|B5235B1C-EDD1-4B58-AEA0-7735D0DFEDB7
532|1039|1154|53|109|319|1158|748|1|1|0|0.7035|4.5000|0|0.0000|0.0000|0.0000|1708.0000|103.0000|22.0000|71.7778|239.8234|222.1188|111.4744|20.1477|690.0417|29.6410|69.2948|12.3113|47.3299|29.6410|168.7158|153.0948|148.4473|52.9591|253548.0000|2.6797|6.2587|1.1020|53.8000|655.4060|0.0000|0.8700|0.3389|0.0000|1742.5000|1708.0000|690.0417|-80.0000|15.0000|150.2711|152.2178|140.3021|3.7240|97.0000|5.4738|4.2505|97.0000|5.9221|0.0000|0.0000|0.0000|2018-12-19T09:10:55.540|10X_100FOV_FlowCam Cyano Sample Run_images_000004.tif|7817D0AD-6DF4-4C79-9467-A0BF7A904CA1
533|1094|1154|38|102|956|1212|749|1|1|0|0.7035|4.5000|0|0.0000|0.0000|0.0000|1352.0000|93.0000|18.0000|64.4722|210.2254|199.3956|101.6431|17.6756|531.8470|26.0225|62.2598|9.4973|42.1904|26.0225|147.8936|137.1091|150.1191|48.4354|202961.0000|2.6013|6.0056|1.0787|54.9115|655.6870|0.0000|0.7542|0.3235|0.0000|1424.0000|1352.0000|531.8470|-85.0000|10.0000|153.3513|154.4090|140.4467|4.1337|104.0000|5.8928|4.4322|104.0000|6.2112|0.0000|0.0000|0.0000|2018-12-19T09:10:55.798|10X_100FOV_FlowCam Cyano Sample Run_images_000004.tif|6EB48F02-2E5D-4B6C-989C-7E74130B26E4
534|1134|1154|55|38|165|1422|750|1|1|0|0.7035|4.5000|0|0.0000|0.0000|0.0000|851.0000|47.0000|24.0000|36.7222|118.2254|112.1859|46.5028|23.3299|313.8872|19.9913|29.8987|13.7183|22.6683|19.9913|83.1716|75.7570|77.3079|27.6531|65789.0000|1.3070|1.3831|1.0979|147.2100|656.4840|0.4930|0.9342|0.8006|0.0000|828.5000|851.0000|313.8872|-25.0000|65.0000|85.9201|82.8825|63.0717|4.3155|32.0000|5.6577|3.5605|32.0000|4.4430|0.0000|0.0000|0.0000|2018-12-19T09:10:56.586|10X_100FOV_FlowCam Cyano Sample Run_images_000004.tif|7A5F71CC-CDEB-4F02-A61C-6E4FCECAB2F8
535|1191|1154|60|108|115|970|753|1|1|0|0.7035|4.5000|0|0.0000|0.0000|0.0000|910.0000|107.0000|14.0000|71.8333|241.6224|222.2318|121.0815|11.0544|339.1621|20.7806|72.1088|6.6833|47.3690|20.7806|169.9814|153.1743|142.0505|33.0777|129266.0000|5.1053|13.9672|1.1097|89.9612|657.0780|0.0000|0.4603|0.1568|0.0000|1111.5000|910.0000|339.1621|-65.0000|25.0000|143.2802|147.9220|130.0714|4.0010|131.0000|5.9453|4.4724|131.0000|6.3767|0.0000|0.0000|0.0000|2018-12-19T09:10:57.210|10X_100FOV_FlowCam Cyano Sample Run_images_000004.tif|E1FFB138-5567-4CC0-A386-92A0F31B40F9
536|1253|1154|159|154|828|1286|754|1|2|0|0.7035|4.5000|0|0.0000|0.0000|0.0000|3736.0000|189.0000|106.0000|146.3333|1137.2001|456.5802|153.5943|106.3422|1615.5846|45.3545|129.7957|71.4052|99.7797|46.2297|800.0203|318.0384|142.7926|27.0973|533473.0000|26.5784|81.4862|2.5155|73.9897|657.3120|0.0000|0.1951|0.2825|0.0000|13318.5000|3872.0000|1678.5404|35.0000|-30.0000|151.1271|147.5800|130.2037|3.9903|60.0000|5.5764|3.8020|60.0000|5.0757|0.0000|0.0000|0.0000|2018-12-19T09:10:57.447|10X_100FOV_FlowCam Cyano Sample Run_images_000004.tif|F4EC31E8-091B-42AA-B7C0-93338775AC37
537|1414|1154|22|67|465|1615|755|1|1|0|0.7035|4.5000|0|0.0000|0.0000|0.0000|399.0000|57.0000|12.0000|39.4167|137.8406|120.4192|62.1275|8.9082|126.4912|12.6907|36.9338|5.2763|24.5639|12.6907|96.9709|81.5492|128.9348|22.2063|51445.0000|3.7894|9.8028|1.1891|111.0720|658.2340|0.0000|0.5654|0.2579|0.0000|484.5000|399.0000|126.4912|-90.0000|0.0000|129.1930|138.6040|109.8296|4.1838|55.0000|5.7118|4.6241|55.0000|6.1435|0.0000|0.0000|0.0000|2018-12-19T09:10:58.345|10X_100FOV_FlowCam Cyano Sample Run_images_000004.tif|BEF6685E-0F3E-461A-B2C8-023C8D4B6143
538|1438|1154|132|178|934|937|756|1|2|0|0.7035|4.5000|0|0.0000|0.0000|0.0000|9989.0000|172.0000|97.0000|136.4167|649.8377|425.4967|149.1604|92.6629|4557.0228|76.1721|117.8363|65.0738|92.8034|77.7294|457.1608|296.1712|126.4026|32.2667|1262636.0000|3.2359|8.0415|1.5436|60.4777|658.2960|0.3029|0.5373|0.8576|0.0000|11595.5000|10385.0000|4745.2638|75.0000|-45.0000|139.0347|132.9373|108.7582|4.9909|160.0000|6.8724|3.9183|160.0000|5.5526|0.0000|0.0000|0.0000|2018-12-19T09:10:58.432|10X_100FOV_FlowCam Cyano Sample Run_images_000004.tif|786ED6B7-ADB2-4B34-8018-34AD1CFA8610
539|1572|1154|96|212|870|1452|757|1|1|0|0.7035|4.5000|0|0.0000|0.0000|0.0000|2015.0000|217.0000|25.0000|143.1944|499.5462|446.5511|246.8197|18.1628|827.9237|32.4676|149.4938|14.4217|97.5715|33.1247|351.4308|310.9829|144.4040|26.1303|290974.0000|9.5016|27.8141|1.1301|85.4577|659.1710|0.0000|0.0450|0.0869|0.0000|3447.0000|2090.0000|861.7746|65.0000|-20.0000|148.8357|149.8605|131.9970|4.1064|156.0000|6.0689|4.4626|156.0000|6.3795|0.0000|0.0000|0.0000|2018-12-19T09:10:59.283|10X_100FOV_FlowCam Cyano Sample Run_images_000004.tif|719ABA6F-48AB-408B-9F20-21AD199B3D01
540|1670|1154|54|54|350|1357|758|1|1|0|0.7035|4.5000|0|0.0000|0.0000|0.0000|1463.0000|46.0000|43.0000|44.4722|146.2254|136.5287|44.7416|41.7726|580.9415|27.1970|29.1953|27.0847|28.1204|27.1970|102.8696|92.8822|97.9207|33.7045|143258.0000|1.1630|1.0000|1.1075|122.2969|659.2500|0.8922|0.8311|0.9943|0.0000|1457.5000|1463.0000|580.9415|-80.0000|5.0000|104.9405|105.4190|80.5106|4.4844|46.0000|5.8950|4.0672|46.0000|5.1859|0.0000|0.0000|0.0000|2018-12-19T09:10:59.369|10X_100FOV_FlowCam Cyano Sample Run_images_000004.tif|E8B115FB-A291-4534-9D82-EEE641159927
541|1726|1154|28|44|180|1269|760|1|1|0|0.7035|4.5000|0|0.0000|0.0000|0.0000|459.0000|35.0000|17.0000|27.8056|93.3553|84.2627|34.3434|17.3585|150.4649|13.8412|21.4567|8.7937|16.3955|13.8412|65.6755|56.1131|141.2549|51.4619|64836.0000|1.5110|2.3149|1.1704|59.2892|660.4370|0.5387|0.8634|0.7893|0.0000|460.0000|459.0000|150.4649|-70.0000|10.0000|142.2505|145.6296|132.2440|3.9531|38.0000|5.2743|4.3284|38.0000|5.7018|0.0000|0.0000|0.0000|2018-12-19T09:11:00.548|10X_100FOV_FlowCam Cyano Sample Run_images_000004.tif|551FA718-A1B6-42A2-BF86-6BE66FF22A5E
542|1756|1154|205|126|841|1342|763|1|1|0|0.7035|4.5000|0|0.0000|0.0000|0.0000|4231.0000|196.0000|116.0000|152.1667|1005.3595|474.9444|181.8509|109.7646|1845.0792|48.4688|134.7202|78.4403|103.8835|48.4688|707.2704|330.9576|141.3931|41.9007|598234.0000|19.0103|57.7054|2.1370|73.6234|661.3280|0.0000|0.3788|0.2388|0.0000|14558.0000|4231.0000|1845.0792|5.0000|-90.0000|149.8603|146.7956|127.5741|4.0396|53.0000|5.5439|4.1142|53.0000|5.4043|0.0000|0.0000|0.0000|2018-12-19T09:11:01.464|10X_100FOV_FlowCam Cyano Sample Run_images_000004.tif|1054E12B-50F9-4F36-BE7D-659C2B191383
543|1963|1154|37|52|942|1405|764|1|1|0|0.7035|4.5000|0|0.0000|0.0000|0.0000|756.0000|42.0000|24.0000|34.8611|115.4975|106.5067|43.6392|22.6194|273.4882|18.6605|26.3813|13.7183|21.3590|18.6605|81.2525|71.7617|102.8942|51.7866|77788.0000|1.4042|1.8791|1.1323|110.1980|661.7030|0.4919|0.7416|0.7968|0.0000|770.0000|756.0000|273.4882|-90.0000|10.0000|111.6111|108.3108|88.9484|4.2270|38.0000|5.5997|3.6522|38.0000|4.7213|0.0000|0.0000|0.0000|2018-12-19T09:11:01.836|10X_100FOV_FlowCam Cyano Sample Run_images_000004.tif|9CF37CEF-0E01-41BC-BA01-D58219E40F18
544|2002|1154|37|121|849|1437|765|1|1|0|0.7035|4.5000|0|0.0000|0.0000|0.0000|1995.0000|112.0000|22.0000|78.3333|256.5685|243.1700|120.3669|21.9532|818.9071|32.2903|75.6262|12.3113|51.9417|32.2903|180.4959|167.9043|139.1328|42.6716|277570.0000|2.6258|6.0847|1.0750|99.2250|662.0620|0.0000|0.7694|0.3394|0.0000|2099.0000|1995.0000|818.9071|-85.0000|5.0000|140.2020|140.9669|135.0992|4.3161|95.0000|6.1037|4.5907|95.0000|6.4206|0.0000|0.0000|0.0000|2018-12-19T09:11:02.171|10X_100FOV_FlowCam Cyano Sample Run_images_000004.tif|92B00DEE-4974-49F4-9145-375246E2226B
545|2|1381|30|144|1012|1218|766|1|1|0|0.7035|4.5000|0|0.0000|0.0000|0.0000|1578.0000|134.0000|20.0000|89.7778|298.1249|278.8270|149.5047|15.9988|632.0344|28.3678|91.1033|10.9043|59.9929|28.3678|209.7309|192.9890|135.9658|38.8247|214554.0000|4.4821|11.9975|1.0868|77.7220|662.5930|0.0000|0.3894|0.1777|0.0000|1870.0000|1578.0000|632.0344|-90.0000|0.0000|137.8257|141.0805|125.2408|4.2218|133.0000|6.1671|4.5276|133.0000|6.4960|0.0000|0.0000|0.0000|2018-12-19T09:11:02.738|10X_100FOV_FlowCam Cyano Sample Run_images_000004.tif|2EFB649A-C59D-46DE-ACCD-716E904184A7
546|34|1381|37|37|139|804|766|1|1|0|0.7035|4.5000|0|0.0000|0.0000|0.0000|505.0000|28.0000|25.0000|27.0278|93.5980|81.8000|26.0730|25.3044|169.0942|14.6730|16.5323|14.4217|15.8483|14.6730|65.8462|54.3805|126.9287|61.0905|64099.0000|1.3805|1.7729|1.2108|81.1463|662.5930|0.8184|0.6810|0.9741|0.0000|515.0000|505.0000|169.0942|5.0000|-25.0000|129.1743|130.5228|119.0614|4.2218|133.0000|6.1671|4.5276|133.0000|6.4960|0.0000|0.0000|0.0000|2018-12-19T09:11:02.738|10X_100FOV_FlowCam Cyano Sample Run_images_000004.tif|D1C15997-29C6-4A10-B51A-14EDFE5559B5
547|73|1381|59|50|350|1568|767|1|1|0|0.7035|4.5000|0|0.0000|0.0000|0.0000|1017.0000|51.0000|34.0000|44.3611|185.7817|136.5824|51.0176|31.3135|385.3114|22.1493|32.7127|20.7533|28.0423|22.1493|130.6974|92.9200|133.9410|29.1429|136218.0000|2.7007|6.3264|1.4066|66.7914|664.0780|0.3770|0.3345|0.7227|0.0000|1264.0000|1017.0000|385.3114|-35.0000|60.0000|138.4857|137.3402|125.5831|4.0030|48.0000|5.5325|4.2217|48.0000|5.7193|0.0000|0.0000|0.0000|2018-12-19T09:11:04.204|10X_100FOV_FlowCam Cyano Sample Run_images_000004.tif|FE58F3F5-0219-45D2-A6A9-94DCAABF609F
548|134|1381|29|74|791|1506|767|1|1|0|0.7035|4.5000|0|0.0000|0.0000|0.0000|764.0000|64.0000|16.0000|45.7222|149.2548|140.6521|70.4534|14.2928|276.8748|18.7757|41.8582|8.0903|28.9998|18.7757|105.0008|95.7830|147.0249|43.3640|112327.0000|2.3203|5.0933|1.0962|59.7059|664.0780|0.0000|0.8319|0.3765|0.0000|779.5000|764.0000|276.8748|-90.0000|5.0000|150.8927|152.0157|135.7317|4.0030|48.0000|5.5325|4.2217|48.0000|5.7193|0.0000|0.0000|0.0000|2018-12-19T09:11:04.204|10X_100FOV_FlowCam Cyano Sample Run_images_000004.tif|CF5B8C3F-E634-4598-A32A-7E95B48A7D04
549|165|1381|100|98|548|1080|768|1|1|0|0.7035|4.5000|0|0.0000|0.0000|0.0000|2305.0000|119.0000|32.0000|84.4722|369.1442|262.1116|120.9587|30.4537|959.1257|34.9456|80.5508|19.3463|56.2604|35.0200|259.6929|181.2298|144.9306|40.9207|334065.0000|4.6862|12.6430|1.4329|63.7627|664.2180|0.0000|0.1179|0.3787|0.0000|2969.5000|2314.0000|963.2103|-45.0000|40.0000|150.4646|149.2560|134.3349|0.0000|2.0000|0.0000|3.6863|2.0000|3.9660|0.0000|0.0000|0.0000|2018-12-19T09:11:04.321|10X_100FOV_FlowCam Cyano Sample Run_images_000004.tif|2E2D75A4-8C27-43EF-AF5E-28F0CE606CFB
550|267|1381|183|251|822|1322|769|1|1|0|0.7035|4.5000|0|0.0000|0.0000|0.0000|4838.0000|263.0000|119.0000|203.8611|995.7199|637.5013|284.0193|119.0045|2127.6895|52.0486|181.8547|80.5508|140.2505|52.1512|700.4889|445.3164|139.3272|39.0477|674065.0000|16.2475|49.0225|1.5730|91.0521|664.7340|0.0000|0.0648|0.1304|0.0000|18852.0000|4856.0000|2136.0877|50.0000|-40.0000|144.6036|144.7625|126.6532|4.2659|208.0000|6.2386|4.6887|208.0000|6.6629|0.0000|0.0000|0.0000|2018-12-19T09:11:04.844|10X_100FOV_FlowCam Cyano Sample Run_images_000004.tif|F3159BD2-F537-4FEC-8CD7-DF82FBD77C52
551|452|1381|104|100|856|1213|770|1|1|0|0.7035|4.5000|0|0.0000|0.0000|0.0000|6542.0000|105.0000|90.0000|96.3889|331.4214|300.0927|96.5572|90.1116|2926.3078|61.0401|70.7018|60.1493|64.6438|62.2554|233.1550|207.9495|106.8675|33.7731|699127.0000|1.2869|1.2300|1.1212|145.5931|665.5460|0.8517|0.8456|0.9915|0.0000|6896.5000|6792.0000|3043.9924|40.0000|-90.0000|114.1084|110.4344|97.0992|3.6268|82.0000|5.2369|4.2966|82.0000|5.8827|0.0000|0.0000|0.0000|2018-12-19T09:11:05.656|10X_100FOV_FlowCam Cyano Sample Run_images_000004.tif|BB6149E3-4E64-4A2A-99E7-1B6CD6F51AA3
552|558|1381|146|178|778|1178|771|1|2|0|0.7035|4.5000|0|0.0000|0.0000|0.0000|4185.0000|173.0000|128.0000|155.5278|790.6833|486.0230|190.1895|151.7403|1823.7128|48.1874|118.5397|86.8822|106.2481|48.6029|556.2457|338.7514|151.4038|45.8822|633625.0000|11.6977|34.7206|1.6420|67.9309|665.9370|0.1988|0.5170|0.1830|0.0000|14502.0000|4253.0000|1855.3006|-75.0000|15.0000|154.9921|155.0724|142.8301|4.2214|157.0000|6.1888|4.4753|157.0000|6.5050|0.0000|0.0000|0.0000|2018-12-19T09:11:06.040|10X_100FOV_FlowCam Cyano Sample Run_images_000004.tif|6E6F529E-B755-4D54-B44A-06A7B8BD8397
553|706|1381|55|154|902|1421|773|1|1|0|0.7035|4.5000|0|0.0000|0.0000|0.0000|2872.0000|146.0000|35.0000|103.3056|388.3087|320.9114|158.4918|26.0936|1217.7117|39.3756|99.5452|21.4567|69.5097|39.9933|273.1752|222.5954|112.7096|34.9660|323702.0000|4.0592|10.6585|1.2272|82.3736|668.5310|0.0000|0.5759|0.2918|0.0000|3667.0000|2956.0000|1256.2130|80.0000|-10.0000|127.1556|120.2420|92.3882|4.6503|109.0000|6.4183|4.1069|109.0000|5.6894|0.0000|0.0000|0.0000|2018-12-19T09:11:08.633|10X_100FOV_FlowCam Cyano Sample Run_images_000004.tif|ACBE71D1-273D-4358-B2E8-62C3BD637CDA
554|763|1381|54|169|851|1452|776|1|1|0|0.7035|4.5000|0|0.0000|0.0000|0.0000|1773.0000|162.0000|30.0000|109.1667|368.6934|339.6349|181.5722|26.4749|719.1357|30.2594|110.8012|17.9393|73.6330|30.2594|259.3758|235.7674|147.7716|41.4098|261999.0000|6.1012|17.1089|1.1001|98.5891|670.6560|0.0000|0.3425|0.1341|0.0000|3289.0000|1773.0000|719.1357|80.0000|-10.0000|149.3847|149.7327|143.2814|4.3602|140.0000|6.3527|4.7061|140.0000|6.7060|0.0000|0.0000|0.0000|2018-12-19T09:11:10.766|10X_100FOV_FlowCam Cyano Sample Run_images_000004.tif|BB84A818-8D3A-4336-8431-E84EFB4DDC5A
555|819|1381|37|118|393|880|777|1|1|0|0.7035|4.5000|0|0.0000|0.0000|0.0000|1439.0000|109.0000|19.0000|74.1389|241.9828|229.5101|119.7432|15.8516|570.3071|26.9469|73.5157|10.2007|48.9910|26.9469|170.2349|158.2946|150.2606|43.6250|216225.0000|3.2382|8.0487|1.0754|58.9244|670.7810|0.0000|0.7994|0.2512|0.0000|1491.0000|1439.0000|570.3071|-85.0000|5.0000|152.5177|154.6880|140.6796|4.1750|1000.0000|6.7992|4.4401|1000.0000|6.8881|0.0000|0.0000|0.0000|2018-12-19T09:11:10.917|10X_100FOV_FlowCam Cyano Sample Run_images_000004.tif|DABECB20-EDE3-4ADD-89A6-88467D1B68FD
556|858|1381|41|75|989|1780|778|1|3|0|0.7035|4.5000|0|0.0000|0.0000|0.0000|575.0000|63.0000|24.0000|47.9722|183.8822|147.6253|66.8953|21.9504|197.7895|15.8693|41.1547|13.7183|30.5827|16.0177|129.3611|100.6886|99.3043|44.4917|57100.0000|4.6074|12.3939|1.2848|109.5671|670.8900|0.0000|0.3855|0.3000|0.0000|1156.5000|584.0000|201.5058|-90.0000|-10.0000|103.7270|100.3496|95.6139|4.2312|69.0000|5.7971|4.6240|69.0000|6.1898|0.0000|0.0000|0.0000|2018-12-19T09:11:11.024|10X_100FOV_FlowCam Cyano Sample Run_images_000004.tif|3BEC6490-3F45-4050-92F4-277DBC3CF2BC
557|901|1381|28|86|888|1588|778|1|1|0|0.7035|4.5000|0|0.0000|0.0000|0.0000|754.0000|77.0000|14.0000|52.4444|173.3970|161.5656|83.2821|12.4286|272.6421|18.6317|51.0038|6.6833|33.7289|18.6317|121.9848|110.4956|132.3899|41.5207|99822.0000|3.1732|7.8415|1.1040|99.5128|670.8900|0.0000|0.4990|0.2708|0.0000|835.5000|754.0000|272.6421|-85.0000|5.0000|134.5279|137.4828|121.5517|4.2312|69.0000|5.7971|4.6240|69.0000|6.1898|0.0000|0.0000|0.0000|2018-12-19T09:11:11.024|10X_100FOV_FlowCam Cyano Sample Run_images_000004.tif|D8D08F4B-E9C9-4F35-847B-0859327329FF
558|931|1381|126|609|876|755|779|1|1|0|0.7035|4.5000|0|0.0000|0.0000|0.0000|10775.0000|599.0000|116.0000|396.4444|1539.2174|1242.1997|667.1685|144.4200|4930.7957|79.2344|418.2308|78.4403|275.7329|79.2344|1082.8394|870.7217|149.7729|52.0565|1613803.0000|17.4974|52.9507|1.2436|59.3403|671.1250|0.0000|0.4708|0.0589|0.0000|42120.0000|10775.0000|4930.7957|-90.0000|0.0000|151.2656|153.4911|141.8969|4.8470|445.0000|7.1524|5.2088|445.0000|7.5210|0.0000|0.0000|0.0000|2018-12-19T09:11:11.256|10X_100FOV_FlowCam Cyano Sample Run_images_000004.tif|48F0A952-29CE-46A1-869C-D9186EBFBFCF
559|1059|1381|179|116|272|1392|780|1|6|0|0.7035|4.5000|0|0.0000|0.0000|0.0000|2777.0000|169.0000|100.0000|131.0278|844.8498|408.6289|164.7297|80.9234|1174.2233|38.6661|115.7258|67.1843|89.0123|38.7789|594.3518|284.3047|138.1160|42.1740|383548.0000|20.3439|61.8960|2.0905|70.7836|671.4840|0.0000|0.2065|0.2111|0.0000|10650.5000|2792.0000|1181.0859|-15.0000|85.0000|144.5848|143.3288|125.4084|3.9009|41.0000|5.3232|4.0383|41.0000|5.3667|0.0000|0.0000|0.0000|2018-12-19T09:11:11.603|10X_100FOV_FlowCam Cyano Sample Run_images_000004.tif|DB7DE7C7-C301-4D3F-B11C-FB0B4847C46E
560|1240|1381|37|140|326|1212|781|1|1|0|0.7035|4.5000|0|0.0000|0.0000|0.0000|1957.0000|130.0000|19.0000|89.1944|291.8822|277.0677|145.8243|18.1290|801.7876|31.9510|88.2892|10.2007|59.5825|31.9510|205.3391|191.7514|151.1978|48.2598|295894.0000|3.4643|8.7694|1.0709|52.5184|671.8430|0.0000|0.6676|0.2308|0.0000|2085.5000|1957.0000|801.7876|-90.0000|5.0000|152.9928|154.8769|143.3521|3.1870|2.0000|3.3877|3.8093|2.0000|3.9798|0.0000|0.0000|0.0000|2018-12-19T09:11:11.955|10X_100FOV_FlowCam Cyano Sample Run_images_000004.tif|4EA632A0-1CB4-469A-AD97-50DDBA6ADCB3
561|1279|1381|79|55|642|1430|783|1|1|0|0.7035|4.5000|0|0.0000|0.0000|0.0000|788.0000|78.0000|15.0000|54.0833|188.6518|166.9872|86.8203|12.4634|287.0521|19.1177|51.7073|7.3868|34.8819|19.2446|132.7165|114.3097|134.6396|33.4555|106096.0000|3.5535|9.0531|1.1610|96.6203|674.8590|0.0000|0.6430|0.2638|0.0000|936.0000|797.0000|290.8754|25.0000|-60.0000|137.8046|139.1155|124.6421|3.8969|59.0000|5.4731|4.2432|59.0000|5.8625|0.0000|0.0000|0.0000|2018-12-19T09:11:14.992|10X_100FOV_FlowCam Cyano Sample Run_images_000004.tif|C1F2605E-F799-44DD-9873-B3066FA05237
562|1360|1381|45|59|271|1490|785|1|1|0|0.7035|4.5000|0|0.0000|0.0000|0.0000|748.0000|56.0000|17.0000|40.5278|131.1960|124.3420|59.2825|16.4111|270.1047|18.5448|36.2302|8.7937|25.3456|18.5448|92.2964|84.3088|134.7219|52.4879|100772.0000|1.8312|3.4641|1.0947|52.3796|676.2650|0.1551|0.7708|0.5034|0.0000|731.0000|748.0000|270.1047|50.0000|-35.0000|136.1604|139.4171|124.9144|3.9573|59.0000|5.4991|4.4274|59.0000|5.9846|0.0000|0.0000|0.0000|2018-12-19T09:11:16.382|10X_100FOV_FlowCam Cyano Sample Run_images_000004.tif|B2E055A0-CA36-4743-8056-FFD11F726B58
563|1407|1381|40|80|476|1190|785|1|1|0|0.7035|4.5000|0|0.0000|0.0000|0.0000|771.0000|71.0000|29.0000|53.0556|185.3381|163.7698|77.1941|24.9492|279.8404|18.8760|46.7828|17.2357|34.1589|18.8760|130.3854|112.0463|143.3774|37.8482|110544.0000|3.5454|9.0274|1.1637|93.2152|676.2650|0.0000|0.3361|0.2983|0.0000|1403.5000|771.0000|279.8404|-75.0000|5.0000|146.4617|145.9300|137.1751|3.9573|59.0000|5.4991|4.4274|59.0000|5.9846|0.0000|0.0000|0.0000|2018-12-19T09:11:16.382|10X_100FOV_FlowCam Cyano Sample Run_images_000004.tif|1B6DA7F6-A085-42DC-8C06-667E7BA424E0
564|1449|1381|47|36|703|1330|786|1|1|0|0.7035|4.5000|0|0.0000|0.0000|0.0000|582.0000|38.0000|19.0000|31.5278|103.4975|95.9035|39.6743|19.1904|200.6794|15.9848|23.5673|10.2007|19.0141|15.9848|72.8105|64.3024|144.8677|52.7660|84313.0000|1.4646|2.1323|1.1323|63.4157|676.6560|0.4881|0.7958|0.7630|0.0000|575.5000|582.0000|200.6794|-30.0000|70.0000|148.1443|149.2079|135.1684|3.8880|32.0000|5.2347|4.0752|32.0000|5.4386|0.0000|0.0000|0.0000|2018-12-19T09:11:16.784|10X_100FOV_FlowCam Cyano Sample Run_images_000004.tif|DC8B708B-59C5-490B-A7F4-48520ABC145D
565|1498|1381|34|117|499|1505|787|1|1|0|0.7035|4.5000|0|0.0000|0.0000|0.0000|1400.0000|108.0000|22.0000|74.2500|242.8112|230.0503|120.6089|18.4894|553.0487|26.5361|72.8123|12.3113|49.0691|26.5361|170.8177|158.6746|146.1321|45.3455|204585.0000|3.3512|8.4092|1.0765|54.5733|677.0780|0.0000|0.3713|0.2395|0.0000|1781.5000|1400.0000|553.0487|80.0000|-5.0000|148.3157|151.1914|135.3300|4.0553|84.0000|5.8456|4.4404|84.0000|6.1813|0.0000|0.0000|0.0000|2018-12-19T09:11:17.192|10X_100FOV_FlowCam Cyano Sample Run_images_000004.tif|D25BEF67-5B02-4B1E-8756-4C1B1FCF6446
566|1534|1381|41|61|144|1005|788|1|1|0|0.7035|4.5000|0|0.0000|0.0000|0.0000|800.0000|55.0000|19.0000|40.5278|142.7107|124.1513|56.0063|18.6193|292.1505|19.2867|35.5267|10.2007|25.3456|19.2867|100.3970|84.1747|143.1625|52.0239|114530.0000|2.0259|4.1219|1.1927|59.8197|678.6090|0.2412|0.8006|0.5848|0.0000|812.5000|800.0000|292.1505|55.0000|-25.0000|143.4462|146.5712|136.3475|3.9217|65.0000|5.3969|4.4843|65.0000|5.8876|0.0000|0.0000|0.0000|2018-12-19T09:11:18.736|10X_100FOV_FlowCam Cyano Sample Run_images_000004.tif|430E2B90-0A89-4612-ABF4-61C4EF444896
567|1577|1381|36|74|993|1158|790|1|1|0|0.7035|4.5000|0|0.0000|0.0000|0.0000|867.0000|65.0000|17.0000|46.7778|153.7401|143.9506|70.3464|16.1973|320.7283|20.2080|42.5618|8.7937|29.7424|20.2080|108.1562|98.1035|146.2111|51.4942|126765.0000|2.1694|4.5980|1.1025|61.1884|679.0930|0.0299|0.8050|0.4237|0.0000|874.5000|867.0000|320.7283|75.0000|-15.0000|147.9331|150.7347|136.7232|4.3659|86.0000|6.0382|4.7543|86.0000|6.4570|0.0000|0.0000|0.0000|2018-12-19T09:11:19.207|10X_100FOV_FlowCam Cyano Sample Run_images_000004.tif|26930DB3-4258-4920-B174-3F9421CE77ED
568|1615|1381|29|118|730|1595|792|1|1|0|0.7035|4.5000|0|0.0000|0.0000|0.0000|855.0000|109.0000|17.0000|72.6111|248.3675|225.0354|120.7455|12.1672|315.5965|20.0457|73.5157|8.7937|47.9162|20.0457|174.7265|155.1467|142.2316|28.5789|121608.0000|5.7413|15.9744|1.1262|80.2389|680.2960|0.0000|0.0650|0.1478|0.0000|1266.0000|855.0000|315.5965|-85.0000|5.0000|149.2515|150.0444|124.2222|4.0039|70.0000|5.6447|4.2382|70.0000|5.8880|0.0000|0.0000|0.0000|2018-12-19T09:11:20.405|10X_100FOV_FlowCam Cyano Sample Run_images_000004.tif|31E3C4D6-A1FE-4360-A309-4F197278C3CA
569|1646|1381|34|99|641|1426|794|1|1|0|0.7035|4.5000|0|0.0000|0.0000|0.0000|824.0000|89.0000|20.0000|61.1111|207.4386|189.3631|99.6436|17.7387|302.3661|19.6210|59.4458|10.9043|39.8259|19.6210|145.9331|130.0512|128.7828|37.9330|106117.0000|4.1557|10.9642|1.1221|138.4754|680.5780|0.0000|0.0683|0.2048|0.0000|1242.0000|824.0000|302.3661|-90.0000|5.0000|133.0352|133.5121|117.9053|3.9493|75.0000|5.6557|4.3050|75.0000|6.0368|0.0000|0.0000|0.0000|2018-12-19T09:11:20.683|10X_100FOV_FlowCam Cyano Sample Run_images_000004.tif|699AD239-047E-4FBB-8541-6B0419D9045C
570|1682|1381|29|111|586|1555|796|1|1|0|0.7035|4.5000|0|0.0000|0.0000|0.0000|923.0000|101.0000|15.0000|68.0556|231.3970|210.7663|110.6759|12.2018|344.7484|20.9511|67.8877|7.3868|44.7114|20.9511|162.7878|145.1083|139.0650|37.6432|128357.0000|4.6164|12.4224|1.1218|79.4393|681.0930|0.0000|0.3784|0.1896|0.0000|1116.5000|923.0000|344.7484|-90.0000|5.0000|143.4009|147.1647|121.4854|4.1392|89.0000|5.8943|4.4674|89.0000|6.1955|0.0000|0.0000|0.0000|2018-12-19T09:11:21.199|10X_100FOV_FlowCam Cyano Sample Run_images_000004.tif|AFC88A65-75B8-40A7-83E9-A94BF8C97EAD
571|1713|1381|46|65|284|1419|798|1|1|0|0.7035|4.5000|0|0.0000|0.0000|0.0000|917.0000|61.0000|21.0000|44.6111|150.0244|137.0600|62.5215|19.6100|342.1693|20.8726|39.7478|11.6077|28.2182|20.8726|105.5422|93.2560|133.4602|52.7239|122383.0000|1.9532|3.8783|1.1317|76.9206|683.6560|0.1689|0.5924|0.5439|0.0000|933.0000|917.0000|342.1693|-60.0000|25.0000|133.9629|136.6510|126.9924|3.9687|78.0000|5.6493|4.4576|78.0000|6.1220|0.0000|0.0000|0.0000|2018-12-19T09:11:23.768|10X_100FOV_FlowCam Cyano Sample Run_images_000004.tif|E23D34DF-1A67-4A4F-A313-51C148D14270
572|1761|1381|88|91|551|1480|799|1|1|0|0.7035|4.5000|0|0.0000|0.0000|0.0000|2431.0000|81.0000|75.0000|78.5278|261.2792|243.7601|78.5674|75.4439|1016.3737|35.9734|53.8178|49.5968|52.0786|50.7728|183.8099|168.3195|122.7528|20.5669|298412.0000|1.1766|1.0000|1.0920|67.8125|683.9680|0.8701|0.8315|0.9909|0.0000|4640.0000|4617.0000|2024.6584|-90.0000|40.0000|130.4179|129.5627|106.4718|4.5117|71.0000|6.0244|4.8040|71.0000|6.3031|0.0000|0.0000|0.0000|2018-12-19T09:11:24.101|10X_100FOV_FlowCam Cyano Sample Run_images_000004.tif|F1F6EA39-4566-4D24-BBA1-41DA80C8C820
573|1851|1381|33|56|766|1511|800|1|1|0|0.7035|4.5000|0|0.0000|0.0000|0.0000|473.0000|49.0000|14.0000|34.8611|116.3259|106.4022|52.7610|11.9368|156.1136|14.0986|31.3057|6.6833|21.3590|14.0986|81.8353|71.6882|137.5095|38.7448|65042.0000|2.2766|4.9501|1.1415|119.8713|684.5460|0.1265|0.7615|0.4116|0.0000|501.5000|473.0000|156.1136|-75.0000|15.0000|140.5159|141.3510|128.8605|3.8529|43.0000|5.3226|4.3077|43.0000|5.7697|0.0000|0.0000|0.0000|2018-12-19T09:11:24.655|10X_100FOV_FlowCam Cyano Sample Run_images_000004.tif|9EDDB898-89AB-4916-A5B3-6388F1CF5B5C
574|1886|1381|38|96|947|1516|801|1|1|0|0.7035|4.5000|0|0.0000|0.0000|0.0000|752.0000|88.0000|12.0000|59.5833|200.2254|184.4648|98.8949|10.5375|271.7961|18.6027|58.7422|5.2763|38.7511|18.6027|140.8586|126.6052|141.0120|32.4671|106041.0000|4.2424|11.2389|1.1126|97.7473|684.7180|0.0000|0.4217|0.1936|0.0000|844.0000|752.0000|271.7961|-80.0000|15.0000|146.9707|148.3644|124.3098|3.8250|75.0000|5.5483|4.3043|75.0000|5.9846|0.0000|0.0000|0.0000|2018-12-19T09:11:24.860|10X_100FOV_FlowCam Cyano Sample Run_images_000004.tif|2BF761D3-2929-493B-8042-F7AFC78B85DD
575|1926|1381|105|93|398|1509|802|1|2|0|0.7035|4.5000|0|0.0000|0.0000|0.0000|4092.0000|103.0000|81.0000|91.6667|338.1076|285.1297|99.5780|70.1474|1780.5393|47.6136|69.2948|53.8178|61.3218|54.1486|237.8587|197.4230|147.2407|33.7787|602509.0000|1.7451|3.1665|1.2048|56.7067|687.0780|0.5570|0.5880|0.8947|0.0000|5821.0000|5213.0000|2302.8392|25.0000|-80.0000|149.0061|149.7849|141.5513|3.8855|46.0000|5.1472|4.2756|46.0000|5.6858|0.0000|0.0000|0.0000|2018-12-19T09:11:27.210|10X_100FOV_FlowCam Cyano Sample Run_images_000004.tif|9B20964F-AA2B-4552-B599-BCFB8E2EA934
576|2|2|39|62|630|1235|803|1|1|0|0.7035|4.5000|0|0.0000|0.0000|0.0000|1166.0000|53.0000|29.0000|41.9722|133.9828|128.6283|51.6733|28.7977|450.1467|23.9404|34.1198|17.2357|26.3617|23.9404|94.2569|87.3243|90.0274|27.3998|104972.0000|1.2252|1.0000|1.0794|105.4274|687.4840|0.5416|0.9477|0.8485|0.0000|1130.0000|1166.0000|450.1467|-85.0000|0.0000|99.8756|95.8636|74.8113|4.2105|53.0000|5.7725|3.8758|53.0000|5.2844|0.0000|0.0000|0.0000|2018-12-19T09:11:27.613|10X_100FOV_FlowCam Cyano Sample Run_images_000005.tif|2C5F0D93-18B8-4911-B696-0040EFD31025
577|43|2|34|102|476|1444|804|1|1|0|0.7035|4.5000|0|0.0000|0.0000|0.0000|971.0000|93.0000|17.0000|63.6667|223.3970|197.0009|104.1990|13.1901|365.4253|21.5702|62.2598|8.7937|41.6238|21.5702|157.1598|135.4244|149.6045|41.3868|145266.0000|4.0900|10.7562|1.1605|91.5485|687.7340|0.0000|0.4013|0.2241|0.0000|1176.0000|971.0000|365.4253|-85.0000|5.0000|150.9670|151.5417|145.3110|3.8983|88.0000|5.6455|4.3372|88.0000|6.0472|0.0000|0.0000|0.0000|2018-12-19T09:11:27.841|10X_100FOV_FlowCam Cyano Sample Run_images_000005.tif|45CCCF01-0298-4437-8AF9-6E97CDC36012
578|79|2|74|114|562|1489|807|1|1|0|0.7035|4.5000|0|0.0000|0.0000|0.0000|1662.0000|116.0000|31.0000|80.5556|276.1493|250.2747|128.6039|24.2870|669.4876|29.1962|78.4403|18.6427|53.5051|29.1962|194.2710|172.9025|140.5391|49.7953|233576.0000|3.6513|9.3641|1.1236|70.6797|689.6250|0.0000|0.2031|0.2471|0.0000|2389.0000|1662.0000|669.4876|60.0000|-30.0000|141.4807|144.8724|131.7064|4.4358|92.0000|6.2482|4.8366|92.0000|6.6415|0.0000|0.0000|0.0000|2018-12-19T09:11:29.735|10X_100FOV_FlowCam Cyano Sample Run_images_000005.tif|357AC64E-684F-4AD5-B92E-5A14834F5247
579|155|2|31|111|971|1319|808|1|1|0|0.7035|4.5000|0|0.0000|0.0000|0.0000|1303.0000|101.0000|18.0000|68.9722|227.0538|213.7046|111.8432|15.8608|510.2508|25.4887|67.8877|9.4973|45.3562|25.4887|159.7323|147.1754|146.7222|47.8608|191179.0000|3.1485|7.7625|1.0853|50.7500|689.7030|0.0000|0.5629|0.2600|0.0000|1439.0000|1303.0000|510.2508|-90.0000|5.0000|150.2893|151.2740|136.4559|3.9730|85.0000|5.6850|4.2989|85.0000|6.0502|0.0000|0.0000|0.0000|2018-12-19T09:11:29.833|10X_100FOV_FlowCam Cyano Sample Run_images_000005.tif|00DE6C4E-C05E-446F-B48D-823AFA99C181
580|188|2|35|167|895|1500|809|1|1|0|0.7035|4.5000|0|0.0000|0.0000|0.0000|1353.0000|158.0000|13.0000|104.7222|364.7107|325.8114|174.7602|10.6389|532.2882|26.0333|107.9873|5.9798|70.5063|26.2268|256.5740|226.0426|102.0946|30.4175|138134.0000|7.7206|22.2099|1.1351|115.3256|689.9210|0.0000|0.7478|0.1139|0.0000|1589.5000|1371.0000|540.2340|-85.0000|5.0000|110.5388|106.8803|89.4767|4.1783|79.0000|5.8674|3.9706|79.0000|5.1045|0.0000|0.0000|0.0000|2018-12-19T09:11:30.033|10X_100FOV_FlowCam Cyano Sample Run_images_000005.tif|3383479C-F64F-4A62-A6E7-C3211F093702
581|225|2|104|105|312|1344|811|1|1|0|0.7035|4.5000|0|0.0000|0.0000|0.0000|7046.0000|99.0000|94.0000|96.1111|319.4214|298.8009|95.5379|94.0224|3163.6730|63.4674|66.4808|62.9633|64.4484|63.4674|224.7130|207.0407|60.2281|33.6381|424367.0000|1.1523|1.0000|1.0854|175.3813|694.1870|0.9341|0.9381|0.9986|0.0000|7041.0000|7046.0000|3163.6730|40.0000|0.0000|69.6960|65.6564|45.9684|5.2175|83.0000|6.8682|4.4116|83.0000|6.0812|0.0000|0.0000|0.0000|2018-12-19T09:11:34.317|10X_100FOV_FlowCam Cyano Sample Run_images_000005.tif|7E88D0D1-9777-4C09-9420-06D1A27A40AD
582|331|2|166|72|671|1469|812|1|1|0|0.7035|4.5000|0|0.0000|0.0000|0.0000|2064.0000|159.0000|49.0000|111.8333|402.3747|348.0952|189.0628|47.9076|850.0329|32.8983|108.6908|31.3057|75.5090|33.0029|283.0706|241.7192|145.3396|43.8600|299981.0000|6.2062|17.4399|1.1711|72.6755|694.2500|0.0000|0.3856|0.1390|0.0000|5385.0000|2076.0000|855.4512|-10.0000|80.0000|148.7955|150.6701|133.5208|4.0185|138.0000|5.9798|4.4545|138.0000|6.2850|0.0000|0.0000|0.0000|2018-12-19T09:11:34.382|10X_100FOV_FlowCam Cyano Sample Run_images_000005.tif|098EF388-D3B4-4806-9655-8C754A9CBE8E
583|499|2|27|35|909|1541|813|1|1|0|0.7035|4.5000|0|0.0000|0.0000|0.0000|302.0000|28.0000|17.0000|22.1111|72.6274|66.5359|25.4307|15.5258|88.7355|10.6293|16.5323|8.7937|12.3894|10.6293|51.0934|43.6423|135.9967|50.0767|41071.0000|1.3899|1.8158|1.1707|75.8485|694.8750|0.6647|0.7413|0.8663|0.0000|302.0000|302.0000|88.7355|60.0000|0.0000|139.6656|140.3874|125.9503|3.9010|44.0000|5.2243|4.2791|44.0000|5.6351|0.0000|0.0000|0.0000|2018-12-19T09:11:34.997|10X_100FOV_FlowCam Cyano Sample Run_images_000005.tif|36464A56-4964-40DF-B16D-883F419796A9
584|528|2|30|86|323|1280|815|1|1|0|0.7035|4.5000|0|0.0000|0.0000|0.0000|808.0000|77.0000|13.0000|53.0556|170.6690|163.5277|85.5033|12.4287|295.5530|19.3987|51.0038|5.9798|34.1589|19.3987|120.0656|111.8760|139.4777|44.0932|112698.0000|2.8687|6.8667|1.0732|102.5605|695.3900|0.0000|0.7379|0.2756|0.0000|812.0000|808.0000|295.5530|75.0000|-10.0000|137.4059|138.7611|141.6485|3.8605|61.0000|5.4979|4.2763|61.0000|5.8952|0.0000|0.0000|0.0000|2018-12-19T09:11:35.507|10X_100FOV_FlowCam Cyano Sample Run_images_000005.tif|F579D858-EBBF-4589-879F-4D9EE3ACF2D9
585|560|2|29|59|436|1211|816|1|1|0|0.7035|4.5000|0|0.0000|0.0000|0.0000|807.0000|50.0000|19.0000|38.7222|123.4558|118.5787|53.2089|19.6734|295.1275|19.3847|32.0093|10.2007|24.0753|19.3847|86.8512|80.2544|148.8426|52.3197|120116.0000|1.5029|2.2837|1.0822|52.9655|695.5460|0.2952|0.8837|0.6386|0.0000|779.0000|807.0000|295.1275|-85.0000|0.0000|150.3321|152.2974|141.4548|4.0991|56.0000|5.6420|4.4835|56.0000|6.0233|0.0000|0.0000|0.0000|2018-12-19T09:11:35.650|10X_100FOV_FlowCam Cyano Sample Run_images_000005.tif|B935A704-E630-456D-9DB8-DC0152643BA5
586|591|2|45|86|988|1382|817|1|1|0|0.7035|4.5000|0|0.0000|0.0000|0.0000|683.0000|81.0000|13.0000|54.6389|186.0244|168.6539|89.8119|10.6950|242.7328|17.5800|53.8178|5.9798|35.2727|17.7163|130.8682|115.4823|145.1010|32.2283|99104.0000|3.9795|10.4057|1.1332|94.0556|696.4680|0.0000|0.5269|0.2154|0.0000|783.5000|692.0000|246.5096|-70.0000|20.0000|151.4641|152.1757|128.7657|4.0605|79.0000|5.7738|4.5201|79.0000|6.2116|0.0000|0.0000|0.0000|2018-12-19T09:11:36.604|10X_100FOV_FlowCam Cyano Sample Run_images_000005.tif|5695E9E7-7670-418D-A0D0-4C50CA917ADB
587|638|2|36|41|511|764|818|1|1|0|0.7035|4.5000|0|0.0000|0.0000|0.0000|588.0000|32.0000|26.0000|28.9722|93.8406|87.6385|30.5170|24.8180|203.1593|16.0832|19.3463|15.1253|17.2162|16.0832|66.0169|58.4879|151.8520|38.6729|89289.0000|1.1918|1.0000|1.1287|60.4444|696.6400|0.8172|0.8128|0.9678|0.0000|577.0000|588.0000|203.1593|-85.0000|0.0000|155.1531|155.3776|143.7007|3.6425|30.0000|4.0381|4.0294|30.0000|5.2567|0.0000|0.0000|0.0000|2018-12-19T09:11:36.753|10X_100FOV_FlowCam Cyano Sample Run_images_000005.tif|8916D8A8-117A-4A4D-B16C-9C63A1C6AF95
588|676|2|119|116|273|1233|819|1|1|0|0.7035|4.5000|0|0.0000|0.0000|0.0000|8292.0000|112.0000|104.0000|108.3056|413.4630|337.3193|105.4102|101.9306|3752.2280|69.1194|75.6262|69.9982|73.0272|69.5669|290.8712|234.1384|82.3578|35.3157|682911.0000|1.6205|2.7237|1.2423|127.5534|697.0310|0.7986|0.8003|0.9943|0.0000|8786.5000|8395.0000|3800.9783|35.0000|70.0000|92.4748|88.2780|66.8770|4.7147|102.0000|6.5061|4.1583|102.0000|5.8127|0.0000|0.0000|0.0000|2018-12-19T09:11:37.160|10X_100FOV_FlowCam Cyano Sample Run_images_000005.tif|EC6815ED-E9C5-4F65-8BD2-72DD8A9C95AC
589|797|2|41|188|977|1352|820|1|1|0|0.7035|4.5000|0|0.0000|0.0000|0.0000|1789.0000|178.0000|31.0000|118.8611|407.7645|370.1575|200.8572|25.7199|726.3060|30.4099|122.0572|18.6427|80.4530|30.4099|286.8623|257.2401|141.3169|35.3705|252816.0000|7.3960|21.1881|1.1152|88.7255|697.1870|0.0000|0.4162|0.1111|0.0000|3653.5000|1789.0000|726.3060|-90.0000|0.0000|145.3952|147.2834|128.0715|4.2052|148.0000|6.1789|4.3924|148.0000|6.4233|0.0000|0.0000|0.0000|2018-12-19T09:11:37.322|10X_100FOV_FlowCam Cyano Sample Run_images_000005.tif|8D4ECE1F-156A-41AE-8BAE-8BEA717C2B96
590|840|2|169|160|753|848|820|1|1|0|0.7035|4.5000|0|0.0000|0.0000|0.0000|11778.0000|170.0000|100.0000|146.7222|531.3280|457.8568|157.1419|110.2486|5408.5458|82.9842|116.4292|67.1843|100.0533|87.7460|373.7892|318.9365|128.5292|29.4827|1513817.0000|1.7128|3.0535|1.1720|52.5202|697.1870|0.5451|0.8828|0.9064|0.0000|13520.0000|13116.0000|6047.0592|-65.0000|60.0000|139.6919|134.4753|112.6111|4.2052|148.0000|6.1789|4.3924|148.0000|6.4233|0.0000|0.0000|0.0000|2018-12-19T09:11:37.322|10X_100FOV_FlowCam Cyano Sample Run_images_000005.tif|02E1AF51-81D2-4823-892F-AE63F97B293D
591|1011|2|109|87|227|1376|821|1|1|0|0.7035|4.5000|0|0.0000|0.0000|0.0000|5225.0000|99.0000|77.0000|87.2778|308.3919|271.3160|97.0045|71.8189|2308.4503|54.2145|66.4808|51.0038|58.2342|54.2145|216.9537|187.7051|77.4201|35.8113|404520.0000|1.4485|2.0666|1.1558|122.6832|698.0620|0.5547|0.5765|0.9133|0.0000|5446.5000|5225.0000|2308.4503|0.0000|-90.0000|87.5967|82.8488|62.8794|4.7288|71.0000|6.3354|4.0625|71.0000|5.4851|0.0000|0.0000|0.0000|2018-12-19T09:11:38.192|10X_100FOV_FlowCam Cyano Sample Run_images_000005.tif|62D4A2F5-BAE9-439F-AA65-565EBCDFB31E
592|1122|2|102|101|749|1108|822|1|1|0|0.7035|4.5000|0|0.0000|0.0000|0.0000|6345.0000|99.0000|91.0000|94.8333|344.9361|294.6956|92.5853|90.8828|2833.6540|60.0660|66.4808|60.8528|63.5495|61.2654|242.6625|204.1526|94.2315|36.9641|597899.0000|1.4372|2.0200|1.1886|141.1993|698.4210|0.8385|0.8348|0.9967|0.0000|6733.0000|6588.0000|2947.9532|25.0000|-90.0000|105.6284|99.4816|79.5573|4.6870|109.0000|6.4389|4.1836|109.0000|5.8191|0.0000|0.0000|0.0000|2018-12-19T09:11:38.535|10X_100FOV_FlowCam Cyano Sample Run_images_000005.tif|F40558A4-5EBF-4DA8-9290-76CDCD32743D
593|1226|2|38|177|985|1299|823|1|1|0|0.7035|4.5000|0|0.0000|0.0000|0.0000|1934.0000|167.0000|26.0000|112.4444|398.6518|350.1867|188.7993|20.8408|791.4339|31.7441|114.3188|15.1253|75.9389|31.7441|280.4515|243.1906|143.3956|41.8780|277327.0000|6.5391|18.4893|1.1532|93.1848|698.8750|0.0000|0.0786|0.1365|0.0000|2996.0000|1934.0000|791.4339|-90.0000|-5.0000|147.4866|146.9147|134.9555|4.1766|160.0000|6.1683|4.5153|160.0000|6.5090|0.0000|0.0000|0.0000|2018-12-19T09:11:38.992|10X_100FOV_FlowCam Cyano Sample Run_images_000005.tif|080D524F-02C1-4721-92B4-FA486AAF588D
594|1266|2|35|34|865|210|823|1|1|0|0.7035|4.5000|0|0.0000|0.0000|0.0000|363.0000|30.0000|20.0000|24.7778|98.7696|74.8669|25.5861|19.1097|112.3155|11.9585|17.9393|10.9043|14.2654|11.9585|69.4844|49.5031|99.4821|32.8867|36112.0000|2.1386|4.4962|1.4036|91.0000|698.8750|0.6439|0.5139|0.9064|0.0000|394.0000|363.0000|112.3155|-45.0000|40.0000|99.5868|99.4160|99.5950|4.1766|160.0000|6.1683|4.5153|160.0000|6.5090|0.0000|0.0000|0.0000|2018-12-19T09:11:38.992|10X_100FOV_FlowCam Cyano Sample Run_images_000005.tif|C0BD52F4-5B79-44CE-A787-CA6118AD7AA9
595|1303|2|27|41|1030|976|825|1|1|0|0.7035|4.5000|0|0.0000|0.0000|0.0000|422.0000|32.0000|17.0000|25.8889|80.2843|77.6750|32.6180|16.5936|135.6334|13.1413|19.3463|8.7937|15.0471|13.1413|56.4800|51.4786|143.7678|49.7562|60670.0000|1.2155|1.0000|1.0972|39.3750|699.1560|0.5592|0.8127|0.8024|0.0000|399.0000|422.0000|135.6334|70.0000|0.0000|147.0972|148.0900|134.0355|3.8220|51.0000|5.3079|4.2027|51.0000|5.7030|0.0000|0.0000|0.0000|2018-12-19T09:11:39.269|10X_100FOV_FlowCam Cyano Sample Run_images_000005.tif|452F9E78-DD8C-40BF-A8F0-EE49A9387C09
596|1332|2|41|151|719|1382|826|1|1|0|0.7035|4.5000|0|0.0000|0.0000|0.0000|1437.0000|143.0000|16.0000|94.9722|310.9533|295.3191|159.5909|12.3496|569.4214|26.9260|97.4348|8.0903|63.6472|26.9260|218.7556|204.5912|149.8302|38.3825|215306.0000|5.3546|14.7541|1.0692|84.9931|699.2500|0.0000|0.6738|0.1428|0.0000|1641.5000|1437.0000|569.4214|-85.0000|10.0000|151.9986|151.9033|144.9346|4.5861|45.0000|5.8526|4.8890|45.0000|6.1734|0.0000|0.0000|0.0000|2018-12-19T09:11:39.384|10X_100FOV_FlowCam Cyano Sample Run_images_000005.tif|CE1DF354-F664-499D-9E4D-8901C6702C12
597|1375|2|137|228|871|1437|828|1|3|0|0.7035|4.5000|0|0.0000|0.0000|0.0000|4404.0000|225.0000|105.0000|170.8611|1321.8103|533.7657|186.0160|109.6289|1925.5022|49.5139|155.1217|70.7018|117.0350|49.6214|929.8935|372.3384|139.1206|32.7355|612687.0000|31.4420|96.7675|2.4974|76.8740|700.6400|0.0000|0.2038|0.2415|0.0000|16201.0000|4422.0000|1933.8758|70.0000|-15.0000|148.0107|145.1412|123.8806|3.9324|82.0000|5.6506|3.7212|82.0000|4.9062|0.0000|0.0000|0.0000|2018-12-19T09:11:40.756|10X_100FOV_FlowCam Cyano Sample Run_images_000005.tif|353AA323-7DBF-43D0-B0A7-5F683A17C7E2
598|1514|2|36|91|303|1467|830|1|1|0|0.7035|4.5000|0|0.0000|0.0000|0.0000|1245.0000|82.0000|21.0000|58.3333|194.5685|180.0795|89.5665|18.4704|484.7533|24.8437|54.5213|11.6077|37.8717|24.8437|136.8789|123.5202|137.9727|50.0506|171776.0000|2.4197|5.4172|1.1082|51.6685|700.9060|0.0000|0.6926|0.3791|0.0000|1322.0000|1245.0000|484.7533|-80.0000|10.0000|138.7815|141.8546|130.0466|4.0181|61.0000|5.5487|4.4058|61.0000|5.9991|0.0000|0.0000|0.0000|2018-12-19T09:11:41.025|10X_100FOV_FlowCam Cyano Sample Run_images_000005.tif|CAC5EFD6-D769-4256-A501-E23471EFDD9F
599|1552|2|153|123|313|1581|831|1|3|0|0.7035|4.5000|0|0.0000|0.0000|0.0000|6036.0000|147.0000|57.0000|118.9444|546.2986|370.3840|143.8403|57.6943|2688.4782|58.5071|100.2488|36.9338|80.5116|59.1929|384.3211|257.3994|132.4220|29.5501|799299.0000|3.8485|9.9904|1.4931|62.1382|701.1870|0.0114|0.4394|0.6543|0.0000|7230.5000|6171.0000|2751.8807|-10.0000|60.0000|141.1948|138.3865|117.3471|4.6996|58.0000|6.2617|3.9346|58.0000|5.2507|0.0000|0.0000|0.0000|2018-12-19T09:11:41.295|10X_100FOV_FlowCam Cyano Sample Run_images_000005.tif|7C77455C-E4FF-4577-AA4B-B205679EDB75
600|1707|2|74|81|204|1241|832|1|1|0|0.7035|4.5000|0|0.0000|0.0000|0.0000|2986.0000|73.0000|55.0000|66.3333|245.9655|204.9031|70.4971|55.0693|1269.9740|40.2117|48.1898|35.5267|43.4997|40.2117|173.0367|140.9836|77.3533|45.4240|230977.0000|1.6123|2.6940|1.2274|87.5000|701.3750|0.7166|0.8169|0.9502|0.0000|3132.5000|2986.0000|1269.9740|30.0000|-35.0000|78.3248|79.1705|73.4206|3.2312|31.0000|4.2123|4.2177|31.0000|5.3945|0.0000|0.0000|0.0000|2018-12-19T09:11:41.496|10X_100FOV_FlowCam Cyano Sample Run_images_000005.tif|B38532B4-1047-48C8-992F-B1F3C240ECBB
601|1783|2|94|455|480|1194|833|1|2|0|0.7035|4.5000|0|0.0000|0.0000|0.0000|4281.0000|445.0000|83.0000|294.5833|1066.4062|922.1998|507.4447|81.1256|1868.3121|48.7730|309.8918|55.2248|204.0736|49.8002|750.2168|645.6018|144.3305|33.6080|617879.0000|20.3273|61.8440|1.1620|91.5075|701.5930|0.0000|0.1223|0.0429|0.0000|21180.5000|4452.0000|1947.8342|-90.0000|0.0000|148.8503|150.1644|131.1656|3.8731|85.0000|5.6328|4.2570|85.0000|6.0096|0.0000|0.0000|0.0000|2018-12-19T09:11:41.703|10X_100FOV_FlowCam Cyano Sample Run_images_000005.tif|70C67923-FC60-4575-8329-518A912E7E67
602|1879|2|104|158|357|1530|835|1|1|0|0.7035|4.5000|0|0.0000|0.0000|0.0000|6324.0000|149.0000|55.0000|119.6111|520.5168|372.3604|157.3689|57.2982|2823.7817|59.9612|101.6557|35.5267|80.9807|61.9706|366.1836|258.7898|126.9695|32.2957|802955.0000|3.2022|7.9340|1.4150|91.4437|702.7650|0.0849|0.6490|0.6113|0.0000|7079.0000|6733.0000|3016.2087|85.0000|-20.0000|136.0563|132.2057|113.2268|4.6796|75.0000|6.2704|4.0059|75.0000|5.1245|0.0000|0.0000|0.0000|2018-12-19T09:11:42.885|10X_100FOV_FlowCam Cyano Sample Run_images_000005.tif|7E380363-2B20-4FA2-B7C2-7CAB113CB330
603|1985|2|43|199|562|1405|836|1|1|0|0.7035|4.5000|0|0.0000|0.0000|0.0000|1793.0000|192.0000|19.0000|126.6667|420.1665|394.4668|214.7944|14.1899|728.0991|30.4474|131.9063|10.2007|85.9443|30.4474|295.5871|274.3416|138.9024|39.5318|249052.0000|7.8352|22.5708|1.0774|110.1658|702.8750|0.0000|0.3515|0.0985|0.0000|2746.0000|1793.0000|728.0991|85.0000|-5.0000|142.6670|142.7836|129.8622|3.5954|48.0000|5.1209|4.2066|48.0000|5.3808|0.0000|0.0000|0.0000|2018-12-19T09:11:43.004|10X_100FOV_FlowCam Cyano Sample Run_images_000005.tif|5483FE4F-2B9F-4CC8-9879-3D7F606DFB3F
604|2|459|49|61|272|1535|838|1|1|0|0.7035|4.5000|0|0.0000|0.0000|0.0000|692.0000|59.0000|17.0000|42.3333|139.6812|129.9648|62.2280|15.1984|246.5096|17.7163|38.3407|8.7937|26.6157|17.7163|98.2657|88.2645|135.0072|46.6921|93425.0000|2.2437|4.8422|1.1133|70.3509|704.2810|0.0617|0.5122|0.4294|0.0000|724.0000|692.0000|246.5096|50.0000|-35.0000|137.1893|140.4205|123.5014|3.8112|1.0000|3.8112|3.8614|1.0000|3.8614|0.0000|0.0000|0.0000|2018-12-19T09:11:44.394|10X_100FOV_FlowCam Cyano Sample Run_images_000005.tif|EE25C033-F412-4B90-86BA-182B32B1FBBD
605|53|459|31|117|410|268|838|1|1|0|0.7035|4.5000|0|0.0000|0.0000|0.0000|1195.0000|108.0000|16.0000|73.1667|240.0833|226.3398|120.0702|13.3585|462.8332|24.2755|72.8123|8.0903|48.3070|24.2755|168.8986|156.0643|140.5548|41.6138|167963.0000|3.8384|9.9582|1.0822|98.5752|704.2810|0.0000|0.6432|0.2085|0.0000|1304.5000|1195.0000|462.8332|85.0000|-5.0000|140.5690|142.6636|136.4377|3.8112|1.0000|3.8112|3.8614|1.0000|3.8614|0.0000|0.0000|0.0000|2018-12-19T09:11:44.394|10X_100FOV_FlowCam Cyano Sample Run_images_000005.tif|0B277EB5-F589-4409-86DF-BFA85CF5621A
606|86|459|27|68|1003|1288|839|1|1|0|0.7035|4.5000|0|0.0000|0.0000|0.0000|691.0000|59.0000|16.0000|42.4722|143.7401|130.2676|64.2442|14.8564|246.0897|17.7012|38.3407|8.0903|26.7134|17.7012|101.1212|88.4775|132.4747|47.2438|91540.0000|2.3794|5.2859|1.1429|91.0234|704.7340|0.0479|0.5508|0.4047|0.0000|752.5000|691.0000|246.0897|80.0000|-5.0000|132.8538|136.2504|124.9219|4.1733|69.0000|5.8051|4.4461|69.0000|6.1387|0.0000|0.0000|0.0000|2018-12-19T09:11:44.864|10X_100FOV_FlowCam Cyano Sample Run_images_000005.tif|2B239544-0D45-4BCB-9EBF-7B1EF1A1F397
607|115|459|46|39|833|1413|840|1|1|0|0.7035|4.5000|0|0.0000|0.0000|0.0000|579.0000|41.0000|20.0000|31.9722|109.3970|96.9379|38.8298|19.5553|199.4405|15.9354|25.6777|10.9043|19.3267|15.9354|76.9608|65.0301|142.5320|50.1026|82526.0000|1.6448|2.8118|1.1835|58.1630|705.3120|0.5219|0.7407|0.7800|0.0000|587.0000|579.0000|199.4405|-30.0000|60.0000|144.4801|145.8066|135.4456|4.2337|46.0000|5.6527|4.6090|46.0000|6.0208|0.0000|0.0000|0.0000|2018-12-19T09:11:45.429|10X_100FOV_FlowCam Cyano Sample Run_images_000005.tif|00BCE241-BAD8-4D8A-8C8B-A5061943B929
608|163|459|253|98|201|1512|841|1|1|0|0.7035|4.5000|0|0.0000|0.0000|0.0000|2679.0000|246.0000|74.0000|172.3056|649.1686|537.8575|290.8616|80.1367|1129.4253|37.9214|169.8953|48.8933|118.0512|38.3106|456.6901|375.2170|144.8074|34.0307|387939.0000|12.2841|36.5642|1.2171|84.8149|706.4530|0.0000|0.2903|0.0764|0.0000|11553.5000|2730.0000|1152.7302|10.0000|-80.0000|147.6988|149.6670|134.1713|4.4630|105.0000|5.9998|4.7689|105.0000|6.3499|0.0000|0.0000|0.0000|2018-12-19T09:11:46.575|10X_100FOV_FlowCam Cyano Sample Run_images_000005.tif|FA03DD9A-2373-4EB8-938A-CE97AAAE8612
609|418|459|24|72|808|1263|842|1|1|0|0.7035|4.5000|0|0.0000|0.0000|0.0000|641.0000|62.0000|14.0000|44.2222|141.9411|135.2196|69.4057|13.0078|225.1688|16.9320|40.4513|6.6833|27.9446|17.3509|99.8556|91.9612|153.6240|36.3948|98473.0000|2.4001|5.3533|1.0858|64.4697|707.2650|0.0000|0.3788|0.3411|0.0000|669.0000|668.0000|236.4483|-90.0000|0.0000|155.2059|155.0390|150.2168|4.0593|45.0000|5.4685|4.3468|45.0000|5.7559|0.0000|0.0000|0.0000|2018-12-19T09:11:47.389|10X_100FOV_FlowCam Cyano Sample Run_images_000005.tif|6A130668-BCD9-4358-91D8-2A396F8D6489
610|444|459|66|111|413|1468|843|1|1|0|0.7035|4.5000|0|0.0000|0.0000|0.0000|2187.0000|105.0000|33.0000|77.1944|275.9655|239.3310|110.7203|29.0167|905.6408|33.9573|70.7018|20.0497|51.1405|33.9573|194.1417|165.2036|144.0992|44.6993|315145.0000|2.7711|6.5530|1.1752|95.9628|709.3590|0.0000|0.5151|0.4251|0.0000|2636.5000|2187.0000|905.6408|70.0000|-20.0000|144.4362|146.1020|140.0594|4.1589|89.0000|5.8980|4.4368|89.0000|6.2374|0.0000|0.0000|0.0000|2018-12-19T09:11:49.478|10X_100FOV_FlowCam Cyano Sample Run_images_000005.tif|275056E4-E1B0-4046-A8A5-77D3E14FD287
611|512|459|57|35|860|1194|846|1|1|0|0.7035|4.5000|0|0.0000|0.0000|0.0000|943.0000|47.0000|25.0000|37.8611|121.2548|115.7047|47.3953|25.3429|353.3543|21.2110|29.8987|14.4217|23.4695|21.2110|85.3028|78.2325|103.3669|22.3961|97475.0000|1.2407|1.0000|1.0904|96.5185|710.0460|0.5275|0.9217|0.8313|0.0000|909.5000|943.0000|353.3543|0.0000|-90.0000|114.4624|109.9968|86.1262|4.3655|37.0000|5.6476|4.0365|37.0000|5.1148|0.0000|0.0000|0.0000|2018-12-19T09:11:50.185|10X_100FOV_FlowCam Cyano Sample Run_images_000005.tif|B54FF745-A814-4651-8EF9-A5EAD60838D2
612|571|459|29|29|516|881|846|1|1|0|0.7035|4.5000|0|0.0000|0.0000|0.0000|282.0000|21.0000|19.0000|19.5556|60.2843|58.3075|19.1868|18.7803|81.1477|10.1647|11.6077|10.2007|10.5916|10.1647|42.4100|37.8536|163.8546|39.0381|46207.0000|1.0255|1.0000|1.1204|47.6538|710.0460|0.9230|0.8540|0.9962|0.0000|262.5000|282.0000|81.1477|-75.0000|0.0000|165.4539|164.5638|161.8617|4.3655|37.0000|5.6476|4.0365|37.0000|5.1148|0.0000|0.0000|0.0000|2018-12-19T09:11:50.185|10X_100FOV_FlowCam Cyano Sample Run_images_000005.tif|726D4D5E-BBFA-42EF-A898-051F6F125F08
613|602|459|28|122|913|95|846|1|1|0|0.7035|4.5000|0|0.0000|0.0000|0.0000|821.0000|112.0000|18.0000|74.9444|271.5391|232.2770|121.2398|12.9370|301.0878|19.5795|75.6262|9.4973|49.5576|19.9913|191.0278|160.2411|125.8551|32.6423|103327.0000|6.8949|19.6098|1.1921|70.9440|710.0460|0.0000|0.4193|0.1458|0.0000|1286.0000|851.0000|313.8872|-90.0000|0.0000|131.8392|129.0706|117.2984|4.3655|37.0000|5.6476|4.0365|37.0000|5.1148|0.0000|0.0000|0.0000|2018-12-19T09:11:50.185|10X_100FOV_FlowCam Cyano Sample Run_images_000005.tif|622BE045-89BA-4D9D-ABDE-427A2485CADB
614|632|459|132|165|813|1523|847|1|1|0|0.7035|4.5000|0|0.0000|0.0000|0.0000|6163.0000|157.0000|62.0000|129.9444|689.0509|405.4489|166.4227|63.8009|2748.1225|59.1525|107.2837|40.4513|88.2501|65.8003|484.7473|282.0676|132.7685|27.6698|818252.0000|5.0057|13.6525|1.7186|60.9124|710.5150|0.0000|0.3413|0.6051|0.0000|8725.5000|7548.0000|3400.5183|40.0000|-30.0000|142.2458|137.8069|119.2578|4.6437|72.0000|6.2625|3.8792|72.0000|4.8296|0.0000|0.0000|0.0000|2018-12-19T09:11:50.639|10X_100FOV_FlowCam Cyano Sample Run_images_000005.tif|C512015C-50A5-43F9-8E39-3410C211EE9B
615|766|459|86|189|634|1429|849|1|1|0|0.7035|4.5000|0|0.0000|0.0000|0.0000|2656.0000|189.0000|23.0000|126.6667|425.1615|395.3717|219.7256|18.5784|1118.9213|37.7446|129.7957|13.0147|85.9443|37.7446|299.1011|274.9782|150.6461|48.6076|400116.0000|5.4159|14.9476|1.0877|63.4674|711.8750|0.0000|0.4315|0.1391|0.0000|3600.5000|2656.0000|1118.9213|-75.0000|20.0000|153.6167|155.2297|140.5441|4.0950|140.0000|6.0918|4.4512|140.0000|6.3878|0.0000|0.0000|0.0000|2018-12-19T09:11:51.996|10X_100FOV_FlowCam Cyano Sample Run_images_000005.tif|34BC5B2A-B04C-4710-83E2-875D52A5BB99
616|854|459|194|129|812|1480|850|1|1|0|0.7035|4.5000|0|0.0000|0.0000|0.0000|3402.0000|200.0000|108.0000|149.5278|972.1636|466.9566|180.7592|106.3585|1461.3216|43.1348|137.5343|72.8123|102.0271|43.7231|683.9171|325.3382|139.7781|35.7971|475525.0000|21.5560|65.7049|2.1022|81.5018|712.9680|0.0000|0.3086|0.2020|0.0000|13286.0000|3489.0000|1501.4536|20.0000|-65.0000|148.4418|145.0567|126.0973|4.0684|58.0000|5.5969|3.9580|58.0000|5.3166|0.0000|0.0000|0.0000|2018-12-19T09:11:53.102|10X_100FOV_FlowCam Cyano Sample Run_images_000005.tif|96B86CFB-1158-4383-A3CB-BABE80006A97
617|1050|459|30|93|828|1578|852|1|1|0|0.7035|4.5000|0|0.0000|0.0000|0.0000|814.0000|84.0000|15.0000|57.4722|189.1543|177.5183|93.9843|11.8488|298.1066|19.4823|55.9282|7.3868|37.2659|19.4823|133.0701|121.7184|141.0025|37.6369|114776.0000|3.4978|8.8761|1.0933|78.2312|713.6250|0.0000|0.5941|0.2310|0.0000|926.0000|814.0000|298.1066|80.0000|-5.0000|145.3833|146.4840|128.5762|3.8821|54.0000|5.4592|4.3179|54.0000|5.9122|0.0000|0.0000|0.0000|2018-12-19T09:11:53.746|10X_100FOV_FlowCam Cyano Sample Run_images_000005.tif|1D9553E8-8980-4F82-8FA7-873B1FF6193F
618|1082|459|159|163|495|1524|853|1|2|0|0.7035|4.5000|0|0.0000|0.0000|0.0000|9137.0000|159.0000|84.0000|136.4167|636.8915|425.8687|155.6403|86.6207|4152.5578|72.7131|108.6908|55.9282|92.8034|76.3030|448.0532|296.4329|129.7187|29.2892|1185240.0000|3.2208|7.9934|1.5115|65.4289|713.7810|0.3311|0.5792|0.8044|0.0000|10883.0000|10022.0000|4572.7037|70.0000|-45.0000|139.1950|135.2760|115.2024|4.7638|93.0000|6.4465|3.9604|93.0000|5.2837|0.0000|0.0000|0.0000|2018-12-19T09:11:53.904|10X_100FOV_FlowCam Cyano Sample Run_images_000005.tif|28C5492B-6E49-451F-9825-7538F46786B0
619|1243|459|111|207|832|1153|855|1|1|0|0.7035|4.5000|0|0.0000|0.0000|0.0000|9232.0000|208.0000|101.0000|158.2500|666.6173|493.9076|149.2066|99.5274|4197.6180|73.1066|143.1623|67.8877|108.1631|73.7688|468.9653|344.2982|88.5042|47.1978|817071.0000|3.7648|9.7246|1.3621|64.2807|715.0460|0.0000|0.1684|0.7436|0.0000|13506.5000|9393.0000|4274.0059|70.0000|0.0000|98.4097|93.5158|74.8932|5.0079|99.0000|6.7769|4.3602|99.0000|6.0735|0.0000|0.0000|0.0000|2018-12-19T09:11:55.177|10X_100FOV_FlowCam Cyano Sample Run_images_000005.tif|92D5D3BD-9479-423A-ADC1-8D005D5FEEC8
620|1356|459|195|222|643|1392|856|1|1|0|0.7035|4.5000|0|0.0000|0.0000|0.0000|7193.0000|212.0000|155.0000|194.2778|1673.3149|607.3912|194.5552|141.9728|3232.9864|64.1589|145.9762|105.8768|133.5087|64.9730|1177.1770|424.1340|137.2180|35.5971|987009.0000|30.2410|92.9941|2.7755|86.1516|717.8120|0.0000|0.1161|0.3234|0.0000|25761.0000|7368.0000|3315.5480|-90.0000|-30.0000|146.1285|142.4463|123.5600|4.1481|66.0000|5.6976|3.9933|66.0000|5.1336|0.0000|0.0000|0.0000|2018-12-19T09:11:57.921|10X_100FOV_FlowCam Cyano Sample Run_images_000005.tif|9FFF3248-9236-4935-83D4-5472EE463B08
621|1553|459|65|163|764|1176|858|1|1|0|0.7035|4.5000|0|0.0000|0.0000|0.0000|2803.0000|158.0000|31.0000|107.7778|361.5219|335.6828|175.1516|25.7677|1186.1195|38.8615|107.9873|18.6427|72.6559|38.8615|254.3307|232.9871|149.2940|53.4118|418471.0000|3.7105|9.5523|1.0916|46.4334|719.8280|0.0000|0.2615|0.2277|0.0000|3774.5000|2803.0000|1186.1195|-80.0000|15.0000|151.0364|152.8516|141.6425|4.4405|155.0000|6.4249|4.6913|155.0000|6.7052|0.0000|0.0000|0.0000|2018-12-19T09:11:59.942|10X_100FOV_FlowCam Cyano Sample Run_images_000005.tif|44A47D8A-6A3D-4FA7-B3DD-4580833526D1
622|1620|459|153|66|461|1462|860|1|1|0|0.7035|4.5000|0|0.0000|0.0000|0.0000|4034.0000|146.0000|34.0000|107.1111|359.5807|333.2890|162.4820|33.1221|1753.6304|47.2524|99.5452|20.7533|72.1869|47.3835|252.9650|231.3031|137.8927|36.9795|556259.0000|2.5374|5.7991|1.0937|69.0634|721.8120|0.0000|0.8287|0.3755|0.0000|4158.0000|4055.0000|1763.3718|20.0000|-80.0000|146.7263|143.4147|123.6701|4.3537|86.0000|5.9943|4.0278|86.0000|5.3651|0.0000|0.0000|0.0000|2018-12-19T09:12:01.923|10X_100FOV_FlowCam Cyano Sample Run_images_000005.tif|4B4A3BED-C061-47E4-ABD6-CBF8B04F9A2C
623|1775|459|29|92|524|1406|861|1|1|0|0.7035|4.5000|0|0.0000|0.0000|0.0000|1237.0000|82.0000|19.0000|58.4444|195.7401|180.3262|88.2220|18.6455|481.2422|24.7535|54.5213|10.2007|37.9499|24.7535|137.7032|123.6937|144.7922|52.1788|179108.0000|2.4648|5.5636|1.1133|61.0833|722.0310|0.0000|0.6575|0.3874|0.0000|1275.5000|1237.0000|481.2422|-90.0000|0.0000|147.8165|149.3840|134.6281|3.7459|69.0000|5.4781|4.2614|69.0000|5.9073|0.0000|0.0000|0.0000|2018-12-19T09:12:02.150|10X_100FOV_FlowCam Cyano Sample Run_images_000005.tif|2597570D-5FE1-4B64-BF1F-241C8BD46138
624|1806|459|43|120|921|1350|862|1|1|0|0.7035|4.5000|0|0.0000|0.0000|0.0000|1442.0000|110.0000|33.0000|77.5278|298.3503|240.4865|120.3630|29.3176|571.6359|26.9783|74.2193|20.0497|51.3751|26.9783|209.8894|166.0165|144.9688|45.7371|209045.0000|4.9122|13.3573|1.2643|69.6602|722.3280|0.0000|0.3771|0.2393|0.0000|2415.0000|1442.0000|571.6359|-90.0000|0.0000|148.1678|149.3800|135.0430|4.1639|103.0000|5.8514|4.5011|103.0000|6.2568|0.0000|0.0000|0.0000|2018-12-19T09:12:02.443|10X_100FOV_FlowCam Cyano Sample Run_images_000005.tif|9700EF80-F1E3-4DF6-8C19-9F21D31B6701
625|1851|459|29|96|331|1587|863|1|1|0|0.7035|4.5000|0|0.0000|0.0000|0.0000|769.0000|86.0000|18.0000|58.9167|199.5391|182.0768|95.8447|13.8020|278.9929|18.8474|57.3353|9.4973|38.2821|18.8474|140.3758|124.9253|132.3537|33.9805|101780.0000|4.1202|10.8519|1.1237|114.9045|723.5780|0.0000|0.0671|0.2088|0.0000|1057.5000|769.0000|278.9929|-90.0000|-5.0000|136.2081|139.9467|115.9675|4.0561|71.0000|5.7440|4.5536|71.0000|6.1675|0.0000|0.0000|0.0000|2018-12-19T09:12:03.689|10X_100FOV_FlowCam Cyano Sample Run_images_000005.tif|1D8A86C9-BBF6-4113-AADE-0D089617E52F
626|1882|459|27|63|390|1610|864|1|1|0|0.7035|4.5000|0|0.0000|0.0000|0.0000|504.0000|54.0000|16.0000|38.3889|128.0833|117.2366|56.1395|14.4666|168.6872|14.6553|34.8233|8.0903|23.8408|14.6553|90.1066|79.3102|139.0933|31.9882|70103.0000|2.5903|5.9701|1.1361|66.4737|724.0620|0.0668|0.2880|0.3819|0.0000|606.5000|504.0000|168.6872|80.0000|-5.0000|142.6012|146.5476|123.0377|3.8211|39.0000|5.1915|4.1441|39.0000|5.5625|0.0000|0.0000|0.0000|2018-12-19T09:12:04.193|10X_100FOV_FlowCam Cyano Sample Run_images_000005.tif|2B24F2FE-B82F-4CB0-9A83-BF62E36DB960
627|1911|459|53|135|172|1319|865|1|1|0|0.7035|4.5000|0|0.0000|0.0000|0.0000|1253.0000|130.0000|16.0000|86.3889|288.6518|268.3790|145.7344|12.6538|488.2658|24.9335|88.2892|8.0903|57.6088|24.9335|203.0665|185.6389|136.8683|40.4891|171496.0000|5.2916|14.5554|1.0939|125.2132|724.3430|0.0000|0.3288|0.1491|0.0000|1541.0000|1253.0000|488.2658|75.0000|-15.0000|138.4693|138.8587|132.3583|4.0197|124.0000|5.9122|4.2813|124.0000|6.1664|0.0000|0.0000|0.0000|2018-12-19T09:12:04.458|10X_100FOV_FlowCam Cyano Sample Run_images_000005.tif|5DDE65BA-CF2B-4726-9B1B-2027B8482454
628|2|683|103|101|789|1362|867|1|7|0|0.7035|4.5000|0|0.0000|0.0000|0.0000|4398.0000|96.0000|85.0000|90.6389|706.1148|281.3384|87.0115|79.3662|1922.7112|49.4780|64.3702|56.6318|60.5987|51.1221|496.7518|194.7558|96.9225|51.8327|426265.0000|8.4835|24.6110|2.5506|80.5694|725.5460|0.3921|0.4305|0.8587|0.0000|6043.0000|4677.0000|2052.6159|-35.0000|60.0000|101.1426|100.7376|87.8222|5.1137|67.0000|6.6253|4.2201|67.0000|5.6646|0.0000|0.0000|0.0000|2018-12-19T09:12:05.650|10X_100FOV_FlowCam Cyano Sample Run_images_000005.tif|93D5A5A6-E8AF-49DD-964E-333433D68473
629|107|683|31|111|154|1087|870|1|1|0|0.7035|4.5000|0|0.0000|0.0000|0.0000|1445.0000|101.0000|19.0000|70.0000|232.2254|216.5797|111.5866|17.2246|572.9647|27.0097|67.8877|10.2007|46.0793|27.0097|163.3706|149.1981|138.4291|52.1616|200030.0000|2.9699|7.1912|1.0950|53.0607|726.7030|0.0000|0.7582|0.2886|0.0000|1517.5000|1445.0000|572.9647|-90.0000|5.0000|138.7398|142.4242|130.5059|3.9546|110.0000|5.8485|4.4248|110.0000|6.2867|0.0000|0.0000|0.0000|2018-12-19T09:12:06.816|10X_100FOV_FlowCam Cyano Sample Run_images_000005.tif|53257ADD-4753-4C3D-A0D6-0C19C5C5DE83
630|140|683|57|53|402|1451|871|1|1|0|0.7035|4.5000|0|0.0000|0.0000|0.0000|1365.0000|49.0000|43.0000|46.0556|155.7817|141.5730|45.8516|40.8163|537.5847|26.1625|31.3057|27.0847|29.2344|26.1625|109.5924|96.4309|139.0703|48.8838|189831.0000|1.4148|1.9253|1.1365|55.0677|727.4370|0.6517|0.5129|0.9224|0.0000|1399.0000|1365.0000|537.5847|20.0000|-90.0000|140.4432|142.8857|131.0872|4.2721|62.0000|5.7234|4.5993|62.0000|6.1061|0.0000|0.0000|0.0000|2018-12-19T09:12:07.567|10X_100FOV_FlowCam Cyano Sample Run_images_000005.tif|9C2FD13E-C307-49EE-93B6-415DB01F5006
631|199|683|25|43|945|1267|872|1|1|0|0.7035|4.5000|0|0.0000|0.0000|0.0000|322.0000|34.0000|13.0000|25.2500|82.8701|76.0124|33.4695|12.7008|96.3987|11.0787|20.7533|5.9798|14.5976|11.0787|58.2991|50.3090|161.8447|32.7875|52114.0000|1.6972|2.9984|1.1588|58.7200|728.5780|0.4241|0.7281|0.6398|0.0000|321.0000|322.0000|96.3987|-85.0000|5.0000|165.1460|165.2888|153.8789|3.5565|35.0000|4.8350|4.2731|35.0000|5.5516|0.0000|0.0000|0.0000|2018-12-19T09:12:08.684|10X_100FOV_FlowCam Cyano Sample Run_images_000005.tif|4FFAD7CB-3FF2-4D6E-8B97-30AA0B21F84F
632|226|683|76|148|461|1283|873|1|1|0|0.7035|4.5000|0|0.0000|0.0000|0.0000|3620.0000|149.0000|34.0000|106.0556|357.2792|330.1379|159.1124|32.9644|1561.9501|44.5953|101.6557|20.7533|71.4444|46.7121|251.3459|229.0863|116.9229|35.4128|423261.0000|2.5729|5.9140|1.0972|93.2469|731.5000|0.0000|0.7580|0.3808|0.0000|4265.0000|3948.0000|1713.7548|-65.0000|15.0000|129.6724|124.2362|97.7169|4.5092|94.0000|6.2194|3.4211|94.0000|4.3722|0.0000|0.0000|0.0000|2018-12-19T09:12:11.626|10X_100FOV_FlowCam Cyano Sample Run_images_000005.tif|58B52109-BBAB-4CCB-80F2-FCD5DFC2EFFE
633|304|683|124|203|567|1448|874|1|1|0|0.7035|4.5000|0|0.0000|0.0000|0.0000|1904.0000|222.0000|19.0000|144.5833|515.4285|451.4334|259.2206|13.9753|777.9382|31.4722|153.0112|10.2007|98.5486|31.4722|362.6039|314.4176|144.2054|31.3231|274567.0000|11.1035|32.8522|1.1533|85.8684|731.7340|0.0000|0.1812|0.0719|0.0000|3126.5000|1904.0000|777.9382|60.0000|-30.0000|148.4023|150.8608|129.5331|4.0432|140.0000|6.0120|4.3940|140.0000|6.3568|0.0000|0.0000|0.0000|2018-12-19T09:12:11.860|10X_100FOV_FlowCam Cyano Sample Run_images_000005.tif|A9191B03-5F56-4969-A7E2-D035E10B82DD
634|430|683|35|54|135|1487|875|1|1|0|0.7035|4.5000|0|0.0000|0.0000|0.0000|392.0000|46.0000|25.0000|35.6944|163.5391|108.9627|45.3720|18.6972|123.7215|12.5510|29.1953|14.4217|21.9453|12.7304|115.0498|73.4895|144.1607|21.3228|56511.0000|5.3075|14.6055|1.5655|55.9648|731.9370|0.2169|0.2613|0.4240|0.0000|657.0000|401.0000|127.2836|-75.0000|0.0000|144.5918|146.9311|138.5867|4.3485|79.0000|6.0522|4.7091|79.0000|6.4276|0.0000|0.0000|0.0000|2018-12-19T09:12:12.076|10X_100FOV_FlowCam Cyano Sample Run_images_000005.tif|16346399-B04B-4CAD-8DB2-1C7BC98B4E4B
635|467|683|34|95|759|1484|875|1|1|0|0.7035|4.5000|0|0.0000|0.0000|0.0000|1014.0000|86.0000|19.0000|59.4444|199.2965|183.5397|93.7206|15.4146|384.0124|22.1120|57.3353|10.2007|38.6534|22.1120|140.2051|125.9544|142.4941|43.4461|144489.0000|3.1171|7.6622|1.1131|67.6257|731.9370|0.0000|0.3656|0.2862|0.0000|1139.5000|1014.0000|384.0124|-85.0000|5.0000|144.8531|148.0454|130.7406|4.3485|79.0000|6.0522|4.7091|79.0000|6.4276|0.0000|0.0000|0.0000|2018-12-19T09:12:12.076|10X_100FOV_FlowCam Cyano Sample Run_images_000005.tif|0C7C772A-F074-4CD8-B596-C6686CAED5EE
636|503|683|29|40|852|1443|876|1|1|0|0.7035|4.5000|0|0.0000|0.0000|0.0000|423.0000|31.0000|18.0000|25.5833|80.5269|77.0236|30.8959|17.6659|136.0322|13.1606|18.6427|9.4973|14.8321|13.1606|56.6507|51.0204|146.7305|54.4476|62067.0000|1.2199|1.0000|1.1104|55.0986|732.3750|0.6286|0.8146|0.8504|0.0000|404.5000|423.0000|136.0322|-75.0000|25.0000|150.6690|151.3593|136.1253|3.9327|36.0000|5.2191|4.2226|36.0000|5.5972|0.0000|0.0000|0.0000|2018-12-19T09:12:12.515|10X_100FOV_FlowCam Cyano Sample Run_images_000005.tif|4243D06C-AA13-4418-B805-E59525AE4B99
637|534|683|29|36|1005|1050|877|1|1|0|0.7035|4.5000|0|0.0000|0.0000|0.0000|355.0000|26.0000|19.0000|23.0278|79.1127|69.9842|24.1704|19.1158|109.1896|11.7909|15.1253|10.2007|13.0343|11.7909|55.6558|46.0681|139.9324|52.2318|49676.0000|1.4030|1.8740|1.2081|68.1857|733.2810|0.7886|0.7521|0.9520|0.0000|361.5000|355.0000|109.1896|-90.0000|0.0000|142.7070|143.8563|131.2423|3.9190|42.0000|5.2939|4.2099|42.0000|5.6195|0.0000|0.0000|0.0000|2018-12-19T09:12:13.397|10X_100FOV_FlowCam Cyano Sample Run_images_000005.tif|8A8B6BAD-FD1C-4CBF-8CD8-0E193A2E4D40
638|565|683|29|118|1033|1023|878|1|1|0|0.7035|4.5000|0|0.0000|0.0000|0.0000|961.0000|108.0000|19.0000|74.5000|268.9533|231.1051|121.2628|13.1267|361.1112|21.4425|72.8123|10.2007|49.2450|21.6719|189.2086|159.4167|142.0947|40.9515|136553.0000|5.8798|16.4109|1.1869|88.3077|734.0460|0.0000|0.3544|0.1676|0.0000|1443.5000|979.0000|368.8789|-90.0000|0.0000|146.1530|145.9979|132.9230|3.7417|48.0000|5.2638|4.1981|48.0000|5.6194|0.0000|0.0000|0.0000|2018-12-19T09:12:14.170|10X_100FOV_FlowCam Cyano Sample Run_images_000005.tif|F2B68770-BB5A-4FC7-BC8B-BF1A2C5592A6
639|596|683|51|90|299|1581|879|1|1|0|0.7035|4.5000|0|0.0000|0.0000|0.0000|667.0000|87.0000|12.0000|58.6667|195.2376|181.1874|98.4038|9.6161|236.0297|17.3356|58.0388|5.2763|38.1063|17.3356|137.3497|124.2996|138.6837|26.0354|92502.0000|4.5477|12.2051|1.1050|86.8364|734.2810|0.0000|0.4889|0.1737|0.0000|785.5000|667.0000|236.0297|65.0000|-25.0000|143.8576|149.0330|116.3808|4.2037|64.0000|5.7981|4.6026|64.0000|6.2471|0.0000|0.0000|0.0000|2018-12-19T09:12:14.416|10X_100FOV_FlowCam Cyano Sample Run_images_000005.tif|C9C392E2-9A1D-450F-978F-5231E9A23C56
640|649|683|72|151|303|1516|880|1|1|0|0.7035|4.5000|0|0.0000|0.0000|0.0000|6123.0000|145.0000|54.0000|118.0278|527.8234|367.3866|149.9713|58.9445|2729.3333|58.9499|98.8418|34.8233|79.8668|61.2752|371.3238|255.2907|129.1880|25.6434|791018.0000|3.3642|8.4506|1.4545|63.8956|734.6870|0.0294|0.5090|0.6463|0.0000|7051.0000|6590.0000|2948.8944|-70.0000|5.0000|137.4449|134.3542|115.9053|4.5259|91.0000|6.1777|3.9842|91.0000|5.5615|0.0000|0.0000|0.0000|2018-12-19T09:12:14.799|10X_100FOV_FlowCam Cyano Sample Run_images_000005.tif|D4355B63-4F4C-4603-A036-855B9AF23BBF
641|723|683|28|59|917|1448|882|1|1|0|0.7035|4.5000|0|0.0000|0.0000|0.0000|480.0000|51.0000|15.0000|36.2222|116.7696|110.6635|55.6268|12.7913|158.9450|14.2259|32.7127|7.3868|22.3166|14.2259|82.1474|74.6860|148.1958|38.0693|71134.0000|2.2605|4.8974|1.0999|80.1509|735.8590|0.0687|0.3596|0.3752|0.0000|539.5000|480.0000|158.9450|-80.0000|10.0000|150.0938|151.4187|141.1167|3.6876|35.0000|5.0770|4.0122|35.0000|5.4008|0.0000|0.0000|0.0000|2018-12-19T09:12:15.972|10X_100FOV_FlowCam Cyano Sample Run_images_000005.tif|8D19EA4F-BE26-45C3-9FDA-09F4B5F6339B
642|753|683|110|118|768|1369|883|1|1|0|0.7035|4.5000|0|0.0000|0.0000|0.0000|7608.0000|111.0000|98.0000|104.9722|391.1198|326.7777|103.7175|95.3977|3428.8526|66.0738|74.9228|65.7772|70.6822|66.2874|275.1528|226.7224|87.6283|38.5001|666676.0000|1.5902|2.6132|1.2136|130.4633|736.0460|0.7377|0.7491|0.9816|0.0000|8088.0000|7655.0000|3451.0516|-35.0000|5.0000|98.8562|93.3945|72.0640|4.9297|95.0000|6.5801|4.1152|95.0000|5.7912|0.0000|0.0000|0.0000|2018-12-19T09:12:16.167|10X_100FOV_FlowCam Cyano Sample Run_images_000005.tif|620F4967-D0E1-4031-854B-91507EEA9906
643|865|683|37|64|409|1564|884|1|1|0|0.7035|4.5000|0|0.0000|0.0000|0.0000|1049.0000|54.0000|27.0000|41.5278|136.2254|127.3455|53.3971|25.1613|399.1834|22.5445|34.8233|15.8287|26.0491|22.5445|95.8346|86.4218|86.4051|46.2731|90639.0000|1.4078|1.8949|1.1089|128.2797|736.1250|0.4311|0.8458|0.7666|0.0000|1039.0000|1049.0000|399.1834|-90.0000|0.0000|95.0477|92.4004|71.3527|4.3244|44.0000|5.7477|3.8836|44.0000|4.9935|0.0000|0.0000|0.0000|2018-12-19T09:12:16.251|10X_100FOV_FlowCam Cyano Sample Run_images_000005.tif|568CC00E-D4B9-43E9-8A24-EFC9DCAD7B1B
644|904|683|35|36|288|1479|886|1|1|0|0.7035|4.5000|0|0.0000|0.0000|0.0000|433.0000|26.0000|24.0000|25.3889|81.0122|76.3268|25.5916|23.4677|140.0273|13.3525|15.1253|13.7183|14.6953|14.0254|56.9921|50.5302|107.1709|49.2420|46405.0000|1.1136|1.0000|1.1279|120.6377|736.6560|0.8935|0.8472|0.9906|0.0000|453.5000|469.0000|154.4977|-90.0000|-65.0000|107.6952|108.6605|104.1201|4.0324|99.0000|5.8355|4.5269|99.0000|6.3125|0.0000|0.0000|0.0000|2018-12-19T09:12:16.784|10X_100FOV_FlowCam Cyano Sample Run_images_000005.tif|40FF131C-84FA-40B3-9EAE-01CA53B0FEA1
645|941|683|30|76|128|850|886|1|1|0|0.7035|4.5000|0|0.0000|0.0000|0.0000|972.0000|68.0000|18.0000|48.6111|158.5269|149.6289|73.1213|17.6171|365.8569|21.5829|44.6722|9.4973|31.0322|21.5829|111.5237|102.0982|148.4866|49.1938|144329.0000|2.0575|4.2271|1.0923|49.5705|736.6560|0.0300|0.7054|0.4375|0.0000|998.0000|972.0000|365.8569|80.0000|-5.0000|148.1152|152.0957|141.5463|4.0324|99.0000|5.8355|4.5269|99.0000|6.3125|0.0000|0.0000|0.0000|2018-12-19T09:12:16.784|10X_100FOV_FlowCam Cyano Sample Run_images_000005.tif|62BD7E1D-54E5-4751-8F0E-FA5C7E3E3448
646|973|683|166|125|648|780|886|1|1|0|0.7035|4.5000|0|0.0000|0.0000|0.0000|10546.0000|172.0000|111.0000|141.4444|627.7300|441.1402|136.7379|107.8161|4821.8384|78.3540|117.8363|74.9228|96.3404|78.5046|441.6081|307.1764|124.4876|40.1055|1312846.0000|2.9624|7.1672|1.4376|82.1841|736.6560|0.4694|0.5911|0.8890|0.0000|13149.0000|10585.0000|4840.3911|-30.0000|-85.0000|125.8856|129.8922|113.3473|4.0324|99.0000|5.8355|4.5269|99.0000|6.3125|0.0000|0.0000|0.0000|2018-12-19T09:12:16.784|10X_100FOV_FlowCam Cyano Sample Run_images_000005.tif|2B605F6D-1360-4005-A1F0-0D0582EC11A8
647|1141|683|26|123|896|1456|888|1|1|0|0.7035|4.5000|0|0.0000|0.0000|0.0000|1139.0000|113.0000|16.0000|75.9444|245.7401|235.2671|127.3135|12.7182|438.3538|23.6248|76.3298|8.0903|50.2611|23.6248|172.8782|162.3447|148.3064|39.4554|168921.0000|4.2191|11.1651|1.0649|76.7217|737.2810|0.0000|0.4858|0.1772|0.0000|1324.0000|1139.0000|438.3538|-90.0000|0.0000|149.4592|150.6190|143.3644|4.1409|98.0000|5.9720|4.4977|98.0000|6.2749|0.0000|0.0000|0.0000|2018-12-19T09:12:17.411|10X_100FOV_FlowCam Cyano Sample Run_images_000005.tif|AAF443A5-AC53-4861-9E0D-C7C837A61898
648|1169|683|67|151|355|1508|893|1|1|0|0.7035|4.5000|0|0.0000|0.0000|0.0000|5426.0000|143.0000|48.0000|113.3611|368.8112|352.8742|157.4858|49.9864|2402.4911|55.3077|97.4348|30.6023|76.5838|58.0353|259.4587|245.0812|127.4027|35.6130|691287.0000|1.8210|3.4294|1.0587|85.2080|740.4840|0.0000|0.8908|0.5544|0.0000|6086.0000|5944.0000|2645.2924|-85.0000|-5.0000|135.1998|131.6810|116.0276|4.6075|83.0000|6.2771|3.8958|83.0000|5.3473|0.0000|0.0000|0.0000|2018-12-19T09:12:20.594|10X_100FOV_FlowCam Cyano Sample Run_images_000005.tif|18B53E34-4BA7-48C3-B3EB-5182F6B7FC11
649|1238|683|100|174|204|1301|894|1|1|0|0.7035|4.5000|0|0.0000|0.0000|0.0000|1997.0000|182.0000|50.0000|126.0556|439.0610|392.6808|206.1976|47.5021|819.8085|32.3081|124.8713|32.0093|85.5144|32.3081|308.8794|273.0852|140.6279|39.0176|280834.0000|7.6818|22.0877|1.1311|107.6201|742.9370|0.0000|0.3791|0.1136|0.0000|5895.0000|1997.0000|819.8085|65.0000|-25.0000|142.1287|143.6760|134.0806|4.0597|45.0000|5.4517|4.3562|45.0000|5.7678|0.0000|0.0000|0.0000|2018-12-19T09:12:23.065|10X_100FOV_FlowCam Cyano Sample Run_images_000005.tif|2A4694D7-D3B7-483E-9A26-3E1DBF9FF83F
650|1340|683|116|179|892|1397|895|1|1|0|0.7035|4.5000|0|0.0000|0.0000|0.0000|3268.0000|173.0000|104.0000|134.3889|701.5534|419.0588|161.1515|97.9035|1399.5834|42.2138|118.5397|69.9982|91.3768|42.5045|493.5428|291.6421|134.7733|38.1777|440439.0000|11.8327|35.1450|1.6923|88.4381|743.1710|0.0000|0.0613|0.2371|0.0000|10534.5000|3310.0000|1418.9242|-75.0000|-10.0000|144.2974|140.5153|119.8651|4.0257|45.0000|5.4294|3.6982|45.0000|4.8573|0.0000|0.0000|0.0000|2018-12-19T09:12:23.298|10X_100FOV_FlowCam Cyano Sample Run_images_000005.tif|FA84068E-5DFE-40EC-8521-DC2F8D0164B1
651|1458|683|38|68|391|1468|896|1|1|0|0.7035|4.5000|0|0.0000|0.0000|0.0000|799.0000|60.0000|17.0000|44.1667|145.7401|135.6787|65.4461|16.0508|291.7254|19.2727|39.0442|8.7937|27.9055|19.2727|102.5282|92.2842|147.6095|46.7748|117940.0000|2.1154|4.4196|1.1110|69.3615|743.3120|0.0793|0.8533|0.4481|0.0000|812.0000|799.0000|291.7254|-75.0000|15.0000|149.0626|151.8573|138.6884|3.9938|50.0000|5.5364|4.4368|50.0000|5.9956|0.0000|0.0000|0.0000|2018-12-19T09:12:23.418|10X_100FOV_FlowCam Cyano Sample Run_images_000005.tif|BE1B4235-99C8-484D-8854-6D1097844151
652|1498|683|113|111|860|1275|897|1|1|0|0.7035|4.5000|0|0.0000|0.0000|0.0000|7689.0000|107.0000|97.0000|102.6944|361.1198|319.5658|103.1106|95.5973|3467.1125|66.4414|72.1088|65.0738|69.0798|66.5364|254.0478|221.6488|77.4670|38.6839|595644.0000|1.3460|1.6058|1.1462|123.6977|743.3750|0.8492|0.8368|0.9931|0.0000|7900.0000|7710.0000|3477.0333|-60.0000|45.0000|89.3747|83.2996|61.4776|5.0922|114.0000|6.8820|4.4682|114.0000|6.0780|0.0000|0.0000|0.0000|2018-12-19T09:12:23.484|10X_100FOV_FlowCam Cyano Sample Run_images_000005.tif|ECB324EB-56D8-4307-AA0B-2AE526028AB9
653|1613|683|57|158|408|1157|900|1|1|0|0.7035|4.5000|0|0.0000|0.0000|0.0000|1711.0000|153.0000|15.0000|101.8611|339.3797|316.6967|171.3775|13.4614|691.3832|29.6698|104.4698|7.3868|68.4935|29.6698|238.7536|219.6304|144.0561|42.8233|246480.0000|5.3569|14.7614|1.0871|101.0721|743.7810|0.0000|0.6508|0.1474|0.0000|1945.0000|1711.0000|691.3832|75.0000|-15.0000|143.9848|145.0532|142.1777|3.0149|1.0000|3.0149|3.5938|1.0000|3.5938|0.0000|0.0000|0.0000|2018-12-19T09:12:23.910|10X_100FOV_FlowCam Cyano Sample Run_images_000005.tif|D6047168-6BE0-46A6-9C8C-C950E52F3F05
654|1672|683|42|37|814|1769|901|1|1|0|0.7035|4.5000|0|0.0000|0.0000|0.0000|558.0000|33.0000|26.0000|29.0000|104.3259|88.0679|29.8299|24.7426|190.7857|15.5858|20.0497|15.1253|17.2357|15.5858|73.3933|58.7900|123.0717|48.9155|68674.0000|1.5522|2.4717|1.2484|72.8427|744.7810|0.7175|0.5491|0.9460|0.0000|575.5000|558.0000|190.7857|10.0000|85.0000|129.5591|127.0197|112.7491|4.4450|75.0000|6.0768|4.7675|75.0000|6.4122|0.0000|0.0000|0.0000|2018-12-19T09:12:24.898|10X_100FOV_FlowCam Cyano Sample Run_images_000005.tif|173ED5A7-0B69-43D2-9BD9-735686FB9F39
655|1716|683|70|95|302|1405|901|1|1|0|0.7035|4.5000|0|0.0000|0.0000|0.0000|3171.0000|85.0000|51.0000|72.2778|246.7939|223.8590|85.5957|49.6012|1354.9511|41.5353|56.6318|32.7127|47.6817|41.5353|173.6195|154.3191|137.3321|39.0217|435480.0000|1.5285|2.3821|1.1251|62.7264|744.7810|0.4526|0.7254|0.8251|0.0000|3338.0000|3171.0000|1354.9511|-90.0000|15.0000|137.2781|140.8587|130.4251|4.4450|75.0000|6.0768|4.7675|75.0000|6.4122|0.0000|0.0000|0.0000|2018-12-19T09:12:24.898|10X_100FOV_FlowCam Cyano Sample Run_images_000005.tif|FDE344E9-A1B9-432A-AA4E-83D80CC53894
656|1788|683|38|37|888|1441|902|1|1|0|0.7035|4.5000|0|0.0000|0.0000|0.0000|303.0000|35.0000|13.0000|26.2500|87.2548|79.5507|38.1654|11.0711|89.1170|10.6521|21.4567|5.9798|15.3011|10.6521|61.3838|52.7982|139.9571|36.3062|42407.0000|1.9995|4.0338|1.1626|87.0946|745.4210|0.2779|0.2580|0.4886|0.0000|323.5000|303.0000|89.1170|35.0000|-55.0000|144.5248|145.9274|126.4521|3.8908|44.0000|5.4088|4.3257|44.0000|5.7420|0.0000|0.0000|0.0000|2018-12-19T09:12:25.550|10X_100FOV_FlowCam Cyano Sample Run_images_000005.tif|9DF317B5-3619-4C88-A3B1-2C65F81086A4
657|1828|683|109|160|906|1714|906|1|1|0|0.7035|4.5000|0|0.0000|0.0000|0.0000|2171.0000|162.0000|97.0000|126.4722|671.7544|393.9735|139.8301|91.9646|898.3987|33.8212|110.8012|65.0738|85.8074|33.9743|472.5792|273.9946|140.2602|28.5435|304505.0000|16.4046|49.5163|1.7248|75.7927|752.2340|0.0000|0.0505|0.1990|0.0000|9556.0000|2189.0000|906.5462|65.0000|5.0000|149.9268|146.5196|124.3040|0.0000|1.0000|0.0000|3.7735|1.0000|3.7735|0.0000|0.0000|0.0000|2018-12-19T09:12:32.353|10X_100FOV_FlowCam Cyano Sample Run_images_000005.tif|6146553C-0FAD-49C3-88CB-FB024F13611D
658|2|888|152|126|732|1517|907|1|2|0|0.7035|4.5000|0|0.0000|0.0000|0.0000|2453.0000|144.0000|107.0000|121.1944|666.3818|378.0697|136.4574|101.4713|1026.3830|36.1501|98.1382|72.1088|82.0945|36.1501|468.7996|262.8063|135.4859|34.9060|332347.0000|14.4058|43.2342|1.7838|92.0196|752.5620|0.0000|0.1168|0.2160|0.0000|8614.5000|2453.0000|1026.3830|10.0000|-60.0000|144.7521|141.5797|120.0090|3.9762|60.0000|5.5045|3.4190|60.0000|4.3579|0.0000|0.0000|0.0000|2018-12-19T09:12:32.686|10X_100FOV_FlowCam Cyano Sample Run_images_000005.tif|229F5780-7B26-416F-90FD-5C8BAB330583
659|156|888|51|239|316|1363|908|1|1|0|0.7035|4.5000|0|0.0000|0.0000|0.0000|3416.0000|231.0000|27.0000|151.8611|501.0366|473.9280|256.1508|21.5714|1467.7771|43.2300|159.3427|15.8287|103.6685|43.2300|352.4792|330.2426|140.4125|50.2596|479649.0000|5.8481|16.3109|1.0673|57.2559|753.0460|0.0000|0.2940|0.1316|0.0000|4729.0000|3416.0000|1467.7771|-85.0000|5.0000|141.3917|144.7749|131.4909|4.0395|188.0000|6.1454|4.4837|188.0000|6.5581|0.0000|0.0000|0.0000|2018-12-19T09:12:33.173|10X_100FOV_FlowCam Cyano Sample Run_images_000005.tif|D4B83CC7-7D4C-4837-BE2D-5FE9BA7ED451
660|209|888|103|131|848|355|909|1|1|0|0.7035|4.5000|0|0.0000|0.0000|0.0000|4199.0000|133.0000|90.0000|115.0556|728.4996|358.3734|125.8839|85.2876|1830.2148|48.2732|90.3997|60.1493|77.7759|48.7488|512.4995|248.9499|139.6694|44.8470|586472.0000|9.8744|28.9868|2.0586|64.3276|754.3590|0.0000|0.2320|0.4711|0.0000|8888.0000|4277.0000|1866.4531|50.0000|-5.0000|146.9255|143.5892|129.2053|3.7969|54.0000|5.3923|3.6555|54.0000|4.7292|0.0000|0.0000|0.0000|2018-12-19T09:12:34.471|10X_100FOV_FlowCam Cyano Sample Run_images_000005.tif|B65681A4-31CD-4984-8248-BC18B9954B15
661|314|888|84|157|646|1380|910|1|1|0|0.7035|4.5000|0|0.0000|0.0000|0.0000|1601.0000|161.0000|22.0000|106.6944|377.5046|332.4160|175.7221|17.2388|642.2788|28.5968|110.0978|12.3113|71.8938|28.7452|265.5745|230.6889|155.1955|33.5988|248468.0000|7.0177|19.9967|1.1512|70.6242|756.7650|0.0000|0.0690|0.1320|0.0000|2514.5000|1616.0000|648.9643|65.0000|-25.0000|158.3991|158.0468|148.4160|3.6339|48.0000|4.9686|4.3156|48.0000|5.6353|0.0000|0.0000|0.0000|2018-12-19T09:12:36.896|10X_100FOV_FlowCam Cyano Sample Run_images_000005.tif|1EAFB21A-CB32-449B-868D-3AC721E80FD6
662|400|888|113|120|645|352|910|1|1|0|0.7035|4.5000|0|0.0000|0.0000|0.0000|1769.0000|124.0000|96.0000|112.4722|528.3158|350.2535|127.2947|105.4196|717.3437|30.2217|84.0683|64.3702|75.9584|30.2217|371.6702|243.2376|132.1085|28.8115|233700.0000|12.5559|37.4189|1.5280|108.9341|756.7650|0.0438|0.3884|0.1649|0.0000|6801.0000|1769.0000|717.3437|-60.0000|-20.0000|143.4274|139.7671|112.7439|3.6339|48.0000|4.9686|4.3156|48.0000|5.6353|0.0000|0.0000|0.0000|2018-12-19T09:12:36.896|10X_100FOV_FlowCam Cyano Sample Run_images_000005.tif|CC6B3C75-A21F-45FB-8C3D-FF9D3052E77B
663|515|888|171|111|822|1523|911|1|1|0|0.7035|4.5000|0|0.0000|0.0000|0.0000|2709.0000|168.0000|93.0000|127.3056|800.6072|396.7738|140.1008|91.2348|1143.1319|38.1508|115.0222|62.2598|86.3937|38.4471|563.2272|275.9646|139.7490|32.8185|378580.0000|18.5615|56.2948|2.0409|89.0737|757.8120|0.0000|0.4923|0.2503|0.0000|9635.0000|2748.0000|1160.9598|20.0000|-75.0000|149.3654|146.0207|123.7996|4.0469|56.0000|5.5657|3.8585|56.0000|5.2249|0.0000|0.0000|0.0000|2018-12-19T09:12:37.918|10X_100FOV_FlowCam Cyano Sample Run_images_000005.tif|39A63B34-7438-43A3-A352-1035630C4D17
664|688|888|121|110|368|1291|912|1|1|0|0.7035|4.5000|0|0.0000|0.0000|0.0000|1945.0000|147.0000|24.0000|97.5278|322.5168|303.1855|154.5268|18.4025|796.3849|31.8432|100.2488|13.7183|65.4451|31.9241|226.8906|210.1252|97.2499|54.0507|189151.0000|4.2361|11.2191|1.0798|112.5882|758.1090|0.0000|0.4634|0.2055|0.0000|2377.5000|1954.0000|800.4368|40.0000|-50.0000|100.0555|99.1506|92.4386|4.7229|91.0000|6.3863|3.7174|91.0000|4.9476|0.0000|0.0000|0.0000|2018-12-19T09:12:38.215|10X_100FOV_FlowCam Cyano Sample Run_images_000005.tif|1F411521-3BE8-44F0-A2A7-D44A1DC6FC13
665|811|888|32|68|794|1484|913|1|1|0|0.7035|4.5000|0|0.0000|0.0000|0.0000|598.0000|60.0000|13.0000|41.8889|135.4975|128.4679|65.6555|11.9565|207.2979|16.2462|39.0442|5.9798|26.3031|16.2462|95.3225|87.2114|145.4013|36.9744|86950.0000|2.4432|5.4934|1.0930|72.2397|759.4060|0.0000|0.7241|0.3419|0.0000|600.0000|598.0000|207.2979|75.0000|-15.0000|146.8896|148.2759|139.2124|4.3106|56.0000|5.8040|4.6857|56.0000|6.2240|0.0000|0.0000|0.0000|2018-12-19T09:12:39.539|10X_100FOV_FlowCam Cyano Sample Run_images_000005.tif|22A6197D-51C6-46ED-B992-B12CB413BF2B
666|845|888|167|110|894|1087|914|1|1|0|0.7035|4.5000|0|0.0000|0.0000|0.0000|3171.0000|157.0000|97.0000|131.1389|542.4407|408.7208|188.4456|104.3767|1354.9511|41.5353|107.2837|65.0738|89.0905|41.5353|381.6070|284.3693|149.7253|49.9932|474779.0000|7.3841|21.1506|1.3419|72.4263|759.8280|0.0944|0.4705|0.1740|0.0000|10264.0000|3171.0000|1354.9511|0.0000|-85.0000|152.4365|153.6118|141.0927|4.5694|138.0000|6.5394|4.9352|138.0000|6.8922|0.0000|0.0000|0.0000|2018-12-19T09:12:39.957|10X_100FOV_FlowCam Cyano Sample Run_images_000005.tif|092999AF-1303-4EFF-8D17-392DCA02BD56
667|1014|888|52|95|1006|1031|916|1|1|0|0.7035|4.5000|0|0.0000|0.0000|0.0000|1009.0000|92.0000|18.0000|62.8611|211.2376|194.1006|101.5653|14.2572|381.8482|22.0496|61.5562|9.4973|41.0570|22.1618|148.6057|133.3840|150.0634|39.4285|151414.0000|3.4881|8.8450|1.1141|87.3481|762.1400|0.0000|0.3728|0.2464|0.0000|1219.5000|1018.0000|385.7444|65.0000|-20.0000|151.3370|151.7096|146.3142|4.1387|101.0000|5.9874|4.4751|101.0000|6.3500|0.0000|0.0000|0.0000|2018-12-19T09:12:42.255|10X_100FOV_FlowCam Cyano Sample Run_images_000005.tif|E69D228B-4944-4D69-8A90-4AFEA1E261B8
668|1068|888|32|37|813|1596|917|1|1|0|0.7035|4.5000|0|0.0000|0.0000|0.0000|348.0000|30.0000|17.0000|23.8889|78.7696|71.8175|29.1594|15.5994|106.4621|11.6427|17.9393|8.7937|13.6401|11.6427|55.4144|47.3579|123.7299|50.9988|43058.0000|1.4188|1.9426|1.1701|87.8088|762.6560|0.5918|0.7676|0.8103|0.0000|350.0000|348.0000|106.4621|-55.0000|30.0000|125.9224|128.1983|114.0948|3.9807|50.0000|5.3741|4.3523|50.0000|5.8001|0.0000|0.0000|0.0000|2018-12-19T09:12:42.781|10X_100FOV_FlowCam Cyano Sample Run_images_000005.tif|A6F5FBD1-BF05-429E-A9F2-0F5594D9A280
669|1102|888|63|58|119|1143|918|1|1|0|0.7035|4.5000|0|0.0000|0.0000|0.0000|712.0000|69.0000|15.0000|47.6667|159.3381|146.6228|75.7535|13.1769|254.9179|18.0159|45.3758|7.3868|30.3678|18.0159|112.0944|99.9834|134.4593|39.8875|95735.0000|2.8376|6.7668|1.1211|100.6061|763.0620|0.0000|0.3065|0.3067|0.0000|792.0000|712.0000|254.9179|-40.0000|50.0000|135.3904|140.2556|122.7163|3.8341|82.0000|5.5799|4.2748|82.0000|5.9866|0.0000|0.0000|0.0000|2018-12-19T09:12:43.176|10X_100FOV_FlowCam Cyano Sample Run_images_000005.tif|830D7652-CBFC-475A-B7F1-F5D7A3D1CC0D
670|1167|888|43|90|774|1173|919|1|1|0|0.7035|4.5000|0|0.0000|0.0000|0.0000|1405.0000|82.0000|21.0000|58.7500|193.2965|181.7235|88.6622|20.9016|555.2597|26.5891|54.5213|11.6077|38.1649|26.5891|135.9841|124.6767|146.1772|53.8918|205379.0000|2.1162|4.4222|1.0907|48.9827|763.3120|0.0000|0.7636|0.4312|0.0000|1452.5000|1405.0000|555.2597|70.0000|-15.0000|147.0093|150.0399|138.3302|4.5178|127.0000|6.3248|4.8487|127.0000|6.6865|0.0000|0.0000|0.0000|2018-12-19T09:12:43.432|10X_100FOV_FlowCam Cyano Sample Run_images_000005.tif|FF641658-BB15-44BC-930C-6F02BE3A139D
671|1212|888|88|60|823|1285|920|1|1|0|0.7035|4.5000|0|0.0000|0.0000|0.0000|1327.0000|86.0000|23.0000|61.4167|212.2082|189.9947|90.4476|20.9723|520.8224|25.7513|57.3353|13.0147|40.0409|25.7513|149.2885|130.4955|139.9902|52.1582|185767.0000|2.7005|6.3258|1.1440|73.0226|763.7810|0.0000|0.5023|0.3920|0.0000|1501.0000|1327.0000|520.8224|25.0000|-65.0000|142.2155|144.6835|129.9277|4.2262|121.0000|6.1639|4.5508|121.0000|6.4743|0.0000|0.0000|0.0000|2018-12-19T09:12:43.879|10X_100FOV_FlowCam Cyano Sample Run_images_000005.tif|D63D67A9-9DCB-461C-9147-5526423E0AB1
672|1302|888|52|52|940|1115|922|1|1|0|0.7035|4.5000|0|0.0000|0.0000|0.0000|1222.0000|49.0000|36.0000|42.2222|144.2254|129.8670|46.5451|34.1824|474.6629|24.5837|31.3057|22.1603|26.5376|24.6857|101.4626|88.1957|122.6424|46.4764|149869.0000|1.3447|1.5990|1.1504|53.7143|764.3430|0.7179|0.7829|0.9400|0.0000|1251.0000|1231.0000|478.6098|40.0000|-70.0000|124.9632|124.9951|117.1489|2.4829|31.0000|3.2697|4.2914|31.0000|5.5561|0.0000|0.0000|0.0000|2018-12-19T09:12:44.455|10X_100FOV_FlowCam Cyano Sample Run_images_000005.tif|624006D5-38D1-4110-A559-4775F00F7A3A
673|1356|888|28|114|1000|1186|923|1|1|0|0.7035|4.5000|0|0.0000|0.0000|0.0000|868.0000|104.0000|18.0000|71.0556|260.1249|220.1791|120.3251|12.0224|321.1562|20.2215|69.9982|9.4973|46.8219|20.3424|182.9979|151.7302|152.1624|35.4813|132077.0000|6.1398|17.2307|1.2061|83.4812|764.9060|0.0000|0.3696|0.1527|0.0000|1281.5000|877.0000|325.0090|-90.0000|0.0000|157.4194|158.0541|138.5922|3.7567|38.0000|4.2990|4.2033|38.0000|5.4300|0.0000|0.0000|0.0000|2018-12-19T09:12:45.016|10X_100FOV_FlowCam Cyano Sample Run_images_000005.tif|E26FC3C4-CD11-4CB3-9DB9-1B4DDF52563F
674|1386|888|26|61|296|1308|925|1|1|0|0.7035|4.5000|0|0.0000|0.0000|0.0000|700.0000|51.0000|16.0000|38.1111|121.4558|116.6109|53.4358|17.1264|249.8703|17.8366|32.7127|8.0903|23.6454|17.8366|85.4442|78.8700|149.3671|50.1509|104557.0000|1.6770|2.9267|1.0834|62.9035|767.2500|0.2309|0.8597|0.5661|0.0000|676.5000|700.0000|249.8703|-90.0000|0.0000|149.5886|153.1000|141.9286|4.3636|50.0000|5.6976|4.8304|50.0000|6.1891|0.0000|0.0000|0.0000|2018-12-19T09:12:47.365|10X_100FOV_FlowCam Cyano Sample Run_images_000005.tif|4A6BAA5C-BA4D-4309-B12B-C939381A528E
675|1414|888|43|102|866|1276|926|1|1|0|0.7035|4.5000|0|0.0000|0.0000|0.0000|1540.0000|95.0000|22.0000|66.8333|220.1249|206.8133|103.4168|20.1074|615.1273|27.9858|63.6668|12.3113|43.8515|27.9858|154.8579|142.3274|138.8331|52.2810|213803.0000|2.5038|5.6903|1.0880|52.8894|769.4530|0.0000|0.5790|0.3533|0.0000|1657.5000|1540.0000|615.1273|70.0000|-10.0000|140.1273|142.7117|130.7468|4.3047|102.0000|6.0924|4.6361|102.0000|6.4600|0.0000|0.0000|0.0000|2018-12-19T09:12:49.593|10X_100FOV_FlowCam Cyano Sample Run_images_000005.tif|9F892435-7EF5-4D10-9DDD-2DDB263742F5
676|1459|888|43|50|720|1588|927|1|1|0|0.7035|4.5000|0|0.0000|0.0000|0.0000|561.0000|48.0000|16.0000|35.3333|115.2965|107.5227|50.0476|14.6162|192.0201|15.6361|30.6023|8.0903|21.6912|15.6361|81.1111|72.4765|137.7344|44.1911|77269.0000|1.8856|3.6499|1.1191|56.9684|770.3280|0.2196|0.8254|0.5255|0.0000|573.0000|561.0000|192.0201|-65.0000|35.0000|139.0945|144.2460|124.4207|4.7038|40.0000|5.8870|4.9613|40.0000|6.1476|0.0000|0.0000|0.0000|2018-12-19T09:12:50.460|10X_100FOV_FlowCam Cyano Sample Run_images_000005.tif|FD4DC4FA-AF97-4988-AB33-2F4BB545992A
677|1504|888|89|32|727|1888|928|1|1|0|0.7035|4.5000|0|0.0000|0.0000|0.0000|401.0000|82.0000|16.0000|55.1667|218.7107|169.7666|91.1568|10.9847|127.2836|12.7304|54.5213|8.0903|35.6440|12.7304|153.8630|116.2651|142.8180|24.8121|57270.0000|9.4926|27.7859|1.3234|55.7424|770.7030|0.0000|0.2206|0.1211|0.0000|859.0000|401.0000|127.2836|10.0000|-75.0000|146.7132|144.4763|138.1347|4.7507|93.0000|6.4293|5.0615|93.0000|6.7597|0.0000|0.0000|0.0000|2018-12-19T09:12:50.809|10X_100FOV_FlowCam Cyano Sample Run_images_000005.tif|C422390A-012F-42BD-B45A-8D7414A954EB
678|1595|888|71|136|310|1381|928|1|1|0|0.7035|4.5000|0|0.0000|0.0000|0.0000|3352.0000|130.0000|49.0000|94.3333|336.7767|293.4801|143.9524|41.7678|1438.2742|42.7933|88.2892|31.3057|63.1977|42.8755|236.9224|203.2975|135.2378|44.1395|453317.0000|2.6830|6.2693|1.1654|55.4737|770.7030|0.0000|0.0600|0.3813|0.0000|4584.0000|3364.0000|1443.8045|75.0000|-15.0000|135.0919|139.7718|126.4126|4.7507|93.0000|6.4293|5.0615|93.0000|6.7597|0.0000|0.0000|0.0000|2018-12-19T09:12:50.809|10X_100FOV_FlowCam Cyano Sample Run_images_000005.tif|C07599B1-4DA0-40AF-A74D-AA94B3614EEC
679|1668|888|38|73|153|1115|929|1|1|0|0.7035|4.5000|0|0.0000|0.0000|0.0000|658.0000|66.0000|14.0000|45.6111|151.0538|140.4651|71.5023|12.3723|232.2657|17.1968|43.2653|6.6833|28.9217|17.1968|106.2663|95.6514|148.1064|37.6557|97454.0000|2.7595|6.5157|1.1110|86.4697|774.8120|0.0000|0.6867|0.3182|0.0000|689.0000|658.0000|232.2657|-75.0000|15.0000|148.8343|151.3146|141.5395|3.2477|2.0000|3.4878|4.0474|2.0000|4.2626|0.0000|0.0000|0.0000|2018-12-19T09:12:54.941|10X_100FOV_FlowCam Cyano Sample Run_images_000005.tif|39C5FD93-4442-4B2E-BB91-9DDC9D977826
680|1708|888|174|131|212|1507|930|1|1|0|0.7035|4.5000|0|0.0000|0.0000|0.0000|3067.0000|170.0000|119.0000|139.8056|781.5950|436.1676|163.5829|116.0292|1307.1558|40.7961|116.4292|80.5508|95.1875|41.0106|549.8521|303.6782|128.8891|31.7200|395303.0000|15.6968|47.2920|1.8106|97.6781|776.0000|0.0000|0.0556|0.1961|0.0000|11728.0000|3097.0000|1320.9366|-20.0000|-85.0000|137.6876|135.1223|113.3111|4.0076|37.0000|5.4390|3.6615|37.0000|4.7322|0.0000|0.0000|0.0000|2018-12-19T09:12:56.104|10X_100FOV_FlowCam Cyano Sample Run_images_000005.tif|959858AE-B04B-42D4-8540-564B68748AD2
681|1884|888|147|142|159|1021|930|1|1|0|0.7035|4.5000|0|0.0000|0.0000|0.0000|3424.0000|137.0000|121.0000|129.7778|799.2102|404.7076|141.1981|122.7440|1471.4664|43.2843|93.2138|81.9578|88.1329|43.5750|562.2444|281.5460|136.2456|40.6975|466505.0000|14.6608|44.0356|1.9970|74.4553|776.0000|0.0000|0.1369|0.2522|0.0000|10543.0000|3467.0000|1491.3018|0.0000|-30.0000|143.1919|142.2748|121.7547|4.0076|37.0000|5.4390|3.6615|37.0000|4.7322|0.0000|0.0000|0.0000|2018-12-19T09:12:56.104|10X_100FOV_FlowCam Cyano Sample Run_images_000005.tif|5D4C00BB-133E-431E-8D9B-9F9FBC095C9C
682|2|1129|34|34|790|1324|931|1|1|0|0.7035|4.5000|0|0.0000|0.0000|0.0000|351.0000|28.0000|19.0000|23.7222|75.2548|71.3414|27.2399|17.4890|107.6302|11.7064|16.5323|10.2007|13.5228|11.7064|52.9418|47.0229|84.5527|38.7913|29678.0000|1.2840|1.2011|1.1259|116.8710|776.3750|0.6266|0.5473|0.8530|0.0000|352.0000|351.0000|107.6302|30.0000|-50.0000|84.5157|84.8376|84.0627|2.8820|40.0000|3.7083|5.1190|40.0000|6.3571|0.0000|0.0000|0.0000|2018-12-19T09:12:56.498|10X_100FOV_FlowCam Cyano Sample Run_images_000005.tif|55A96CAA-AB21-4841-B0FF-27FF767528D0
683|38|1129|69|89|333|1565|932|1|1|0|0.7035|4.5000|0|0.0000|0.0000|0.0000|819.0000|96.0000|15.0000|64.2500|213.4214|198.6009|105.9950|11.4275|300.2358|19.5518|64.3702|7.3868|42.0341|19.6763|150.1420|136.5500|142.6667|37.1152|116844.0000|4.3776|11.6669|1.0995|114.4767|780.0310|0.0000|0.3996|0.1855|0.0000|1018.0000|828.0000|304.0710|50.0000|-35.0000|146.9475|147.2320|132.1026|3.5885|58.0000|5.1663|4.2101|58.0000|5.7243|0.0000|0.0000|0.0000|2018-12-19T09:13:00.166|10X_100FOV_FlowCam Cyano Sample Run_images_000005.tif|D64C0B6B-7AA9-46F8-B5D6-5889FE1C08F4
684|109|1129|65|133|914|572|933|1|2|0|0.7035|4.5000|0|0.0000|0.0000|0.0000|1328.0000|128.0000|31.0000|88.7778|334.1076|275.5672|148.5993|15.2486|521.2631|25.7622|86.8822|18.6427|59.2894|25.7622|235.0447|190.6958|138.7869|48.9327|184309.0000|6.6891|18.9615|1.2326|87.9054|780.1560|0.0000|0.3197|0.1515|0.0000|2449.5000|1328.0000|521.2631|-80.0000|15.0000|146.1062|143.2485|127.2628|3.3516|1.0000|3.3516|3.6407|1.0000|3.6407|0.0000|0.0000|0.0000|2018-12-19T09:13:00.276|10X_100FOV_FlowCam Cyano Sample Run_images_000005.tif|2C7721CD-69A9-4A40-90AA-19FB0235027D
685|176|1129|64|44|299|1611|935|1|1|0|0.7035|4.5000|0|0.0000|0.0000|0.0000|613.0000|62.0000|14.0000|42.8611|143.7817|131.5070|66.3034|12.4111|213.5184|16.4882|40.4513|6.6833|26.9870|16.4882|101.1504|89.3494|137.7471|29.0511|84439.0000|2.6837|6.2717|1.1321|87.3719|780.8120|0.0000|0.5978|0.3431|0.0000|648.0000|613.0000|213.5184|30.0000|-60.0000|141.5498|144.1648|123.7390|3.7864|40.0000|5.1506|4.3635|40.0000|5.6945|0.0000|0.0000|0.0000|2018-12-19T09:13:00.929|10X_100FOV_FlowCam Cyano Sample Run_images_000005.tif|E452FF9A-4758-4517-B27E-74BAE3CB78C5
686|242|1129|219|98|489|1454|936|1|1|0|0.7035|4.5000|0|0.0000|0.0000|0.0000|2827.0000|210.0000|85.0000|155.4722|614.1392|485.4016|254.1742|91.7218|1197.1045|39.0410|144.5693|56.6318|106.2089|39.5899|432.0469|338.3143|148.4347|36.6761|419625.0000|10.3461|30.4704|1.2771|64.4305|781.1870|0.0000|0.3356|0.1012|0.0000|11774.5000|2901.0000|1230.9988|5.0000|-85.0000|151.3145|153.1390|138.1114|4.1835|155.0000|6.0246|4.4915|155.0000|6.3920|0.0000|0.0000|0.0000|2018-12-19T09:13:01.304|10X_100FOV_FlowCam Cyano Sample Run_images_000005.tif|AB4CECA4-D570-4EB0-8DE8-8E0FD664FA19
687|463|1129|75|33|886|1331|938|1|1|0|0.7035|4.5000|0|0.0000|0.0000|0.0000|689.0000|67.0000|15.0000|46.9722|154.3259|144.6462|73.2959|13.1833|245.2502|17.6709|43.9688|7.3868|29.8792|17.6709|108.5683|98.5929|151.5878|38.7355|104444.0000|2.7507|6.4875|1.1012|77.1799|782.2180|0.0000|0.6470|0.3164|0.0000|765.5000|689.0000|245.2502|15.0000|-75.0000|153.4456|152.7866|148.5196|4.0572|32.0000|5.3587|4.2694|32.0000|5.5459|0.0000|0.0000|0.0000|2018-12-19T09:13:02.340|10X_100FOV_FlowCam Cyano Sample Run_images_000005.tif|6F58E4D1-886F-4D33-956A-03D0205510DB
688|540|1129|38|223|800|1437|939|1|1|0|0.7035|4.5000|0|0.0000|0.0000|0.0000|1950.0000|213.0000|28.0000|140.2500|473.6224|437.2572|246.9383|21.5223|798.6358|31.8882|146.6798|16.5323|95.5001|31.8882|333.1934|304.4447|140.1564|36.0863|273305.0000|9.1542|26.7213|1.0944|95.7945|783.0000|0.0000|0.1051|0.0808|0.0000|3829.5000|1950.0000|798.6358|-90.0000|0.0000|145.1764|146.3733|126.0456|4.1289|163.0000|6.1274|4.5415|163.0000|6.5622|0.0000|0.0000|0.0000|2018-12-19T09:13:03.110|10X_100FOV_FlowCam Cyano Sample Run_images_000005.tif|A8413DF2-3D8E-4098-9289-DB823891898B
689|580|1129|173|252|717|684|939|1|3|0|0.7035|4.5000|0|0.0000|0.0000|0.0000|8329.0000|262.0000|123.0000|203.8889|1376.0702|637.2821|251.9057|103.9178|3769.7387|69.2804|181.1513|83.3648|140.2701|78.3308|968.0654|445.1622|131.1934|41.2948|1092710.0000|14.2965|42.8906|2.1746|80.5776|783.0000|0.0000|0.4969|0.3615|0.0000|24596.5000|10540.0000|4818.9843|55.0000|-25.0000|137.4999|135.7623|119.8171|4.1289|163.0000|6.1274|4.5415|163.0000|6.5622|0.0000|0.0000|0.0000|2018-12-19T09:13:03.110|10X_100FOV_FlowCam Cyano Sample Run_images_000005.tif|F3D7A042-BF5E-4A18-A6DC-2CF9C52793C0
690|755|1129|83|98|312|1296|940|1|1|0|0.7035|4.5000|0|0.0000|0.0000|0.0000|4933.0000|100.0000|72.0000|87.3333|356.0071|271.3132|92.5768|70.9243|2172.0236|52.5881|67.1843|47.4862|58.2732|52.7517|250.4510|187.7031|112.3783|32.8606|554362.0000|2.0326|4.1443|1.3343|78.3460|785.3900|0.6157|0.6797|0.9290|0.0000|5396.0000|4962.0000|2185.5623|-55.0000|5.0000|119.1328|116.1496|102.4002|3.8484|69.0000|5.4831|4.1871|69.0000|5.7851|0.0000|0.0000|0.0000|2018-12-19T09:13:05.510|10X_100FOV_FlowCam Cyano Sample Run_images_000005.tif|67CBB028-6794-4F56-B594-8FF003FEA682
691|840|1129|38|36|1017|1202|942|1|1|0|0.7035|4.5000|0|0.0000|0.0000|0.0000|541.0000|30.0000|25.0000|27.8056|91.5980|83.8837|28.4395|24.4171|183.8036|15.2979|17.9393|14.4217|16.3955|15.2979|64.4392|55.8464|87.8558|38.1989|47530.0000|1.2341|1.0000|1.1539|150.3375|787.9370|0.8355|0.7335|0.9805|0.0000|536.0000|541.0000|183.8036|15.0000|-80.0000|91.9298|94.0721|74.1682|4.4631|42.0000|5.8492|3.9254|42.0000|4.9791|0.0000|0.0000|0.0000|2018-12-19T09:13:08.054|10X_100FOV_FlowCam Cyano Sample Run_images_000005.tif|8C1E809A-A82C-422E-A26E-DEDE26B50EEC
692|880|1129|71|150|294|1155|944|1|1|0|0.7035|4.5000|0|0.0000|0.0000|0.0000|1712.0000|150.0000|15.0000|99.8889|334.1493|310.6120|169.5682|13.6796|691.8304|29.6794|102.3593|7.3868|67.1061|29.6794|235.0740|215.3498|153.2202|36.0126|262313.0000|5.1900|14.2346|1.0916|69.5433|790.7810|0.0000|0.7333|0.1506|0.0000|1910.0000|1712.0000|691.8304|-75.0000|20.0000|152.5672|154.0666|151.8423|3.9338|122.0000|5.8369|4.3206|122.0000|6.1728|0.0000|0.0000|0.0000|2018-12-19T09:13:10.893|10X_100FOV_FlowCam Cyano Sample Run_images_000005.tif|07EC1B16-11D7-44B2-85DD-A79FB6B07076
693|953|1129|33|103|443|1482|948|1|1|0|0.7035|4.5000|0|0.0000|0.0000|0.0000|1210.0000|94.0000|18.0000|64.5000|209.9828|199.1770|102.8011|15.4388|469.4031|24.4471|62.9633|9.4973|42.2100|24.4471|147.7229|136.9553|150.3066|40.7760|181871.0000|2.8998|6.9665|1.0786|56.3679|793.0310|0.0000|0.7655|0.2851|0.0000|1231.5000|1210.0000|469.4031|-85.0000|5.0000|152.8207|155.0455|140.1025|4.0015|57.0000|5.6128|4.4631|57.0000|5.9991|0.0000|0.0000|0.0000|2018-12-19T09:13:13.155|10X_100FOV_FlowCam Cyano Sample Run_images_000005.tif|4F2D6041-FA50-4093-A83B-6700D8BCA1CC
694|988|1129|149|44|705|1330|949|1|1|0|0.7035|4.5000|0|0.0000|0.0000|0.0000|2234.0000|140.0000|29.0000|96.6111|320.5097|300.3943|157.4337|21.7190|926.9286|34.3541|95.3243|17.2357|64.8002|34.3541|225.4786|208.1616|150.0497|49.8711|335211.0000|3.6592|9.3893|1.0832|54.9966|794.6560|0.0000|0.2980|0.2252|0.0000|2837.0000|2234.0000|926.9286|5.0000|-85.0000|152.8080|153.6267|141.9552|4.5539|66.0000|6.0869|4.8680|66.0000|6.3809|0.0000|0.0000|0.0000|2018-12-19T09:13:14.790|10X_100FOV_FlowCam Cyano Sample Run_images_000005.tif|C27A7C1E-72D4-4863-B2BD-B6D1C84FE46E
695|1139|1129|42|45|424|1516|950|1|1|0|0.7035|4.5000|0|0.0000|0.0000|0.0000|517.0000|43.0000|20.0000|32.8889|111.7401|100.1910|46.0653|17.3816|173.9854|14.8837|27.0847|10.9043|19.9716|15.0920|78.6092|67.3186|143.4159|34.8318|74146.0000|1.8782|3.6248|1.1677|75.9375|795.4210|0.2545|0.2950|0.5557|0.0000|614.5000|529.0000|178.8887|-55.0000|45.0000|143.6074|145.4584|139.3694|4.5799|46.0000|6.0281|4.1243|46.0000|5.3812|0.0000|0.0000|0.0000|2018-12-19T09:13:15.538|10X_100FOV_FlowCam Cyano Sample Run_images_000005.tif|079640C4-D6FC-4CCE-9EF0-FEFBA62A8C02
696|1183|1129|58|57|476|1462|950|1|1|0|0.7035|4.5000|0|0.0000|0.0000|0.0000|1651.0000|50.0000|47.0000|48.2778|170.6102|148.4332|47.4930|44.5487|664.5770|29.0889|32.0093|29.8987|30.7977|29.0889|120.0243|101.2570|81.4864|35.5418|134534.0000|1.4030|1.8740|1.1853|114.2109|795.4210|0.8452|0.7266|0.9915|0.0000|1706.5000|1651.0000|664.5770|35.0000|-90.0000|85.8383|88.0902|66.8310|4.5799|46.0000|6.0281|4.1243|46.0000|5.3812|0.0000|0.0000|0.0000|2018-12-19T09:13:15.538|10X_100FOV_FlowCam Cyano Sample Run_images_000005.tif|0E17603D-FEDA-41E9-8A6A-26A6962DB0E8
697|1243|1129|22|47|449|1626|953|1|1|0|0.7035|4.5000|0|0.0000|0.0000|0.0000|308.0000|37.0000|12.0000|27.8611|90.8701|84.4630|40.7126|10.2291|91.0269|10.7656|22.8637|5.2763|16.4345|10.7656|63.9271|56.2540|127.1526|30.7659|39163.0000|2.1334|4.4792|1.1364|123.3976|796.8900|0.2389|0.7427|0.4451|0.0000|335.0000|308.0000|91.0269|-90.0000|0.0000|132.0390|136.5032|106.9123|4.0520|37.0000|5.2900|4.3780|37.0000|5.6660|0.0000|0.0000|0.0000|2018-12-19T09:13:17.033|10X_100FOV_FlowCam Cyano Sample Run_images_000005.tif|AD6FD351-23C9-425E-9343-3002C7EEF8DC
698|1267|1129|84|146|746|1414|954|1|2|0|0.7035|4.5000|0|0.0000|0.0000|0.0000|1760.0000|148.0000|40.0000|103.8611|418.5757|323.1967|171.3850|27.2738|713.3124|30.1366|100.9523|24.9743|69.9005|30.2217|294.4680|224.2031|142.0324|44.3833|249977.0000|7.8815|22.7165|1.3134|87.4875|799.0000|0.0000|0.2577|0.1496|0.0000|3583.5000|1769.0000|717.3437|60.0000|-30.0000|145.6443|146.5415|131.7869|4.0670|96.0000|5.9277|4.5081|96.0000|6.2539|0.0000|0.0000|0.0000|2018-12-19T09:13:19.109|10X_100FOV_FlowCam Cyano Sample Run_images_000005.tif|AD1A96C0-7A82-4CC0-B920-11AAE3755727
699|1353|1129|183|143|310|1244|956|1|2|0|0.7035|4.5000|0|0.0000|0.0000|0.0000|4259.0000|188.0000|113.0000|147.1111|887.6783|459.0309|158.4224|100.1331|1858.0885|48.6394|129.0923|76.3298|100.3269|48.7123|624.4817|319.7625|142.4935|43.3395|606880.0000|14.6815|44.1008|1.9530|56.3080|800.0310|0.0000|0.4475|0.3096|0.0000|13380.5000|4271.0000|1863.6648|20.0000|-45.0000|148.2296|147.5553|130.3433|3.9557|52.0000|5.4933|3.6664|52.0000|4.9552|0.0000|0.0000|0.0000|2018-12-19T09:13:20.148|10X_100FOV_FlowCam Cyano Sample Run_images_000005.tif|C486F5CB-097A-481E-8222-9EB4E915B56C
700|1538|1129|43|34|819|400|956|1|1|0|0.7035|4.5000|0|0.0000|0.0000|0.0000|518.0000|34.0000|23.0000|28.2500|91.2548|85.0903|31.5896|21.3699|174.3936|14.9012|20.7533|13.0147|16.7081|14.9012|64.1978|56.6953|107.9556|49.9282|55921.0000|1.2793|1.1478|1.1323|114.2308|800.0310|0.6941|0.7233|0.9068|0.0000|516.0000|518.0000|174.3936|5.0000|-75.0000|108.7915|109.5792|104.4208|3.9557|52.0000|5.4933|3.6664|52.0000|4.9552|0.0000|0.0000|0.0000|2018-12-19T09:13:20.148|10X_100FOV_FlowCam Cyano Sample Run_images_000005.tif|0DFA1EDF-EA13-46F3-B10B-9C553F7BD60F
701|1583|1129|41|35|349|132|956|1|1|0|0.7035|4.5000|0|0.0000|0.0000|0.0000|340.0000|36.0000|16.0000|27.4444|96.9117|83.0226|35.0633|13.6328|103.3542|11.4715|22.1603|8.0903|16.1414|11.4715|68.1774|55.2406|122.1235|46.7998|41522.0000|2.1982|4.6927|1.2342|104.8780|800.0310|0.4024|0.6577|0.6118|0.0000|389.5000|340.0000|103.3542|-50.0000|55.0000|120.0765|122.8382|121.6206|3.9557|52.0000|5.4933|3.6664|52.0000|4.9552|0.0000|0.0000|0.0000|2018-12-19T09:13:20.148|10X_100FOV_FlowCam Cyano Sample Run_images_000005.tif|CA82C4BB-DFD8-470A-B986-E7DF340B96A7
702|1626|1129|32|95|1013|1050|958|1|1|0|0.7035|4.5000|0|0.0000|0.0000|0.0000|898.0000|86.0000|17.0000|59.1111|190.6690|182.7353|97.0255|13.3655|334.0109|20.6222|57.3353|8.7937|38.4189|20.6222|134.1356|125.3885|147.6292|39.9291|132571.0000|3.2216|7.9959|1.0698|76.8136|802.0150|0.0000|0.3413|0.2384|0.0000|1042.0000|898.0000|334.0109|75.0000|-10.0000|147.9788|148.7962|145.2550|3.8491|100.0000|5.6443|4.3173|100.0000|6.0840|0.0000|0.0000|0.0000|2018-12-19T09:13:22.122|10X_100FOV_FlowCam Cyano Sample Run_images_000005.tif|A4AADB48-77DA-41FB-BA8A-8E5B971ECB10
703|1660|1129|116|219|282|1476|960|1|4|0|0.7035|4.5000|0|0.0000|0.0000|0.0000|3978.0000|210.0000|105.0000|158.3333|785.2346|494.2536|222.3975|99.9768|1727.6616|46.9012|144.5693|70.7018|108.2217|47.1335|552.4125|344.5417|138.0465|41.4249|549149.0000|12.2209|36.3656|1.6033|60.3826|802.9060|0.0000|0.1272|0.1720|0.0000|12969.0000|4015.0000|1744.8182|-85.0000|0.0000|143.6742|142.9520|126.2597|4.9301|97.0000|6.7156|4.1848|97.0000|5.9018|0.0000|0.0000|0.0000|2018-12-19T09:13:23.029|10X_100FOV_FlowCam Cyano Sample Run_images_000005.tif|9A6488C9-4776-4CEC-9F4F-1B1E73501217
704|1778|1129|112|110|387|1310|960|1|1|0|0.7035|4.5000|0|0.0000|0.0000|0.0000|7366.0000|103.0000|91.0000|100.0833|352.4335|311.2327|102.5022|91.8851|3314.6041|64.9637|69.2948|60.8528|67.2429|65.0192|247.9370|215.7865|69.6788|34.6289|513254.0000|1.3397|1.5731|1.1490|162.7625|802.9060|0.8220|0.8503|0.9915|0.0000|7522.5000|7378.0000|3320.2672|5.0000|-55.0000|81.1435|75.3295|54.2326|4.9301|97.0000|6.7156|4.1848|97.0000|5.9018|0.0000|0.0000|0.0000|2018-12-19T09:13:23.029|10X_100FOV_FlowCam Cyano Sample Run_images_000005.tif|FE4DE7E1-826D-49FD-96FF-F54CA5AB94CB
705|1892|1129|36|232|360|1316|961|1|1|0|0.7035|4.5000|0|0.0000|0.0000|0.0000|3510.0000|222.0000|26.0000|147.1389|484.4092|459.1265|233.9628|22.6477|1511.1461|43.8640|153.0112|15.1253|100.3465|43.8640|340.7819|319.8297|140.9801|52.5050|494840.0000|5.3200|14.6448|1.0655|67.1011|803.2810|0.0000|0.2564|0.1618|0.0000|4093.5000|3510.0000|1511.1461|-90.0000|0.0000|142.0382|145.1473|132.4194|4.0820|198.0000|6.2505|4.5196|198.0000|6.6820|0.0000|0.0000|0.0000|2018-12-19T09:13:23.395|10X_100FOV_FlowCam Cyano Sample Run_images_000005.tif|8A46F839-BBE1-4265-B52F-BFD8B2DDA64C
706|1930|1129|23|77|945|1550|962|1|1|0|0.7035|4.5000|0|0.0000|0.0000|0.0000|574.0000|67.0000|13.0000|46.6944|157.2548|143.3108|75.4412|10.4576|197.3769|15.8527|43.9688|5.9798|29.6838|15.8527|110.6288|97.6534|140.2317|34.6134|80493.0000|3.4284|8.6550|1.1329|98.9722|803.9060|0.0000|0.5034|0.2520|0.0000|641.5000|574.0000|197.3769|-90.0000|0.0000|146.5941|146.3415|125.8693|4.0103|55.0000|5.4824|4.2653|55.0000|5.7513|0.0000|0.0000|0.0000|2018-12-19T09:13:24.015|10X_100FOV_FlowCam Cyano Sample Run_images_000005.tif|372D261B-7E86-4EB7-887E-2616F85D8837
707|1955|1129|27|76|610|1271|964|1|1|0|0.7035|4.5000|0|0.0000|0.0000|0.0000|658.0000|67.0000|14.0000|46.8056|150.1838|144.0626|75.2641|12.2918|232.2657|17.1968|43.9688|6.6833|29.7620|17.1968|105.6543|98.1823|133.0729|45.3984|87562.0000|2.7278|6.4137|1.0761|127.9281|804.3120|0.0000|0.5527|0.2881|0.0000|728.0000|658.0000|232.2657|-85.0000|5.0000|132.7933|134.0061|131.3359|3.9134|62.0000|5.5039|4.2965|62.0000|5.8472|0.0000|0.0000|0.0000|2018-12-19T09:13:24.420|10X_100FOV_FlowCam Cyano Sample Run_images_000005.tif|17F798C1-7574-4320-A98A-5436B2EB5C30
708|2|1383|119|76|836|1261|965|1|1|0|0.7035|4.5000|0|0.0000|0.0000|0.0000|1785.0000|112.0000|55.0000|86.6667|351.0610|269.0915|131.3352|54.8467|724.5131|30.3723|75.6262|35.5267|57.8043|30.4849|246.9714|186.1401|141.4230|45.0839|252440.0000|5.4577|15.0795|1.3268|93.9485|804.7340|0.0000|0.3998|0.2259|0.0000|4254.5000|1797.0000|729.8924|-20.0000|75.0000|145.2476|145.6874|131.6258|3.7693|119.0000|5.7255|4.1770|119.0000|6.0181|0.0000|0.0000|0.0000|2018-12-19T09:13:24.868|10X_100FOV_FlowCam Cyano Sample Run_images_000005.tif|1BEA6CD2-3289-4E9A-BF18-14F3B2EBDA0C
709|123|1383|42|61|508|1570|966|1|1|0|0.7035|4.5000|0|0.0000|0.0000|0.0000|504.0000|58.0000|14.0000|40.6667|133.2965|124.6414|64.5238|10.8204|168.6872|14.6553|37.6373|6.6833|25.4433|14.6553|93.7741|84.5195|135.7242|40.0217|68405.0000|2.8054|6.6634|1.1095|121.0531|805.1250|0.0000|0.5345|0.2998|0.0000|561.0000|504.0000|168.6872|50.0000|-30.0000|140.7163|141.0754|123.3056|4.1610|39.0000|5.4425|4.5883|39.0000|5.8285|0.0000|0.0000|0.0000|2018-12-19T09:13:25.239|10X_100FOV_FlowCam Cyano Sample Run_images_000005.tif|0B5EE2E5-EC13-4694-B62D-E5580584094F
710|167|1383|22|145|245|747|967|1|2|0|0.7035|4.5000|0|0.0000|0.0000|0.0000|614.0000|134.0000|12.0000|89.0000|302.5685|276.2444|159.9226|8.3605|213.9336|16.5042|91.1033|5.2763|59.4458|17.0571|212.8569|191.1722|145.8339|21.5933|89542.0000|11.2252|33.2348|1.1134|54.3881|818.1250|0.0000|0.4390|0.0644|0.0000|1056.0000|649.0000|228.5063|-90.0000|0.0000|152.6710|151.2769|132.5586|3.5681|34.0000|4.8489|4.0317|34.0000|5.3368|0.0000|0.0000|0.0000|2018-12-19T09:13:38.249|10X_100FOV_FlowCam Cyano Sample Run_images_000005.tif|40C396F3-F606-47F3-834D-C97591FFAAAE
711|191|1383|162|199|122|481|967|1|1|0|0.7035|4.5000|0|0.0000|0.0000|0.0000|14722.0000|189.0000|124.0000|158.2222|646.8498|494.1678|163.7027|125.0834|6815.0096|93.1512|129.7957|84.0683|108.1436|95.5134|455.0588|344.4813|124.0826|32.4678|1826744.0000|2.1547|4.5493|1.3210|62.9140|818.1250|0.4024|0.5604|0.9271|0.0000|16039.0000|15453.0000|7165.0435|-90.0000|30.0000|133.9276|130.1935|108.3270|3.5681|34.0000|4.8489|4.0317|34.0000|5.3368|0.0000|0.0000|0.0000|2018-12-19T09:13:38.249|10X_100FOV_FlowCam Cyano Sample Run_images_000005.tif|366DB961-774D-463D-8FC9-D85EB75FAB63
712|355|1383|36|161|286|816|968|1|1|0|0.7035|4.5000|0|0.0000|0.0000|0.0000|1468.0000|152.0000|17.0000|100.1944|331.6812|311.7236|170.2384|12.4509|583.1582|27.2489|103.7662|8.7937|67.3210|27.2489|233.3377|216.1318|146.4918|42.1088|215050.0000|5.9636|16.6751|1.0796|106.1046|818.2650|0.0000|0.4979|0.1283|0.0000|1834.0000|1468.0000|583.1582|80.0000|-5.0000|148.6485|147.9462|142.8638|3.9518|200.0000|5.9311|4.3146|200.0000|6.3210|0.0000|0.0000|0.0000|2018-12-19T09:13:38.401|10X_100FOV_FlowCam Cyano Sample Run_images_000005.tif|C0FCB59C-5A5A-4786-BEF3-86BC42825758
713|393|1383|122|55|635|771|968|1|1|0|0.7035|4.5000|0|0.0000|0.0000|0.0000|1858.0000|112.0000|43.0000|82.0000|371.7229|254.4175|113.6567|38.6197|757.2656|31.0513|75.6262|27.0847|54.5213|31.2441|261.5071|175.8170|140.6163|39.5866|261265.0000|5.8520|16.3232|1.4874|72.3864|818.2650|0.0000|0.3584|0.3321|0.0000|2977.5000|1879.0000|766.6999|0.0000|85.0000|148.3730|145.6238|127.8073|3.9518|200.0000|5.9311|4.3146|200.0000|6.3210|0.0000|0.0000|0.0000|2018-12-19T09:13:38.401|10X_100FOV_FlowCam Cyano Sample Run_images_000005.tif|BC7C68E9-6A8E-4DA3-B7E6-434AE21B26C1
714|517|1383|155|164|360|519|968|1|1|0|0.7035|4.5000|0|0.0000|0.0000|0.0000|16836.0000|189.0000|139.0000|171.1944|597.4214|534.7102|161.1392|152.4939|7828.0191|99.8346|129.7957|94.6208|117.2695|105.0437|420.2860|373.0029|129.5107|31.0387|2180442.0000|1.5285|2.3820|1.1268|62.4101|818.2650|0.6900|0.9004|0.9614|0.0000|18982.0000|18582.0000|8666.2320|-45.0000|5.0000|139.1601|135.0397|114.9794|3.9518|200.0000|5.9311|4.3146|200.0000|6.3210|0.0000|0.0000|0.0000|2018-12-19T09:13:38.401|10X_100FOV_FlowCam Cyano Sample Run_images_000005.tif|348D2D43-CF4C-4857-86DD-C9D1CD2F1225
715|674|1383|103|63|511|473|968|1|1|0|0.7035|4.5000|0|0.0000|0.0000|0.0000|1358.0000|95.0000|53.0000|75.5833|358.5929|233.9781|94.6000|57.8054|534.4947|26.0872|63.6668|34.1198|50.0071|26.4085|252.2701|161.4378|133.7923|37.0502|181690.0000|7.3723|21.1135|1.5626|85.1321|818.2650|0.0000|0.3656|0.2876|0.0000|3072.0000|1388.0000|547.7441|-5.0000|-90.0000|142.4057|139.3756|119.5611|3.9518|200.0000|5.9311|4.3146|200.0000|6.3210|0.0000|0.0000|0.0000|2018-12-19T09:13:38.401|10X_100FOV_FlowCam Cyano Sample Run_images_000005.tif|915DF456-AD5F-483C-99FB-F890ACF9DC2B
716|779|1383|58|138|668|125|968|1|1|0|0.7035|4.5000|0|0.0000|0.0000|0.0000|1459.0000|134.0000|24.0000|90.8333|321.8650|282.2275|151.7121|14.8176|579.1684|27.1555|91.1033|13.7183|60.7355|27.4965|226.4320|195.3813|144.1809|34.4955|210360.0000|5.5255|15.2934|1.1589|90.7263|818.2650|0.0000|0.4721|0.1635|0.0000|2198.0000|1492.0000|593.8048|-75.0000|20.0000|151.6402|148.3454|133.1693|3.9518|200.0000|5.9311|4.3146|200.0000|6.3210|0.0000|0.0000|0.0000|2018-12-19T09:13:38.401|10X_100FOV_FlowCam Cyano Sample Run_images_000005.tif|5C0819A7-E6F9-4AC8-A383-301D17F00EEB
717|839|1383|53|152|697|287|969|1|1|0|0.7035|4.5000|0|0.0000|0.0000|0.0000|2408.0000|145.0000|24.0000|97.6667|327.2376|303.4293|148.8228|20.8748|1005.9136|35.7878|98.8418|13.7183|65.5428|35.7878|230.2117|210.2968|142.6657|42.2399|343539.0000|3.5388|9.0065|1.0947|27.2963|818.6710|0.0000|0.8852|0.2715|0.0000|2554.5000|2408.0000|1005.9136|70.0000|-15.0000|147.6948|145.8576|134.4888|4.0893|380.0000|6.4344|3.9392|380.0000|5.7440|0.0000|0.0000|0.0000|2018-12-19T09:13:38.792|10X_100FOV_FlowCam Cyano Sample Run_images_000005.tif|F7102FB0-EB2D-4E73-85EC-376C39638FB1
